{
  "clean_clip_positive_margin": 0.027842342853546143,
  "clean_semantic_success_score": 0.027842342853546143,
  "clip_available": true,
  "clip_semantic_drop": -0.002568155527114868,
  "clip_warning": null,
  "decision_label": "metric_only_candidate",
  "decision_reasons": [
    "semantic_drop_nonpositive:-0.0026",
    "semantic_drop_nonpositive:-0.0026"
  ],
  "edit_failure_score": 0.0,
  "final_attack_score": 0.18696177998160418,
  "geometry_excess_penalty": 0.0,
  "geometry_excess_penalty_weight": 1.0,
  "identity_or_face_health_available": false,
  "input_damage_penalty": 0.0,
  "input_damage_penalty_weight": 3.0,
  "input_l2": 0.02175697595145546,
  "input_max_abs": 0.5411764979362488,
  "input_mean_abs": 0.0066983141005039215,
  "input_preservation_score": 0.5365598372050695,
  "input_psnr": 33.24802936593191,
  "input_ssim": 0.9351183772087097,
  "max_disp_px_budget": 8.0,
  "output_disruption_score": 0.18696177998160418,
  "output_disruption_weight": 1.0,
  "output_l2": 0.027538212634561198,
  "output_max_abs": 0.7372549176216125,
  "output_mean_abs": 0.011753576807677746,
  "output_psnr": 31.201285020243965,
  "output_ssim": 0.9231910705566406,
  "perturbed_clip_positive_margin": 0.03041049838066101,
  "perturbed_semantic_success_score": 0.03041049838066101,
  "phase2_final_score": 0.18696177998160418,
  "phase2_output_disruption": 0.18696177998160418,
  "phase2_score_formula": "4*max(0,semantic_drop)+1*output_disruption-3*input_damage_penalty-1*geometry_excess_penalty",
  "semantic_drop": -0.002568155527114868,
  "semantic_drop_weight": 4.0,
  "target_input_ssim": 0.86
}
