{
  "geometry_info": {
    "action_names": [
      "mouth_corner_raise",
      "mouth_corner_lower",
      "mouth_width_expand",
      "mouth_width_compress",
      "chin_raise",
      "chin_lower"
    ],
    "action_strength": 0.72,
    "action_values": {
      "chin_lower": -0.21900650935013388,
      "chin_raise": -0.05372609454256882,
      "mouth_corner_lower": 0.24993348428052636,
      "mouth_corner_raise": 0.30863747060888114,
      "mouth_width_compress": 0.10071336182676913,
      "mouth_width_expand": -0.13134101415970117
    },
    "active_actions": {
      "chin_lower": -0.21900650935013388,
      "chin_raise": -0.05372609454256882,
      "mouth_corner_lower": 0.24993348428052636,
      "mouth_corner_raise": 0.30863747060888114,
      "mouth_width_compress": 0.10071336182676913,
      "mouth_width_expand": -0.13134101415970117
    },
    "active_anchor_count": 4,
    "control_point_count": 12,
    "geometry_method": "landmark_semantic_tps",
    "max_disp_px_budget": 8.0,
    "scale_factor": 0.3493453650364895,
    "source_control_points": [
      [
        204.8000030517578,
        335.3599853515625
      ],
      [
        307.20001220703125,
        335.3599853515625
      ],
      [
        256.0,
        419.8399963378906
      ],
      [
        256.0,
        376.32000732421875
      ],
      [
        0.0,
        0.0
      ],
      [
        511.0,
        0.0
      ],
      [
        0.0,
        511.0
      ],
      [
        511.0,
        511.0
      ],
      [
        256.0,
        0.0
      ],
      [
        256.0,
        511.0
      ],
      [
        0.0,
        256.0
      ],
      [
        511.0,
        256.0
      ]
    ],
    "target_control_points": [
      [
        206.1366424560547,
        335.0218505859375
      ],
      [
        305.8633728027344,
        335.0218505859375
      ],
      [
        256.0,
        418.8879699707031
      ],
      [
        256.0,
        375.843994140625
      ],
      [
        0.0,
        0.0
      ],
      [
        511.0,
        0.0
      ],
      [
        0.0,
        511.0
      ],
      [
        511.0,
        511.0
      ],
      [
        256.0,
        0.0
      ],
      [
        256.0,
        511.0
      ],
      [
        0.0,
        256.0
      ],
      [
        511.0,
        256.0
      ]
    ],
    "tps_regularization": 0.0001
  },
  "names": [
    "scale_logit",
    "action_mouth_corner_raise",
    "action_mouth_corner_lower",
    "action_mouth_width_expand",
    "action_mouth_width_compress",
    "action_chin_raise",
    "action_chin_lower"
  ],
  "values": [
    -0.7358587384223938,
    1.391378402709961,
    0.8982276916503906,
    -0.39535000920295715,
    0.2967020869255066,
    -0.15502074360847473,
    -0.7363015413284302
  ]
}
