{
  "geometry_info": {
    "action_names": [
      "jaw_expand",
      "jaw_compress",
      "chin_raise",
      "chin_lower",
      "mouth_width_expand",
      "lower_face_shift"
    ],
    "action_strength": 0.72,
    "action_values": {
      "chin_lower": -0.8940856293347407,
      "chin_raise": -0.06783933737497591,
      "jaw_compress": 0.8390208254315876,
      "jaw_expand": -0.39372325973621636,
      "lower_face_shift": -0.6196960889987857,
      "mouth_width_expand": -0.8599366130319575
    },
    "active_actions": {
      "chin_lower": -0.8940856293347407,
      "chin_raise": -0.06783933737497591,
      "jaw_compress": 0.8390208254315876,
      "jaw_expand": -0.39372325973621636,
      "lower_face_shift": -0.6196960889987857,
      "mouth_width_expand": -0.8599366130319575
    },
    "active_anchor_count": 6,
    "control_point_count": 14,
    "geometry_method": "landmark_piecewise_affine",
    "landmark_count": 478,
    "landmark_detector": "mediapipe_python_solutions_face_mesh",
    "max_disp_px_budget": 14.0,
    "require_real_landmarks": true,
    "scale_factor": 0.9158971055562737,
    "source_control_points": [
      [
        121.2041244506836,
        337.6188049316406
      ],
      [
        320.013916015625,
        337.6188049316406
      ],
      [
        220.60902404785156,
        380.00543212890625
      ],
      [
        230.18051147460938,
        328.033203125
      ],
      [
        175.53616333007812,
        296.00701904296875
      ],
      [
        289.4280700683594,
        296.00701904296875
      ],
      [
        0.0,
        0.0
      ],
      [
        511.0,
        0.0
      ],
      [
        0.0,
        511.0
      ],
      [
        511.0,
        511.0
      ],
      [
        256.0,
        0.0
      ],
      [
        256.0,
        511.0
      ],
      [
        0.0,
        256.0
      ],
      [
        511.0,
        256.0
      ]
    ],
    "target_control_points": [
      [
        133.63018798828125,
        337.6188049316406
      ],
      [
        307.5878601074219,
        337.6188049316406
      ],
      [
        215.9241180419922,
        371.6768798828125
      ],
      [
        223.93397521972656,
        323.8689270019531
      ],
      [
        184.20433044433594,
        296.00701904296875
      ],
      [
        280.7599182128906,
        296.00701904296875
      ],
      [
        0.0,
        0.0
      ],
      [
        511.0,
        0.0
      ],
      [
        0.0,
        511.0
      ],
      [
        511.0,
        511.0
      ],
      [
        256.0,
        0.0
      ],
      [
        256.0,
        511.0
      ],
      [
        0.0,
        256.0
      ],
      [
        511.0,
        256.0
      ]
    ],
    "tps_regularization": 0.0001
  },
  "names": [
    "scale_logit",
    "action_jaw_expand",
    "action_jaw_compress",
    "action_chin_raise",
    "action_chin_lower",
    "action_mouth_width_expand",
    "action_lower_face_shift"
  ],
  "values": [
    1.07074773311615,
    -0.45974600315093994,
    1.5639899969100952,
    -0.07420463114976883,
    -2.209318161010742,
    -1.7286896705627441,
    -0.8228168487548828
  ]
}
