{
  "budget": "existence_probe",
  "budget_max_disp_px": 14.0,
  "candidate_folder_abs": "/home/interns/Desktop/mat/phase4/outputs/phase4c_real_landmark_sanity/cases/face_003/igs_1p00/add_a_small_beard/existence_probe/seed_00/candidates/cand_006_g01_m06",
  "candidate_index": 6,
  "candidate_name": "cand_006_g01_m06",
  "case_id": "face_003__add_a_small_beard__igs_1p00",
  "elapsed_seconds": 4.499886566773057,
  "face_id": "face_003",
  "generation": 1,
  "geometry_method": "landmark_piecewise_affine",
  "guidance_scale": 7.5,
  "image_guidance_scale": 1.0,
  "initial_candidate": false,
  "input_l2": 0.05885205751236458,
  "input_max_abs": 0.6274510025978088,
  "input_mean_abs": 0.030022544786334038,
  "input_psnr": 24.604766985842936,
  "input_ssim": 0.7448377013206482,
  "landmark_count": 478,
  "landmark_detector": "mediapipe_python_solutions_face_mesh",
  "max_disp_px": 12.450318336486816,
  "max_disp_px_budget": 14.0,
  "mean_disp_px": 3.3379974365234375,
  "member": 6,
  "output_l2": 0.04307971654588812,
  "output_max_abs": 0.5058823823928833,
  "output_mean_abs": 0.027418456971645355,
  "output_psnr": 27.314543258345395,
  "output_ssim": 0.7871711850166321,
  "p95_disp_px": 8.83111572265625,
  "phase": "phase4c_real_landmark_sanity",
  "prompt": "add a small beard",
  "prompt_slug": "add_a_small_beard",
  "prompt_type": "beard",
  "real_landmarks": true,
  "seed": 47101,
  "target_input_ssim": 0.78,
  "theta_names": [
    "scale_logit",
    "action_jaw_expand",
    "action_jaw_compress",
    "action_chin_raise",
    "action_chin_lower",
    "action_mouth_width_expand",
    "action_lower_face_shift"
  ],
  "theta_values": [
    1.07074773311615,
    -0.45974600315093994,
    1.5639899969100952,
    -0.07420463114976883,
    -2.209318161010742,
    -1.7286896705627441,
    -0.8228168487548828
  ]
}
