{
  "budget": "strong",
  "budget_max_disp_px": 8.0,
  "candidate_folder_abs": "/home/interns/Desktop/mat/phase4/outputs/phase4a_existence_probe/cases/face_003/igs_1p00/add_headphones/strong/seed_00/candidates/cand_058_g03_m18",
  "candidate_index": 58,
  "candidate_name": "cand_058_g03_m18",
  "case_id": "face_003__add_headphones__igs_1p00",
  "elapsed_seconds": 2.5684076733887196,
  "face_id": "face_003",
  "generation": 3,
  "geometry_method": "landmark_piecewise_affine",
  "guidance_scale": 7.5,
  "image_guidance_scale": 1.0,
  "initial_candidate": false,
  "input_l2": 0.01671319047319623,
  "input_max_abs": 0.345098078250885,
  "input_mean_abs": 0.007539358455687761,
  "input_psnr": 35.53881274642603,
  "input_ssim": 0.9487116932868958,
  "max_disp_px": 2.212273120880127,
  "max_disp_px_budget": 8.0,
  "mean_disp_px": 0.48501521348953247,
  "member": 18,
  "output_l2": 0.03720127352772099,
  "output_max_abs": 0.7137255072593689,
  "output_mean_abs": 0.01589387096464634,
  "output_psnr": 28.588843849354177,
  "output_ssim": 0.9325034618377686,
  "p95_disp_px": 1.4287904500961304,
  "phase": "phase4a_existence_probe",
  "prompt": "add headphones",
  "prompt_slug": "add_headphones",
  "prompt_type": "headphones",
  "seed": 52001,
  "target_input_ssim": 0.88,
  "theta_names": [
    "scale_logit",
    "action_face_side_push_left",
    "action_face_side_push_right",
    "action_head_top_raise",
    "action_head_top_lower",
    "action_jaw_expand",
    "action_jaw_compress",
    "action_asymmetry_twist"
  ],
  "theta_values": [
    -1.0460718870162964,
    1.1254488229751587,
    -0.14463026821613312,
    -1.9171348810195923,
    0.3947664797306061,
    -0.6705748438835144,
    -1.1241295337677002,
    0.22738684713840485
  ]
}
