{
  "displacement": {
    "foldover_fraction_det_below_0": 0.0,
    "jacobian_det_mean": 1.0,
    "jacobian_det_min": 0.6698773503303528,
    "low_det_fraction_below_0p2": 0.0,
    "max_disp_px": 5.562141418457031,
    "mean_disp_px": 0.45581912994384766,
    "p95_disp_px": 2.236807346343994
  },
  "input": {
    "l2": 0.021167556107300936,
    "max_abs": 0.5215686559677124,
    "mean_abs": 0.006815876811742783,
    "psnr": 33.48658560803992,
    "ssim": 0.9367977976799011
  },
  "output": {
    "l2": 0.02742646152328828,
    "max_abs": 0.6549019813537598,
    "mean_abs": 0.013139148242771626,
    "psnr": 31.236604402075464,
    "ssim": 0.9128362536430359
  }
}
