{
  "budget": "strong",
  "budget_max_disp_px": 8.0,
  "candidate_folder_abs": "/home/interns/Desktop/mat/phase4/outputs/phase4a_existence_probe/cases/face_006/igs_1p50/add_black_sunglasses/strong/seed_00/candidates/cand_075_g04_m15",
  "candidate_index": 75,
  "candidate_name": "cand_075_g04_m15",
  "case_id": "face_006__add_black_sunglasses__igs_1p50",
  "elapsed_seconds": 2.6158271580934525,
  "face_id": "face_006",
  "generation": 4,
  "geometry_method": "landmark_piecewise_affine",
  "guidance_scale": 7.5,
  "image_guidance_scale": 1.5,
  "initial_candidate": false,
  "input_l2": 0.025168912339317496,
  "input_max_abs": 0.6352941393852234,
  "input_mean_abs": 0.009248974733054638,
  "input_psnr": 31.982711036858685,
  "input_ssim": 0.9407636523246765,
  "max_disp_px": 6.075836181640625,
  "max_disp_px_budget": 8.0,
  "mean_disp_px": 0.7025750279426575,
  "member": 15,
  "output_l2": 0.028782219249755606,
  "output_max_abs": 0.7686274647712708,
  "output_mean_abs": 0.011977314949035645,
  "output_psnr": 30.81751445763058,
  "output_ssim": 0.9277164936065674,
  "p95_disp_px": 3.008615493774414,
  "phase": "phase4a_existence_probe",
  "prompt": "add black sunglasses",
  "prompt_slug": "add_black_sunglasses",
  "prompt_type": "glasses",
  "seed": 43001,
  "target_input_ssim": 0.88,
  "theta_names": [
    "scale_logit",
    "action_eye_spread",
    "action_eye_compress",
    "action_eye_squint",
    "action_eye_raise_left",
    "action_eye_raise_right",
    "action_nose_bridge_shift_x",
    "action_asymmetry_twist"
  ],
  "theta_values": [
    2.3217110633850098,
    -0.35269197821617126,
    -0.2971023917198181,
    0.6526787281036377,
    -0.5417980551719666,
    -0.29750925302505493,
    -2.1402714252471924,
    0.3024534285068512
  ]
}
