{
  "action_names": [
    "mouth_corner_raise",
    "mouth_corner_lower",
    "mouth_width_expand",
    "mouth_width_compress",
    "chin_raise",
    "chin_lower"
  ],
  "action_strength": 0.72,
  "action_values": {
    "chin_lower": 0.10529232755721932,
    "chin_raise": -0.33206910563799985,
    "mouth_corner_lower": -0.07805476799134078,
    "mouth_corner_raise": 0.5091482818803049,
    "mouth_width_compress": 0.0323864146451447,
    "mouth_width_expand": 0.24591073703495156
  },
  "active_actions": {
    "chin_lower": 0.10529232755721932,
    "chin_raise": -0.33206910563799985,
    "mouth_corner_lower": -0.07805476799134078,
    "mouth_corner_raise": 0.5091482818803049,
    "mouth_width_compress": 0.0323864146451447,
    "mouth_width_expand": 0.24591073703495156
  },
  "active_anchor_count": 4,
  "control_point_count": 12,
  "geometry_method": "landmark_piecewise_affine",
  "max_disp_px_budget": 8.0,
  "scale_factor": 0.5324212029500959,
  "source_control_points": [
    [
      204.8000030517578,
      335.3599853515625
    ],
    [
      307.20001220703125,
      335.3599853515625
    ],
    [
      256.0,
      419.8399963378906
    ],
    [
      256.0,
      376.32000732421875
    ],
    [
      0.0,
      0.0
    ],
    [
      511.0,
      0.0
    ],
    [
      0.0,
      511.0
    ],
    [
      511.0,
      511.0
    ],
    [
      256.0,
      0.0
    ],
    [
      256.0,
      511.0
    ],
    [
      0.0,
      256.0
    ],
    [
      511.0,
      256.0
    ]
  ],
  "target_control_points": [
    [
      203.57009887695312,
      331.9776916503906
    ],
    [
      308.4299011230469,
      331.9776916503906
    ],
    [
      256.0,
      422.35919189453125
    ],
    [
      256.0,
      377.5796203613281
    ],
    [
      0.0,
      0.0
    ],
    [
      511.0,
      0.0
    ],
    [
      0.0,
      511.0
    ],
    [
      511.0,
      511.0
    ],
    [
      256.0,
      0.0
    ],
    [
      256.0,
      511.0
    ],
    [
      0.0,
      256.0
    ],
    [
      511.0,
      256.0
    ]
  ],
  "tps_regularization": 0.0001
}
