{
  "displacement": {
    "budget_max_disp_px": 4.0,
    "max_disp_px": 1.8265225887298584,
    "max_disp_px_budget": 4.0,
    "mean_disp_px": 0.3709316551685333,
    "p95_disp_px": 1.433366298675537,
    "target_input_ssim": 0.94
  },
  "input": {
    "l2": 0.01527006733842677,
    "max_abs": 0.4117647111415863,
    "mean_abs": 0.005308498162776232,
    "psnr": 36.32318095547579,
    "ssim": 0.9487442970275879
  },
  "output": {
    "l2": 0.021190617558749507,
    "max_abs": 0.7607843279838562,
    "mean_abs": 0.009431185200810432,
    "psnr": 33.477127728975226,
    "ssim": 0.939024031162262
  }
}
