{
  "best_folder": "phase4/outputs/phase4a_existence_probe/cases/face_002/igs_1p00/add_headphones/existence_probe/seed_00/candidates/cand_002_g01_m02",
  "budget": "existence_probe",
  "budget_max_disp_px": 14.0,
  "candidate_folder": "phase4/outputs/phase4a_existence_probe/cases/face_002/igs_1p00/add_headphones/existence_probe/seed_00/candidates/cand_002_g01_m02",
  "candidate_index": 2,
  "candidate_name": "cand_002_g01_m02",
  "case_id": "face_002__add_headphones__igs_1p00",
  "clean_clip_positive_margin": 0.05116361379623413,
  "clean_semantic_success_score": 0.05116361379623413,
  "clip_available": true,
  "clip_semantic_drop": 0.004736840724945068,
  "clip_warning": null,
  "crop_clip_available": true,
  "crop_clip_warning": null,
  "decision_label": "metric_only_candidate",
  "decision_reasons": [
    "semantic_drop_small:0.0047",
    "semantic_drop_small:0.0047",
    "semantic_drop_small:0.0047"
  ],
  "edit_failure_score": 0.004736840724945068,
  "elapsed_seconds": 2.40241976082325,
  "face_id": "face_002",
  "final_attack_score": 0.2653442345634584,
  "full_image_semantic_drop": 0.004736840724945068,
  "generation": 1,
  "geometry_excess_penalty": 0.0,
  "geometry_excess_penalty_weight": 0.75,
  "geometry_method": "landmark_piecewise_affine",
  "guidance_scale": 7.5,
  "identity_or_face_health_available": false,
  "image_guidance_scale": 1.0,
  "initial_candidate": false,
  "input_damage_penalty": 0.0,
  "input_damage_penalty_weight": 3.0,
  "input_l2": 0.04576800969443373,
  "input_max_abs": 0.7803921699523926,
  "input_mean_abs": 0.02153765968978405,
  "input_preservation_score": 0.14318756623701606,
  "input_psnr": 26.788759465030154,
  "input_ssim": 0.8115012645721436,
  "left_crop_clean_margin": 0.024231508374214172,
  "left_crop_perturbed_margin": 0.023630663752555847,
  "left_crop_semantic_drop": 0.0006008446216583252,
  "max_disp_px": 4.448130130767822,
  "max_disp_px_budget": 14.0,
  "mean_crop_margin": 0.010738561550776163,
  "mean_crop_semantic_drop": 0.00138490895430247,
  "mean_disp_px": 1.2818782329559326,
  "member": 2,
  "min_crop_margin": -0.011349737644195557,
  "min_crop_semantic_drop": -0.0019427835941314697,
  "output_disruption_score": 0.4548990175277957,
  "output_disruption_weight": 0.5,
  "output_l2": 0.07145582251625679,
  "output_max_abs": 0.8784313797950745,
  "output_mean_abs": 0.029712341725826263,
  "output_psnr": 22.919247546374315,
  "output_ssim": 0.8309242725372314,
  "p95_disp_px": 3.182716131210327,
  "path_clean_edit": "phase4/outputs/phase4a_existence_probe/cases/face_002/igs_1p00/add_headphones/existence_probe/seed_00/candidates/cand_002_g01_m02/clean_edit.png",
  "path_flow": "phase4/outputs/phase4a_existence_probe/cases/face_002/igs_1p00/add_headphones/existence_probe/seed_00/candidates/cand_002_g01_m02/flow.png",
  "path_landmarks_overlay_original": "phase4/outputs/phase4a_existence_probe/cases/face_002/igs_1p00/add_headphones/existence_probe/seed_00/candidates/cand_002_g01_m02/landmarks_overlay_original.jpg",
  "path_landmarks_overlay_perturbed": "phase4/outputs/phase4a_existence_probe/cases/face_002/igs_1p00/add_headphones/existence_probe/seed_00/candidates/cand_002_g01_m02/landmarks_overlay_perturbed.jpg",
  "path_original": "phase4/outputs/phase4a_existence_probe/cases/face_002/igs_1p00/add_headphones/existence_probe/seed_00/candidates/cand_002_g01_m02/original.png",
  "path_perturbed": "phase4/outputs/phase4a_existence_probe/cases/face_002/igs_1p00/add_headphones/existence_probe/seed_00/candidates/cand_002_g01_m02/perturbed.png",
  "path_perturbed_edit": "phase4/outputs/phase4a_existence_probe/cases/face_002/igs_1p00/add_headphones/existence_probe/seed_00/candidates/cand_002_g01_m02/perturbed_edit.png",
  "perturbed_clip_positive_margin": 0.04642677307128906,
  "perturbed_semantic_success_score": 0.04642677307128906,
  "phase": "phase4a_existence_probe",
  "phase2_final_score": 0.2653442345634584,
  "phase2_output_disruption": 0.4548990175277957,
  "phase2_score_formula": "8.0*max(0,semantic_drop)+0.5*output_disruption-3.0*input_damage_penalty-0.75*geometry_excess_penalty",
  "phase4_budget_name": "existence_probe",
  "phase4_final_score": 0.2653442345634584,
  "phase4_score_formula": "8.0*max(0,semantic_drop)+0.5*output_disruption-3.0*input_damage_penalty-0.75*geometry_excess_penalty",
  "prompt": "add headphones",
  "prompt_slug": "add_headphones",
  "prompt_type": "headphones",
  "right_crop_clean_margin": 0.025431424379348755,
  "right_crop_perturbed_margin": 0.0199347585439682,
  "right_crop_semantic_drop": 0.005496665835380554,
  "seed": 45101,
  "semantic_drop": 0.004736840724945068,
  "semantic_drop_weight": 8.0,
  "target_input_ssim": 0.78,
  "theta_names": [
    "scale_logit",
    "action_face_side_push_left",
    "action_face_side_push_right",
    "action_head_top_raise",
    "action_head_top_lower",
    "action_jaw_expand",
    "action_jaw_compress",
    "action_asymmetry_twist"
  ],
  "theta_values": [
    -0.11283491551876068,
    -0.9685757160186768,
    -0.9644638895988464,
    -1.0267587900161743,
    -0.15145227313041687,
    1.1574667692184448,
    2.30749249458313,
    0.2773481011390686
  ],
  "top_crop_clean_margin": -0.013292521238327026,
  "top_crop_perturbed_margin": -0.011349737644195557,
  "top_crop_semantic_drop": -0.0019427835941314697
}
