{
  "budget": "medium",
  "budget_max_disp_px": 4.0,
  "candidate_folder_abs": "/home/interns/Desktop/mat/phase3/outputs/breadth_probe/cases/face_002/igs_1p00/add_headphones/medium/seed_00/candidates/cand_014_g02_m06",
  "candidate_index": 14,
  "candidate_name": "cand_014_g02_m06",
  "dct_modes": [
    [
      1,
      0
    ],
    [
      0,
      1
    ],
    [
      1,
      1
    ],
    [
      2,
      0
    ],
    [
      0,
      2
    ],
    [
      2,
      1
    ]
  ],
  "elapsed_seconds": 4.951151192188263,
  "generation": 2,
  "geometry_method": "region_local_dct",
  "initial_candidate": false,
  "input_l2": 0.009837089876772615,
  "input_max_abs": 0.21568629145622253,
  "input_mean_abs": 0.0035892610903829336,
  "input_psnr": 40.142667213048796,
  "input_ssim": 0.9824568629264832,
  "max_disp_px": 1.2952380180358887,
  "max_disp_px_budget": 4.0,
  "mean_disp_px": 0.1913485825061798,
  "member": 6,
  "mesh_size": 4,
  "output_l2": 0.02865149205482037,
  "output_max_abs": 0.7529411911964417,
  "output_mean_abs": 0.010460964404046535,
  "output_psnr": 30.857055135849798,
  "output_ssim": 0.96098393201828,
  "p95_disp_px": 0.7818923592567444,
  "phase": "phase3_breadth_probe",
  "prompt": "add headphones",
  "prompt_priority": 1,
  "prompt_slug": "add_headphones",
  "region_count": 3,
  "region_key": "headphones",
  "scale_factor": 0.3723509609699249,
  "seed": 33001,
  "target_input_ssim": 0.94,
  "tps_size": 4
}
