{
  "displacement": {
    "budget_max_disp_px": 6.0,
    "max_disp_px": 4.265297889709473,
    "max_disp_px_budget": 6.0,
    "mean_disp_px": 0.2772102653980255,
    "p95_disp_px": 2.853966236114502,
    "target_input_ssim": 0.9
  },
  "input": {
    "l2": 0.00738435042190689,
    "max_abs": 0.46666669845581055,
    "mean_abs": 0.0009338328964076936,
    "psnr": 42.63375404384259,
    "ssim": 0.9907543659210205
  },
  "output": {
    "l2": 0.014295771790273177,
    "max_abs": 0.4941176772117615,
    "mean_abs": 0.005683050956577063,
    "psnr": 36.895847865638814,
    "ssim": 0.9779636263847351
  }
}
