{
  "displacement": {
    "budget_max_disp_px": 14.0,
    "max_disp_px": 13.933636665344238,
    "max_disp_px_budget": 14.0,
    "mean_disp_px": 3.243072271347046,
    "p95_disp_px": 10.384757041931152,
    "target_input_ssim": 0.78
  },
  "input": {
    "l2": 0.06632138537593898,
    "max_abs": 0.800000011920929,
    "mean_abs": 0.02933487482368946,
    "psnr": 23.566928209215483,
    "ssim": 0.7878051400184631
  },
  "output": {
    "l2": 0.08676281101782204,
    "max_abs": 1.0,
    "mean_abs": 0.03695109114050865,
    "psnr": 21.233327715510043,
    "ssim": 0.7675573229789734
  }
}
