{
  "budget": "strong",
  "budget_max_disp_px": 6.0,
  "candidate_folder_abs": "/home/interns/Desktop/mat/phase2/outputs/phase2c_probe/semantic_heavy_cem/headphones_ear_tight/strong/seed_00/candidates/cand_063_g04_m15",
  "candidate_index": 63,
  "candidate_name": "cand_063_g04_m15",
  "dct_modes": [
    [
      1,
      0
    ],
    [
      0,
      1
    ],
    [
      1,
      1
    ],
    [
      2,
      0
    ],
    [
      0,
      2
    ],
    [
      2,
      1
    ]
  ],
  "elapsed_seconds": 5.04986328817904,
  "generation": 4,
  "geometry_method": "region_local_tps",
  "initial_candidate": false,
  "input_l2": 0.007703020795459842,
  "input_max_abs": 0.8235294222831726,
  "input_mean_abs": 0.0014944738941267133,
  "input_psnr": 42.26677859388261,
  "input_ssim": 0.9865522980690002,
  "max_disp_px": 2.0186569690704346,
  "max_disp_px_budget": 6.0,
  "mean_disp_px": 0.15230096876621246,
  "member": 15,
  "mesh_size": 4,
  "output_l2": 0.013931966411371729,
  "output_max_abs": 0.6392157077789307,
  "output_mean_abs": 0.00522748613730073,
  "output_psnr": 37.11975162509356,
  "output_ssim": 0.9746753573417664,
  "p95_disp_px": 1.2557122707366943,
  "phase": "phase2c_probe",
  "prompt": "add headphones",
  "prompt_priority": 1,
  "prompt_slug": "add_headphones",
  "region_count": 2,
  "region_key": "headphones_ear_tight",
  "scale_factor": 0.35591989755630493,
  "seed": 24201,
  "target_input_ssim": 0.9,
  "tps_size": 4
}
