{
  "clean_clip_positive_margin": 0.027842342853546143,
  "clean_semantic_success_score": 0.027842342853546143,
  "clip_available": true,
  "clip_semantic_drop": 0.023876845836639404,
  "clip_warning": null,
  "crop_clip_available": true,
  "crop_clip_warning": null,
  "decision_label": "weak_candidate",
  "decision_reasons": [],
  "edit_failure_score": 0.023876845836639404,
  "final_attack_score": 0.21521924412130533,
  "full_image_semantic_drop": 0.023876845836639404,
  "geometry_excess_penalty": 0.0,
  "geometry_excess_penalty_weight": 0.75,
  "identity_or_face_health_available": false,
  "input_damage_penalty": 0.0,
  "input_damage_penalty_weight": 3.0,
  "input_l2": 0.009359180743362035,
  "input_max_abs": 0.8352941274642944,
  "input_mean_abs": 0.0016737296245992184,
  "input_preservation_score": 0.8968162706920079,
  "input_psnr": 40.57524331200949,
  "input_ssim": 0.9855542778968811,
  "left_crop_clean_margin": 0.02535329759120941,
  "left_crop_perturbed_margin": 0.025400638580322266,
  "left_crop_semantic_drop": -4.7340989112854004e-05,
  "max_disp_px_budget": 8.0,
  "mean_crop_margin": 0.01566683252652486,
  "mean_crop_semantic_drop": 0.0024444361527760825,
  "min_crop_margin": 0.0009410977363586426,
  "min_crop_semantic_drop": -4.7340989112854004e-05,
  "output_disruption_score": 0.09681790971276044,
  "output_disruption_weight": 0.25,
  "output_l2": 0.016249894856206773,
  "output_max_abs": 0.7607843279838562,
  "output_mean_abs": 0.006814476568251848,
  "output_psnr": 35.782988894953746,
  "output_ssim": 0.9681816697120667,
  "perturbed_clip_positive_margin": 0.003965497016906738,
  "perturbed_semantic_success_score": 0.003965497016906738,
  "phase2_final_score": 0.21521924412130533,
  "phase2_output_disruption": 0.09681790971276044,
  "phase2_score_formula": "8.0*max(0,semantic_drop)+0.25*output_disruption-3.0*input_damage_penalty-0.75*geometry_excess_penalty",
  "right_crop_clean_margin": 0.021481528878211975,
  "right_crop_perturbed_margin": 0.020658761262893677,
  "right_crop_semantic_drop": 0.0008227676153182983,
  "semantic_drop": 0.023876845836639404,
  "semantic_drop_weight": 8.0,
  "target_input_ssim": 0.86,
  "top_crop_clean_margin": 0.007498979568481445,
  "top_crop_perturbed_margin": 0.0009410977363586426,
  "top_crop_semantic_drop": 0.006557881832122803
}
