{
  "displacement": {
    "budget_max_disp_px": 8.0,
    "max_disp_px": 2.0689635276794434,
    "max_disp_px_budget": 8.0,
    "mean_disp_px": 0.38082367181777954,
    "p95_disp_px": 1.4929319620132446,
    "target_input_ssim": 0.86
  },
  "input": {
    "l2": 0.015094469312075113,
    "max_abs": 0.4000000059604645,
    "mean_abs": 0.0053193941712379456,
    "psnr": 36.42364302398539,
    "ssim": 0.9484116435050964
  },
  "output": {
    "l2": 0.02137143689189332,
    "max_abs": 0.6509804129600525,
    "mean_abs": 0.01010170765221119,
    "psnr": 33.40332554806942,
    "ssim": 0.9373767971992493
  }
}
