{
  "clean_clip_positive_margin": 0.05116361379623413,
  "clean_semantic_success_score": 0.05116361379623413,
  "clip_available": true,
  "clip_semantic_drop": 0.003609001636505127,
  "clip_warning": null,
  "crop_clip_available": true,
  "crop_clip_warning": null,
  "decision_label": "metric_only_candidate",
  "decision_reasons": [
    "semantic_drop_small:0.0036",
    "semantic_drop_small:0.0036"
  ],
  "edit_failure_score": 0.003609001636505127,
  "final_attack_score": 0.31178154990808193,
  "full_image_semantic_drop": 0.003609001636505127,
  "geometry_excess_penalty": 0.0,
  "geometry_excess_penalty_weight": 1.0,
  "identity_or_face_health_available": false,
  "input_damage_penalty": 0.0,
  "input_damage_penalty_weight": 3.0,
  "input_l2": 0.022248149066020916,
  "input_max_abs": 0.6117647290229797,
  "input_mean_abs": 0.00710509205237031,
  "input_preservation_score": 0.15953477223714269,
  "input_psnr": 33.05412228588635,
  "input_ssim": 0.9495720863342285,
  "left_crop_clean_margin": 0.024231508374214172,
  "left_crop_perturbed_margin": 0.02432839572429657,
  "left_crop_semantic_drop": -9.688735008239746e-05,
  "max_disp_px_budget": 4.0,
  "mean_crop_margin": 0.014875784516334534,
  "mean_crop_semantic_drop": -0.0027523140112559,
  "min_crop_margin": -0.007482096552848816,
  "min_crop_semantic_drop": -0.0058104246854782104,
  "output_disruption_score": 0.2973455433620614,
  "output_disruption_weight": 1.0,
  "output_l2": 0.055966159814934,
  "output_max_abs": 0.8666666746139526,
  "output_mean_abs": 0.019603250548243523,
  "output_psnr": 25.041489834136407,
  "output_ssim": 0.9265190958976746,
  "perturbed_clip_positive_margin": 0.047554612159729004,
  "perturbed_semantic_success_score": 0.047554612159729004,
  "phase2_final_score": 0.31178154990808193,
  "phase2_output_disruption": 0.2973455433620614,
  "phase2_score_formula": "4.0*max(0,semantic_drop)+1.0*output_disruption-3.0*input_damage_penalty-1.0*geometry_excess_penalty",
  "right_crop_clean_margin": 0.025431424379348755,
  "right_crop_perturbed_margin": 0.027781054377555847,
  "right_crop_semantic_drop": -0.0023496299982070923,
  "semantic_drop": 0.003609001636505127,
  "semantic_drop_weight": 4.0,
  "target_input_ssim": 0.94,
  "top_crop_clean_margin": -0.013292521238327026,
  "top_crop_perturbed_margin": -0.007482096552848816,
  "top_crop_semantic_drop": -0.0058104246854782104
}
