{
  "best_folder": "phase2/outputs/phase2c_probe/semantic_heavy_cem/headphones_top_only/existence_probe/seed_00/candidates/cand_059_g04_m11",
  "budget": "existence_probe",
  "budget_max_disp_px": 8.0,
  "candidate_folder": "phase2/outputs/phase2c_probe/semantic_heavy_cem/headphones_top_only/existence_probe/seed_00/candidates/cand_059_g04_m11",
  "candidate_index": 59,
  "candidate_name": "cand_059_g04_m11",
  "clean_clip_positive_margin": 0.027842342853546143,
  "clean_semantic_success_score": 0.027842342853546143,
  "clip_available": true,
  "clip_semantic_drop": -0.0028556883335113525,
  "clip_warning": null,
  "crop_clip_available": true,
  "crop_clip_warning": null,
  "dct_modes": [
    [
      1,
      0
    ],
    [
      0,
      1
    ],
    [
      1,
      1
    ],
    [
      2,
      0
    ],
    [
      0,
      2
    ],
    [
      2,
      1
    ]
  ],
  "decision_label": "metric_only_candidate",
  "decision_reasons": [
    "semantic_drop_nonpositive:-0.0029",
    "semantic_drop_nonpositive:-0.0029"
  ],
  "edit_failure_score": 0.0,
  "elapsed_seconds": 5.192723397165537,
  "final_attack_score": 0.026197543315937624,
  "full_image_semantic_drop": -0.0028556883335113525,
  "generation": 4,
  "geometry_excess_penalty": 0.0,
  "geometry_excess_penalty_weight": 0.75,
  "geometry_method": "region_local_tps",
  "identity_or_face_health_available": false,
  "initial_candidate": false,
  "input_damage_penalty": 0.0,
  "input_damage_penalty_weight": 3.0,
  "input_l2": 0.010476794674253396,
  "input_max_abs": 0.2823529839515686,
  "input_mean_abs": 0.002540802815929055,
  "input_preservation_score": 0.8069473675319127,
  "input_psnr": 39.595431347444894,
  "input_ssim": 0.9729726314544678,
  "left_crop_clean_margin": 0.02535329759120941,
  "left_crop_perturbed_margin": 0.025963932275772095,
  "left_crop_semantic_drop": -0.0006106346845626831,
  "max_disp_px": 1.9231410026550293,
  "max_disp_px_budget": 8.0,
  "mean_crop_margin": 0.017086103558540344,
  "mean_crop_semantic_drop": 0.0010251651207605998,
  "mean_disp_px": 0.14664721488952637,
  "member": 11,
  "mesh_size": 4,
  "min_crop_margin": 0.004645034670829773,
  "min_crop_semantic_drop": -0.0006106346845626831,
  "output_disruption_score": 0.1047901732637505,
  "output_disruption_weight": 0.25,
  "output_l2": 0.01644495683198224,
  "output_max_abs": 0.4784314036369324,
  "output_mean_abs": 0.00641213171184063,
  "output_psnr": 35.679345244060116,
  "output_ssim": 0.9609896540641785,
  "p95_disp_px": 1.1270692348480225,
  "path_flow": "phase2/outputs/phase2c_probe/semantic_heavy_cem/headphones_top_only/existence_probe/seed_00/candidates/cand_059_g04_m11/flow.png",
  "path_original": "phase2/outputs/phase2c_probe/semantic_heavy_cem/headphones_top_only/existence_probe/seed_00/candidates/cand_059_g04_m11/original.png",
  "path_original_edited": "phase2/outputs/phase2c_probe/semantic_heavy_cem/headphones_top_only/existence_probe/seed_00/candidates/cand_059_g04_m11/original_edited.png",
  "path_perturbed": "phase2/outputs/phase2c_probe/semantic_heavy_cem/headphones_top_only/existence_probe/seed_00/candidates/cand_059_g04_m11/perturbed.png",
  "path_perturbed_edited": "phase2/outputs/phase2c_probe/semantic_heavy_cem/headphones_top_only/existence_probe/seed_00/candidates/cand_059_g04_m11/perturbed_edited.png",
  "perturbed_clip_positive_margin": 0.030698031187057495,
  "perturbed_semantic_success_score": 0.030698031187057495,
  "phase": "phase2c_probe",
  "phase2_final_score": 0.026197543315937624,
  "phase2_output_disruption": 0.1047901732637505,
  "phase2_score_formula": "8.0*max(0,semantic_drop)+0.25*output_disruption-3.0*input_damage_penalty-0.75*geometry_excess_penalty",
  "prompt": "add headphones",
  "prompt_priority": 1,
  "prompt_slug": "add_headphones",
  "region_count": 1,
  "region_key": "headphones_top_only",
  "right_crop_clean_margin": 0.021481528878211975,
  "right_crop_perturbed_margin": 0.020649343729019165,
  "right_crop_semantic_drop": 0.0008321851491928101,
  "scale_factor": 0.24668997526168823,
  "seed": 24302,
  "semantic_drop": -0.0028556883335113525,
  "semantic_drop_weight": 8.0,
  "target_input_ssim": 0.86,
  "top_crop_clean_margin": 0.007498979568481445,
  "top_crop_perturbed_margin": 0.004645034670829773,
  "top_crop_semantic_drop": 0.0028539448976516724,
  "tps_size": 4
}
