{
  "geometry_info": {
    "action_names": [
      "eye_spread",
      "eye_compress",
      "eye_squint",
      "eye_raise_left",
      "eye_raise_right",
      "nose_bridge_shift_x",
      "asymmetry_twist"
    ],
    "action_strength": 0.72,
    "action_values": {
      "asymmetry_twist": -0.16981985513107603,
      "eye_compress": 0.019820733519438957,
      "eye_raise_left": -0.22233441218018435,
      "eye_raise_right": -0.29715288131718687,
      "eye_spread": -0.5285660963339505,
      "eye_squint": -0.1335405219366626,
      "nose_bridge_shift_x": -0.35706193054459917
    },
    "active_actions": {
      "asymmetry_twist": -0.16981985513107603,
      "eye_compress": 0.019820733519438957,
      "eye_raise_left": -0.22233441218018435,
      "eye_raise_right": -0.29715288131718687,
      "eye_spread": -0.5285660963339505,
      "eye_squint": -0.1335405219366626,
      "nose_bridge_shift_x": -0.35706193054459917
    },
    "active_anchor_count": 13,
    "control_point_count": 21,
    "geometry_method": "landmark_piecewise_affine",
    "landmark_count": 478,
    "landmark_detector": "mediapipe_python_solutions_face_mesh",
    "max_disp_px_budget": 8.0,
    "require_real_landmarks": true,
    "scale_factor": 0.545155575550514,
    "source_control_points": [
      [
        190.21414184570312,
        159.2659912109375
      ],
      [
        163.99778747558594,
        159.2659912109375
      ],
      [
        306.25543212890625,
        175.0582275390625
      ],
      [
        331.9805908203125,
        175.0582275390625
      ],
      [
        190.21414184570312,
        149.36541748046875
      ],
      [
        190.21414184570312,
        169.16656494140625
      ],
      [
        306.25543212890625,
        166.18838500976562
      ],
      [
        306.25543212890625,
        183.92808532714844
      ],
      [
        251.65289306640625,
        190.71658325195312
      ],
      [
        104.53517150878906,
        219.31192016601562
      ],
      [
        121.2041244506836,
        337.6188049316406
      ],
      [
        363.7645263671875,
        219.31192016601562
      ],
      [
        320.013916015625,
        337.6188049316406
      ],
      [
        0.0,
        0.0
      ],
      [
        511.0,
        0.0
      ],
      [
        0.0,
        511.0
      ],
      [
        511.0,
        511.0
      ],
      [
        256.0,
        0.0
      ],
      [
        256.0,
        511.0
      ],
      [
        0.0,
        256.0
      ],
      [
        511.0,
        256.0
      ]
    ],
    "target_control_points": [
      [
        193.3728485107422,
        160.546630859375
      ],
      [
        167.156494140625,
        159.2659912109375
      ],
      [
        303.0967102050781,
        176.7698211669922
      ],
      [
        328.8218688964844,
        175.0582275390625
      ],
      [
        190.21414184570312,
        149.8768768310547
      ],
      [
        190.21414184570312,
        170.57608032226562
      ],
      [
        306.25543212890625,
        167.13079833984375
      ],
      [
        306.25543212890625,
        185.55308532714844
      ],
      [
        249.59622192382812,
        190.71658325195312
      ],
      [
        104.53517150878906,
        220.2900848388672
      ],
      [
        121.2041244506836,
        338.1078796386719
      ],
      [
        363.7645263671875,
        218.33375549316406
      ],
      [
        320.013916015625,
        337.1297302246094
      ],
      [
        0.0,
        0.0
      ],
      [
        511.0,
        0.0
      ],
      [
        0.0,
        511.0
      ],
      [
        511.0,
        511.0
      ],
      [
        256.0,
        0.0
      ],
      [
        256.0,
        511.0
      ],
      [
        0.0,
        256.0
      ],
      [
        511.0,
        256.0
      ]
    ],
    "tps_regularization": 0.0001
  },
  "names": [
    "scale_logit",
    "action_eye_spread",
    "action_eye_compress",
    "action_eye_squint",
    "action_eye_raise_left",
    "action_eye_raise_right",
    "action_nose_bridge_shift_x",
    "action_asymmetry_twist"
  ],
  "values": [
    -0.13798008859157562,
    -2.0850586891174316,
    0.03637397289276123,
    -0.2500424385070801,
    -0.4330134689807892,
    -0.61135333776474,
    -0.783957839012146,
    -0.32221364974975586
  ]
}
