{
  "displacement": {
    "budget_max_disp_px": 8.0,
    "max_disp_px": 2.0096542835235596,
    "max_disp_px_budget": 8.0,
    "mean_disp_px": 0.42249900102615356,
    "p95_disp_px": 1.3702983856201172,
    "target_input_ssim": 0.88
  },
  "input": {
    "l2": 0.01343913028220061,
    "max_abs": 0.2705882787704468,
    "mean_abs": 0.005910755600780249,
    "psnr": 37.432576717701544,
    "ssim": 0.9707744121551514
  },
  "output": {
    "l2": 0.04576897879421183,
    "max_abs": 0.772549033164978,
    "mean_abs": 0.017535308375954628,
    "psnr": 26.78857555044305,
    "ssim": 0.9320945739746094
  }
}
