{
  "geometry_info": {
    "action_names": [
      "jaw_expand",
      "jaw_compress",
      "chin_raise",
      "chin_lower",
      "mouth_width_expand",
      "lower_face_shift"
    ],
    "action_strength": 0.72,
    "action_values": {
      "chin_lower": -0.09192971349939684,
      "chin_raise": 0.03941587772910115,
      "jaw_compress": 0.1568047652300699,
      "jaw_expand": 0.17685171304745786,
      "lower_face_shift": 0.1643171549308002,
      "mouth_width_expand": -0.20753781217244593
    },
    "active_actions": {
      "chin_lower": -0.09192971349939684,
      "chin_raise": 0.03941587772910115,
      "jaw_compress": 0.1568047652300699,
      "jaw_expand": 0.17685171304745786,
      "lower_face_shift": 0.1643171549308002,
      "mouth_width_expand": -0.20753781217244593
    },
    "active_anchor_count": 6,
    "control_point_count": 14,
    "geometry_method": "landmark_piecewise_affine",
    "max_disp_px_budget": 8.0,
    "scale_factor": 0.22002559687682668,
    "source_control_points": [
      [
        174.0800018310547,
        394.239990234375
      ],
      [
        337.9200134277344,
        394.239990234375
      ],
      [
        256.0,
        419.8399963378906
      ],
      [
        256.0,
        376.32000732421875
      ],
      [
        204.8000030517578,
        335.3599853515625
      ],
      [
        307.20001220703125,
        335.3599853515625
      ],
      [
        0.0,
        0.0
      ],
      [
        511.0,
        0.0
      ],
      [
        0.0,
        511.0
      ],
      [
        511.0,
        511.0
      ],
      [
        256.0,
        0.0
      ],
      [
        256.0,
        511.0
      ],
      [
        0.0,
        256.0
      ],
      [
        511.0,
        256.0
      ]
    ],
    "target_control_points": [
      [
        173.96453857421875,
        394.239990234375
      ],
      [
        338.0354919433594,
        394.239990234375
      ],
      [
        256.7098388671875,
        419.08343505859375
      ],
      [
        256.94647216796875,
        375.9417419433594
      ],
      [
        205.99542236328125,
        335.3599853515625
      ],
      [
        306.0046081542969,
        335.3599853515625
      ],
      [
        0.0,
        0.0
      ],
      [
        511.0,
        0.0
      ],
      [
        0.0,
        511.0
      ],
      [
        511.0,
        511.0
      ],
      [
        256.0,
        0.0
      ],
      [
        256.0,
        511.0
      ],
      [
        0.0,
        256.0
      ],
      [
        511.0,
        256.0
      ]
    ],
    "tps_regularization": 0.0001
  },
  "names": [
    "scale_logit",
    "action_jaw_expand",
    "action_jaw_compress",
    "action_chin_raise",
    "action_chin_lower",
    "action_mouth_width_expand",
    "action_lower_face_shift"
  ],
  "values": [
    -1.8311249017715454,
    1.1091957092285156,
    0.8925806283950806,
    0.18109634518623352,
    -0.44504043459892273,
    -1.7666758298873901,
    0.9657015204429626
  ]
}
