{
  "displacement": {
    "budget_max_disp_px": 8.0,
    "max_disp_px": 2.07997989654541,
    "max_disp_px_budget": 8.0,
    "mean_disp_px": 0.6253669261932373,
    "p95_disp_px": 1.5208936929702759,
    "target_input_ssim": 0.88
  },
  "input": {
    "l2": 0.02354801714964745,
    "max_abs": 0.4431372582912445,
    "mean_abs": 0.012304604053497314,
    "psnr": 32.56091313139939,
    "ssim": 0.9095850586891174
  },
  "output": {
    "l2": 0.037613741418763294,
    "max_abs": 0.6235294342041016,
    "mean_abs": 0.02044334076344967,
    "psnr": 28.493069307777567,
    "ssim": 0.8656846880912781
  }
}
