{
  "budget": "medium",
  "budget_max_disp_px": 4.0,
  "candidate_folder_abs": "/home/interns/Desktop/mat/phase3/outputs/breadth_probe/cases/face_005/igs_1p00/add_black_sunglasses/medium/seed_00/candidates/cand_008_g01_m08",
  "candidate_index": 8,
  "candidate_name": "cand_008_g01_m08",
  "dct_modes": [
    [
      1,
      0
    ],
    [
      0,
      1
    ],
    [
      1,
      1
    ],
    [
      2,
      0
    ],
    [
      0,
      2
    ],
    [
      2,
      1
    ]
  ],
  "elapsed_seconds": 4.961464198306203,
  "generation": 1,
  "geometry_method": "combined_all",
  "initial_candidate": false,
  "input_l2": 0.01289998470150731,
  "input_max_abs": 0.6901960968971252,
  "input_mean_abs": 0.002490887651219964,
  "input_psnr": 37.788216094875324,
  "input_ssim": 0.9838789105415344,
  "max_disp_px": 2.676848888397217,
  "max_disp_px_budget": 4.0,
  "mean_disp_px": 0.2045249491930008,
  "member": 8,
  "mesh_size": 4,
  "output_l2": 0.03613727773964526,
  "output_max_abs": 0.7882353067398071,
  "output_mean_abs": 0.012303746305406094,
  "output_psnr": 28.840891328351663,
  "output_ssim": 0.9588115215301514,
  "p95_disp_px": 1.873430609703064,
  "phase": "phase3_breadth_probe",
  "prompt": "add black sunglasses",
  "prompt_priority": 2,
  "prompt_slug": "add_black_sunglasses",
  "region_count": 1,
  "region_key": "glasses",
  "scale_factor": 0.682869553565979,
  "seed": 46001,
  "target_input_ssim": 0.94,
  "tps_size": 4
}
