{
  "geometry_info": {
    "action_names": [
      "jaw_expand",
      "jaw_compress",
      "chin_raise",
      "chin_lower",
      "mouth_width_expand",
      "lower_face_shift"
    ],
    "action_strength": 0.72,
    "action_values": {
      "chin_lower": 0.15061488867395204,
      "chin_raise": 0.3030819728602557,
      "jaw_compress": -0.22641762344963712,
      "jaw_expand": -0.08609680444855682,
      "lower_face_shift": -0.25310207464986817,
      "mouth_width_expand": 0.2801379998894785
    },
    "active_actions": {
      "chin_lower": 0.15061488867395204,
      "chin_raise": 0.3030819728602557,
      "jaw_compress": -0.22641762344963712,
      "jaw_expand": -0.08609680444855682,
      "lower_face_shift": -0.25310207464986817,
      "mouth_width_expand": 0.2801379998894785
    },
    "active_anchor_count": 6,
    "control_point_count": 14,
    "geometry_method": "landmark_semantic_tps",
    "max_disp_px_budget": 14.0,
    "scale_factor": 0.5159058456618468,
    "source_control_points": [
      [
        174.0800018310547,
        394.239990234375
      ],
      [
        337.9200134277344,
        394.239990234375
      ],
      [
        256.0,
        419.8399963378906
      ],
      [
        256.0,
        376.32000732421875
      ],
      [
        204.8000030517578,
        335.3599853515625
      ],
      [
        307.20001220703125,
        335.3599853515625
      ],
      [
        0.0,
        0.0
      ],
      [
        511.0,
        0.0
      ],
      [
        0.0,
        511.0
      ],
      [
        511.0,
        511.0
      ],
      [
        256.0,
        0.0
      ],
      [
        256.0,
        511.0
      ],
      [
        0.0,
        256.0
      ],
      [
        511.0,
        256.0
      ]
    ],
    "target_control_points": [
      [
        172.6655731201172,
        394.239990234375
      ],
      [
        339.3344421386719,
        394.239990234375
      ],
      [
        254.0865478515625,
        418.3031311035156
      ],
      [
        253.44873046875,
        375.55157470703125
      ],
      [
        201.97621154785156,
        335.3599853515625
      ],
      [
        310.0238037109375,
        335.3599853515625
      ],
      [
        0.0,
        0.0
      ],
      [
        511.0,
        0.0
      ],
      [
        0.0,
        511.0
      ],
      [
        511.0,
        511.0
      ],
      [
        256.0,
        0.0
      ],
      [
        256.0,
        511.0
      ],
      [
        0.0,
        256.0
      ],
      [
        511.0,
        256.0
      ]
    ],
    "tps_regularization": 0.0001
  },
  "names": [
    "scale_logit",
    "action_jaw_expand",
    "action_jaw_compress",
    "action_chin_raise",
    "action_chin_lower",
    "action_mouth_width_expand",
    "action_lower_face_shift"
  ],
  "values": [
    -0.21341760456562042,
    -0.168460413813591,
    -0.47083523869514465,
    0.6738021373748779,
    0.3006885349750519,
    0.6084033250808716,
    -0.5368468165397644
  ]
}
