{
  "budget": "medium",
  "budget_max_disp_px": 4.0,
  "candidate_folder_abs": "/home/interns/Desktop/mat/phase3/outputs/breadth_probe/cases/face_004/igs_1p00/add_a_red_scarf/medium/seed_00/candidates/cand_014_g02_m06",
  "candidate_index": 14,
  "candidate_name": "cand_014_g02_m06",
  "dct_modes": [
    [
      1,
      0
    ],
    [
      0,
      1
    ],
    [
      1,
      1
    ],
    [
      2,
      0
    ],
    [
      0,
      2
    ],
    [
      2,
      1
    ]
  ],
  "elapsed_seconds": 4.720469860360026,
  "generation": 2,
  "geometry_method": "combined_tps_dct",
  "initial_candidate": false,
  "input_l2": 0.010290334132384192,
  "input_max_abs": 0.33725491166114807,
  "input_mean_abs": 0.002417884999886155,
  "input_psnr": 39.75141046491708,
  "input_ssim": 0.9859974980354309,
  "max_disp_px": 2.0266573429107666,
  "max_disp_px_budget": 4.0,
  "mean_disp_px": 0.20588774979114532,
  "member": 6,
  "mesh_size": 4,
  "output_l2": 0.03777291581583586,
  "output_max_abs": 0.8235294222831726,
  "output_mean_abs": 0.013208202086389065,
  "output_psnr": 28.456389785127712,
  "output_ssim": 0.935279369354248,
  "p95_disp_px": 1.3006720542907715,
  "phase": "phase3_breadth_probe",
  "prompt": "add a red scarf",
  "prompt_priority": 6,
  "prompt_slug": "add_a_red_scarf",
  "region_count": 1,
  "region_key": "clothing",
  "scale_factor": 0.5180439949035645,
  "seed": 43001,
  "target_input_ssim": 0.94,
  "tps_size": 4
}
