{
  "budget": "strong",
  "budget_max_disp_px": 8.0,
  "candidate_folder_abs": "/home/interns/Desktop/mat/phase4/outputs/phase4a_existence_probe/cases/face_005/igs_1p50/add_headphones/strong/seed_00/candidates/cand_080_g04_m20",
  "candidate_index": 80,
  "candidate_name": "cand_080_g04_m20",
  "case_id": "face_005__add_headphones__igs_1p50",
  "elapsed_seconds": 2.597877699881792,
  "face_id": "face_005",
  "generation": 4,
  "geometry_method": "landmark_piecewise_affine",
  "guidance_scale": 7.5,
  "image_guidance_scale": 1.5,
  "initial_candidate": false,
  "input_l2": 0.014176029421957604,
  "input_max_abs": 0.3764705955982208,
  "input_mean_abs": 0.007227205205708742,
  "input_psnr": 36.96890788179769,
  "input_ssim": 0.9676110148429871,
  "max_disp_px": 2.3348519802093506,
  "max_disp_px_budget": 8.0,
  "mean_disp_px": 0.5601910352706909,
  "member": 20,
  "output_l2": 0.029566772321775094,
  "output_max_abs": 0.6823529601097107,
  "output_mean_abs": 0.013096463866531849,
  "output_psnr": 30.583921659191464,
  "output_ssim": 0.9344499707221985,
  "p95_disp_px": 1.296788215637207,
  "phase": "phase4a_existence_probe",
  "prompt": "add headphones",
  "prompt_slug": "add_headphones",
  "prompt_type": "headphones",
  "seed": 44001,
  "target_input_ssim": 0.88,
  "theta_names": [
    "scale_logit",
    "action_face_side_push_left",
    "action_face_side_push_right",
    "action_head_top_raise",
    "action_head_top_lower",
    "action_jaw_expand",
    "action_jaw_compress",
    "action_asymmetry_twist"
  ],
  "theta_values": [
    0.0828368216753006,
    0.5857380032539368,
    0.1307895928621292,
    1.2759745121002197,
    1.9248909950256348,
    0.8260216116905212,
    0.3837628662586212,
    0.37813758850097656
  ]
}
