{
  "displacement": {
    "budget_max_disp_px": 14.0,
    "max_disp_px": 12.270751953125,
    "max_disp_px_budget": 14.0,
    "mean_disp_px": 3.023550271987915,
    "p95_disp_px": 8.40762996673584,
    "target_input_ssim": 0.78
  },
  "input": {
    "l2": 0.06545345031459827,
    "max_abs": 0.8745098114013672,
    "mean_abs": 0.029780404642224312,
    "psnr": 23.681349102021443,
    "ssim": 0.7801733016967773
  },
  "output": {
    "l2": 0.07172694675191806,
    "max_abs": 0.9450980424880981,
    "mean_abs": 0.032117895781993866,
    "psnr": 22.886353113394705,
    "ssim": 0.7762880921363831
  }
}
