{
  "best_candidate_this_generation": "cand_060_g03_m20",
  "best_score_this_generation": 0.352358508204946,
  "budget": "existence_probe",
  "cem_state": {
    "mean_abs": 0.3901151716709137,
    "method_probs": [
      0.06318452380952379,
      0.9368154761904761
    ],
    "methods": [
      "landmark_semantic_tps",
      "landmark_piecewise_affine"
    ],
    "std_max": 0.8200687766075134,
    "std_mean": 0.5841407179832458,
    "std_min": 0.43362918496131897
  },
  "decision_counts": {
    "metric_only_candidate": 13,
    "reject_input_damage": 7
  },
  "elapsed_seconds": 67.44843594543636,
  "elite": 4,
  "elite_candidate_names": [
    "cand_060_g03_m20",
    "cand_057_g03_m17",
    "cand_043_g03_m03",
    "cand_047_g03_m07"
  ],
  "face_id": "face_003",
  "generation": 3,
  "population": 20,
  "prompt": "add headphones"
}
