{
  "clean_clip_positive_margin": 0.04853600263595581,
  "clean_semantic_success_score": 0.04853600263595581,
  "clip_available": true,
  "clip_semantic_drop": 0.004818856716156006,
  "clip_warning": null,
  "crop_clip_available": false,
  "crop_clip_warning": null,
  "decision_label": "metric_only_candidate",
  "decision_reasons": [
    "semantic_drop_small:0.0048",
    "semantic_drop_small:0.0048",
    "semantic_drop_small:0.0048"
  ],
  "edit_failure_score": 0.004818856716156006,
  "final_attack_score": 0.20923596758384058,
  "full_image_semantic_drop": 0.004818856716156006,
  "geometry_excess_penalty": 0.0,
  "geometry_excess_penalty_weight": 0.75,
  "identity_or_face_health_available": false,
  "input_damage_penalty": 0.0,
  "input_damage_penalty_weight": 3.0,
  "input_l2": 0.04100397631443067,
  "input_max_abs": 0.8470588326454163,
  "input_mean_abs": 0.015358984470367432,
  "input_preservation_score": 0.07341798146565752,
  "input_psnr": 27.743480520394964,
  "input_ssim": 0.8888101577758789,
  "max_disp_px_budget": 8.0,
  "output_disruption_score": 0.34137022770918507,
  "output_disruption_weight": 0.5,
  "output_l2": 0.05392506787547742,
  "output_max_abs": 1.0,
  "output_mean_abs": 0.022001972422003746,
  "output_psnr": 25.364185991573066,
  "output_ssim": 0.8743300437927246,
  "perturbed_clip_positive_margin": 0.043717145919799805,
  "perturbed_semantic_success_score": 0.043717145919799805,
  "phase2_final_score": 0.20923596758384058,
  "phase2_output_disruption": 0.34137022770918507,
  "phase2_score_formula": "8.0*max(0,semantic_drop)+0.5*output_disruption-3.0*input_damage_penalty-0.75*geometry_excess_penalty",
  "phase4_budget_name": "strong",
  "phase4_final_score": 0.20923596758384058,
  "phase4_score_formula": "8.0*max(0,semantic_drop)+0.5*output_disruption-3.0*input_damage_penalty-0.75*geometry_excess_penalty",
  "semantic_drop": 0.004818856716156006,
  "semantic_drop_weight": 8.0,
  "target_input_ssim": 0.88
}
