{
  "displacement": {
    "budget_max_disp_px": 4.0,
    "max_disp_px": 1.684639573097229,
    "max_disp_px_budget": 4.0,
    "mean_disp_px": 0.2855975329875946,
    "p95_disp_px": 1.1410291194915771,
    "target_input_ssim": 0.94
  },
  "input": {
    "l2": 0.013054844338425464,
    "max_abs": 0.7215686440467834,
    "mean_abs": 0.004439649637788534,
    "psnr": 37.68456604383093,
    "ssim": 0.965064525604248
  },
  "output": {
    "l2": 0.019786326157502743,
    "max_abs": 0.7568627595901489,
    "mean_abs": 0.009198257699608803,
    "psnr": 34.072696725917964,
    "ssim": 0.9483487606048584
  }
}
