{
  "displacement": {
    "budget_max_disp_px": 8.0,
    "max_disp_px": 5.831999778747559,
    "max_disp_px_budget": 8.0,
    "mean_disp_px": 0.9702638983726501,
    "p95_disp_px": 3.1578867435455322,
    "target_input_ssim": 0.88
  },
  "input": {
    "l2": 0.03695039985328519,
    "max_abs": 0.7607843279838562,
    "mean_abs": 0.014645365066826344,
    "psnr": 28.6476171518049,
    "ssim": 0.8899569511413574
  },
  "output": {
    "l2": 0.042402007276464274,
    "max_abs": 0.886274516582489,
    "mean_abs": 0.016586946323513985,
    "psnr": 27.452271675476567,
    "ssim": 0.8947679400444031
  }
}
