{
  "displacement": {
    "budget_max_disp_px": 8.0,
    "max_disp_px": 3.8250038623809814,
    "max_disp_px_budget": 8.0,
    "mean_disp_px": 1.299217939376831,
    "p95_disp_px": 2.9502949714660645,
    "target_input_ssim": 0.88
  },
  "input": {
    "l2": 0.0346867567516507,
    "max_abs": 0.772549033164978,
    "mean_abs": 0.015900513157248497,
    "psnr": 29.196726105037598,
    "ssim": 0.8765478134155273
  },
  "output": {
    "l2": 0.0404061147365976,
    "max_abs": 0.8274509906768799,
    "mean_abs": 0.01779978908598423,
    "psnr": 27.87105814560266,
    "ssim": 0.8713626861572266
  }
}
