{
  "clean_clip_positive_margin": 0.026591509580612183,
  "clean_semantic_success_score": 0.026591509580612183,
  "clip_available": true,
  "clip_semantic_drop": 0.001671522855758667,
  "clip_warning": null,
  "decision_label": "metric_only_candidate",
  "decision_reasons": [
    "semantic_drop_small:0.0017",
    "semantic_drop_small:0.0017"
  ],
  "edit_failure_score": 0.001671522855758667,
  "final_attack_score": 0.1267253626748596,
  "geometry_excess_penalty": 0.0,
  "geometry_excess_penalty_weight": 1.0,
  "identity_or_face_health_available": false,
  "input_damage_penalty": 0.0,
  "input_damage_penalty_weight": 3.0,
  "input_l2": 0.010921929616925416,
  "input_max_abs": 0.6039215922355652,
  "input_mean_abs": 0.0024579118471592665,
  "input_preservation_score": 0.8658329248428345,
  "input_psnr": 39.23401252941987,
  "input_ssim": 0.9812166094779968,
  "max_disp_px_budget": 8.0,
  "output_disruption_score": 0.12003927125182492,
  "output_disruption_weight": 1.0,
  "output_l2": 0.019082334373510736,
  "output_max_abs": 0.6039215922355652,
  "output_mean_abs": 0.006844624876976013,
  "output_psnr": 34.38736996840196,
  "output_ssim": 0.956290066242218,
  "perturbed_clip_positive_margin": 0.024919986724853516,
  "perturbed_semantic_success_score": 0.024919986724853516,
  "phase2_final_score": 0.1267253626748596,
  "phase2_output_disruption": 0.12003927125182492,
  "phase2_score_formula": "4*max(0,semantic_drop)+1*output_disruption-3*input_damage_penalty-1*geometry_excess_penalty",
  "semantic_drop": 0.001671522855758667,
  "semantic_drop_weight": 4.0,
  "target_input_ssim": 0.86
}
