{
  "best_folder": "phase4/outputs/phase4a_existence_probe/cases/face_003/igs_1p50/add_headphones/existence_probe/seed_00/candidates/cand_022_g02_m02",
  "budget": "existence_probe",
  "budget_max_disp_px": 14.0,
  "candidate_folder": "phase4/outputs/phase4a_existence_probe/cases/face_003/igs_1p50/add_headphones/existence_probe/seed_00/candidates/cand_022_g02_m02",
  "candidate_index": 22,
  "candidate_name": "cand_022_g02_m02",
  "case_id": "face_003__add_headphones__igs_1p50",
  "clean_clip_positive_margin": 0.04772844910621643,
  "clean_semantic_success_score": 0.04772844910621643,
  "clip_available": true,
  "clip_semantic_drop": -0.00021192431449890137,
  "clip_warning": null,
  "crop_clip_available": true,
  "crop_clip_warning": null,
  "decision_label": "reject_input_damage",
  "decision_reasons": [
    "input_ssim_below_target:0.7224<0.7800",
    "semantic_drop_nonpositive:-0.0002"
  ],
  "edit_failure_score": 0.0,
  "elapsed_seconds": 2.5183281917124987,
  "face_id": "face_003",
  "final_attack_score": -1.0620843757588794,
  "full_image_semantic_drop": -0.00021192431449890137,
  "generation": 2,
  "geometry_excess_penalty": 0.0,
  "geometry_excess_penalty_weight": 0.75,
  "geometry_method": "landmark_piecewise_affine",
  "guidance_scale": 7.5,
  "identity_or_face_health_available": false,
  "image_guidance_scale": 1.5,
  "initial_candidate": false,
  "input_damage_penalty": 0.4605162048339846,
  "input_damage_penalty_weight": 3.0,
  "input_l2": 0.059894949407205654,
  "input_max_abs": 0.6392157077789307,
  "input_mean_abs": 0.03177878260612488,
  "input_preservation_score": 0.0,
  "input_psnr": 24.45219595189943,
  "input_ssim": 0.722435474395752,
  "left_crop_clean_margin": 0.018402695655822754,
  "left_crop_perturbed_margin": 0.019469261169433594,
  "left_crop_semantic_drop": -0.0010665655136108398,
  "max_disp_px": 12.827327728271484,
  "max_disp_px_budget": 14.0,
  "mean_crop_margin": 0.014518906672795614,
  "mean_crop_semantic_drop": 0.0008149991432825724,
  "mean_disp_px": 3.4777605533599854,
  "member": 2,
  "min_crop_margin": 0.004819765686988831,
  "min_crop_semantic_drop": -0.0032696425914764404,
  "output_disruption_score": 0.6389284774861488,
  "output_disruption_weight": 0.5,
  "output_l2": 0.07865253203118228,
  "output_max_abs": 0.8666666746139526,
  "output_mean_abs": 0.04134450480341911,
  "output_psnr": 22.08574583475667,
  "output_ssim": 0.6756816506385803,
  "p95_disp_px": 8.795193672180176,
  "path_clean_edit": "phase4/outputs/phase4a_existence_probe/cases/face_003/igs_1p50/add_headphones/existence_probe/seed_00/candidates/cand_022_g02_m02/clean_edit.png",
  "path_flow": "phase4/outputs/phase4a_existence_probe/cases/face_003/igs_1p50/add_headphones/existence_probe/seed_00/candidates/cand_022_g02_m02/flow.png",
  "path_landmarks_overlay_original": "phase4/outputs/phase4a_existence_probe/cases/face_003/igs_1p50/add_headphones/existence_probe/seed_00/candidates/cand_022_g02_m02/landmarks_overlay_original.jpg",
  "path_landmarks_overlay_perturbed": "phase4/outputs/phase4a_existence_probe/cases/face_003/igs_1p50/add_headphones/existence_probe/seed_00/candidates/cand_022_g02_m02/landmarks_overlay_perturbed.jpg",
  "path_original": "phase4/outputs/phase4a_existence_probe/cases/face_003/igs_1p50/add_headphones/existence_probe/seed_00/candidates/cand_022_g02_m02/original.png",
  "path_perturbed": "phase4/outputs/phase4a_existence_probe/cases/face_003/igs_1p50/add_headphones/existence_probe/seed_00/candidates/cand_022_g02_m02/perturbed.png",
  "path_perturbed_edit": "phase4/outputs/phase4a_existence_probe/cases/face_003/igs_1p50/add_headphones/existence_probe/seed_00/candidates/cand_022_g02_m02/perturbed_edit.png",
  "perturbed_clip_positive_margin": 0.04794037342071533,
  "perturbed_semantic_success_score": 0.04794037342071533,
  "phase": "phase4a_existence_probe",
  "phase2_final_score": -1.0620843757588794,
  "phase2_output_disruption": 0.6389284774861488,
  "phase2_score_formula": "8.0*max(0,semantic_drop)+0.5*output_disruption-3.0*input_damage_penalty-0.75*geometry_excess_penalty",
  "phase4_budget_name": "existence_probe",
  "phase4_final_score": -1.0620843757588794,
  "phase4_score_formula": "8.0*max(0,semantic_drop)+0.5*output_disruption-3.0*input_damage_penalty-0.75*geometry_excess_penalty",
  "prompt": "add headphones",
  "prompt_slug": "add_headphones",
  "prompt_type": "headphones",
  "right_crop_clean_margin": 0.026048898696899414,
  "right_crop_perturbed_margin": 0.019267693161964417,
  "right_crop_semantic_drop": 0.0067812055349349976,
  "seed": 46101,
  "semantic_drop": -0.00021192431449890137,
  "semantic_drop_weight": 8.0,
  "target_input_ssim": 0.78,
  "theta_names": [
    "scale_logit",
    "action_face_side_push_left",
    "action_face_side_push_right",
    "action_head_top_raise",
    "action_head_top_lower",
    "action_jaw_expand",
    "action_jaw_compress",
    "action_asymmetry_twist"
  ],
  "theta_values": [
    0.3065943121910095,
    -0.17913442850112915,
    0.37539371848106384,
    -0.46080800890922546,
    0.8131113052368164,
    -1.0005154609680176,
    1.6486543416976929,
    1.9401973485946655
  ],
  "top_crop_clean_margin": 0.0015501230955123901,
  "top_crop_perturbed_margin": 0.004819765686988831,
  "top_crop_semantic_drop": -0.0032696425914764404
}
