{
  "budget": "strong",
  "budget_max_disp_px": 8.0,
  "candidate_folder_abs": "/home/interns/Desktop/mat/phase4/outputs/phase4a_existence_probe/cases/face_002/igs_1p50/add_headphones/strong/seed_00/candidates/cand_067_g04_m07",
  "candidate_index": 67,
  "candidate_name": "cand_067_g04_m07",
  "case_id": "face_002__add_headphones__igs_1p50",
  "elapsed_seconds": 2.33500768058002,
  "face_id": "face_002",
  "generation": 4,
  "geometry_method": "landmark_piecewise_affine",
  "guidance_scale": 7.5,
  "image_guidance_scale": 1.5,
  "initial_candidate": false,
  "input_l2": 0.032414705348380764,
  "input_max_abs": 0.4627451002597809,
  "input_mean_abs": 0.016256563365459442,
  "input_psnr": 29.785158436121396,
  "input_ssim": 0.8516631126403809,
  "max_disp_px": 3.422328472137451,
  "max_disp_px_budget": 8.0,
  "mean_disp_px": 0.8988882899284363,
  "member": 7,
  "output_l2": 0.047730319023287726,
  "output_max_abs": 0.6431372761726379,
  "output_mean_abs": 0.025542760267853737,
  "output_psnr": 26.42411325711659,
  "output_ssim": 0.816885232925415,
  "p95_disp_px": 2.386685609817505,
  "phase": "phase4a_existence_probe",
  "prompt": "add headphones",
  "prompt_slug": "add_headphones",
  "prompt_type": "headphones",
  "seed": 51001,
  "target_input_ssim": 0.88,
  "theta_names": [
    "scale_logit",
    "action_face_side_push_left",
    "action_face_side_push_right",
    "action_head_top_raise",
    "action_head_top_lower",
    "action_jaw_expand",
    "action_jaw_compress",
    "action_asymmetry_twist"
  ],
  "theta_values": [
    -0.21324361860752106,
    -0.8985676169395447,
    -0.3150114417076111,
    -0.3262135088443756,
    -0.3278324007987976,
    -0.3842184245586395,
    0.9935212135314941,
    -0.5227707624435425
  ]
}
