{
  "clean_clip_positive_margin": 0.04682642221450806,
  "clean_semantic_success_score": 0.04682642221450806,
  "clip_available": true,
  "clip_semantic_drop": 0.00277826189994812,
  "clip_warning": null,
  "crop_clip_available": true,
  "crop_clip_warning": null,
  "decision_label": "reject_input_damage",
  "decision_reasons": [
    "input_ssim_below_target:0.8517<0.8800",
    "semantic_drop_small:0.0028"
  ],
  "edit_failure_score": 0.00277826189994812,
  "final_attack_score": -0.4708411798474066,
  "full_image_semantic_drop": 0.00277826189994812,
  "geometry_excess_penalty": 0.0,
  "geometry_excess_penalty_weight": 0.75,
  "identity_or_face_health_available": false,
  "input_damage_penalty": 0.22669509887695316,
  "input_damage_penalty_weight": 3.0,
  "input_l2": 0.032414705348380764,
  "input_max_abs": 0.4627451002597809,
  "input_mean_abs": 0.016256563365459442,
  "input_preservation_score": 0.0,
  "input_psnr": 29.785158436121396,
  "input_ssim": 0.8516631126403809,
  "left_crop_clean_margin": 0.01800447702407837,
  "left_crop_perturbed_margin": 0.016681134700775146,
  "left_crop_semantic_drop": 0.0013233423233032227,
  "max_disp_px_budget": 8.0,
  "mean_crop_margin": 0.011856471498807272,
  "mean_crop_semantic_drop": 0.002313996354738871,
  "min_crop_margin": -0.004173338413238525,
  "min_crop_semantic_drop": 0.0013233423233032227,
  "output_disruption_score": 0.37403604316773587,
  "output_disruption_weight": 0.5,
  "output_l2": 0.047730319023287726,
  "output_max_abs": 0.6431372761726379,
  "output_mean_abs": 0.025542760267853737,
  "output_psnr": 26.42411325711659,
  "output_ssim": 0.816885232925415,
  "perturbed_clip_positive_margin": 0.044048160314559937,
  "perturbed_semantic_success_score": 0.044048160314559937,
  "phase2_final_score": -0.4708411798474066,
  "phase2_output_disruption": 0.37403604316773587,
  "phase2_score_formula": "8.0*max(0,semantic_drop)+0.5*output_disruption-3.0*input_damage_penalty-0.75*geometry_excess_penalty",
  "phase4_budget_name": "strong",
  "phase4_final_score": -0.4708411798474066,
  "phase4_score_formula": "8.0*max(0,semantic_drop)+0.5*output_disruption-3.0*input_damage_penalty-0.75*geometry_excess_penalty",
  "right_crop_clean_margin": 0.02526278793811798,
  "right_crop_perturbed_margin": 0.023061618208885193,
  "right_crop_semantic_drop": 0.002201169729232788,
  "semantic_drop": 0.00277826189994812,
  "semantic_drop_weight": 8.0,
  "target_input_ssim": 0.88,
  "top_crop_clean_margin": -0.0007558614015579224,
  "top_crop_perturbed_margin": -0.004173338413238525,
  "top_crop_semantic_drop": 0.003417477011680603
}
