{
  "displacement": {
    "budget_max_disp_px": 4.0,
    "max_disp_px": 2.8108537197113037,
    "max_disp_px_budget": 4.0,
    "mean_disp_px": 0.20736169815063477,
    "p95_disp_px": 1.8599117994308472,
    "target_input_ssim": 0.94
  },
  "input": {
    "l2": 0.011496522959591632,
    "max_abs": 0.40392160415649414,
    "mean_abs": 0.0024739133659750223,
    "psnr": 38.788669780393825,
    "ssim": 0.9782275557518005
  },
  "output": {
    "l2": 0.012131276508559486,
    "max_abs": 0.5921568870544434,
    "mean_abs": 0.003447803668677807,
    "psnr": 38.32186996542991,
    "ssim": 0.9776193499565125
  }
}
