{
  "displacement": {
    "budget_max_disp_px": 4.0,
    "max_disp_px": 2.2835137844085693,
    "max_disp_px_budget": 4.0,
    "mean_disp_px": 0.21738950908184052,
    "p95_disp_px": 1.6489801406860352,
    "target_input_ssim": 0.94
  },
  "input": {
    "l2": 0.007947591495998916,
    "max_abs": 0.2666666805744171,
    "mean_abs": 0.001914339722134173,
    "psnr": 41.99528927209212,
    "ssim": 0.9867649078369141
  },
  "output": {
    "l2": 0.012734569092087596,
    "max_abs": 0.250980406999588,
    "mean_abs": 0.006455345544964075,
    "psnr": 37.90031491914236,
    "ssim": 0.9691861271858215
  }
}
