{
  "displacement": {
    "budget_max_disp_px": 8.0,
    "max_disp_px": 5.81325101852417,
    "max_disp_px_budget": 8.0,
    "mean_disp_px": 0.49697598814964294,
    "p95_disp_px": 4.480719566345215,
    "target_input_ssim": 0.86
  },
  "input": {
    "l2": 0.027042766401056496,
    "max_abs": 0.9019607901573181,
    "mean_abs": 0.005477182567119598,
    "psnr": 31.358977666398097,
    "ssim": 0.958631694316864
  },
  "output": {
    "l2": 0.03280520237368492,
    "max_abs": 0.8313725590705872,
    "mean_abs": 0.009037538431584835,
    "psnr": 29.681145575141073,
    "ssim": 0.9412837028503418
  }
}
