{
  "clean_clip_positive_margin": 0.04772844910621643,
  "clean_semantic_success_score": 0.04772844910621643,
  "clip_available": true,
  "clip_semantic_drop": 0.008939236402511597,
  "clip_warning": null,
  "crop_clip_available": true,
  "crop_clip_warning": null,
  "decision_label": "metric_only_candidate",
  "decision_reasons": [
    "semantic_drop_small:0.0089",
    "semantic_drop_small:0.0089",
    "semantic_drop_small:0.0089"
  ],
  "edit_failure_score": 0.008939236402511597,
  "final_attack_score": 0.170799029220043,
  "full_image_semantic_drop": 0.008939236402511597,
  "geometry_excess_penalty": 0.0,
  "geometry_excess_penalty_weight": 0.75,
  "identity_or_face_health_available": false,
  "input_damage_penalty": 0.0,
  "input_damage_penalty_weight": 3.0,
  "input_l2": 0.012573275172551414,
  "input_max_abs": 0.23137256503105164,
  "input_mean_abs": 0.0060989875346422195,
  "input_preservation_score": 0.6358588337898254,
  "input_psnr": 38.01103159171692,
  "input_ssim": 0.956303060054779,
  "left_crop_clean_margin": 0.018402695655822754,
  "left_crop_perturbed_margin": 0.016386866569519043,
  "left_crop_semantic_drop": 0.002015829086303711,
  "max_disp_px_budget": 8.0,
  "mean_crop_margin": 0.009267205993334452,
  "mean_crop_semantic_drop": 0.0060666998227437334,
  "min_crop_margin": -0.012241005897521973,
  "min_crop_semantic_drop": 0.002015829086303711,
  "output_disruption_score": 0.19857027599990046,
  "output_disruption_weight": 0.5,
  "output_l2": 0.02820934968635359,
  "output_max_abs": 0.658823549747467,
  "output_mean_abs": 0.012881256639957428,
  "output_psnr": 30.99213851147866,
  "output_ssim": 0.9142671227455139,
  "perturbed_clip_positive_margin": 0.038789212703704834,
  "perturbed_semantic_success_score": 0.038789212703704834,
  "phase2_final_score": 0.170799029220043,
  "phase2_output_disruption": 0.19857027599990046,
  "phase2_score_formula": "8.0*max(0,semantic_drop)+0.5*output_disruption-3.0*input_damage_penalty-0.75*geometry_excess_penalty",
  "phase4_budget_name": "strong",
  "phase4_final_score": 0.170799029220043,
  "phase4_score_formula": "8.0*max(0,semantic_drop)+0.5*output_disruption-3.0*input_damage_penalty-0.75*geometry_excess_penalty",
  "right_crop_clean_margin": 0.026048898696899414,
  "right_crop_perturbed_margin": 0.023655757308006287,
  "right_crop_semantic_drop": 0.0023931413888931274,
  "semantic_drop": 0.008939236402511597,
  "semantic_drop_weight": 8.0,
  "target_input_ssim": 0.88,
  "top_crop_clean_margin": 0.0015501230955123901,
  "top_crop_perturbed_margin": -0.012241005897521973,
  "top_crop_semantic_drop": 0.013791128993034363
}
