{
  "clean_clip_positive_margin": 0.035206615924835205,
  "clean_semantic_success_score": 0.035206615924835205,
  "clip_available": true,
  "clip_semantic_drop": -0.0013769567012786865,
  "clip_warning": null,
  "crop_clip_available": false,
  "crop_clip_warning": null,
  "decision_label": "metric_only_candidate",
  "decision_reasons": [
    "semantic_drop_nonpositive:-0.0014",
    "semantic_drop_nonpositive:-0.0014",
    "semantic_drop_nonpositive:-0.0014"
  ],
  "edit_failure_score": 0.0,
  "final_attack_score": 0.1447101375954893,
  "full_image_semantic_drop": -0.0013769567012786865,
  "geometry_excess_penalty": 0.0,
  "geometry_excess_penalty_weight": 0.75,
  "identity_or_face_health_available": false,
  "input_damage_penalty": 0.0,
  "input_damage_penalty_weight": 3.0,
  "input_l2": 0.02791161306628792,
  "input_max_abs": 0.8980392217636108,
  "input_mean_abs": 0.009058448486030102,
  "input_preservation_score": 0.4936580459276835,
  "input_psnr": 31.084301281302658,
  "input_ssim": 0.939238965511322,
  "max_disp_px_budget": 8.0,
  "output_disruption_score": 0.2894202751909786,
  "output_disruption_weight": 0.5,
  "output_l2": 0.042228988880790616,
  "output_max_abs": 0.6549019813537598,
  "output_mean_abs": 0.019290830940008163,
  "output_psnr": 27.487786341546965,
  "output_ssim": 0.8794956803321838,
  "perturbed_clip_positive_margin": 0.03658357262611389,
  "perturbed_semantic_success_score": 0.03658357262611389,
  "phase2_final_score": 0.1447101375954893,
  "phase2_output_disruption": 0.2894202751909786,
  "phase2_score_formula": "8.0*max(0,semantic_drop)+0.5*output_disruption-3.0*input_damage_penalty-0.75*geometry_excess_penalty",
  "phase4_budget_name": "strong",
  "phase4_final_score": 0.1447101375954893,
  "phase4_score_formula": "8.0*max(0,semantic_drop)+0.5*output_disruption-3.0*input_damage_penalty-0.75*geometry_excess_penalty",
  "semantic_drop": -0.0013769567012786865,
  "semantic_drop_weight": 8.0,
  "target_input_ssim": 0.88
}
