{
  "geometry_info": {
    "action_names": [
      "jaw_expand",
      "jaw_compress",
      "chin_raise",
      "chin_lower",
      "mouth_width_expand",
      "lower_face_shift"
    ],
    "action_strength": 0.72,
    "action_values": {
      "chin_lower": 0.197155530269215,
      "chin_raise": 0.5774406261416268,
      "jaw_compress": -0.16991998663599905,
      "jaw_expand": -0.7158175135475162,
      "lower_face_shift": -0.11203644134314546,
      "mouth_width_expand": -0.024969012645466977
    },
    "active_actions": {
      "chin_lower": 0.197155530269215,
      "chin_raise": 0.5774406261416268,
      "jaw_compress": -0.16991998663599905,
      "jaw_expand": -0.7158175135475162,
      "lower_face_shift": -0.11203644134314546,
      "mouth_width_expand": -0.024969012645466977
    },
    "active_anchor_count": 6,
    "control_point_count": 14,
    "geometry_method": "landmark_semantic_tps",
    "max_disp_px_budget": 8.0,
    "scale_factor": 0.9000796699957323,
    "source_control_points": [
      [
        174.0800018310547,
        394.239990234375
      ],
      [
        337.9200134277344,
        394.239990234375
      ],
      [
        256.0,
        419.8399963378906
      ],
      [
        256.0,
        376.32000732421875
      ],
      [
        204.8000030517578,
        335.3599853515625
      ],
      [
        307.20001220703125,
        335.3599853515625
      ],
      [
        0.0,
        0.0
      ],
      [
        511.0,
        0.0
      ],
      [
        0.0,
        511.0
      ],
      [
        511.0,
        511.0
      ],
      [
        256.0,
        0.0
      ],
      [
        256.0,
        511.0
      ],
      [
        0.0,
        256.0
      ],
      [
        511.0,
        256.0
      ]
    ],
    "target_control_points": [
      [
        177.224365234375,
        394.239990234375
      ],
      [
        334.775634765625,
        394.239990234375
      ],
      [
        255.51600646972656,
        417.6495666503906
      ],
      [
        255.35467529296875,
        375.22479248046875
      ],
      [
        204.94381713867188,
        335.3599853515625
      ],
      [
        307.0561828613281,
        335.3599853515625
      ],
      [
        0.0,
        0.0
      ],
      [
        511.0,
        0.0
      ],
      [
        0.0,
        511.0
      ],
      [
        511.0,
        511.0
      ],
      [
        256.0,
        0.0
      ],
      [
        256.0,
        511.0
      ],
      [
        0.0,
        256.0
      ],
      [
        511.0,
        256.0
      ]
    ],
    "tps_regularization": 0.0001
  },
  "names": [
    "scale_logit",
    "action_jaw_expand",
    "action_jaw_compress",
    "action_chin_raise",
    "action_chin_lower",
    "action_mouth_width_expand",
    "action_lower_face_shift"
  ],
  "values": [
    0.9734104871749878,
    -1.0856430530548096,
    -0.1910751760005951,
    0.760793149471283,
    0.2226499319076538,
    -0.02774801105260849,
    -0.1251228153705597
  ]
}
