{
  "attack_score": 0.12829416473303823,
  "input_damage_penalty": 0.0,
  "normalized_output_l2": 0.06845712144766837,
  "output_disruption": 0.12829416473303823
}
