{
  "attack_score": 0.07205644911822168,
  "input_damage_penalty": 0.0,
  "normalized_output_l2": 0.045694208803738035,
  "output_disruption": 0.07205644911822168
}
