{
  "action_names": [
    "eye_spread",
    "eye_compress",
    "eye_squint",
    "eye_raise_left",
    "eye_raise_right",
    "nose_bridge_shift_x",
    "asymmetry_twist"
  ],
  "action_strength": 0.72,
  "action_values": {
    "asymmetry_twist": -0.0238017368192609,
    "eye_compress": -0.2567786317801003,
    "eye_raise_left": 0.048339970977208026,
    "eye_raise_right": 0.2662959835463312,
    "eye_spread": 0.2337525323998076,
    "eye_squint": 0.27368640400067806,
    "nose_bridge_shift_x": -0.016151095548663622
  },
  "active_actions": {
    "asymmetry_twist": -0.0238017368192609,
    "eye_compress": -0.2567786317801003,
    "eye_raise_left": 0.048339970977208026,
    "eye_raise_right": 0.2662959835463312,
    "eye_spread": 0.2337525323998076,
    "eye_squint": 0.27368640400067806,
    "nose_bridge_shift_x": -0.016151095548663622
  },
  "active_anchor_count": 13,
  "control_point_count": 21,
  "geometry_method": "landmark_piecewise_affine",
  "max_disp_px_budget": 14.0,
  "scale_factor": 0.3021402509960718,
  "source_control_points": [
    [
      212.48001098632812,
      217.60000610351562
    ],
    [
      184.32000732421875,
      217.60000610351562
    ],
    [
      299.5199890136719,
      217.60000610351562
    ],
    [
      327.67999267578125,
      217.60000610351562
    ],
    [
      212.48001098632812,
      199.67999267578125
    ],
    [
      212.48001098632812,
      235.52000427246094
    ],
    [
      299.5199890136719,
      199.67999267578125
    ],
    [
      299.5199890136719,
      235.52000427246094
    ],
    [
      256.0,
      263.67999267578125
    ],
    [
      112.63999938964844,
      248.3199920654297
    ],
    [
      174.0800018310547,
      394.239990234375
    ],
    [
      399.3599853515625,
      248.3199920654297
    ],
    [
      337.9200134277344,
      394.239990234375
    ],
    [
      0.0,
      0.0
    ],
    [
      511.0,
      0.0
    ],
    [
      0.0,
      511.0
    ],
    [
      511.0,
      511.0
    ],
    [
      256.0,
      0.0
    ],
    [
      256.0,
      511.0
    ],
    [
      0.0,
      256.0
    ],
    [
      511.0,
      256.0
    ]
  ],
  "target_control_points": [
    [
      207.53546142578125,
      217.11273193359375
    ],
    [
      179.37545776367188,
      217.60000610351562
    ],
    [
      304.46453857421875,
      214.91574096679688
    ],
    [
      332.6245422363281,
      217.60000610351562
    ],
    [
      212.48001098632812,
      201.95147705078125
    ],
    [
      212.48001098632812,
      232.51760864257812
    ],
    [
      299.5199890136719,
      199.75448608398438
    ],
    [
      299.5199890136719,
      231.4191131591797
    ],
    [
      255.8372039794922,
      263.67999267578125
    ],
    [
      112.63999938964844,
      248.55990600585938
    ],
    [
      174.0800018310547,
      394.3599548339844
    ],
    [
      399.3599853515625,
      248.080078125
    ],
    [
      337.9200134277344,
      394.1200256347656
    ],
    [
      0.0,
      0.0
    ],
    [
      511.0,
      0.0
    ],
    [
      0.0,
      511.0
    ],
    [
      511.0,
      511.0
    ],
    [
      256.0,
      0.0
    ],
    [
      256.0,
      511.0
    ],
    [
      0.0,
      256.0
    ],
    [
      511.0,
      256.0
    ]
  ],
  "tps_regularization": 0.0001
}
