{
  "displacement": {
    "budget_max_disp_px": 14.0,
    "max_disp_px": 5.618161678314209,
    "max_disp_px_budget": 14.0,
    "mean_disp_px": 0.5862961411476135,
    "p95_disp_px": 2.8794844150543213,
    "target_input_ssim": 0.78
  },
  "input": {
    "l2": 0.02955004361026843,
    "max_abs": 0.7372548580169678,
    "mean_abs": 0.008931036107242107,
    "psnr": 30.58883747691681,
    "ssim": 0.9306041598320007
  },
  "output": {
    "l2": 0.035185282031525454,
    "max_abs": 0.8941176533699036,
    "mean_abs": 0.012368746101856232,
    "psnr": 29.072779269742185,
    "ssim": 0.919672429561615
  }
}
