{
  "displacement": {
    "budget_max_disp_px": 8.0,
    "max_disp_px": 4.286181449890137,
    "max_disp_px_budget": 8.0,
    "mean_disp_px": 0.8678513169288635,
    "p95_disp_px": 2.9117465019226074,
    "target_input_ssim": 0.88
  },
  "input": {
    "l2": 0.03045187839878513,
    "max_abs": 0.6117647290229797,
    "mean_abs": 0.013742663897573948,
    "psnr": 30.327718262220557,
    "ssim": 0.9015371203422546
  },
  "output": {
    "l2": 0.041718708292354495,
    "max_abs": 0.929411768913269,
    "mean_abs": 0.018612397834658623,
    "psnr": 27.59338293596825,
    "ssim": 0.8849326968193054
  }
}
