{
  "displacement": {
    "budget_max_disp_px": 4.0,
    "max_disp_px": 1.8626576662063599,
    "max_disp_px_budget": 4.0,
    "mean_disp_px": 0.340812623500824,
    "p95_disp_px": 1.4335780143737793,
    "target_input_ssim": 0.94
  },
  "input": {
    "l2": 0.021142030333322875,
    "max_abs": 0.5137255191802979,
    "mean_abs": 0.007448041345924139,
    "psnr": 33.497066168180154,
    "ssim": 0.9410200715065002
  },
  "output": {
    "l2": 0.034313468020278196,
    "max_abs": 0.6666666865348816,
    "mean_abs": 0.013822945766150951,
    "psnr": 29.290707722260144,
    "ssim": 0.9178544878959656
  }
}
