{
  "clean_clip_positive_margin": 0.05116361379623413,
  "clean_semantic_success_score": 0.05116361379623413,
  "clip_available": true,
  "clip_semantic_drop": 0.004038333892822266,
  "clip_warning": null,
  "crop_clip_available": true,
  "crop_clip_warning": null,
  "decision_label": "metric_only_candidate",
  "decision_reasons": [
    "semantic_drop_small:0.0040",
    "semantic_drop_small:0.0040"
  ],
  "edit_failure_score": 0.004038333892822266,
  "final_attack_score": 0.3325408252163409,
  "full_image_semantic_drop": 0.004038333892822266,
  "geometry_excess_penalty": 0.0,
  "geometry_excess_penalty_weight": 1.0,
  "identity_or_face_health_available": false,
  "input_damage_penalty": 0.0,
  "input_damage_penalty_weight": 3.0,
  "input_l2": 0.027258262514667498,
  "input_max_abs": 0.4745098054409027,
  "input_mean_abs": 0.01008693315088749,
  "input_preservation_score": 0.04679596424102762,
  "input_psnr": 31.29003660490648,
  "input_ssim": 0.9046795964241028,
  "left_crop_clean_margin": 0.024231508374214172,
  "left_crop_perturbed_margin": 0.025767937302589417,
  "left_crop_semantic_drop": -0.0015364289283752441,
  "max_disp_px_budget": 6.0,
  "mean_crop_margin": 0.013320068518320719,
  "mean_crop_semantic_drop": -0.0011965980132420857,
  "min_crop_margin": -0.007981941103935242,
  "min_crop_semantic_drop": -0.005310580134391785,
  "output_disruption_score": 0.3163874896450518,
  "output_disruption_weight": 1.0,
  "output_l2": 0.05289498349238631,
  "output_max_abs": 0.8352941274642944,
  "output_mean_abs": 0.01951201632618904,
  "output_psnr": 25.53171028136883,
  "output_ssim": 0.8951924443244934,
  "perturbed_clip_positive_margin": 0.047125279903411865,
  "perturbed_semantic_success_score": 0.047125279903411865,
  "phase2_final_score": 0.3325408252163409,
  "phase2_output_disruption": 0.3163874896450518,
  "phase2_score_formula": "4.0*max(0,semantic_drop)+1.0*output_disruption-3.0*input_damage_penalty-1.0*geometry_excess_penalty",
  "right_crop_clean_margin": 0.025431424379348755,
  "right_crop_perturbed_margin": 0.022174209356307983,
  "right_crop_semantic_drop": 0.0032572150230407715,
  "semantic_drop": 0.004038333892822266,
  "semantic_drop_weight": 4.0,
  "target_input_ssim": 0.9,
  "top_crop_clean_margin": -0.013292521238327026,
  "top_crop_perturbed_margin": -0.007981941103935242,
  "top_crop_semantic_drop": -0.005310580134391785
}
