{
  "displacement": {
    "budget_max_disp_px": 4.0,
    "max_disp_px": 2.554807424545288,
    "max_disp_px_budget": 4.0,
    "mean_disp_px": 0.5207508206367493,
    "p95_disp_px": 2.0903429985046387,
    "target_input_ssim": 0.94
  },
  "input": {
    "l2": 0.01852084197515555,
    "max_abs": 0.6470588445663452,
    "mean_abs": 0.006411593407392502,
    "psnr": 34.64678547527166,
    "ssim": 0.9372929930686951
  },
  "output": {
    "l2": 0.023906080494307792,
    "max_abs": 0.572549045085907,
    "mean_abs": 0.011063549667596817,
    "psnr": 32.42983245027291,
    "ssim": 0.9297937750816345
  }
}
