{
  "displacement": {
    "budget_max_disp_px": 8.0,
    "max_disp_px": 2.9808220863342285,
    "max_disp_px_budget": 8.0,
    "mean_disp_px": 0.26576632261276245,
    "p95_disp_px": 2.1193466186523438,
    "target_input_ssim": 0.86
  },
  "input": {
    "l2": 0.015151597217039318,
    "max_abs": 0.34117650985717773,
    "mean_abs": 0.0036218727473169565,
    "psnr": 36.3908316653671,
    "ssim": 0.9578714966773987
  },
  "output": {
    "l2": 0.019683398012672576,
    "max_abs": 0.4941176772117615,
    "mean_abs": 0.0075751859694719315,
    "psnr": 34.11799851365764,
    "ssim": 0.947848379611969
  }
}
