{
  "displacement": {
    "budget_max_disp_px": 14.0,
    "max_disp_px": 13.986001014709473,
    "max_disp_px_budget": 14.0,
    "mean_disp_px": 2.2934491634368896,
    "p95_disp_px": 6.8358001708984375,
    "target_input_ssim": 0.78
  },
  "input": {
    "l2": 0.07088824493136696,
    "max_abs": 0.886274516582489,
    "mean_abs": 0.0248411875218153,
    "psnr": 22.988515517692957,
    "ssim": 0.7860026359558105
  },
  "output": {
    "l2": 0.05332429394162336,
    "max_abs": 0.6039215922355652,
    "mean_abs": 0.025877423584461212,
    "psnr": 25.461497725273226,
    "ssim": 0.8080576062202454
  }
}
