{
  "displacement": {
    "budget_max_disp_px": 6.0,
    "max_disp_px": 5.7521138191223145,
    "max_disp_px_budget": 6.0,
    "mean_disp_px": 0.5550682544708252,
    "p95_disp_px": 4.193135738372803,
    "target_input_ssim": 0.9
  },
  "input": {
    "l2": 0.021880529574391305,
    "max_abs": 0.6470588445663452,
    "mean_abs": 0.005056643392890692,
    "psnr": 33.19884341966735,
    "ssim": 0.9556012749671936
  },
  "output": {
    "l2": 0.03265275329595867,
    "max_abs": 0.6235294342041016,
    "mean_abs": 0.01030711829662323,
    "psnr": 29.72160385848091,
    "ssim": 0.9295108318328857
  }
}
