{
  "clean_clip_positive_margin": 0.04772844910621643,
  "clean_semantic_success_score": 0.04772844910621643,
  "clip_available": true,
  "clip_semantic_drop": 0.011165499687194824,
  "clip_warning": null,
  "crop_clip_available": true,
  "crop_clip_warning": null,
  "decision_label": "reject_input_damage",
  "decision_reasons": [
    "input_ssim_below_target:0.7531<0.7800",
    "semantic_drop_small:0.0112"
  ],
  "edit_failure_score": 0.011165499687194824,
  "final_attack_score": -0.27939761844431266,
  "full_image_semantic_drop": 0.011165499687194824,
  "geometry_excess_penalty": 0.0,
  "geometry_excess_penalty_weight": 0.75,
  "identity_or_face_health_available": false,
  "input_damage_penalty": 0.2150328063964846,
  "input_damage_penalty_weight": 3.0,
  "input_l2": 0.05203930538629358,
  "input_max_abs": 0.6117647290229797,
  "input_mean_abs": 0.027418943122029305,
  "input_preservation_score": 0.0,
  "input_psnr": 25.67337017953149,
  "input_ssim": 0.7531208992004395,
  "left_crop_clean_margin": 0.018402695655822754,
  "left_crop_perturbed_margin": 0.017295151948928833,
  "left_crop_semantic_drop": 0.001107543706893921,
  "max_disp_px_budget": 14.0,
  "mean_crop_margin": 0.00955746571222941,
  "mean_crop_semantic_drop": 0.005776440103848775,
  "min_crop_margin": -0.010074615478515625,
  "min_crop_semantic_drop": 0.001107543706893921,
  "output_disruption_score": 0.552753606495165,
  "output_disruption_weight": 0.5,
  "output_l2": 0.06585800127608159,
  "output_max_abs": 0.8588235378265381,
  "output_mean_abs": 0.035303372889757156,
  "output_psnr": 23.627829076472647,
  "output_ssim": 0.7106783986091614,
  "perturbed_clip_positive_margin": 0.036562949419021606,
  "perturbed_semantic_success_score": 0.036562949419021606,
  "phase2_final_score": -0.27939761844431266,
  "phase2_output_disruption": 0.552753606495165,
  "phase2_score_formula": "8.0*max(0,semantic_drop)+0.5*output_disruption-3.0*input_damage_penalty-0.75*geometry_excess_penalty",
  "phase4_budget_name": "existence_probe",
  "phase4_final_score": -0.27939761844431266,
  "phase4_score_formula": "8.0*max(0,semantic_drop)+0.5*output_disruption-3.0*input_damage_penalty-0.75*geometry_excess_penalty",
  "right_crop_clean_margin": 0.026048898696899414,
  "right_crop_perturbed_margin": 0.021451860666275024,
  "right_crop_semantic_drop": 0.00459703803062439,
  "semantic_drop": 0.011165499687194824,
  "semantic_drop_weight": 8.0,
  "target_input_ssim": 0.78,
  "top_crop_clean_margin": 0.0015501230955123901,
  "top_crop_perturbed_margin": -0.010074615478515625,
  "top_crop_semantic_drop": 0.011624738574028015
}
