{
  "displacement": {
    "budget_max_disp_px": 8.0,
    "max_disp_px": 2.3389089107513428,
    "max_disp_px_budget": 8.0,
    "mean_disp_px": 0.6389755010604858,
    "p95_disp_px": 1.6306871175765991,
    "target_input_ssim": 0.88
  },
  "input": {
    "l2": 0.018564318993057268,
    "max_abs": 0.32549020648002625,
    "mean_abs": 0.009338930249214172,
    "psnr": 34.62641955303012,
    "ssim": 0.9344110488891602
  },
  "output": {
    "l2": 0.0338496950677922,
    "max_abs": 0.686274528503418,
    "mean_abs": 0.016385802999138832,
    "psnr": 29.408904785350263,
    "ssim": 0.8991947770118713
  }
}
