{
  "clean_clip_positive_margin": 0.02973318099975586,
  "clean_semantic_success_score": 0.02973318099975586,
  "clip_available": true,
  "clip_semantic_drop": 0.003539532423019409,
  "clip_warning": null,
  "decision_label": "metric_only_candidate",
  "decision_reasons": [
    "semantic_drop_small:0.0035",
    "semantic_drop_small:0.0035"
  ],
  "edit_failure_score": 0.003539532423019409,
  "final_attack_score": 0.1682027337369992,
  "geometry_excess_penalty": 0.0,
  "geometry_excess_penalty_weight": 1.0,
  "identity_or_face_health_available": false,
  "input_damage_penalty": 0.0,
  "input_damage_penalty_weight": 3.0,
  "input_l2": 0.019924329245382875,
  "input_max_abs": 0.8941176533699036,
  "input_mean_abs": 0.0038077114149928093,
  "input_preservation_score": 0.7729390859603882,
  "input_psnr": 34.0123258050935,
  "input_ssim": 0.9682114720344543,
  "max_disp_px_budget": 8.0,
  "output_disruption_score": 0.15404460404492157,
  "output_disruption_weight": 1.0,
  "output_l2": 0.026380309398414535,
  "output_max_abs": 0.8588235378265381,
  "output_mean_abs": 0.007405852433294058,
  "output_psnr": 31.574402303741387,
  "output_ssim": 0.9514766335487366,
  "perturbed_clip_positive_margin": 0.02619364857673645,
  "perturbed_semantic_success_score": 0.02619364857673645,
  "phase2_final_score": 0.1682027337369992,
  "phase2_output_disruption": 0.15404460404492157,
  "phase2_score_formula": "4*max(0,semantic_drop)+1*output_disruption-3*input_damage_penalty-1*geometry_excess_penalty",
  "semantic_drop": 0.003539532423019409,
  "semantic_drop_weight": 4.0,
  "target_input_ssim": 0.86
}
