{
  "displacement": {
    "budget_max_disp_px": 8.0,
    "max_disp_px": 3.9101688861846924,
    "max_disp_px_budget": 8.0,
    "mean_disp_px": 0.276056170463562,
    "p95_disp_px": 2.3606438636779785,
    "target_input_ssim": 0.86
  },
  "input": {
    "l2": 0.006677709827935149,
    "max_abs": 0.3764705955982208,
    "mean_abs": 0.0015718648210167885,
    "psnr": 43.50744913260079,
    "ssim": 0.9859421253204346
  },
  "output": {
    "l2": 0.013892218776359454,
    "max_abs": 0.7215686440467834,
    "mean_abs": 0.005895886104553938,
    "psnr": 37.14456771969666,
    "ssim": 0.9740321040153503
  }
}
