{
  "displacement": {
    "budget_max_disp_px": 4.0,
    "max_disp_px": 1.0008864402770996,
    "max_disp_px_budget": 4.0,
    "mean_disp_px": 0.18679487705230713,
    "p95_disp_px": 0.8888203501701355,
    "target_input_ssim": 0.94
  },
  "input": {
    "l2": 0.013090449794468809,
    "max_abs": 0.3764705955982208,
    "mean_abs": 0.004390097688883543,
    "psnr": 37.66090861230084,
    "ssim": 0.9778525233268738
  },
  "output": {
    "l2": 0.026149111739262747,
    "max_abs": 0.7686274647712708,
    "mean_abs": 0.011373479850590229,
    "psnr": 31.650861182426432,
    "ssim": 0.9476698040962219
  }
}
