{
  "geometry_info": {
    "action_names": [
      "eye_spread",
      "eye_compress",
      "eye_squint",
      "eye_raise_left",
      "eye_raise_right",
      "nose_bridge_shift_x",
      "asymmetry_twist"
    ],
    "action_strength": 0.72,
    "action_values": {
      "asymmetry_twist": 0.18763730435022208,
      "eye_compress": 0.19867606547864744,
      "eye_raise_left": -0.681394329970233,
      "eye_raise_right": 0.7448770893253978,
      "eye_spread": -0.45601721151065105,
      "eye_squint": -0.7056959711347541,
      "nose_bridge_shift_x": -0.4997795877952957
    },
    "active_actions": {
      "asymmetry_twist": 0.18763730435022208,
      "eye_compress": 0.19867606547864744,
      "eye_raise_left": -0.681394329970233,
      "eye_raise_right": 0.7448770893253978,
      "eye_spread": -0.45601721151065105,
      "eye_squint": -0.7056959711347541,
      "nose_bridge_shift_x": -0.4997795877952957
    },
    "active_anchor_count": 13,
    "control_point_count": 21,
    "geometry_method": "landmark_piecewise_affine",
    "max_disp_px_budget": 8.0,
    "scale_factor": 0.8976588025899166,
    "source_control_points": [
      [
        212.48001098632812,
        217.60000610351562
      ],
      [
        184.32000732421875,
        217.60000610351562
      ],
      [
        299.5199890136719,
        217.60000610351562
      ],
      [
        327.67999267578125,
        217.60000610351562
      ],
      [
        212.48001098632812,
        199.67999267578125
      ],
      [
        212.48001098632812,
        235.52000427246094
      ],
      [
        299.5199890136719,
        199.67999267578125
      ],
      [
        299.5199890136719,
        235.52000427246094
      ],
      [
        256.0,
        263.67999267578125
      ],
      [
        112.63999938964844,
        248.3199920654297
      ],
      [
        174.0800018310547,
        394.239990234375
      ],
      [
        399.3599853515625,
        248.3199920654297
      ],
      [
        337.9200134277344,
        394.239990234375
      ],
      [
        0.0,
        0.0
      ],
      [
        511.0,
        0.0
      ],
      [
        0.0,
        511.0
      ],
      [
        511.0,
        511.0
      ],
      [
        256.0,
        0.0
      ],
      [
        256.0,
        511.0
      ],
      [
        0.0,
        256.0
      ],
      [
        511.0,
        256.0
      ]
    ],
    "target_control_points": [
      [
        216.25103759765625,
        221.52484130859375
      ],
      [
        188.09103393554688,
        217.60000610351562
      ],
      [
        295.74896240234375,
        213.30950927734375
      ],
      [
        323.9089660644531,
        217.60000610351562
      ],
      [
        212.48001098632812,
        199.54000854492188
      ],
      [
        212.48001098632812,
        241.54722595214844
      ],
      [
        299.5199890136719,
        191.32469177246094
      ],
      [
        299.5199890136719,
        237.43955993652344
      ],
      [
        253.12127685546875,
        263.67999267578125
      ],
      [
        112.63999938964844,
        247.23919677734375
      ],
      [
        174.0800018310547,
        393.6995849609375
      ],
      [
        399.3599853515625,
        249.40078735351562
      ],
      [
        337.9200134277344,
        394.7803955078125
      ],
      [
        0.0,
        0.0
      ],
      [
        511.0,
        0.0
      ],
      [
        0.0,
        511.0
      ],
      [
        511.0,
        511.0
      ],
      [
        256.0,
        0.0
      ],
      [
        256.0,
        511.0
      ],
      [
        0.0,
        256.0
      ],
      [
        511.0,
        256.0
      ]
    ],
    "tps_regularization": 0.0001
  },
  "names": [
    "scale_logit",
    "action_eye_spread",
    "action_eye_compress",
    "action_eye_squint",
    "action_eye_raise_left",
    "action_eye_raise_right",
    "action_nose_bridge_shift_x",
    "action_asymmetry_twist"
  ],
  "values": [
    0.9597089290618896,
    -0.5600402355194092,
    0.22505095601081848,
    -1.061275839805603,
    -0.9940392971038818,
    1.1874932050704956,
    -0.6281238198280334,
    0.21215644478797913
  ]
}
