{
  "clean_clip_positive_margin": 0.027842342853546143,
  "clean_semantic_success_score": 0.027842342853546143,
  "clip_available": true,
  "clip_semantic_drop": -0.0009686946868896484,
  "clip_warning": null,
  "crop_clip_available": true,
  "crop_clip_warning": null,
  "decision_label": "metric_only_candidate",
  "decision_reasons": [
    "semantic_drop_nonpositive:-0.0010",
    "semantic_drop_nonpositive:-0.0010"
  ],
  "edit_failure_score": 0.0,
  "final_attack_score": 0.0379930375116115,
  "full_image_semantic_drop": -0.0009686946868896484,
  "geometry_excess_penalty": 0.0,
  "geometry_excess_penalty_weight": 0.75,
  "identity_or_face_health_available": false,
  "input_damage_penalty": 0.0,
  "input_damage_penalty_weight": 3.0,
  "input_l2": 0.014144562076349598,
  "input_max_abs": 0.5058823823928833,
  "input_mean_abs": 0.004284617956727743,
  "input_preservation_score": 0.6809548139572142,
  "input_psnr": 36.988209880038,
  "input_ssim": 0.9680954813957214,
  "left_crop_clean_margin": 0.02535329759120941,
  "left_crop_perturbed_margin": 0.024265706539154053,
  "left_crop_semantic_drop": 0.0010875910520553589,
  "max_disp_px_budget": 6.0,
  "mean_crop_margin": 0.016061837474505108,
  "mean_crop_semantic_drop": 0.0020494312047958374,
  "min_crop_margin": 0.0028513818979263306,
  "min_crop_semantic_drop": 0.0004131048917770386,
  "output_disruption_score": 0.151972150046446,
  "output_disruption_weight": 0.25,
  "output_l2": 0.0239748148219829,
  "output_max_abs": 0.5960784554481506,
  "output_mean_abs": 0.009790533222258091,
  "output_psnr": 32.40489477144761,
  "output_ssim": 0.9439271092414856,
  "perturbed_clip_positive_margin": 0.02881103754043579,
  "perturbed_semantic_success_score": 0.02881103754043579,
  "phase2_final_score": 0.0379930375116115,
  "phase2_output_disruption": 0.151972150046446,
  "phase2_score_formula": "8.0*max(0,semantic_drop)+0.25*output_disruption-3.0*input_damage_penalty-0.75*geometry_excess_penalty",
  "right_crop_clean_margin": 0.021481528878211975,
  "right_crop_perturbed_margin": 0.021068423986434937,
  "right_crop_semantic_drop": 0.0004131048917770386,
  "semantic_drop": -0.0009686946868896484,
  "semantic_drop_weight": 8.0,
  "target_input_ssim": 0.9,
  "top_crop_clean_margin": 0.007498979568481445,
  "top_crop_perturbed_margin": 0.0028513818979263306,
  "top_crop_semantic_drop": 0.004647597670555115
}
