{
  "budget": "medium",
  "budget_max_disp_px": 4.0,
  "candidate_folder_abs": "/home/interns/Desktop/mat/phase2/outputs/phase2b_cem/add_headphones/medium/seed_00/candidates/cand_088_g06_m08",
  "candidate_index": 88,
  "candidate_name": "cand_088_g06_m08",
  "dct_modes": [
    [
      1,
      0
    ],
    [
      0,
      1
    ],
    [
      1,
      1
    ],
    [
      2,
      0
    ],
    [
      0,
      2
    ],
    [
      2,
      1
    ]
  ],
  "elapsed_seconds": 5.277918919920921,
  "generation": 6,
  "geometry_method": "region_local_dct",
  "initial_candidate": false,
  "input_l2": 0.008821117290257932,
  "input_max_abs": 0.4745098352432251,
  "input_mean_abs": 0.0030928868800401688,
  "input_psnr": 41.089528065476095,
  "input_ssim": 0.9808544516563416,
  "max_disp_px": 1.4090849161148071,
  "max_disp_px_budget": 4.0,
  "mean_disp_px": 0.2112022489309311,
  "member": 8,
  "mesh_size": 4,
  "output_l2": 0.019000838209472848,
  "output_max_abs": 0.5921568870544434,
  "output_mean_abs": 0.009921508841216564,
  "output_psnr": 34.42454480018642,
  "output_ssim": 0.9500036239624023,
  "p95_disp_px": 0.800875186920166,
  "phase": "phase2b_cem",
  "prompt": "add headphones",
  "prompt_priority": 1,
  "prompt_slug": "add_headphones",
  "region_count": 3,
  "region_key": "headphones",
  "scale_factor": 0.5047537088394165,
  "seed": 23001,
  "target_input_ssim": 0.94,
  "tps_size": 4
}
