{
  "displacement": {
    "budget_max_disp_px": 8.0,
    "max_disp_px": 4.682481288909912,
    "max_disp_px_budget": 8.0,
    "mean_disp_px": 0.21703016757965088,
    "p95_disp_px": 1.6220145225524902,
    "target_input_ssim": 0.86
  },
  "input": {
    "l2": 0.00832948996920454,
    "max_abs": 0.7529411911964417,
    "mean_abs": 0.0015489213401451707,
    "psnr": 41.587631809418816,
    "ssim": 0.9876048564910889
  },
  "output": {
    "l2": 0.01351735648068027,
    "max_abs": 0.7686274647712708,
    "mean_abs": 0.005044660065323114,
    "psnr": 37.38216465621116,
    "ssim": 0.9784388542175293
  }
}
