{
  "clean_clip_positive_margin": 0.03148290514945984,
  "clean_semantic_success_score": 0.03148290514945984,
  "clip_available": true,
  "clip_semantic_drop": -0.0014788806438446045,
  "clip_warning": null,
  "decision_label": "metric_only_candidate",
  "decision_reasons": [
    "semantic_drop_nonpositive:-0.0015",
    "semantic_drop_nonpositive:-0.0015"
  ],
  "edit_failure_score": 0.0,
  "final_attack_score": 0.10694209816038376,
  "geometry_excess_penalty": 0.0,
  "geometry_excess_penalty_weight": 1.0,
  "identity_or_face_health_available": false,
  "input_damage_penalty": 0.0,
  "input_damage_penalty_weight": 3.0,
  "input_l2": 0.019353556703353945,
  "input_max_abs": 0.5921568870544434,
  "input_mean_abs": 0.0035857700277119875,
  "input_preservation_score": 0.7824817895889282,
  "input_psnr": 34.26478421528185,
  "input_ssim": 0.96954745054245,
  "max_disp_px_budget": 8.0,
  "output_disruption_score": 0.10694209816038376,
  "output_disruption_weight": 1.0,
  "output_l2": 0.018784399037509576,
  "output_max_abs": 0.5960784554481506,
  "output_mean_abs": 0.005913228262215853,
  "output_psnr": 34.524053892095324,
  "output_ssim": 0.9681954979896545,
  "perturbed_clip_positive_margin": 0.03296178579330444,
  "perturbed_semantic_success_score": 0.03296178579330444,
  "phase2_final_score": 0.10694209816038376,
  "phase2_output_disruption": 0.10694209816038376,
  "phase2_score_formula": "4*max(0,semantic_drop)+1*output_disruption-3*input_damage_penalty-1*geometry_excess_penalty",
  "semantic_drop": -0.0014788806438446045,
  "semantic_drop_weight": 4.0,
  "target_input_ssim": 0.86
}
