{
  "clean_clip_positive_margin": 0.04745203256607056,
  "clean_semantic_success_score": 0.04745203256607056,
  "clip_available": true,
  "clip_semantic_drop": 0.0007700324058532715,
  "clip_warning": null,
  "crop_clip_available": false,
  "crop_clip_warning": null,
  "decision_label": "metric_only_candidate",
  "decision_reasons": [
    "semantic_drop_small:0.0008",
    "semantic_drop_small:0.0008"
  ],
  "edit_failure_score": 0.0007700324058532715,
  "final_attack_score": 0.08410833310184548,
  "full_image_semantic_drop": 0.0007700324058532715,
  "geometry_excess_penalty": 0.0,
  "geometry_excess_penalty_weight": 1.0,
  "identity_or_face_health_available": false,
  "input_damage_penalty": 0.0,
  "input_damage_penalty_weight": 3.0,
  "input_l2": 0.005887862273113473,
  "input_max_abs": 0.1411764770746231,
  "input_mean_abs": 0.0013592689065262675,
  "input_preservation_score": 0.9066481987635295,
  "input_psnr": 44.60084714843289,
  "input_ssim": 0.9943988919258118,
  "max_disp_px_budget": 4.0,
  "output_disruption_score": 0.0810282034784324,
  "output_disruption_weight": 1.0,
  "output_l2": 0.015218372223520453,
  "output_max_abs": 0.501960813999176,
  "output_mean_abs": 0.005409411620348692,
  "output_psnr": 36.35263595544662,
  "output_ssim": 0.9798452854156494,
  "perturbed_clip_positive_margin": 0.046682000160217285,
  "perturbed_semantic_success_score": 0.046682000160217285,
  "phase2_final_score": 0.08410833310184548,
  "phase2_output_disruption": 0.0810282034784324,
  "phase2_score_formula": "4.0*max(0,semantic_drop)+1.0*output_disruption-3.0*input_damage_penalty-1.0*geometry_excess_penalty",
  "semantic_drop": 0.0007700324058532715,
  "semantic_drop_weight": 4.0,
  "target_input_ssim": 0.94
}
