{
  "budget": "strong",
  "budget_max_disp_px": 8.0,
  "candidate_folder_abs": "/home/interns/Desktop/mat/phase4/outputs/phase4a_existence_probe/cases/face_005/igs_1p00/add_black_sunglasses/strong/seed_00/candidates/cand_069_g04_m09",
  "candidate_index": 69,
  "candidate_name": "cand_069_g04_m09",
  "case_id": "face_005__add_black_sunglasses__igs_1p00",
  "elapsed_seconds": 2.8521295078098774,
  "face_id": "face_005",
  "generation": 4,
  "geometry_method": "landmark_piecewise_affine",
  "guidance_scale": 7.5,
  "image_guidance_scale": 1.0,
  "initial_candidate": false,
  "input_l2": 0.038023302647724,
  "input_max_abs": 0.8235294222831726,
  "input_mean_abs": 0.01685645617544651,
  "input_psnr": 28.399003273141723,
  "input_ssim": 0.8900448679924011,
  "max_disp_px": 7.01361083984375,
  "max_disp_px_budget": 8.0,
  "mean_disp_px": 1.5846896171569824,
  "member": 9,
  "output_l2": 0.06452864138824124,
  "output_max_abs": 0.7647058963775635,
  "output_mean_abs": 0.03086739219725132,
  "output_psnr": 23.80494957211793,
  "output_ssim": 0.8793558478355408,
  "p95_disp_px": 4.295907020568848,
  "phase": "phase4a_existence_probe",
  "prompt": "add black sunglasses",
  "prompt_slug": "add_black_sunglasses",
  "prompt_type": "glasses",
  "seed": 41001,
  "target_input_ssim": 0.88,
  "theta_names": [
    "scale_logit",
    "action_eye_spread",
    "action_eye_compress",
    "action_eye_squint",
    "action_eye_raise_left",
    "action_eye_raise_right",
    "action_nose_bridge_shift_x",
    "action_asymmetry_twist"
  ],
  "theta_values": [
    0.6249452829360962,
    1.6380488872528076,
    -0.3333360552787781,
    -1.6643927097320557,
    -0.11889402568340302,
    0.6197605729103088,
    -0.10239938646554947,
    -1.10617995262146
  ]
}
