{
  "displacement": {
    "budget_max_disp_px": 8.0,
    "max_disp_px": 6.193939208984375,
    "max_disp_px_budget": 8.0,
    "mean_disp_px": 0.48442342877388,
    "p95_disp_px": 1.7167086601257324,
    "target_input_ssim": 0.88
  },
  "input": {
    "l2": 0.017825333775357843,
    "max_abs": 0.5333333611488342,
    "mean_abs": 0.0068365950137376785,
    "psnr": 34.97924658667318,
    "ssim": 0.957452118396759
  },
  "output": {
    "l2": 0.019513574440139854,
    "max_abs": 0.501960813999176,
    "mean_abs": 0.009481115266680717,
    "psnr": 34.19326341022181,
    "ssim": 0.9351339936256409
  }
}
