{
  "clean_clip_positive_margin": 0.027842342853546143,
  "clean_semantic_success_score": 0.027842342853546143,
  "clip_available": true,
  "clip_semantic_drop": -0.0011840760707855225,
  "clip_warning": null,
  "crop_clip_available": true,
  "crop_clip_warning": null,
  "decision_label": "metric_only_candidate",
  "decision_reasons": [
    "semantic_drop_nonpositive:-0.0012",
    "semantic_drop_nonpositive:-0.0012"
  ],
  "edit_failure_score": 0.0,
  "final_attack_score": 0.019006497534331195,
  "full_image_semantic_drop": -0.0011840760707855225,
  "geometry_excess_penalty": 0.0,
  "geometry_excess_penalty_weight": 0.75,
  "identity_or_face_health_available": false,
  "input_damage_penalty": 0.0,
  "input_damage_penalty_weight": 3.0,
  "input_l2": 0.009217508897871205,
  "input_max_abs": 0.5411764979362488,
  "input_mean_abs": 0.0010368495713919401,
  "input_preservation_score": 0.9284459011895316,
  "input_psnr": 40.707728689745835,
  "input_ssim": 0.9899824261665344,
  "left_crop_clean_margin": 0.02535329759120941,
  "left_crop_perturbed_margin": 0.024558931589126587,
  "left_crop_semantic_drop": 0.0007943660020828247,
  "max_disp_px_budget": 8.0,
  "mean_crop_margin": 0.015936220685640972,
  "mean_crop_semantic_drop": 0.002175047993659973,
  "min_crop_margin": 0.004208192229270935,
  "min_crop_semantic_drop": 0.0007943660020828247,
  "output_disruption_score": 0.07602599013732478,
  "output_disruption_weight": 0.25,
  "output_l2": 0.014265231164511552,
  "output_max_abs": 0.5607843399047852,
  "output_mean_abs": 0.005040027666836977,
  "output_psnr": 36.91442372632338,
  "output_ssim": 0.9810349345207214,
  "perturbed_clip_positive_margin": 0.029026418924331665,
  "perturbed_semantic_success_score": 0.029026418924331665,
  "phase2_final_score": 0.019006497534331195,
  "phase2_output_disruption": 0.07602599013732478,
  "phase2_score_formula": "8.0*max(0,semantic_drop)+0.25*output_disruption-3.0*input_damage_penalty-0.75*geometry_excess_penalty",
  "right_crop_clean_margin": 0.021481528878211975,
  "right_crop_perturbed_margin": 0.01904153823852539,
  "right_crop_semantic_drop": 0.0024399906396865845,
  "semantic_drop": -0.0011840760707855225,
  "semantic_drop_weight": 8.0,
  "target_input_ssim": 0.86,
  "top_crop_clean_margin": 0.007498979568481445,
  "top_crop_perturbed_margin": 0.004208192229270935,
  "top_crop_semantic_drop": 0.0032907873392105103
}
