{
  "displacement": {
    "budget_max_disp_px": 8.0,
    "max_disp_px": 2.272575616836548,
    "max_disp_px_budget": 8.0,
    "mean_disp_px": 0.5962559580802917,
    "p95_disp_px": 1.5455052852630615,
    "target_input_ssim": 0.88
  },
  "input": {
    "l2": 0.0173102950696311,
    "max_abs": 0.35686278343200684,
    "mean_abs": 0.008819048292934895,
    "psnr": 35.233910582387715,
    "ssim": 0.9382694363594055
  },
  "output": {
    "l2": 0.043798157889895176,
    "max_abs": 0.7058823704719543,
    "mean_abs": 0.01869776099920273,
    "psnr": 27.170883102738724,
    "ssim": 0.9149325489997864
  }
}
