{
  "geometry_info": {
    "action_names": [
      "face_side_push_left",
      "face_side_push_right",
      "head_top_raise",
      "head_top_lower",
      "jaw_expand",
      "jaw_compress",
      "asymmetry_twist"
    ],
    "action_strength": 0.72,
    "action_values": {
      "asymmetry_twist": -0.21463170949466484,
      "face_side_push_left": -0.2411198008730641,
      "face_side_push_right": -0.14758556152158503,
      "head_top_lower": 0.009048906894225947,
      "head_top_raise": -0.4208135992018517,
      "jaw_compress": 0.31137474368776596,
      "jaw_expand": 0.24582673181040762
    },
    "active_actions": {
      "asymmetry_twist": -0.21463170949466484,
      "face_side_push_left": -0.2411198008730641,
      "face_side_push_right": -0.14758556152158503,
      "head_top_lower": 0.009048906894225947,
      "head_top_raise": -0.4208135992018517,
      "jaw_compress": 0.31137474368776596,
      "jaw_expand": 0.24582673181040762
    },
    "active_anchor_count": 7,
    "control_point_count": 15,
    "geometry_method": "landmark_piecewise_affine",
    "max_disp_px_budget": 14.0,
    "scale_factor": 0.4726641309504655,
    "source_control_points": [
      [
        112.63999938964844,
        248.3199920654297
      ],
      [
        112.63999938964844,
        253.44000244140625
      ],
      [
        399.3599853515625,
        248.3199920654297
      ],
      [
        399.3599853515625,
        253.44000244140625
      ],
      [
        256.0,
        87.04000091552734
      ],
      [
        174.0800018310547,
        394.239990234375
      ],
      [
        337.9200134277344,
        394.239990234375
      ],
      [
        0.0,
        0.0
      ],
      [
        511.0,
        0.0
      ],
      [
        0.0,
        511.0
      ],
      [
        511.0,
        511.0
      ],
      [
        256.0,
        0.0
      ],
      [
        256.0,
        511.0
      ],
      [
        0.0,
        256.0
      ],
      [
        511.0,
        256.0
      ]
    ],
    "target_control_points": [
      [
        115.07048797607422,
        250.4834747314453
      ],
      [
        114.4628677368164,
        253.44000244140625
      ],
      [
        397.872314453125,
        246.15650939941406
      ],
      [
        398.2442321777344,
        253.44000244140625
      ],
      [
        256.0,
        91.37301635742188
      ],
      [
        174.74072265625,
        395.3217468261719
      ],
      [
        337.25927734375,
        393.1582336425781
      ],
      [
        0.0,
        0.0
      ],
      [
        511.0,
        0.0
      ],
      [
        0.0,
        511.0
      ],
      [
        511.0,
        511.0
      ],
      [
        256.0,
        0.0
      ],
      [
        256.0,
        511.0
      ],
      [
        0.0,
        256.0
      ],
      [
        511.0,
        256.0
      ]
    ],
    "tps_regularization": 0.0001
  },
  "names": [
    "scale_logit",
    "action_face_side_push_left",
    "action_face_side_push_right",
    "action_head_top_raise",
    "action_head_top_lower",
    "action_jaw_expand",
    "action_jaw_compress",
    "action_asymmetry_twist"
  ],
  "values": [
    -0.32979846000671387,
    -0.5629044771194458,
    -0.3230276107788086,
    -1.4233781099319458,
    0.019146814942359924,
    0.5764597654342651,
    0.7906292080879211,
    -0.4898397922515869
  ]
}
