{
  "budget": "strong",
  "budget_max_disp_px": 8.0,
  "candidate_folder_abs": "/home/interns/Desktop/mat/phase4/outputs/phase4a_existence_probe/cases/face_002/igs_1p00/add_headphones/strong/seed_00/candidates/cand_013_g01_m13",
  "candidate_index": 13,
  "candidate_name": "cand_013_g01_m13",
  "case_id": "face_002__add_headphones__igs_1p00",
  "elapsed_seconds": 2.827435500919819,
  "face_id": "face_002",
  "generation": 1,
  "geometry_method": "landmark_semantic_tps",
  "guidance_scale": 7.5,
  "image_guidance_scale": 1.0,
  "initial_candidate": false,
  "input_l2": 0.03457837886238768,
  "input_max_abs": 0.7333333492279053,
  "input_mean_abs": 0.017637131735682487,
  "input_psnr": 29.223907432128673,
  "input_ssim": 0.8605188727378845,
  "max_disp_px": 3.7371973991394043,
  "max_disp_px_budget": 8.0,
  "mean_disp_px": 1.3365463018417358,
  "member": 13,
  "output_l2": 0.05221342018799829,
  "output_max_abs": 0.8823529481887817,
  "output_mean_abs": 0.023133888840675354,
  "output_psnr": 25.644357156615083,
  "output_ssim": 0.8738901615142822,
  "p95_disp_px": 3.1612491607666016,
  "phase": "phase4a_existence_probe",
  "prompt": "add headphones",
  "prompt_slug": "add_headphones",
  "prompt_type": "headphones",
  "seed": 45001,
  "target_input_ssim": 0.88,
  "theta_names": [
    "scale_logit",
    "action_face_side_push_left",
    "action_face_side_push_right",
    "action_head_top_raise",
    "action_head_top_lower",
    "action_jaw_expand",
    "action_jaw_compress",
    "action_asymmetry_twist"
  ],
  "theta_values": [
    -0.6922544240951538,
    0.7293448448181152,
    0.6345242261886597,
    -0.9780236482620239,
    -0.9152422547340393,
    -0.062479887157678604,
    -0.8446860313415527,
    0.44885489344596863
  ]
}
