{
  "best_folder": "phase4/outputs/phase4a_existence_probe/cases/face_005/igs_1p50/add_headphones/strong/seed_00/candidates/cand_066_g04_m06",
  "budget": "strong",
  "budget_max_disp_px": 8.0,
  "candidate_folder": "phase4/outputs/phase4a_existence_probe/cases/face_005/igs_1p50/add_headphones/strong/seed_00/candidates/cand_066_g04_m06",
  "candidate_index": 66,
  "candidate_name": "cand_066_g04_m06",
  "case_id": "face_005__add_headphones__igs_1p50",
  "clean_clip_positive_margin": 0.055569812655448914,
  "clean_semantic_success_score": 0.055569812655448914,
  "clip_available": true,
  "clip_semantic_drop": 0.0003948807716369629,
  "clip_warning": null,
  "crop_clip_available": true,
  "crop_clip_warning": null,
  "decision_label": "metric_only_candidate",
  "decision_reasons": [
    "semantic_drop_small:0.0004",
    "semantic_drop_small:0.0004",
    "semantic_drop_small:0.0004"
  ],
  "edit_failure_score": 0.0003948807716369629,
  "elapsed_seconds": 2.6691338047385216,
  "face_id": "face_005",
  "final_attack_score": 0.14993685103234836,
  "full_image_semantic_drop": 0.0003948807716369629,
  "generation": 4,
  "geometry_excess_penalty": 0.0,
  "geometry_excess_penalty_weight": 0.75,
  "geometry_method": "landmark_piecewise_affine",
  "guidance_scale": 7.5,
  "identity_or_face_health_available": false,
  "image_guidance_scale": 1.5,
  "initial_candidate": false,
  "input_damage_penalty": 0.0,
  "input_damage_penalty_weight": 3.0,
  "input_l2": 0.027608054944549956,
  "input_max_abs": 0.6392157077789307,
  "input_mean_abs": 0.014413000084459782,
  "input_preservation_score": 0.23229565223058063,
  "input_psnr": 31.17928378797156,
  "input_ssim": 0.9078754782676697,
  "left_crop_clean_margin": 0.027460142970085144,
  "left_crop_perturbed_margin": 0.027396485209465027,
  "left_crop_semantic_drop": 6.365776062011719e-05,
  "max_disp_px": 3.6199252605438232,
  "max_disp_px_budget": 8.0,
  "mean_crop_margin": 0.014759629964828491,
  "mean_crop_semantic_drop": 0.0022106369336446128,
  "mean_disp_px": 1.1034284830093384,
  "member": 6,
  "min_crop_margin": -0.004913628101348877,
  "min_crop_semantic_drop": 6.365776062011719e-05,
  "output_disruption_score": 0.2935556097185053,
  "output_disruption_weight": 0.5,
  "output_l2": 0.041563598398254256,
  "output_max_abs": 0.8117647171020508,
  "output_mean_abs": 0.020646898075938225,
  "output_psnr": 27.62573720263655,
  "output_ssim": 0.8726987838745117,
  "p95_disp_px": 2.481332540512085,
  "path_clean_edit": "phase4/outputs/phase4a_existence_probe/cases/face_005/igs_1p50/add_headphones/strong/seed_00/candidates/cand_066_g04_m06/clean_edit.png",
  "path_flow": "phase4/outputs/phase4a_existence_probe/cases/face_005/igs_1p50/add_headphones/strong/seed_00/candidates/cand_066_g04_m06/flow.png",
  "path_landmarks_overlay_original": "phase4/outputs/phase4a_existence_probe/cases/face_005/igs_1p50/add_headphones/strong/seed_00/candidates/cand_066_g04_m06/landmarks_overlay_original.jpg",
  "path_landmarks_overlay_perturbed": "phase4/outputs/phase4a_existence_probe/cases/face_005/igs_1p50/add_headphones/strong/seed_00/candidates/cand_066_g04_m06/landmarks_overlay_perturbed.jpg",
  "path_original": "phase4/outputs/phase4a_existence_probe/cases/face_005/igs_1p50/add_headphones/strong/seed_00/candidates/cand_066_g04_m06/original.png",
  "path_perturbed": "phase4/outputs/phase4a_existence_probe/cases/face_005/igs_1p50/add_headphones/strong/seed_00/candidates/cand_066_g04_m06/perturbed.png",
  "path_perturbed_edit": "phase4/outputs/phase4a_existence_probe/cases/face_005/igs_1p50/add_headphones/strong/seed_00/candidates/cand_066_g04_m06/perturbed_edit.png",
  "perturbed_clip_positive_margin": 0.05517493188381195,
  "perturbed_semantic_success_score": 0.05517493188381195,
  "phase": "phase4a_existence_probe",
  "phase2_final_score": 0.14993685103234836,
  "phase2_output_disruption": 0.2935556097185053,
  "phase2_score_formula": "8.0*max(0,semantic_drop)+0.5*output_disruption-3.0*input_damage_penalty-0.75*geometry_excess_penalty",
  "phase4_budget_name": "strong",
  "phase4_final_score": 0.14993685103234836,
  "phase4_score_formula": "8.0*max(0,semantic_drop)+0.5*output_disruption-3.0*input_damage_penalty-0.75*geometry_excess_penalty",
  "prompt": "add headphones",
  "prompt_slug": "add_headphones",
  "prompt_type": "headphones",
  "right_crop_clean_margin": 0.025357991456985474,
  "right_crop_perturbed_margin": 0.021796032786369324,
  "right_crop_semantic_drop": 0.00356195867061615,
  "seed": 44001,
  "semantic_drop": 0.0003948807716369629,
  "semantic_drop_weight": 8.0,
  "target_input_ssim": 0.88,
  "theta_names": [
    "scale_logit",
    "action_face_side_push_left",
    "action_face_side_push_right",
    "action_head_top_raise",
    "action_head_top_lower",
    "action_jaw_expand",
    "action_jaw_compress",
    "action_asymmetry_twist"
  ],
  "theta_values": [
    0.15105146169662476,
    0.9735534191131592,
    0.5261544585227966,
    0.004149350803345442,
    -0.2165507674217224,
    0.2872488498687744,
    -0.5529754757881165,
    -0.6800217628479004
  ],
  "top_crop_clean_margin": -0.0019073337316513062,
  "top_crop_perturbed_margin": -0.004913628101348877,
  "top_crop_semantic_drop": 0.003006294369697571
}
