{
  "action_names": [
    "jaw_expand",
    "jaw_compress",
    "chin_raise",
    "chin_lower",
    "mouth_width_expand",
    "lower_face_shift"
  ],
  "action_strength": 0.72,
  "action_values": {
    "chin_lower": -0.48276969929048386,
    "chin_raise": 0.4213589916629239,
    "jaw_compress": 0.6073317424502386,
    "jaw_expand": -0.37969588252394637,
    "lower_face_shift": 0.7291352774809201,
    "mouth_width_expand": -0.3205727353406042
  },
  "active_actions": {
    "chin_lower": -0.48276969929048386,
    "chin_raise": 0.4213589916629239,
    "jaw_compress": 0.6073317424502386,
    "jaw_expand": -0.37969588252394637,
    "lower_face_shift": 0.7291352774809201,
    "mouth_width_expand": -0.3205727353406042
  },
  "active_anchor_count": 6,
  "control_point_count": 14,
  "geometry_method": "landmark_semantic_tps",
  "max_disp_px_budget": 8.0,
  "scale_factor": 0.7528617961178534,
  "source_control_points": [
    [
      174.0800018310547,
      394.239990234375
    ],
    [
      337.9200134277344,
      394.239990234375
    ],
    [
      256.0,
      419.8399963378906
    ],
    [
      256.0,
      376.32000732421875
    ],
    [
      204.8000030517578,
      335.3599853515625
    ],
    [
      307.20001220703125,
      335.3599853515625
    ],
    [
      0.0,
      0.0
    ],
    [
      511.0,
      0.0
    ],
    [
      0.0,
      511.0
    ],
    [
      511.0,
      511.0
    ],
    [
      256.0,
      0.0
    ],
    [
      256.0,
      511.0
    ],
    [
      0.0,
      256.0
    ],
    [
      511.0,
      256.0
    ]
  ],
  "target_control_points": [
    [
      179.76527404785156,
      394.239990234375
    ],
    [
      332.2347412109375,
      394.239990234375
    ],
    [
      259.1498718261719,
      414.6322021484375
    ],
    [
      260.1998291015625,
      373.71612548828125
    ],
    [
      206.64649963378906,
      335.3599853515625
    ],
    [
      305.353515625,
      335.3599853515625
    ],
    [
      0.0,
      0.0
    ],
    [
      511.0,
      0.0
    ],
    [
      0.0,
      511.0
    ],
    [
      511.0,
      511.0
    ],
    [
      256.0,
      0.0
    ],
    [
      256.0,
      511.0
    ],
    [
      0.0,
      256.0
    ],
    [
      511.0,
      256.0
    ]
  ],
  "tps_regularization": 0.0001
}
