{
  "best_folder": "phase4/outputs/phase4a_existence_probe/cases/face_003/igs_1p00/add_headphones/strong/seed_00/candidates/cand_057_g03_m17",
  "budget": "strong",
  "budget_max_disp_px": 8.0,
  "candidate_folder": "phase4/outputs/phase4a_existence_probe/cases/face_003/igs_1p00/add_headphones/strong/seed_00/candidates/cand_057_g03_m17",
  "candidate_index": 57,
  "candidate_name": "cand_057_g03_m17",
  "case_id": "face_003__add_headphones__igs_1p00",
  "clean_clip_positive_margin": 0.045783042907714844,
  "clean_semantic_success_score": 0.045783042907714844,
  "clip_available": true,
  "clip_semantic_drop": 0.00042185187339782715,
  "clip_warning": null,
  "crop_clip_available": true,
  "crop_clip_warning": null,
  "decision_label": "reject_input_damage",
  "decision_reasons": [
    "input_ssim_below_target:0.8390<0.8800",
    "semantic_drop_small:0.0004"
  ],
  "edit_failure_score": 0.00042185187339782715,
  "elapsed_seconds": 2.5912096481770277,
  "face_id": "face_003",
  "final_attack_score": -0.7929742550716222,
  "full_image_semantic_drop": 0.00042185187339782715,
  "generation": 3,
  "geometry_excess_penalty": 0.0,
  "geometry_excess_penalty_weight": 0.75,
  "geometry_method": "landmark_piecewise_affine",
  "guidance_scale": 7.5,
  "identity_or_face_health_available": false,
  "image_guidance_scale": 1.0,
  "initial_candidate": false,
  "input_damage_penalty": 0.32821182250976566,
  "input_damage_penalty_weight": 3.0,
  "input_l2": 0.034617672957716394,
  "input_max_abs": 0.529411792755127,
  "input_mean_abs": 0.018328363075852394,
  "input_preservation_score": 0.0,
  "input_psnr": 29.214042585705723,
  "input_ssim": 0.8389735221862793,
  "left_crop_clean_margin": 0.01863802969455719,
  "left_crop_perturbed_margin": 0.019801124930381775,
  "left_crop_semantic_drop": -0.001163095235824585,
  "max_disp_px": 6.367405891418457,
  "max_disp_px_budget": 8.0,
  "mean_crop_margin": 0.010992502172787985,
  "mean_crop_semantic_drop": -0.001995384693145752,
  "mean_disp_px": 1.588732361793518,
  "member": 17,
  "min_crop_margin": -0.008037030696868896,
  "min_crop_semantic_drop": -0.003261566162109375,
  "output_disruption_score": 0.3765727949409842,
  "output_disruption_weight": 0.5,
  "output_l2": 0.057329745895394676,
  "output_max_abs": 0.8235294222831726,
  "output_mean_abs": 0.027649223804473877,
  "output_psnr": 24.832399663188678,
  "output_ssim": 0.8527461886405945,
  "p95_disp_px": 3.9394421577453613,
  "path_clean_edit": "phase4/outputs/phase4a_existence_probe/cases/face_003/igs_1p00/add_headphones/strong/seed_00/candidates/cand_057_g03_m17/clean_edit.png",
  "path_flow": "phase4/outputs/phase4a_existence_probe/cases/face_003/igs_1p00/add_headphones/strong/seed_00/candidates/cand_057_g03_m17/flow.png",
  "path_landmarks_overlay_original": "phase4/outputs/phase4a_existence_probe/cases/face_003/igs_1p00/add_headphones/strong/seed_00/candidates/cand_057_g03_m17/landmarks_overlay_original.jpg",
  "path_landmarks_overlay_perturbed": "phase4/outputs/phase4a_existence_probe/cases/face_003/igs_1p00/add_headphones/strong/seed_00/candidates/cand_057_g03_m17/landmarks_overlay_perturbed.jpg",
  "path_original": "phase4/outputs/phase4a_existence_probe/cases/face_003/igs_1p00/add_headphones/strong/seed_00/candidates/cand_057_g03_m17/original.png",
  "path_perturbed": "phase4/outputs/phase4a_existence_probe/cases/face_003/igs_1p00/add_headphones/strong/seed_00/candidates/cand_057_g03_m17/perturbed.png",
  "path_perturbed_edit": "phase4/outputs/phase4a_existence_probe/cases/face_003/igs_1p00/add_headphones/strong/seed_00/candidates/cand_057_g03_m17/perturbed_edit.png",
  "perturbed_clip_positive_margin": 0.04536119103431702,
  "perturbed_semantic_success_score": 0.04536119103431702,
  "phase": "phase4a_existence_probe",
  "phase2_final_score": -0.7929742550716222,
  "phase2_output_disruption": 0.3765727949409842,
  "phase2_score_formula": "8.0*max(0,semantic_drop)+0.5*output_disruption-3.0*input_damage_penalty-0.75*geometry_excess_penalty",
  "phase4_budget_name": "strong",
  "phase4_final_score": -0.7929742550716222,
  "phase4_score_formula": "8.0*max(0,semantic_drop)+0.5*output_disruption-3.0*input_damage_penalty-0.75*geometry_excess_penalty",
  "prompt": "add headphones",
  "prompt_slug": "add_headphones",
  "prompt_type": "headphones",
  "right_crop_clean_margin": 0.0179518461227417,
  "right_crop_perturbed_margin": 0.021213412284851074,
  "right_crop_semantic_drop": -0.003261566162109375,
  "seed": 52001,
  "semantic_drop": 0.00042185187339782715,
  "semantic_drop_weight": 8.0,
  "target_input_ssim": 0.88,
  "theta_names": [
    "scale_logit",
    "action_face_side_push_left",
    "action_face_side_push_right",
    "action_head_top_raise",
    "action_head_top_lower",
    "action_jaw_expand",
    "action_jaw_compress",
    "action_asymmetry_twist"
  ],
  "theta_values": [
    -0.09220301359891891,
    0.3274266719818115,
    0.7532557845115662,
    -1.7764912843704224,
    1.4320868253707886,
    -1.1959904432296753,
    0.2101883441209793,
    1.3891171216964722
  ],
  "top_crop_clean_margin": -0.009598523378372192,
  "top_crop_perturbed_margin": -0.008037030696868896,
  "top_crop_semantic_drop": -0.001561492681503296
}
