{
  "geometry_info": {
    "action_names": [
      "eye_spread",
      "eye_compress",
      "eye_squint",
      "eye_raise_left",
      "eye_raise_right",
      "nose_bridge_shift_x",
      "asymmetry_twist"
    ],
    "action_strength": 0.72,
    "action_values": {
      "asymmetry_twist": -0.5946717364603246,
      "eye_compress": 0.5079534828245816,
      "eye_raise_left": 0.25588237649556766,
      "eye_raise_right": -0.33846853076588973,
      "eye_spread": 0.28871342384063176,
      "eye_squint": 0.7854437680442096,
      "nose_bridge_shift_x": -0.0861502907289655
    },
    "active_actions": {
      "asymmetry_twist": -0.5946717364603246,
      "eye_compress": 0.5079534828245816,
      "eye_raise_left": 0.25588237649556766,
      "eye_raise_right": -0.33846853076588973,
      "eye_spread": 0.28871342384063176,
      "eye_squint": 0.7854437680442096,
      "nose_bridge_shift_x": -0.0861502907289655
    },
    "active_anchor_count": 13,
    "control_point_count": 21,
    "geometry_method": "landmark_semantic_tps",
    "max_disp_px_budget": 14.0,
    "scale_factor": 0.8768548242646366,
    "source_control_points": [
      [
        212.48001098632812,
        217.60000610351562
      ],
      [
        184.32000732421875,
        217.60000610351562
      ],
      [
        299.5199890136719,
        217.60000610351562
      ],
      [
        327.67999267578125,
        217.60000610351562
      ],
      [
        212.48001098632812,
        199.67999267578125
      ],
      [
        212.48001098632812,
        235.52000427246094
      ],
      [
        299.5199890136719,
        199.67999267578125
      ],
      [
        299.5199890136719,
        235.52000427246094
      ],
      [
        256.0,
        263.67999267578125
      ],
      [
        112.63999938964844,
        248.3199920654297
      ],
      [
        174.0800018310547,
        394.239990234375
      ],
      [
        399.3599853515625,
        248.3199920654297
      ],
      [
        337.9200134277344,
        394.239990234375
      ],
      [
        0.0,
        0.0
      ],
      [
        511.0,
        0.0
      ],
      [
        0.0,
        511.0
      ],
      [
        511.0,
        511.0
      ],
      [
        256.0,
        0.0
      ],
      [
        256.0,
        511.0
      ],
      [
        0.0,
        256.0
      ],
      [
        511.0,
        256.0
      ]
    ],
    "target_control_points": [
      [
        214.68995666503906,
        215.0207061767578
      ],
      [
        186.5299530029297,
        217.60000610351562
      ],
      [
        297.31005859375,
        221.0117645263672
      ],
      [
        325.4700622558594,
        217.60000610351562
      ],
      [
        212.48001098632812,
        205.01797485351562
      ],
      [
        212.48001098632812,
        226.31307983398438
      ],
      [
        299.5199890136719,
        211.009033203125
      ],
      [
        299.5199890136719,
        229.30860900878906
      ],
      [
        255.13160705566406,
        263.67999267578125
      ],
      [
        112.63999938964844,
        254.3142852783203
      ],
      [
        174.0800018310547,
        397.23712158203125
      ],
      [
        399.3599853515625,
        242.32569885253906
      ],
      [
        337.9200134277344,
        391.24285888671875
      ],
      [
        0.0,
        0.0
      ],
      [
        511.0,
        0.0
      ],
      [
        0.0,
        511.0
      ],
      [
        511.0,
        511.0
      ],
      [
        256.0,
        0.0
      ],
      [
        256.0,
        511.0
      ],
      [
        0.0,
        256.0
      ],
      [
        511.0,
        256.0
      ]
    ],
    "tps_regularization": 0.0001
  },
  "names": [
    "scale_logit",
    "action_eye_spread",
    "action_eye_compress",
    "action_eye_squint",
    "action_eye_raise_left",
    "action_eye_raise_right",
    "action_nose_bridge_shift_x",
    "action_asymmetry_twist"
  ],
  "values": [
    0.8520464301109314,
    0.34199830889701843,
    0.6613938808441162,
    1.450295090675354,
    0.3005527853965759,
    -0.4070945680141449,
    -0.0985671803355217,
    -0.8257497549057007
  ]
}
