{
  "displacement": {
    "budget_max_disp_px": 14.0,
    "max_disp_px": 13.986001968383789,
    "max_disp_px_budget": 14.0,
    "mean_disp_px": 4.637087821960449,
    "p95_disp_px": 13.214176177978516,
    "target_input_ssim": 0.78
  },
  "input": {
    "l2": 0.07645531335536988,
    "max_abs": 0.8117647171020508,
    "mean_abs": 0.037326887249946594,
    "psnr": 22.331846547549297,
    "ssim": 0.7762368321418762
  },
  "output": {
    "l2": 0.10673068666095573,
    "max_abs": 0.8313725590705872,
    "mean_abs": 0.04679176211357117,
    "psnr": 19.434213929884507,
    "ssim": 0.8004769682884216
  }
}
