{
  "budget": "existence_probe",
  "budget_max_disp_px": 14.0,
  "candidate_folder_abs": "/home/interns/Desktop/mat/phase4/outputs/phase4a_existence_probe/cases/face_002/igs_1p50/add_black_sunglasses/existence_probe/seed_00/candidates/cand_055_g03_m15",
  "candidate_index": 55,
  "candidate_name": "cand_055_g03_m15",
  "case_id": "face_002__add_black_sunglasses__igs_1p50",
  "elapsed_seconds": 2.6541899852454662,
  "face_id": "face_002",
  "generation": 3,
  "geometry_method": "landmark_piecewise_affine",
  "guidance_scale": 7.5,
  "image_guidance_scale": 1.5,
  "initial_candidate": false,
  "input_l2": 0.04352521503259863,
  "input_max_abs": 0.8392156958580017,
  "input_mean_abs": 0.017842590808868408,
  "input_psnr": 27.225181492212474,
  "input_ssim": 0.8715291023254395,
  "max_disp_px": 8.981274604797363,
  "max_disp_px_budget": 14.0,
  "mean_disp_px": 1.2942949533462524,
  "member": 15,
  "output_l2": 0.059291751122520636,
  "output_max_abs": 0.9843137264251709,
  "output_mean_abs": 0.023664502426981926,
  "output_psnr": 24.54011446025627,
  "output_ssim": 0.8496665954589844,
  "p95_disp_px": 4.161795616149902,
  "phase": "phase4a_existence_probe",
  "prompt": "add black sunglasses",
  "prompt_slug": "add_black_sunglasses",
  "prompt_type": "glasses",
  "seed": 42101,
  "target_input_ssim": 0.78,
  "theta_names": [
    "scale_logit",
    "action_eye_spread",
    "action_eye_compress",
    "action_eye_squint",
    "action_eye_raise_left",
    "action_eye_raise_right",
    "action_nose_bridge_shift_x",
    "action_asymmetry_twist"
  ],
  "theta_values": [
    0.971891462802887,
    0.7376328706741333,
    -0.17921321094036102,
    0.09345141798257828,
    0.25511640310287476,
    -0.5921028852462769,
    -0.17275699973106384,
    -0.3832416534423828
  ]
}
