{
  "clean": {
    "l2": 0.17740036947043628,
    "max_abs": 0.9882352948188782,
    "mean_abs": 0.11509644240140915,
    "psnr": 15.02090960002896,
    "ssim": 0.5492522120475769
  },
  "clean_clip_margin": 0.040928930044174194
}
