{
  "displacement": {
    "budget_max_disp_px": 14.0,
    "max_disp_px": 13.986001968383789,
    "max_disp_px_budget": 14.0,
    "mean_disp_px": 6.016056060791016,
    "p95_disp_px": 13.986000061035156,
    "target_input_ssim": 0.78
  },
  "input": {
    "l2": 0.08388752120925369,
    "max_abs": 0.7843137383460999,
    "mean_abs": 0.044189926236867905,
    "psnr": 21.526052767462204,
    "ssim": 0.7311685681343079
  },
  "output": {
    "l2": 0.09703048967594916,
    "max_abs": 0.8549019694328308,
    "mean_abs": 0.05205654725432396,
    "psnr": 20.261835537896033,
    "ssim": 0.6850442886352539
  }
}
