{
  "displacement": {
    "budget_max_disp_px": 14.0,
    "max_disp_px": 3.684666633605957,
    "max_disp_px_budget": 14.0,
    "mean_disp_px": 1.0441073179244995,
    "p95_disp_px": 2.5268754959106445,
    "target_input_ssim": 0.78
  },
  "input": {
    "l2": 0.026244872114234926,
    "max_abs": 0.4117647409439087,
    "mean_abs": 0.013475893996655941,
    "psnr": 31.619110782334722,
    "ssim": 0.8927991986274719
  },
  "output": {
    "l2": 0.04047625406525458,
    "max_abs": 0.7647058963775635,
    "mean_abs": 0.02066829986870289,
    "psnr": 27.855993734662718,
    "ssim": 0.8501808047294617
  }
}
