{
  "clean_clip_positive_margin": 0.02973318099975586,
  "clean_semantic_success_score": 0.02973318099975586,
  "clip_available": true,
  "clip_semantic_drop": 0.0015625357627868652,
  "clip_warning": null,
  "decision_label": "metric_only_candidate",
  "decision_reasons": [
    "semantic_drop_small:0.0016",
    "semantic_drop_small:0.0016"
  ],
  "edit_failure_score": 0.0015625357627868652,
  "final_attack_score": 0.12973987803182352,
  "geometry_excess_penalty": 0.0,
  "geometry_excess_penalty_weight": 1.0,
  "identity_or_face_health_available": false,
  "input_damage_penalty": 0.0,
  "input_damage_penalty_weight": 3.0,
  "input_l2": 0.01481639270762366,
  "input_max_abs": 0.4901961088180542,
  "input_mean_abs": 0.002866273745894432,
  "input_preservation_score": 0.5912700891494754,
  "input_psnr": 36.58515039119406,
  "input_ssim": 0.9754762053489685,
  "max_disp_px_budget": 4.0,
  "output_disruption_score": 0.12348973498067604,
  "output_disruption_weight": 1.0,
  "output_l2": 0.02120126720597681,
  "output_max_abs": 0.7921568751335144,
  "output_mean_abs": 0.005974939558655024,
  "output_psnr": 33.47276360773079,
  "output_ssim": 0.9613153338432312,
  "perturbed_clip_positive_margin": 0.028170645236968994,
  "perturbed_semantic_success_score": 0.028170645236968994,
  "phase2_final_score": 0.12973987803182352,
  "phase2_output_disruption": 0.12348973498067604,
  "phase2_score_formula": "4*max(0,semantic_drop)+1*output_disruption-3*input_damage_penalty-1*geometry_excess_penalty",
  "semantic_drop": 0.0015625357627868652,
  "semantic_drop_weight": 4.0,
  "target_input_ssim": 0.94
}
