{
  "clean_clip_positive_margin": 0.05089488625526428,
  "clean_semantic_success_score": 0.05089488625526428,
  "clip_available": true,
  "clip_semantic_drop": -0.0014168918132781982,
  "clip_warning": null,
  "crop_clip_available": false,
  "crop_clip_warning": null,
  "decision_label": "reject_input_damage",
  "decision_reasons": [
    "input_ssim_below_target:0.8692<0.8800",
    "semantic_drop_nonpositive:-0.0014"
  ],
  "edit_failure_score": 0.0,
  "final_attack_score": -0.04590968715753038,
  "full_image_semantic_drop": -0.0014168918132781982,
  "geometry_excess_penalty": 0.0,
  "geometry_excess_penalty_weight": 0.75,
  "identity_or_face_health_available": false,
  "input_damage_penalty": 0.0862737083435059,
  "input_damage_penalty_weight": 3.0,
  "input_l2": 0.043448462070017506,
  "input_max_abs": 0.7803921699523926,
  "input_mean_abs": 0.019660260528326035,
  "input_preservation_score": 0.0,
  "input_psnr": 27.24051183025602,
  "input_ssim": 0.8692157864570618,
  "max_disp_px_budget": 8.0,
  "output_disruption_score": 0.4258228757459746,
  "output_disruption_weight": 0.5,
  "output_l2": 0.0726874226947334,
  "output_max_abs": 0.7960784435272217,
  "output_mean_abs": 0.031606584787368774,
  "output_psnr": 22.77081459625025,
  "output_ssim": 0.864926815032959,
  "perturbed_clip_positive_margin": 0.05231177806854248,
  "perturbed_semantic_success_score": 0.05231177806854248,
  "phase2_final_score": -0.04590968715753038,
  "phase2_output_disruption": 0.4258228757459746,
  "phase2_score_formula": "8.0*max(0,semantic_drop)+0.5*output_disruption-3.0*input_damage_penalty-0.75*geometry_excess_penalty",
  "phase4_budget_name": "strong",
  "phase4_final_score": -0.04590968715753038,
  "phase4_score_formula": "8.0*max(0,semantic_drop)+0.5*output_disruption-3.0*input_damage_penalty-0.75*geometry_excess_penalty",
  "semantic_drop": -0.0014168918132781982,
  "semantic_drop_weight": 8.0,
  "target_input_ssim": 0.88
}
