{
  "action_names": [
    "face_side_push_left",
    "face_side_push_right",
    "head_top_raise",
    "head_top_lower",
    "jaw_expand",
    "jaw_compress",
    "asymmetry_twist"
  ],
  "action_strength": 0.72,
  "action_values": {
    "asymmetry_twist": -0.7273273345012173,
    "face_side_push_left": -0.5560210215030124,
    "face_side_push_right": 0.5953962349012262,
    "head_top_lower": -0.2565040388384813,
    "head_top_raise": 0.2008762318558473,
    "jaw_compress": -0.6100837771752469,
    "jaw_expand": -0.6419063598265623
  },
  "active_actions": {
    "asymmetry_twist": -0.7273273345012173,
    "face_side_push_left": -0.5560210215030124,
    "face_side_push_right": 0.5953962349012262,
    "head_top_lower": -0.2565040388384813,
    "head_top_raise": 0.2008762318558473,
    "jaw_compress": -0.6100837771752469,
    "jaw_expand": -0.6419063598265623
  },
  "active_anchor_count": 7,
  "control_point_count": 15,
  "geometry_method": "landmark_piecewise_affine",
  "max_disp_px_budget": 8.0,
  "scale_factor": 0.8009214058591494,
  "source_control_points": [
    [
      112.63999938964844,
      248.3199920654297
    ],
    [
      112.63999938964844,
      253.44000244140625
    ],
    [
      399.3599853515625,
      248.3199920654297
    ],
    [
      399.3599853515625,
      253.44000244140625
    ],
    [
      256.0,
      87.04000091552734
    ],
    [
      174.0800018310547,
      394.239990234375
    ],
    [
      337.9200134277344,
      394.239990234375
    ],
    [
      0.0,
      0.0
    ],
    [
      511.0,
      0.0
    ],
    [
      0.0,
      511.0
    ],
    [
      511.0,
      511.0
    ],
    [
      256.0,
      0.0
    ],
    [
      256.0,
      511.0
    ],
    [
      0.0,
      256.0
    ],
    [
      511.0,
      256.0
    ]
  ],
  "target_control_points": [
    [
      115.84268188476562,
      252.5093994140625
    ],
    [
      115.04200744628906,
      253.44000244140625
    ],
    [
      402.7894592285156,
      244.13058471679688
    ],
    [
      401.9320983886719,
      253.44000244140625
    ],
    [
      256.0,
      84.40548706054688
    ],
    [
      174.2633056640625,
      396.3346862792969
    ],
    [
      337.7367248535156,
      392.1452941894531
    ],
    [
      0.0,
      0.0
    ],
    [
      511.0,
      0.0
    ],
    [
      0.0,
      511.0
    ],
    [
      511.0,
      511.0
    ],
    [
      256.0,
      0.0
    ],
    [
      256.0,
      511.0
    ],
    [
      0.0,
      256.0
    ],
    [
      511.0,
      256.0
    ]
  ],
  "tps_regularization": 0.0001
}
