{
  "clean_clip_positive_margin": 0.03999415040016174,
  "clean_semantic_success_score": 0.03999415040016174,
  "clip_available": true,
  "clip_semantic_drop": 0.0005124211311340332,
  "clip_warning": null,
  "crop_clip_available": false,
  "crop_clip_warning": null,
  "decision_label": "metric_only_candidate",
  "decision_reasons": [
    "semantic_drop_small:0.0005",
    "semantic_drop_small:0.0005"
  ],
  "edit_failure_score": 0.0005124211311340332,
  "final_attack_score": 0.061537269372549684,
  "full_image_semantic_drop": 0.0005124211311340332,
  "geometry_excess_penalty": 0.0,
  "geometry_excess_penalty_weight": 1.0,
  "identity_or_face_health_available": false,
  "input_damage_penalty": 0.0,
  "input_damage_penalty_weight": 3.0,
  "input_l2": 0.003900105073385125,
  "input_max_abs": 0.09411764144897461,
  "input_mean_abs": 0.0010035247541964054,
  "input_preservation_score": 0.964706301689148,
  "input_psnr": 48.17847384830771,
  "input_ssim": 0.9964706301689148,
  "max_disp_px_budget": 6.0,
  "output_disruption_score": 0.05948758484801355,
  "output_disruption_weight": 1.0,
  "output_l2": 0.01136176378001944,
  "output_max_abs": 0.5215686559677124,
  "output_mean_abs": 0.004160882905125618,
  "output_psnr": 38.89108488575629,
  "output_ssim": 0.9859594702720642,
  "perturbed_clip_positive_margin": 0.03948172926902771,
  "perturbed_semantic_success_score": 0.03948172926902771,
  "phase2_final_score": 0.061537269372549684,
  "phase2_output_disruption": 0.05948758484801355,
  "phase2_score_formula": "4.0*max(0,semantic_drop)+1.0*output_disruption-3.0*input_damage_penalty-1.0*geometry_excess_penalty",
  "semantic_drop": 0.0005124211311340332,
  "semantic_drop_weight": 4.0,
  "target_input_ssim": 0.9
}
