{
  "clean_clip_positive_margin": 0.03138980269432068,
  "clean_semantic_success_score": 0.03138980269432068,
  "clip_available": true,
  "clip_semantic_drop": 0.00046816468238830566,
  "clip_warning": null,
  "decision_label": "weak_candidate",
  "decision_reasons": [
    "semantic_drop_small:0.0005"
  ],
  "edit_failure_score": 0.00046816468238830566,
  "final_attack_score": 0.07578888836282058,
  "geometry_excess_penalty": 0.0,
  "identity_or_face_health_available": false,
  "input_damage_penalty": 0.0,
  "input_preservation_score": 0.9566346406936646,
  "max_disp_px_budget": 6.0,
  "output_disruption_score": 0.07485255899804397,
  "perturbed_clip_positive_margin": 0.030921638011932373,
  "perturbed_semantic_success_score": 0.030921638011932373,
  "semantic_drop": 0.00046816468238830566,
  "target_input_ssim": 0.9
}
