{
  "clean_clip_positive_margin": 0.04682642221450806,
  "clean_semantic_success_score": 0.04682642221450806,
  "clip_available": true,
  "clip_semantic_drop": 0.003175407648086548,
  "clip_warning": null,
  "crop_clip_available": true,
  "crop_clip_warning": null,
  "decision_label": "metric_only_candidate",
  "decision_reasons": [
    "semantic_drop_small:0.0032",
    "semantic_drop_small:0.0032",
    "semantic_drop_small:0.0032"
  ],
  "edit_failure_score": 0.003175407648086548,
  "final_attack_score": 0.18527975996922003,
  "full_image_semantic_drop": 0.003175407648086548,
  "geometry_excess_penalty": 0.0,
  "geometry_excess_penalty_weight": 0.75,
  "identity_or_face_health_available": false,
  "input_damage_penalty": 0.0,
  "input_damage_penalty_weight": 3.0,
  "input_l2": 0.02758039419055088,
  "input_max_abs": 0.5725489854812622,
  "input_mean_abs": 0.014351633377373219,
  "input_preservation_score": 0.5132102207704023,
  "input_psnr": 31.187990619941843,
  "input_ssim": 0.8929062485694885,
  "left_crop_clean_margin": 0.01800447702407837,
  "left_crop_perturbed_margin": 0.01811106503009796,
  "left_crop_semantic_drop": -0.00010658800601959229,
  "max_disp_px_budget": 14.0,
  "mean_crop_margin": 0.012277260422706604,
  "mean_crop_semantic_drop": 0.0018932074308395386,
  "min_crop_margin": -0.00250399112701416,
  "min_crop_semantic_drop": -0.00010658800601959229,
  "output_disruption_score": 0.3197529975690553,
  "output_disruption_weight": 0.5,
  "output_l2": 0.043117405576460294,
  "output_max_abs": 0.8588235378265381,
  "output_mean_abs": 0.024124428629875183,
  "output_psnr": 27.306947580603097,
  "output_ssim": 0.8527166247367859,
  "perturbed_clip_positive_margin": 0.04365101456642151,
  "perturbed_semantic_success_score": 0.04365101456642151,
  "phase2_final_score": 0.18527975996922003,
  "phase2_output_disruption": 0.3197529975690553,
  "phase2_score_formula": "8.0*max(0,semantic_drop)+0.5*output_disruption-3.0*input_damage_penalty-0.75*geometry_excess_penalty",
  "phase4_budget_name": "existence_probe",
  "phase4_final_score": 0.18527975996922003,
  "phase4_score_formula": "8.0*max(0,semantic_drop)+0.5*output_disruption-3.0*input_damage_penalty-0.75*geometry_excess_penalty",
  "right_crop_clean_margin": 0.02526278793811798,
  "right_crop_perturbed_margin": 0.02122470736503601,
  "right_crop_semantic_drop": 0.00403808057308197,
  "semantic_drop": 0.003175407648086548,
  "semantic_drop_weight": 8.0,
  "target_input_ssim": 0.78,
  "top_crop_clean_margin": -0.0007558614015579224,
  "top_crop_perturbed_margin": -0.00250399112701416,
  "top_crop_semantic_drop": 0.0017481297254562378
}
