{
  "clean_clip_positive_margin": 0.04853600263595581,
  "clean_semantic_success_score": 0.04853600263595581,
  "clip_available": true,
  "clip_semantic_drop": 0.0038643479347229004,
  "clip_warning": null,
  "crop_clip_available": false,
  "crop_clip_warning": null,
  "decision_label": "metric_only_candidate",
  "decision_reasons": [
    "semantic_drop_small:0.0039",
    "semantic_drop_small:0.0039",
    "semantic_drop_small:0.0039"
  ],
  "edit_failure_score": 0.0038643479347229004,
  "final_attack_score": 0.19127087651600855,
  "full_image_semantic_drop": 0.0038643479347229004,
  "geometry_excess_penalty": 0.0,
  "geometry_excess_penalty_weight": 0.75,
  "identity_or_face_health_available": false,
  "input_damage_penalty": 0.0,
  "input_damage_penalty_weight": 3.0,
  "input_l2": 0.037295787745790426,
  "input_max_abs": 0.8117647171020508,
  "input_mean_abs": 0.012870739214122295,
  "input_preservation_score": 0.1840089360872904,
  "input_psnr": 28.566804308631212,
  "input_ssim": 0.9020810723304749,
  "max_disp_px_budget": 8.0,
  "output_disruption_score": 0.3207121860764507,
  "output_disruption_weight": 0.5,
  "output_l2": 0.05221036999876508,
  "output_max_abs": 1.0,
  "output_mean_abs": 0.019233237951993942,
  "output_psnr": 25.644864581350674,
  "output_ssim": 0.8881292939186096,
  "perturbed_clip_positive_margin": 0.04467165470123291,
  "perturbed_semantic_success_score": 0.04467165470123291,
  "phase2_final_score": 0.19127087651600855,
  "phase2_output_disruption": 0.3207121860764507,
  "phase2_score_formula": "8.0*max(0,semantic_drop)+0.5*output_disruption-3.0*input_damage_penalty-0.75*geometry_excess_penalty",
  "phase4_budget_name": "strong",
  "phase4_final_score": 0.19127087651600855,
  "phase4_score_formula": "8.0*max(0,semantic_drop)+0.5*output_disruption-3.0*input_damage_penalty-0.75*geometry_excess_penalty",
  "semantic_drop": 0.0038643479347229004,
  "semantic_drop_weight": 8.0,
  "target_input_ssim": 0.88
}
