{
  "clean_clip_positive_margin": 0.026591509580612183,
  "clean_semantic_success_score": 0.026591509580612183,
  "clip_available": true,
  "clip_semantic_drop": 0.0004857182502746582,
  "clip_warning": null,
  "decision_label": "metric_only_candidate",
  "decision_reasons": [
    "semantic_drop_small:0.0005",
    "semantic_drop_small:0.0005"
  ],
  "edit_failure_score": 0.0004857182502746582,
  "final_attack_score": 0.13534805660548443,
  "geometry_excess_penalty": 0.0,
  "geometry_excess_penalty_weight": 1.0,
  "identity_or_face_health_available": false,
  "input_damage_penalty": 0.0,
  "input_damage_penalty_weight": 3.0,
  "input_l2": 0.012376863317997536,
  "input_max_abs": 0.5372549295425415,
  "input_mean_abs": 0.0028302809223532677,
  "input_preservation_score": 0.6124396721522016,
  "input_psnr": 38.147788101936804,
  "input_ssim": 0.9767463803291321,
  "max_disp_px_budget": 4.0,
  "output_disruption_score": 0.1334051836043858,
  "output_disruption_weight": 1.0,
  "output_l2": 0.02168054254130183,
  "output_max_abs": 0.6117647290229797,
  "output_mean_abs": 0.007462680339813232,
  "output_psnr": 33.27859708128425,
  "output_ssim": 0.9533169865608215,
  "perturbed_clip_positive_margin": 0.026105791330337524,
  "perturbed_semantic_success_score": 0.026105791330337524,
  "phase2_final_score": 0.13534805660548443,
  "phase2_output_disruption": 0.1334051836043858,
  "phase2_score_formula": "4*max(0,semantic_drop)+1*output_disruption-3*input_damage_penalty-1*geometry_excess_penalty",
  "semantic_drop": 0.0004857182502746582,
  "semantic_drop_weight": 4.0,
  "target_input_ssim": 0.94
}
