{
  "clean_clip_positive_margin": 0.05116361379623413,
  "clean_semantic_success_score": 0.05116361379623413,
  "clip_available": true,
  "clip_semantic_drop": 0.004972964525222778,
  "clip_warning": null,
  "crop_clip_available": true,
  "crop_clip_warning": null,
  "decision_label": "reject_input_damage",
  "decision_reasons": [
    "input_ssim_below_target:0.8202<0.8800",
    "semantic_drop_small:0.0050"
  ],
  "edit_failure_score": 0.004972964525222778,
  "final_attack_score": -1.1806838723344428,
  "full_image_semantic_drop": 0.004972964525222778,
  "geometry_excess_penalty": 0.0,
  "geometry_excess_penalty_weight": 0.75,
  "identity_or_face_health_available": false,
  "input_damage_penalty": 0.47834114074707035,
  "input_damage_penalty_weight": 3.0,
  "input_l2": 0.043191803620204375,
  "input_max_abs": 0.8117647171020508,
  "input_mean_abs": 0.020705899223685265,
  "input_preservation_score": 0.0,
  "input_psnr": 27.291973202704924,
  "input_ssim": 0.8202073574066162,
  "left_crop_clean_margin": 0.024231508374214172,
  "left_crop_perturbed_margin": 0.022385329008102417,
  "left_crop_semantic_drop": 0.0018461793661117554,
  "max_disp_px_budget": 8.0,
  "mean_crop_margin": 0.010882164041201273,
  "mean_crop_semantic_drop": 0.00124130646387736,
  "min_crop_margin": -0.009582817554473877,
  "min_crop_semantic_drop": -0.0037097036838531494,
  "output_disruption_score": 0.429111667409972,
  "output_disruption_weight": 0.5,
  "output_l2": 0.06722758907463044,
  "output_max_abs": 0.8627451062202454,
  "output_mean_abs": 0.02733723260462284,
  "output_psnr": 23.449049263930902,
  "output_ssim": 0.8397986888885498,
  "perturbed_clip_positive_margin": 0.04619064927101135,
  "perturbed_semantic_success_score": 0.04619064927101135,
  "phase2_final_score": -1.1806838723344428,
  "phase2_output_disruption": 0.429111667409972,
  "phase2_score_formula": "8.0*max(0,semantic_drop)+0.5*output_disruption-3.0*input_damage_penalty-0.75*geometry_excess_penalty",
  "phase4_budget_name": "strong",
  "phase4_final_score": -1.1806838723344428,
  "phase4_score_formula": "8.0*max(0,semantic_drop)+0.5*output_disruption-3.0*input_damage_penalty-0.75*geometry_excess_penalty",
  "right_crop_clean_margin": 0.025431424379348755,
  "right_crop_perturbed_margin": 0.01984398066997528,
  "right_crop_semantic_drop": 0.005587443709373474,
  "semantic_drop": 0.004972964525222778,
  "semantic_drop_weight": 8.0,
  "target_input_ssim": 0.88,
  "top_crop_clean_margin": -0.013292521238327026,
  "top_crop_perturbed_margin": -0.009582817554473877,
  "top_crop_semantic_drop": -0.0037097036838531494
}
