{
  "budget": "strong",
  "budget_max_disp_px": 6.0,
  "candidate_folder_abs": "/home/interns/Desktop/mat/phase3/outputs/breadth_probe/cases/face_001/igs_1p00/add_a_small_beard/strong/seed_00/candidates/cand_007_g01_m07",
  "candidate_index": 7,
  "candidate_name": "cand_007_g01_m07",
  "dct_modes": [
    [
      1,
      0
    ],
    [
      0,
      1
    ],
    [
      1,
      1
    ],
    [
      2,
      0
    ],
    [
      0,
      2
    ],
    [
      2,
      1
    ]
  ],
  "elapsed_seconds": 5.4512937888503075,
  "generation": 1,
  "geometry_method": "combined_tps_dct",
  "initial_candidate": false,
  "input_l2": 0.010523967845225426,
  "input_max_abs": 0.5137255191802979,
  "input_mean_abs": 0.0026231156662106514,
  "input_psnr": 39.55640975042395,
  "input_ssim": 0.9797894954681396,
  "max_disp_px": 1.5993835926055908,
  "max_disp_px_budget": 6.0,
  "mean_disp_px": 0.1778097152709961,
  "member": 7,
  "mesh_size": 4,
  "output_l2": 0.021499804353274313,
  "output_max_abs": 0.6313725709915161,
  "output_mean_abs": 0.008283179253339767,
  "output_psnr": 33.351309842320426,
  "output_ssim": 0.9494252800941467,
  "p95_disp_px": 1.322579026222229,
  "phase": "phase3_breadth_probe",
  "prompt": "add a small beard",
  "prompt_priority": 4,
  "prompt_slug": "add_a_small_beard",
  "region_count": 1,
  "region_key": "beard",
  "scale_factor": 0.35918837785720825,
  "seed": 31101,
  "target_input_ssim": 0.9,
  "tps_size": 4
}
