{
  "clean_clip_positive_margin": 0.026591509580612183,
  "clean_semantic_success_score": 0.026591509580612183,
  "clip_available": true,
  "clip_semantic_drop": -0.00013363361358642578,
  "clip_warning": null,
  "decision_label": "metric_only_candidate",
  "decision_reasons": [
    "semantic_drop_nonpositive:-0.0001",
    "semantic_drop_nonpositive:-0.0001"
  ],
  "edit_failure_score": 0.0,
  "final_attack_score": 0.14292199850960277,
  "geometry_excess_penalty": 0.0,
  "geometry_excess_penalty_weight": 1.0,
  "identity_or_face_health_available": false,
  "input_damage_penalty": 0.0,
  "input_damage_penalty_weight": 3.0,
  "input_l2": 0.013867395778891772,
  "input_max_abs": 0.5686274766921997,
  "input_mean_abs": 0.003277343465015292,
  "input_preservation_score": 0.5608458916346236,
  "input_psnr": 37.16010178797629,
  "input_ssim": 0.9736507534980774,
  "max_disp_px_budget": 4.0,
  "output_disruption_score": 0.14292199850960277,
  "output_disruption_weight": 1.0,
  "output_l2": 0.02253845691900378,
  "output_max_abs": 0.6235294342041016,
  "output_mean_abs": 0.007959648035466671,
  "output_psnr": 32.94151641930491,
  "output_ssim": 0.9472318291664124,
  "perturbed_clip_positive_margin": 0.02672514319419861,
  "perturbed_semantic_success_score": 0.02672514319419861,
  "phase2_final_score": 0.14292199850960277,
  "phase2_output_disruption": 0.14292199850960277,
  "phase2_score_formula": "4*max(0,semantic_drop)+1*output_disruption-3*input_damage_penalty-1*geometry_excess_penalty",
  "semantic_drop": -0.00013363361358642578,
  "semantic_drop_weight": 4.0,
  "target_input_ssim": 0.94
}
