{
  "geometry_info": {
    "action_names": [
      "eye_spread",
      "eye_compress",
      "eye_squint",
      "eye_raise_left",
      "eye_raise_right",
      "nose_bridge_shift_x",
      "asymmetry_twist"
    ],
    "action_strength": 0.72,
    "action_values": {
      "asymmetry_twist": -0.7913332718557334,
      "eye_compress": -0.01608434329280902,
      "eye_raise_left": 0.5162827480307588,
      "eye_raise_right": 0.13285628167177027,
      "eye_spread": 0.29421952936606643,
      "eye_squint": -0.29778920286937477,
      "nose_bridge_shift_x": 0.5565141750504852
    },
    "active_actions": {
      "asymmetry_twist": -0.7913332718557334,
      "eye_compress": -0.01608434329280902,
      "eye_raise_left": 0.5162827480307588,
      "eye_raise_right": 0.13285628167177027,
      "eye_spread": 0.29421952936606643,
      "eye_squint": -0.29778920286937477,
      "nose_bridge_shift_x": 0.5565141750504852
    },
    "active_anchor_count": 13,
    "control_point_count": 21,
    "geometry_method": "landmark_piecewise_affine",
    "max_disp_px_budget": 14.0,
    "scale_factor": 0.9723883635496668,
    "source_control_points": [
      [
        212.48001098632812,
        217.60000610351562
      ],
      [
        184.32000732421875,
        217.60000610351562
      ],
      [
        299.5199890136719,
        217.60000610351562
      ],
      [
        327.67999267578125,
        217.60000610351562
      ],
      [
        212.48001098632812,
        199.67999267578125
      ],
      [
        212.48001098632812,
        235.52000427246094
      ],
      [
        299.5199890136719,
        199.67999267578125
      ],
      [
        299.5199890136719,
        235.52000427246094
      ],
      [
        256.0,
        263.67999267578125
      ],
      [
        112.63999938964844,
        248.3199920654297
      ],
      [
        174.0800018310547,
        394.239990234375
      ],
      [
        399.3599853515625,
        248.3199920654297
      ],
      [
        337.9200134277344,
        394.239990234375
      ],
      [
        0.0,
        0.0
      ],
      [
        511.0,
        0.0
      ],
      [
        0.0,
        511.0
      ],
      [
        511.0,
        511.0
      ],
      [
        256.0,
        0.0
      ],
      [
        256.0,
        511.0
      ],
      [
        0.0,
        256.0
      ],
      [
        511.0,
        256.0
      ]
    ],
    "target_control_points": [
      [
        209.35214233398438,
        212.3958740234375
      ],
      [
        181.192138671875,
        217.60000610351562
      ],
      [
        302.6478576660156,
        216.2608184814453
      ],
      [
        330.807861328125,
        217.60000610351562
      ],
      [
        212.48001098632812,
        191.47415161132812
      ],
      [
        212.48001098632812,
        235.91964721679688
      ],
      [
        299.5199890136719,
        195.33908081054688
      ],
      [
        299.5199890136719,
        237.8521270751953
      ],
      [
        261.6096496582031,
        263.67999267578125
      ],
      [
        112.63999938964844,
        256.296630859375
      ],
      [
        174.0800018310547,
        398.2283020019531
      ],
      [
        399.3599853515625,
        240.34335327148438
      ],
      [
        337.9200134277344,
        390.2516784667969
      ],
      [
        0.0,
        0.0
      ],
      [
        511.0,
        0.0
      ],
      [
        0.0,
        511.0
      ],
      [
        511.0,
        511.0
      ],
      [
        256.0,
        0.0
      ],
      [
        256.0,
        511.0
      ],
      [
        0.0,
        256.0
      ],
      [
        511.0,
        256.0
      ]
    ],
    "tps_regularization": 0.0001
  },
  "names": [
    "scale_logit",
    "action_eye_spread",
    "action_eye_compress",
    "action_eye_squint",
    "action_eye_raise_left",
    "action_eye_raise_right",
    "action_nose_bridge_shift_x",
    "action_asymmetry_twist"
  ],
  "values": [
    1.6656250953674316,
    0.31235069036483765,
    -0.016542578116059303,
    -0.31639665365219116,
    0.5914573669433594,
    0.13748864829540253,
    0.6509613394737244,
    -1.1381900310516357
  ]
}
