{
  "clean_clip_positive_margin": 0.03148290514945984,
  "clean_semantic_success_score": 0.03148290514945984,
  "clip_available": true,
  "clip_semantic_drop": -0.0015964508056640625,
  "clip_warning": null,
  "decision_label": "metric_only_candidate",
  "decision_reasons": [
    "semantic_drop_nonpositive:-0.0016",
    "semantic_drop_nonpositive:-0.0016"
  ],
  "edit_failure_score": 0.0,
  "final_attack_score": 0.06004386047096973,
  "geometry_excess_penalty": 0.0,
  "geometry_excess_penalty_weight": 1.0,
  "identity_or_face_health_available": false,
  "input_damage_penalty": 0.0,
  "input_damage_penalty_weight": 3.0,
  "input_l2": 0.009020173738005318,
  "input_max_abs": 0.6941176652908325,
  "input_mean_abs": 0.001693171914666891,
  "input_preservation_score": 0.9192974397114345,
  "input_psnr": 40.89570194820696,
  "input_ssim": 0.9887016415596008,
  "max_disp_px_budget": 8.0,
  "output_disruption_score": 0.06004386047096973,
  "output_disruption_weight": 1.0,
  "output_l2": 0.01007744396619977,
  "output_max_abs": 0.29803919792175293,
  "output_mean_abs": 0.004122485872358084,
  "output_psnr": 39.93299215967862,
  "output_ssim": 0.9802659153938293,
  "perturbed_clip_positive_margin": 0.0330793559551239,
  "perturbed_semantic_success_score": 0.0330793559551239,
  "phase2_final_score": 0.06004386047096973,
  "phase2_output_disruption": 0.06004386047096973,
  "phase2_score_formula": "4*max(0,semantic_drop)+1*output_disruption-3*input_damage_penalty-1*geometry_excess_penalty",
  "semantic_drop": -0.0015964508056640625,
  "semantic_drop_weight": 4.0,
  "target_input_ssim": 0.86
}
