{
  "best_folder": "phase2/outputs/phase2c_probe/semantic_heavy_cem/headphones_top_only/strong/seed_00/candidates/cand_027_g02_m11",
  "budget": "strong",
  "budget_max_disp_px": 6.0,
  "candidate_folder": "phase2/outputs/phase2c_probe/semantic_heavy_cem/headphones_top_only/strong/seed_00/candidates/cand_027_g02_m11",
  "candidate_index": 27,
  "candidate_name": "cand_027_g02_m11",
  "clean_clip_positive_margin": 0.027842342853546143,
  "clean_semantic_success_score": 0.027842342853546143,
  "clip_available": true,
  "clip_semantic_drop": 0.01929214596748352,
  "clip_warning": null,
  "crop_clip_available": true,
  "crop_clip_warning": null,
  "dct_modes": [
    [
      1,
      0
    ],
    [
      0,
      1
    ],
    [
      1,
      1
    ],
    [
      2,
      0
    ],
    [
      0,
      2
    ],
    [
      2,
      1
    ]
  ],
  "decision_label": "weak_candidate",
  "decision_reasons": [
    "semantic_drop_small:0.0193"
  ],
  "edit_failure_score": 0.01929214596748352,
  "elapsed_seconds": 6.03717390075326,
  "final_attack_score": 0.18063285407829396,
  "full_image_semantic_drop": 0.01929214596748352,
  "generation": 2,
  "geometry_excess_penalty": 0.0,
  "geometry_excess_penalty_weight": 0.75,
  "geometry_method": "region_local_tps",
  "identity_or_face_health_available": false,
  "initial_candidate": false,
  "input_damage_penalty": 0.0,
  "input_damage_penalty_weight": 3.0,
  "input_l2": 0.009879924154553325,
  "input_max_abs": 0.21568627655506134,
  "input_mean_abs": 0.002370164031162858,
  "input_preservation_score": 0.7469884157180785,
  "input_psnr": 40.10492778716525,
  "input_ssim": 0.9746988415718079,
  "left_crop_clean_margin": 0.02535329759120941,
  "left_crop_perturbed_margin": 0.024741321802139282,
  "left_crop_semantic_drop": 0.0006119757890701294,
  "max_disp_px": 1.270735740661621,
  "max_disp_px_budget": 6.0,
  "mean_crop_margin": 0.01619832217693329,
  "mean_crop_semantic_drop": 0.0019129465023676555,
  "mean_disp_px": 0.11445000022649765,
  "member": 11,
  "mesh_size": 4,
  "min_crop_margin": 0.002627253532409668,
  "min_crop_semantic_drop": 0.00025513768196105957,
  "output_disruption_score": 0.1051827453537032,
  "output_disruption_weight": 0.25,
  "output_l2": 0.016168156836510822,
  "output_max_abs": 0.4745098352432251,
  "output_mean_abs": 0.00766510097309947,
  "output_psnr": 35.82678973342154,
  "output_ssim": 0.9594898819923401,
  "p95_disp_px": 0.8904693126678467,
  "path_flow": "phase2/outputs/phase2c_probe/semantic_heavy_cem/headphones_top_only/strong/seed_00/candidates/cand_027_g02_m11/flow.png",
  "path_original": "phase2/outputs/phase2c_probe/semantic_heavy_cem/headphones_top_only/strong/seed_00/candidates/cand_027_g02_m11/original.png",
  "path_original_edited": "phase2/outputs/phase2c_probe/semantic_heavy_cem/headphones_top_only/strong/seed_00/candidates/cand_027_g02_m11/original_edited.png",
  "path_perturbed": "phase2/outputs/phase2c_probe/semantic_heavy_cem/headphones_top_only/strong/seed_00/candidates/cand_027_g02_m11/perturbed.png",
  "path_perturbed_edited": "phase2/outputs/phase2c_probe/semantic_heavy_cem/headphones_top_only/strong/seed_00/candidates/cand_027_g02_m11/perturbed_edited.png",
  "perturbed_clip_positive_margin": 0.008550196886062622,
  "perturbed_semantic_success_score": 0.008550196886062622,
  "phase": "phase2c_probe",
  "phase2_final_score": 0.18063285407829396,
  "phase2_output_disruption": 0.1051827453537032,
  "phase2_score_formula": "8.0*max(0,semantic_drop)+0.25*output_disruption-3.0*input_damage_penalty-0.75*geometry_excess_penalty",
  "prompt": "add headphones",
  "prompt_priority": 1,
  "prompt_slug": "add_headphones",
  "region_count": 1,
  "region_key": "headphones_top_only",
  "right_crop_clean_margin": 0.021481528878211975,
  "right_crop_perturbed_margin": 0.021226391196250916,
  "right_crop_semantic_drop": 0.00025513768196105957,
  "scale_factor": 0.2994694709777832,
  "seed": 24301,
  "semantic_drop": 0.01929214596748352,
  "semantic_drop_weight": 8.0,
  "target_input_ssim": 0.9,
  "top_crop_clean_margin": 0.007498979568481445,
  "top_crop_perturbed_margin": 0.002627253532409668,
  "top_crop_semantic_drop": 0.004871726036071777,
  "tps_size": 4
}
