{
  "budget": "strong",
  "budget_max_disp_px": 8.0,
  "candidate_folder_abs": "/home/interns/Desktop/mat/phase4/outputs/phase4a_existence_probe/cases/face_003/igs_1p00/add_headphones/strong/seed_00/candidates/cand_053_g03_m13",
  "candidate_index": 53,
  "candidate_name": "cand_053_g03_m13",
  "case_id": "face_003__add_headphones__igs_1p00",
  "elapsed_seconds": 2.581887921318412,
  "face_id": "face_003",
  "generation": 3,
  "geometry_method": "landmark_piecewise_affine",
  "guidance_scale": 7.5,
  "image_guidance_scale": 1.0,
  "initial_candidate": false,
  "input_l2": 0.050631041927867194,
  "input_max_abs": 0.6039215922355652,
  "input_mean_abs": 0.02652607299387455,
  "input_psnr": 25.911662704932652,
  "input_ssim": 0.7591772079467773,
  "max_disp_px": 7.992001056671143,
  "max_disp_px_budget": 8.0,
  "mean_disp_px": 2.572348117828369,
  "member": 13,
  "output_l2": 0.07251243393737507,
  "output_max_abs": 0.8588235378265381,
  "output_mean_abs": 0.03653137758374214,
  "output_psnr": 22.791750343783683,
  "output_ssim": 0.8039835095405579,
  "p95_disp_px": 5.928470134735107,
  "phase": "phase4a_existence_probe",
  "prompt": "add headphones",
  "prompt_slug": "add_headphones",
  "prompt_type": "headphones",
  "seed": 52001,
  "target_input_ssim": 0.88,
  "theta_names": [
    "scale_logit",
    "action_face_side_push_left",
    "action_face_side_push_right",
    "action_head_top_raise",
    "action_head_top_lower",
    "action_jaw_expand",
    "action_jaw_compress",
    "action_asymmetry_twist"
  ],
  "theta_values": [
    1.115177869796753,
    0.6745556592941284,
    0.019209759309887886,
    -1.7427488565444946,
    0.9149597883224487,
    1.0520490407943726,
    -0.33478817343711853,
    0.652714729309082
  ]
}
