{
  "clean_clip_positive_margin": 0.045426785945892334,
  "clean_semantic_success_score": 0.045426785945892334,
  "clip_available": true,
  "clip_semantic_drop": 0.0021392107009887695,
  "clip_warning": null,
  "crop_clip_available": true,
  "crop_clip_warning": null,
  "decision_label": "metric_only_candidate",
  "decision_reasons": [
    "semantic_drop_small:0.0021",
    "semantic_drop_small:0.0021"
  ],
  "edit_failure_score": 0.0021392107009887695,
  "final_attack_score": 0.24083376632782952,
  "full_image_semantic_drop": 0.0021392107009887695,
  "geometry_excess_penalty": 0.0,
  "geometry_excess_penalty_weight": 1.0,
  "identity_or_face_health_available": false,
  "input_damage_penalty": 0.0,
  "input_damage_penalty_weight": 3.0,
  "input_l2": 0.01418390215023907,
  "input_max_abs": 0.4313725531101227,
  "input_mean_abs": 0.003753134049475193,
  "input_preservation_score": 0.5850811402002974,
  "input_psnr": 36.96408546883906,
  "input_ssim": 0.9751048684120178,
  "left_crop_clean_margin": 0.012075066566467285,
  "left_crop_perturbed_margin": 0.01295924186706543,
  "left_crop_semantic_drop": -0.0008841753005981445,
  "max_disp_px_budget": 4.0,
  "mean_crop_margin": 0.005887349446614583,
  "mean_crop_semantic_drop": 0.001709704597791036,
  "min_crop_margin": -0.010502904653549194,
  "min_crop_semantic_drop": -0.0008841753005981445,
  "output_disruption_score": 0.23227692352387444,
  "output_disruption_weight": 1.0,
  "output_l2": 0.04268539127372984,
  "output_max_abs": 0.7137255072593689,
  "output_mean_abs": 0.013824000023305416,
  "output_psnr": 27.39441466566239,
  "output_ssim": 0.9384646415710449,
  "perturbed_clip_positive_margin": 0.043287575244903564,
  "perturbed_semantic_success_score": 0.043287575244903564,
  "phase2_final_score": 0.24083376632782952,
  "phase2_output_disruption": 0.23227692352387444,
  "phase2_score_formula": "4.0*max(0,semantic_drop)+1.0*output_disruption-3.0*input_damage_penalty-1.0*geometry_excess_penalty",
  "right_crop_clean_margin": 0.018729060888290405,
  "right_crop_perturbed_margin": 0.015205711126327515,
  "right_crop_semantic_drop": 0.0035233497619628906,
  "semantic_drop": 0.0021392107009887695,
  "semantic_drop_weight": 4.0,
  "target_input_ssim": 0.94,
  "top_crop_clean_margin": -0.008012965321540833,
  "top_crop_perturbed_margin": -0.010502904653549194,
  "top_crop_semantic_drop": 0.002489939332008362
}
