{
  "clean_clip_positive_margin": 0.020921379327774048,
  "clean_semantic_success_score": 0.020921379327774048,
  "clip_available": true,
  "clip_semantic_drop": 0.0018702298402786255,
  "clip_warning": null,
  "crop_clip_available": false,
  "crop_clip_warning": null,
  "decision_label": "metric_only_candidate",
  "decision_reasons": [
    "semantic_drop_small:0.0019",
    "semantic_drop_small:0.0019",
    "semantic_drop_small:0.0019"
  ],
  "edit_failure_score": 0.0018702298402786255,
  "final_attack_score": 0.13206791321827602,
  "full_image_semantic_drop": 0.0018702298402786255,
  "geometry_excess_penalty": 0.0,
  "geometry_excess_penalty_weight": 0.75,
  "identity_or_face_health_available": false,
  "input_damage_penalty": 0.0,
  "input_damage_penalty_weight": 3.0,
  "input_l2": 0.022511647863572667,
  "input_max_abs": 0.7803921699523926,
  "input_mean_abs": 0.010321338661015034,
  "input_preservation_score": 0.321591854095459,
  "input_psnr": 32.95185426537153,
  "input_ssim": 0.9185910224914551,
  "max_disp_px_budget": 8.0,
  "output_disruption_score": 0.23421214899209403,
  "output_disruption_weight": 0.5,
  "output_l2": 0.033239048920043465,
  "output_max_abs": 0.800000011920929,
  "output_mean_abs": 0.01659615896642208,
  "output_psnr": 29.56702822645063,
  "output_ssim": 0.8987440466880798,
  "perturbed_clip_positive_margin": 0.019051149487495422,
  "perturbed_semantic_success_score": 0.019051149487495422,
  "phase2_final_score": 0.13206791321827602,
  "phase2_output_disruption": 0.23421214899209403,
  "phase2_score_formula": "8.0*max(0,semantic_drop)+0.5*output_disruption-3.0*input_damage_penalty-0.75*geometry_excess_penalty",
  "phase4_budget_name": "strong",
  "phase4_final_score": 0.13206791321827602,
  "phase4_score_formula": "8.0*max(0,semantic_drop)+0.5*output_disruption-3.0*input_damage_penalty-0.75*geometry_excess_penalty",
  "semantic_drop": 0.0018702298402786255,
  "semantic_drop_weight": 8.0,
  "target_input_ssim": 0.88
}
