{
  "clean_clip_positive_margin": 0.026591509580612183,
  "clean_semantic_success_score": 0.026591509580612183,
  "clip_available": true,
  "clip_semantic_drop": 0.0006355047225952148,
  "clip_warning": null,
  "decision_label": "metric_only_candidate",
  "decision_reasons": [
    "semantic_drop_small:0.0006",
    "semantic_drop_small:0.0006"
  ],
  "edit_failure_score": 0.0006355047225952148,
  "final_attack_score": 0.14661712647020653,
  "geometry_excess_penalty": 0.0,
  "geometry_excess_penalty_weight": 1.0,
  "identity_or_face_health_available": false,
  "input_damage_penalty": 0.0,
  "input_damage_penalty_weight": 3.0,
  "input_l2": 0.015833759296086082,
  "input_max_abs": 0.6000000238418579,
  "input_mean_abs": 0.0034515627194195986,
  "input_preservation_score": 0.7364360094070433,
  "input_psnr": 36.008319229325856,
  "input_ssim": 0.9736436009407043,
  "max_disp_px_budget": 6.0,
  "output_disruption_score": 0.14407510757982567,
  "output_disruption_weight": 1.0,
  "output_l2": 0.02353112697735388,
  "output_max_abs": 0.5843137502670288,
  "output_mean_abs": 0.007934506982564926,
  "output_psnr": 32.56714545280304,
  "output_ssim": 0.9500494003295898,
  "perturbed_clip_positive_margin": 0.025956004858016968,
  "perturbed_semantic_success_score": 0.025956004858016968,
  "phase2_final_score": 0.14661712647020653,
  "phase2_output_disruption": 0.14407510757982567,
  "phase2_score_formula": "4*max(0,semantic_drop)+1*output_disruption-3*input_damage_penalty-1*geometry_excess_penalty",
  "semantic_drop": 0.0006355047225952148,
  "semantic_drop_weight": 4.0,
  "target_input_ssim": 0.9
}
