{
  "clean_clip_positive_margin": 0.027842342853546143,
  "clean_semantic_success_score": 0.027842342853546143,
  "clip_available": true,
  "clip_semantic_drop": 0.02051764726638794,
  "clip_warning": null,
  "crop_clip_available": true,
  "crop_clip_warning": null,
  "decision_label": "weak_candidate",
  "decision_reasons": [],
  "edit_failure_score": 0.02051764726638794,
  "final_attack_score": 0.1867640330339684,
  "full_image_semantic_drop": 0.02051764726638794,
  "geometry_excess_penalty": 0.0,
  "geometry_excess_penalty_weight": 0.75,
  "identity_or_face_health_available": false,
  "input_damage_penalty": 0.0,
  "input_damage_penalty_weight": 3.0,
  "input_l2": 0.008253024581188262,
  "input_max_abs": 0.7137255072593689,
  "input_mean_abs": 0.0017095981165766716,
  "input_preservation_score": 0.8892443520682198,
  "input_psnr": 41.66773722732108,
  "input_ssim": 0.9844942092895508,
  "left_crop_clean_margin": 0.02535329759120941,
  "left_crop_perturbed_margin": 0.025620803236961365,
  "left_crop_semantic_drop": -0.0002675056457519531,
  "max_disp_px_budget": 8.0,
  "mean_crop_margin": 0.016327977180480957,
  "mean_crop_semantic_drop": 0.001783291498819987,
  "min_crop_margin": 0.002976357936859131,
  "min_crop_semantic_drop": -0.0002675056457519531,
  "output_disruption_score": 0.09049141961145953,
  "output_disruption_weight": 0.25,
  "output_l2": 0.015238301351190992,
  "output_max_abs": 0.7607843279838562,
  "output_mean_abs": 0.006164750084280968,
  "output_psnr": 36.34126884223841,
  "output_ssim": 0.9704617857933044,
  "perturbed_clip_positive_margin": 0.007324695587158203,
  "perturbed_semantic_success_score": 0.007324695587158203,
  "phase2_final_score": 0.1867640330339684,
  "phase2_output_disruption": 0.09049141961145953,
  "phase2_score_formula": "8.0*max(0,semantic_drop)+0.25*output_disruption-3.0*input_damage_penalty-0.75*geometry_excess_penalty",
  "right_crop_clean_margin": 0.021481528878211975,
  "right_crop_perturbed_margin": 0.020386770367622375,
  "right_crop_semantic_drop": 0.0010947585105895996,
  "semantic_drop": 0.02051764726638794,
  "semantic_drop_weight": 8.0,
  "target_input_ssim": 0.86,
  "top_crop_clean_margin": 0.007498979568481445,
  "top_crop_perturbed_margin": 0.002976357936859131,
  "top_crop_semantic_drop": 0.0045226216316223145
}
