{
  "clean_clip_positive_margin": 0.04682642221450806,
  "clean_semantic_success_score": 0.04682642221450806,
  "clip_available": true,
  "clip_semantic_drop": 0.0014198720455169678,
  "clip_warning": null,
  "crop_clip_available": true,
  "crop_clip_warning": null,
  "decision_label": "metric_only_candidate",
  "decision_reasons": [
    "semantic_drop_small:0.0014",
    "semantic_drop_small:0.0014",
    "semantic_drop_small:0.0014"
  ],
  "edit_failure_score": 0.0014198720455169678,
  "final_attack_score": 0.11406137467047217,
  "full_image_semantic_drop": 0.0014198720455169678,
  "geometry_excess_penalty": 0.0,
  "geometry_excess_penalty_weight": 0.75,
  "identity_or_face_health_available": false,
  "input_damage_penalty": 0.0,
  "input_damage_penalty_weight": 3.0,
  "input_l2": 0.017412031789169283,
  "input_max_abs": 0.6941176652908325,
  "input_mean_abs": 0.007850498892366886,
  "input_preservation_score": 0.6596420804659525,
  "input_psnr": 35.183010972438204,
  "input_ssim": 0.9591570496559143,
  "left_crop_clean_margin": 0.01800447702407837,
  "left_crop_perturbed_margin": 0.018614977598190308,
  "left_crop_semantic_drop": -0.0006105005741119385,
  "max_disp_px_budget": 8.0,
  "mean_crop_margin": 0.012691408395767212,
  "mean_crop_semantic_drop": 0.0014790594577789307,
  "min_crop_margin": -0.001913607120513916,
  "min_crop_semantic_drop": -0.0006105005741119385,
  "output_disruption_score": 0.20540479661267286,
  "output_disruption_weight": 0.5,
  "output_l2": 0.030949944856865422,
  "output_max_abs": 0.7215686440467834,
  "output_mean_abs": 0.016369836404919624,
  "output_psnr": 30.186802408405793,
  "output_ssim": 0.9183949828147888,
  "perturbed_clip_positive_margin": 0.04540655016899109,
  "perturbed_semantic_success_score": 0.04540655016899109,
  "phase2_final_score": 0.11406137467047217,
  "phase2_output_disruption": 0.20540479661267286,
  "phase2_score_formula": "8.0*max(0,semantic_drop)+0.5*output_disruption-3.0*input_damage_penalty-0.75*geometry_excess_penalty",
  "phase4_budget_name": "strong",
  "phase4_final_score": 0.11406137467047217,
  "phase4_score_formula": "8.0*max(0,semantic_drop)+0.5*output_disruption-3.0*input_damage_penalty-0.75*geometry_excess_penalty",
  "right_crop_clean_margin": 0.02526278793811798,
  "right_crop_perturbed_margin": 0.021372854709625244,
  "right_crop_semantic_drop": 0.003889933228492737,
  "semantic_drop": 0.0014198720455169678,
  "semantic_drop_weight": 8.0,
  "target_input_ssim": 0.88,
  "top_crop_clean_margin": -0.0007558614015579224,
  "top_crop_perturbed_margin": -0.001913607120513916,
  "top_crop_semantic_drop": 0.0011577457189559937
}
