{
  "best_folder": "phase2/outputs/phase2c_probe/region_ablations/headphones_asymmetric_left/source_02_cand_025_g02_m09/strong",
  "budget": "strong",
  "budget_max_disp_px": 6.0,
  "candidate_folder": "phase2/outputs/phase2c_probe/region_ablations/headphones_asymmetric_left/source_02_cand_025_g02_m09/strong",
  "candidate_index": 21,
  "candidate_name": "abl_02_headphones_asymmetric_left_strong",
  "clean_clip_positive_margin": 0.027842342853546143,
  "clean_semantic_success_score": 0.027842342853546143,
  "clip_available": true,
  "clip_semantic_drop": 0.02351278066635132,
  "clip_warning": null,
  "crop_clip_available": true,
  "crop_clip_warning": null,
  "dct_modes": [
    [
      1,
      0
    ],
    [
      0,
      1
    ],
    [
      1,
      1
    ],
    [
      2,
      0
    ],
    [
      0,
      2
    ],
    [
      2,
      1
    ]
  ],
  "decision_label": "weak_candidate",
  "decision_reasons": [],
  "edit_failure_score": 0.02351278066635132,
  "elapsed_seconds": 4.4455745834857225,
  "final_attack_score": 0.20639705311327414,
  "full_image_semantic_drop": 0.02351278066635132,
  "generation": 0,
  "geometry_excess_penalty": 0.0,
  "geometry_excess_penalty_weight": 0.75,
  "geometry_method": "region_local_tps",
  "identity_or_face_health_available": false,
  "initial_candidate": false,
  "input_damage_penalty": 0.0,
  "input_damage_penalty_weight": 3.0,
  "input_l2": 0.007577875474795595,
  "input_max_abs": 0.529411792755127,
  "input_mean_abs": 0.0009372137137688696,
  "input_preservation_score": 0.9074381589889526,
  "input_psnr": 42.40905071295309,
  "input_ssim": 0.9907438158988953,
  "left_crop_clean_margin": 0.02535329759120941,
  "left_crop_perturbed_margin": 0.024206891655921936,
  "left_crop_semantic_drop": 0.0011464059352874756,
  "max_disp_px": 3.840738534927368,
  "max_disp_px_budget": 6.0,
  "mean_crop_margin": 0.016688401500384014,
  "mean_crop_semantic_drop": 0.0014228671789169312,
  "mean_disp_px": 0.2704547047615051,
  "member": 21,
  "mesh_size": 4,
  "min_crop_margin": 0.005842611193656921,
  "min_crop_semantic_drop": 0.0011464059352874756,
  "output_disruption_score": 0.07317923112985439,
  "output_disruption_weight": 0.25,
  "output_l2": 0.01358310531645255,
  "output_max_abs": 0.529411792755127,
  "output_mean_abs": 0.005027684848755598,
  "output_psnr": 37.34001863994711,
  "output_ssim": 0.9811531901359558,
  "p95_disp_px": 2.840111255645752,
  "path_flow": "phase2/outputs/phase2c_probe/region_ablations/headphones_asymmetric_left/source_02_cand_025_g02_m09/strong/flow.png",
  "path_original": "phase2/outputs/phase2c_probe/region_ablations/headphones_asymmetric_left/source_02_cand_025_g02_m09/strong/original.png",
  "path_original_edited": "phase2/outputs/phase2c_probe/region_ablations/headphones_asymmetric_left/source_02_cand_025_g02_m09/strong/original_edited.png",
  "path_perturbed": "phase2/outputs/phase2c_probe/region_ablations/headphones_asymmetric_left/source_02_cand_025_g02_m09/strong/perturbed.png",
  "path_perturbed_edited": "phase2/outputs/phase2c_probe/region_ablations/headphones_asymmetric_left/source_02_cand_025_g02_m09/strong/perturbed_edited.png",
  "perturbed_clip_positive_margin": 0.004329562187194824,
  "perturbed_semantic_success_score": 0.004329562187194824,
  "phase": "phase2c_probe",
  "phase2_final_score": 0.20639705311327414,
  "phase2_output_disruption": 0.07317923112985439,
  "phase2_score_formula": "8.0*max(0,semantic_drop)+0.25*output_disruption-3.0*input_damage_penalty-0.75*geometry_excess_penalty",
  "phase2c_applied_scale": 1.75,
  "phase2c_geometry_source": "phase2b_theta_region_ablation",
  "phase2c_part": "region_ablations",
  "phase2c_scale_factor": 1.75,
  "prompt": "add headphones",
  "prompt_priority": 1,
  "prompt_slug": "add_headphones",
  "region_count": 1,
  "region_key": "headphones_asymmetric_left",
  "region_variant": "headphones_asymmetric_left",
  "right_crop_clean_margin": 0.021481528878211975,
  "right_crop_perturbed_margin": 0.02001570165157318,
  "right_crop_semantic_drop": 0.001465827226638794,
  "scale_factor": 0.39760416746139526,
  "seed": 24011,
  "semantic_drop": 0.02351278066635132,
  "semantic_drop_weight": 8.0,
  "source_candidate_folder": "phase2/outputs/phase2b_cem/add_headphones/medium/seed_00/candidates/cand_025_g02_m09",
  "source_candidate_name": "cand_025_g02_m09",
  "source_phase2_final_score": "0.2630577925125263",
  "source_semantic_drop": "0.029588401317596436",
  "target_input_ssim": 0.9,
  "top_crop_clean_margin": 0.007498979568481445,
  "top_crop_perturbed_margin": 0.005842611193656921,
  "top_crop_semantic_drop": 0.001656368374824524,
  "tps_size": 4
}
