{
  "displacement": {
    "foldover_fraction_det_below_0": 0.0,
    "jacobian_det_mean": 1.0,
    "jacobian_det_min": 0.9072247743606567,
    "low_det_fraction_below_0p2": 0.0,
    "max_disp_px": 3.3355133533477783,
    "mean_disp_px": 0.40948402881622314,
    "p95_disp_px": 2.089289903640747
  },
  "input": {
    "l2": 0.016973821159142154,
    "max_abs": 0.45098042488098145,
    "mean_abs": 0.005901101510971785,
    "psnr": 35.40440755963231,
    "ssim": 0.943428099155426
  },
  "output": {
    "l2": 0.023915181439432432,
    "max_abs": 0.7137255072593689,
    "mean_abs": 0.010126777924597263,
    "psnr": 32.42652639757951,
    "ssim": 0.9180478453636169
  }
}
