{
  "displacement": {
    "budget_max_disp_px": 6.0,
    "max_disp_px": 3.4895527362823486,
    "max_disp_px_budget": 6.0,
    "mean_disp_px": 0.22165223956108093,
    "p95_disp_px": 1.9158482551574707,
    "target_input_ssim": 0.9
  },
  "input": {
    "l2": 0.016580460439458482,
    "max_abs": 0.5372549295425415,
    "mean_abs": 0.0034765952732414007,
    "psnr": 35.608068265172676,
    "ssim": 0.973416805267334
  },
  "output": {
    "l2": 0.02270479996828722,
    "max_abs": 0.8549019694328308,
    "mean_abs": 0.004953296855092049,
    "psnr": 32.87764639853864,
    "ssim": 0.9746527671813965
  }
}
