{
  "action_names": [
    "eye_spread",
    "eye_compress",
    "eye_squint",
    "eye_raise_left",
    "eye_raise_right",
    "nose_bridge_shift_x",
    "asymmetry_twist"
  ],
  "action_strength": 0.72,
  "action_values": {
    "asymmetry_twist": -0.15981037086844327,
    "eye_compress": -0.3076334290996837,
    "eye_raise_left": 0.21225610260758737,
    "eye_raise_right": -0.42562776334123287,
    "eye_spread": 0.3037022977988346,
    "eye_squint": 0.4171216258199752,
    "nose_bridge_shift_x": 0.37100384961152233
  },
  "active_actions": {
    "asymmetry_twist": -0.15981037086844327,
    "eye_compress": -0.3076334290996837,
    "eye_raise_left": 0.21225610260758737,
    "eye_raise_right": -0.42562776334123287,
    "eye_spread": 0.3037022977988346,
    "eye_squint": 0.4171216258199752,
    "nose_bridge_shift_x": 0.37100384961152233
  },
  "active_anchor_count": 13,
  "control_point_count": 21,
  "geometry_method": "landmark_piecewise_affine",
  "landmark_count": 478,
  "landmark_detector": "mediapipe_python_solutions_face_mesh",
  "max_disp_px_budget": 8.0,
  "require_real_landmarks": true,
  "scale_factor": 0.4618168850297994,
  "source_control_points": [
    [
      190.21414184570312,
      159.2659912109375
    ],
    [
      163.99778747558594,
      159.2659912109375
    ],
    [
      306.25543212890625,
      175.0582275390625
    ],
    [
      331.9805908203125,
      175.0582275390625
    ],
    [
      190.21414184570312,
      149.36541748046875
    ],
    [
      190.21414184570312,
      169.16656494140625
    ],
    [
      306.25543212890625,
      166.18838500976562
    ],
    [
      306.25543212890625,
      183.92808532714844
    ],
    [
      251.65289306640625,
      190.71658325195312
    ],
    [
      104.53517150878906,
      219.31192016601562
    ],
    [
      121.2041244506836,
      337.6188049316406
    ],
    [
      363.7645263671875,
      219.31192016601562
    ],
    [
      320.013916015625,
      337.6188049316406
    ],
    [
      0.0,
      0.0
    ],
    [
      511.0,
      0.0
    ],
    [
      0.0,
      511.0
    ],
    [
      511.0,
      511.0
    ],
    [
      256.0,
      0.0
    ],
    [
      256.0,
      511.0
    ],
    [
      0.0,
      256.0
    ],
    [
      511.0,
      256.0
    ]
  ],
  "target_control_points": [
    [
      186.69284057617188,
      158.04339599609375
    ],
    [
      160.4764862060547,
      159.2659912109375
    ],
    [
      309.7767333984375,
      177.5098419189453
    ],
    [
      335.50189208984375,
      175.0582275390625
    ],
    [
      190.21414184570312,
      150.54544067382812
    ],
    [
      190.21414184570312,
      166.15264892578125
    ],
    [
      306.25543212890625,
      171.04261779785156
    ],
    [
      306.25543212890625,
      182.7512664794922
    ],
    [
      253.7898712158203,
      190.71658325195312
    ],
    [
      104.53517150878906,
      220.232421875
    ],
    [
      121.2041244506836,
      338.0790710449219
    ],
    [
      363.7645263671875,
      218.39141845703125
    ],
    [
      320.013916015625,
      337.1585388183594
    ],
    [
      0.0,
      0.0
    ],
    [
      511.0,
      0.0
    ],
    [
      0.0,
      511.0
    ],
    [
      511.0,
      511.0
    ],
    [
      256.0,
      0.0
    ],
    [
      256.0,
      511.0
    ],
    [
      0.0,
      256.0
    ],
    [
      511.0,
      256.0
    ]
  ],
  "tps_regularization": 0.0001
}
