{
  "budget": "existence_probe",
  "budget_max_disp_px": 14.0,
  "candidate_folder_abs": "/home/interns/Desktop/mat/phase4/outputs/phase4a_existence_probe/cases/face_006/igs_1p50/add_black_sunglasses/existence_probe/seed_00/candidates/cand_015_g01_m15",
  "candidate_index": 15,
  "candidate_name": "cand_015_g01_m15",
  "case_id": "face_006__add_black_sunglasses__igs_1p50",
  "elapsed_seconds": 3.071826344355941,
  "face_id": "face_006",
  "generation": 1,
  "geometry_method": "landmark_semantic_tps",
  "guidance_scale": 7.5,
  "image_guidance_scale": 1.5,
  "initial_candidate": false,
  "input_l2": 0.016338309644911005,
  "input_max_abs": 0.3529411852359772,
  "input_mean_abs": 0.00673339469358325,
  "input_psnr": 35.73585754831412,
  "input_ssim": 0.9631214141845703,
  "max_disp_px": 4.545042514801025,
  "max_disp_px_budget": 14.0,
  "mean_disp_px": 0.4449493885040283,
  "member": 15,
  "output_l2": 0.025799593757371574,
  "output_max_abs": 0.8156862854957581,
  "output_mean_abs": 0.00995489489287138,
  "output_psnr": 31.76774264842599,
  "output_ssim": 0.9447243809700012,
  "p95_disp_px": 1.4427319765090942,
  "phase": "phase4a_existence_probe",
  "prompt": "add black sunglasses",
  "prompt_slug": "add_black_sunglasses",
  "prompt_type": "glasses",
  "seed": 43101,
  "target_input_ssim": 0.78,
  "theta_names": [
    "scale_logit",
    "action_eye_spread",
    "action_eye_compress",
    "action_eye_squint",
    "action_eye_raise_left",
    "action_eye_raise_right",
    "action_nose_bridge_shift_x",
    "action_asymmetry_twist"
  ],
  "theta_values": [
    -0.23640458285808563,
    0.37555238604545593,
    0.7519978880882263,
    -0.07904643565416336,
    -1.098522663116455,
    -0.28353792428970337,
    -0.09555470943450928,
    -0.016484349966049194
  ]
}
