{
  "displacement": {
    "budget_max_disp_px": 8.0,
    "max_disp_px": 7.992001533508301,
    "max_disp_px_budget": 8.0,
    "mean_disp_px": 2.6109297275543213,
    "p95_disp_px": 7.058573246002197,
    "target_input_ssim": 0.88
  },
  "input": {
    "l2": 0.05164084848898053,
    "max_abs": 0.8941176533699036,
    "mean_abs": 0.02385818399488926,
    "psnr": 25.740132612754138,
    "ssim": 0.8108027577400208
  },
  "output": {
    "l2": 0.07854616368360397,
    "max_abs": 0.8901960849761963,
    "mean_abs": 0.03578813746571541,
    "psnr": 22.09750043443514,
    "ssim": 0.8098046779632568
  }
}
