{
  "best_folder": "phase4/outputs/phase4a_existence_probe/cases/face_005/igs_1p50/add_headphones/strong/seed_00/candidates/cand_064_g04_m04",
  "budget": "strong",
  "budget_max_disp_px": 8.0,
  "candidate_folder": "phase4/outputs/phase4a_existence_probe/cases/face_005/igs_1p50/add_headphones/strong/seed_00/candidates/cand_064_g04_m04",
  "candidate_index": 64,
  "candidate_name": "cand_064_g04_m04",
  "case_id": "face_005__add_headphones__igs_1p50",
  "clean_clip_positive_margin": 0.055569812655448914,
  "clean_semantic_success_score": 0.055569812655448914,
  "clip_available": true,
  "clip_semantic_drop": 0.001499563455581665,
  "clip_warning": null,
  "crop_clip_available": true,
  "crop_clip_warning": null,
  "decision_label": "metric_only_candidate",
  "decision_reasons": [
    "semantic_drop_small:0.0015",
    "semantic_drop_small:0.0015",
    "semantic_drop_small:0.0015"
  ],
  "edit_failure_score": 0.001499563455581665,
  "elapsed_seconds": 2.793481905013323,
  "face_id": "face_005",
  "final_attack_score": 0.1573348772500019,
  "full_image_semantic_drop": 0.001499563455581665,
  "generation": 4,
  "geometry_excess_penalty": 0.0,
  "geometry_excess_penalty_weight": 0.75,
  "geometry_method": "landmark_piecewise_affine",
  "guidance_scale": 7.5,
  "identity_or_face_health_available": false,
  "image_guidance_scale": 1.5,
  "initial_candidate": false,
  "input_damage_penalty": 0.0,
  "input_damage_penalty_weight": 3.0,
  "input_l2": 0.029687749554187536,
  "input_max_abs": 0.7647058963775635,
  "input_mean_abs": 0.012945021502673626,
  "input_preservation_score": 0.2606163024902344,
  "input_psnr": 30.548454447028874,
  "input_ssim": 0.9112739562988281,
  "left_crop_clean_margin": 0.027460142970085144,
  "left_crop_perturbed_margin": 0.025797724723815918,
  "left_crop_semantic_drop": 0.001662418246269226,
  "max_disp_px": 3.435270309448242,
  "max_disp_px_budget": 8.0,
  "mean_crop_margin": 0.015129446983337402,
  "mean_crop_semantic_drop": 0.0018408199151357014,
  "mean_disp_px": 0.9015063047409058,
  "member": 4,
  "min_crop_margin": -0.004829287528991699,
  "min_crop_semantic_drop": 0.0009380877017974854,
  "output_disruption_score": 0.29067673921069714,
  "output_disruption_weight": 0.5,
  "output_l2": 0.04313906192650698,
  "output_max_abs": 0.8784313797950745,
  "output_mean_abs": 0.01917876861989498,
  "output_psnr": 27.30258606022401,
  "output_ssim": 0.8818795084953308,
  "p95_disp_px": 2.4140076637268066,
  "path_clean_edit": "phase4/outputs/phase4a_existence_probe/cases/face_005/igs_1p50/add_headphones/strong/seed_00/candidates/cand_064_g04_m04/clean_edit.png",
  "path_flow": "phase4/outputs/phase4a_existence_probe/cases/face_005/igs_1p50/add_headphones/strong/seed_00/candidates/cand_064_g04_m04/flow.png",
  "path_landmarks_overlay_original": "phase4/outputs/phase4a_existence_probe/cases/face_005/igs_1p50/add_headphones/strong/seed_00/candidates/cand_064_g04_m04/landmarks_overlay_original.jpg",
  "path_landmarks_overlay_perturbed": "phase4/outputs/phase4a_existence_probe/cases/face_005/igs_1p50/add_headphones/strong/seed_00/candidates/cand_064_g04_m04/landmarks_overlay_perturbed.jpg",
  "path_original": "phase4/outputs/phase4a_existence_probe/cases/face_005/igs_1p50/add_headphones/strong/seed_00/candidates/cand_064_g04_m04/original.png",
  "path_perturbed": "phase4/outputs/phase4a_existence_probe/cases/face_005/igs_1p50/add_headphones/strong/seed_00/candidates/cand_064_g04_m04/perturbed.png",
  "path_perturbed_edit": "phase4/outputs/phase4a_existence_probe/cases/face_005/igs_1p50/add_headphones/strong/seed_00/candidates/cand_064_g04_m04/perturbed_edit.png",
  "perturbed_clip_positive_margin": 0.05407024919986725,
  "perturbed_semantic_success_score": 0.05407024919986725,
  "phase": "phase4a_existence_probe",
  "phase2_final_score": 0.1573348772500019,
  "phase2_output_disruption": 0.29067673921069714,
  "phase2_score_formula": "8.0*max(0,semantic_drop)+0.5*output_disruption-3.0*input_damage_penalty-0.75*geometry_excess_penalty",
  "phase4_budget_name": "strong",
  "phase4_final_score": 0.1573348772500019,
  "phase4_score_formula": "8.0*max(0,semantic_drop)+0.5*output_disruption-3.0*input_damage_penalty-0.75*geometry_excess_penalty",
  "prompt": "add headphones",
  "prompt_slug": "add_headphones",
  "prompt_type": "headphones",
  "right_crop_clean_margin": 0.025357991456985474,
  "right_crop_perturbed_margin": 0.02441990375518799,
  "right_crop_semantic_drop": 0.0009380877017974854,
  "seed": 44001,
  "semantic_drop": 0.001499563455581665,
  "semantic_drop_weight": 8.0,
  "target_input_ssim": 0.88,
  "theta_names": [
    "scale_logit",
    "action_face_side_push_left",
    "action_face_side_push_right",
    "action_head_top_raise",
    "action_head_top_lower",
    "action_jaw_expand",
    "action_jaw_compress",
    "action_asymmetry_twist"
  ],
  "theta_values": [
    0.0885588750243187,
    1.2485229969024658,
    1.6036901473999023,
    0.36104530096054077,
    -0.5698517560958862,
    0.04413927346467972,
    0.14620862901210785,
    -0.08729584515094757
  ],
  "top_crop_clean_margin": -0.0019073337316513062,
  "top_crop_perturbed_margin": -0.004829287528991699,
  "top_crop_semantic_drop": 0.002921953797340393
}
