{
  "displacement": {
    "budget_max_disp_px": 8.0,
    "max_disp_px": 1.8856974840164185,
    "max_disp_px_budget": 8.0,
    "mean_disp_px": 0.7958260178565979,
    "p95_disp_px": 1.5419689416885376,
    "target_input_ssim": 0.88
  },
  "input": {
    "l2": 0.019978972817846212,
    "max_abs": 0.5803921818733215,
    "mean_abs": 0.010449142195284367,
    "psnr": 33.988536879767096,
    "ssim": 0.9470615386962891
  },
  "output": {
    "l2": 0.03403231491013473,
    "max_abs": 0.7882353067398071,
    "mean_abs": 0.016347281634807587,
    "psnr": 29.362170175589352,
    "ssim": 0.9132065773010254
  }
}
