{
  "displacement": {
    "budget_max_disp_px": 14.0,
    "max_disp_px": 13.986001968383789,
    "max_disp_px_budget": 14.0,
    "mean_disp_px": 8.83759593963623,
    "p95_disp_px": 13.986001014709473,
    "target_input_ssim": 0.78
  },
  "input": {
    "l2": 0.09898843955627237,
    "max_abs": 0.7529411911964417,
    "mean_abs": 0.0557747446000576,
    "psnr": 20.088310437357567,
    "ssim": 0.5811823606491089
  },
  "output": {
    "l2": 0.11598139620787815,
    "max_abs": 0.929411768913269,
    "mean_abs": 0.06621787697076797,
    "psnr": 18.712233348602545,
    "ssim": 0.5231255888938904
  }
}
