{
  "displacement": {
    "budget_max_disp_px": 14.0,
    "max_disp_px": 13.862428665161133,
    "max_disp_px_budget": 14.0,
    "mean_disp_px": 4.609004974365234,
    "p95_disp_px": 11.781052589416504,
    "target_input_ssim": 0.78
  },
  "input": {
    "l2": 0.07125064062679633,
    "max_abs": 0.8901960849761963,
    "mean_abs": 0.036394085735082626,
    "psnr": 22.944224529706425,
    "ssim": 0.697961151599884
  },
  "output": {
    "l2": 0.09016700826714309,
    "max_abs": 0.9607843160629272,
    "mean_abs": 0.04631630703806877,
    "psnr": 20.899046798719844,
    "ssim": 0.656839907169342
  }
}
