{
  "clean_clip_positive_margin": 0.04682642221450806,
  "clean_semantic_success_score": 0.04682642221450806,
  "clip_available": true,
  "clip_semantic_drop": 0.012412399053573608,
  "clip_warning": null,
  "crop_clip_available": true,
  "crop_clip_warning": null,
  "decision_label": "reject_input_damage",
  "decision_reasons": [
    "input_ssim_below_target:0.6980<0.7800",
    "semantic_drop_small:0.0124"
  ],
  "edit_failure_score": 0.012412399053573608,
  "final_attack_score": -1.5177191062245798,
  "full_image_semantic_drop": 0.012412399053573608,
  "geometry_excess_penalty": 0.0,
  "geometry_excess_penalty_weight": 0.75,
  "identity_or_face_health_available": false,
  "input_damage_penalty": 0.656310787200928,
  "input_damage_penalty_weight": 3.0,
  "input_l2": 0.07125064062679633,
  "input_max_abs": 0.8901960849761963,
  "input_mean_abs": 0.036394085735082626,
  "input_preservation_score": 0.0,
  "input_psnr": 22.944224529706425,
  "input_ssim": 0.697961151599884,
  "left_crop_clean_margin": 0.01800447702407837,
  "left_crop_perturbed_margin": 0.024611100554466248,
  "left_crop_semantic_drop": -0.006606623530387878,
  "max_disp_px_budget": 14.0,
  "mean_crop_margin": 0.014826635519663492,
  "mean_crop_semantic_drop": -0.0006561676661173502,
  "min_crop_margin": -0.003376379609107971,
  "min_crop_semantic_drop": -0.006606623530387878,
  "output_disruption_score": 0.7038281258992303,
  "output_disruption_weight": 0.5,
  "output_l2": 0.09016700826714309,
  "output_max_abs": 0.9607843160629272,
  "output_mean_abs": 0.04631630703806877,
  "output_psnr": 20.899046798719844,
  "output_ssim": 0.656839907169342,
  "perturbed_clip_positive_margin": 0.03441402316093445,
  "perturbed_semantic_success_score": 0.03441402316093445,
  "phase2_final_score": -1.5177191062245798,
  "phase2_output_disruption": 0.7038281258992303,
  "phase2_score_formula": "8.0*max(0,semantic_drop)+0.5*output_disruption-3.0*input_damage_penalty-0.75*geometry_excess_penalty",
  "phase4_budget_name": "existence_probe",
  "phase4_final_score": -1.5177191062245798,
  "phase4_score_formula": "8.0*max(0,semantic_drop)+0.5*output_disruption-3.0*input_damage_penalty-0.75*geometry_excess_penalty",
  "right_crop_clean_margin": 0.02526278793811798,
  "right_crop_perturbed_margin": 0.023245185613632202,
  "right_crop_semantic_drop": 0.002017602324485779,
  "semantic_drop": 0.012412399053573608,
  "semantic_drop_weight": 8.0,
  "target_input_ssim": 0.78,
  "top_crop_clean_margin": -0.0007558614015579224,
  "top_crop_perturbed_margin": -0.003376379609107971,
  "top_crop_semantic_drop": 0.002620518207550049
}
