{
  "clean_clip_positive_margin": 0.027842342853546143,
  "clean_semantic_success_score": 0.027842342853546143,
  "clip_available": true,
  "clip_semantic_drop": -0.0036658048629760742,
  "clip_warning": null,
  "crop_clip_available": true,
  "crop_clip_warning": null,
  "decision_label": "metric_only_candidate",
  "decision_reasons": [
    "semantic_drop_nonpositive:-0.0037",
    "semantic_drop_nonpositive:-0.0037"
  ],
  "edit_failure_score": 0.0,
  "final_attack_score": 0.04990936654566091,
  "full_image_semantic_drop": -0.0036658048629760742,
  "geometry_excess_penalty": 0.0,
  "geometry_excess_penalty_weight": 0.75,
  "identity_or_face_health_available": false,
  "input_damage_penalty": 0.0,
  "input_damage_penalty_weight": 3.0,
  "input_l2": 0.02341463667593861,
  "input_max_abs": 0.8588235378265381,
  "input_mean_abs": 0.007530545350164175,
  "input_preservation_score": 0.26598727703094466,
  "input_psnr": 32.610251535224364,
  "input_ssim": 0.9265987277030945,
  "left_crop_clean_margin": 0.02535329759120941,
  "left_crop_perturbed_margin": 0.025027602910995483,
  "left_crop_semantic_drop": 0.0003256946802139282,
  "max_disp_px_budget": 6.0,
  "mean_crop_margin": 0.015525087714195251,
  "mean_crop_semantic_drop": 0.0025861809651056924,
  "min_crop_margin": 0.002349764108657837,
  "min_crop_semantic_drop": 0.0003256946802139282,
  "output_disruption_score": 0.19963746618264364,
  "output_disruption_weight": 0.25,
  "output_l2": 0.02957339423654836,
  "output_max_abs": 0.8745098114013672,
  "output_mean_abs": 0.014044991694390774,
  "output_psnr": 30.581976543900087,
  "output_ssim": 0.9186561107635498,
  "perturbed_clip_positive_margin": 0.03150814771652222,
  "perturbed_semantic_success_score": 0.03150814771652222,
  "phase2_final_score": 0.04990936654566091,
  "phase2_output_disruption": 0.19963746618264364,
  "phase2_score_formula": "8.0*max(0,semantic_drop)+0.25*output_disruption-3.0*input_damage_penalty-0.75*geometry_excess_penalty",
  "right_crop_clean_margin": 0.021481528878211975,
  "right_crop_perturbed_margin": 0.019197896122932434,
  "right_crop_semantic_drop": 0.002283632755279541,
  "semantic_drop": -0.0036658048629760742,
  "semantic_drop_weight": 8.0,
  "target_input_ssim": 0.9,
  "top_crop_clean_margin": 0.007498979568481445,
  "top_crop_perturbed_margin": 0.002349764108657837,
  "top_crop_semantic_drop": 0.005149215459823608
}
