{
  "clean_clip_positive_margin": 0.03089107573032379,
  "clean_semantic_success_score": 0.03089107573032379,
  "clip_available": true,
  "clip_semantic_drop": -0.0008637756109237671,
  "clip_warning": null,
  "crop_clip_available": false,
  "crop_clip_warning": null,
  "decision_label": "metric_only_candidate",
  "decision_reasons": [
    "semantic_drop_nonpositive:-0.0009",
    "semantic_drop_nonpositive:-0.0009",
    "semantic_drop_nonpositive:-0.0009"
  ],
  "edit_failure_score": 0.0,
  "final_attack_score": 0.09281294420847988,
  "full_image_semantic_drop": -0.0008637756109237671,
  "geometry_excess_penalty": 0.0,
  "geometry_excess_penalty_weight": 0.75,
  "identity_or_face_health_available": false,
  "input_damage_penalty": 0.0,
  "input_damage_penalty_weight": 3.0,
  "input_l2": 0.014003347870536116,
  "input_max_abs": 0.43921568989753723,
  "input_mean_abs": 0.007331255357712507,
  "input_preservation_score": 0.740275243918101,
  "input_psnr": 37.07536244660365,
  "input_ssim": 0.9688330292701721,
  "max_disp_px_budget": 8.0,
  "output_disruption_score": 0.18562588841695976,
  "output_disruption_weight": 0.5,
  "output_l2": 0.024196365850615978,
  "output_max_abs": 0.6392157077789307,
  "output_mean_abs": 0.014201759360730648,
  "output_psnr": 32.324997151087985,
  "output_ssim": 0.9111595749855042,
  "perturbed_clip_positive_margin": 0.03175485134124756,
  "perturbed_semantic_success_score": 0.03175485134124756,
  "phase2_final_score": 0.09281294420847988,
  "phase2_output_disruption": 0.18562588841695976,
  "phase2_score_formula": "8.0*max(0,semantic_drop)+0.5*output_disruption-3.0*input_damage_penalty-0.75*geometry_excess_penalty",
  "phase4_budget_name": "strong",
  "phase4_final_score": 0.09281294420847988,
  "phase4_score_formula": "8.0*max(0,semantic_drop)+0.5*output_disruption-3.0*input_damage_penalty-0.75*geometry_excess_penalty",
  "semantic_drop": -0.0008637756109237671,
  "semantic_drop_weight": 8.0,
  "target_input_ssim": 0.88
}
