{
  "best_folder": "phase2/outputs/phase2c_probe/semantic_heavy_cem/headphones_ear_tight/strong/seed_00/candidates/cand_005_g01_m05",
  "budget": "strong",
  "budget_max_disp_px": 6.0,
  "candidate_folder": "phase2/outputs/phase2c_probe/semantic_heavy_cem/headphones_ear_tight/strong/seed_00/candidates/cand_005_g01_m05",
  "candidate_index": 5,
  "candidate_name": "cand_005_g01_m05",
  "clean_clip_positive_margin": 0.027842342853546143,
  "clean_semantic_success_score": 0.027842342853546143,
  "clip_available": true,
  "clip_semantic_drop": -0.0026396214962005615,
  "clip_warning": null,
  "crop_clip_available": true,
  "crop_clip_warning": null,
  "dct_modes": [
    [
      1,
      0
    ],
    [
      0,
      1
    ],
    [
      1,
      1
    ],
    [
      2,
      0
    ],
    [
      0,
      2
    ],
    [
      2,
      1
    ]
  ],
  "decision_label": "metric_only_candidate",
  "decision_reasons": [
    "semantic_drop_nonpositive:-0.0026",
    "semantic_drop_nonpositive:-0.0026"
  ],
  "edit_failure_score": 0.0,
  "elapsed_seconds": 5.0219158716499805,
  "final_attack_score": 0.020968567992384123,
  "full_image_semantic_drop": -0.0026396214962005615,
  "generation": 1,
  "geometry_excess_penalty": 0.0,
  "geometry_excess_penalty_weight": 0.75,
  "geometry_method": "region_local_tps",
  "identity_or_face_health_available": false,
  "initial_candidate": false,
  "input_damage_penalty": 0.0,
  "input_damage_penalty_weight": 3.0,
  "input_l2": 0.007796511457301497,
  "input_max_abs": 0.7333333492279053,
  "input_mean_abs": 0.0015427634352818131,
  "input_preservation_score": 0.8752099275588989,
  "input_psnr": 42.16199357118611,
  "input_ssim": 0.9875209927558899,
  "left_crop_clean_margin": 0.02535329759120941,
  "left_crop_perturbed_margin": 0.025965139269828796,
  "left_crop_semantic_drop": -0.0006118416786193848,
  "max_disp_px": 3.09987211227417,
  "max_disp_px_budget": 6.0,
  "mean_crop_margin": 0.01746276517709096,
  "mean_crop_semantic_drop": 0.0006485035022099813,
  "mean_disp_px": 0.197976216673851,
  "member": 5,
  "mesh_size": 4,
  "min_crop_margin": 0.004433363676071167,
  "min_crop_semantic_drop": -0.0006118416786193848,
  "output_disruption_score": 0.08387427196953649,
  "output_disruption_weight": 0.25,
  "output_l2": 0.014960419799024748,
  "output_max_abs": 0.8627451062202454,
  "output_mean_abs": 0.005047397222369909,
  "output_psnr": 36.501124394348295,
  "output_ssim": 0.9759674072265625,
  "p95_disp_px": 1.6821683645248413,
  "path_flow": "phase2/outputs/phase2c_probe/semantic_heavy_cem/headphones_ear_tight/strong/seed_00/candidates/cand_005_g01_m05/flow.png",
  "path_original": "phase2/outputs/phase2c_probe/semantic_heavy_cem/headphones_ear_tight/strong/seed_00/candidates/cand_005_g01_m05/original.png",
  "path_original_edited": "phase2/outputs/phase2c_probe/semantic_heavy_cem/headphones_ear_tight/strong/seed_00/candidates/cand_005_g01_m05/original_edited.png",
  "path_perturbed": "phase2/outputs/phase2c_probe/semantic_heavy_cem/headphones_ear_tight/strong/seed_00/candidates/cand_005_g01_m05/perturbed.png",
  "path_perturbed_edited": "phase2/outputs/phase2c_probe/semantic_heavy_cem/headphones_ear_tight/strong/seed_00/candidates/cand_005_g01_m05/perturbed_edited.png",
  "perturbed_clip_positive_margin": 0.030481964349746704,
  "perturbed_semantic_success_score": 0.030481964349746704,
  "phase": "phase2c_probe",
  "phase2_final_score": 0.020968567992384123,
  "phase2_output_disruption": 0.08387427196953649,
  "phase2_score_formula": "8.0*max(0,semantic_drop)+0.25*output_disruption-3.0*input_damage_penalty-0.75*geometry_excess_penalty",
  "prompt": "add headphones",
  "prompt_priority": 1,
  "prompt_slug": "add_headphones",
  "region_count": 2,
  "region_key": "headphones_ear_tight",
  "right_crop_clean_margin": 0.021481528878211975,
  "right_crop_perturbed_margin": 0.021989792585372925,
  "right_crop_semantic_drop": -0.0005082637071609497,
  "scale_factor": 0.5786320567131042,
  "seed": 24201,
  "semantic_drop": -0.0026396214962005615,
  "semantic_drop_weight": 8.0,
  "target_input_ssim": 0.9,
  "top_crop_clean_margin": 0.007498979568481445,
  "top_crop_perturbed_margin": 0.004433363676071167,
  "top_crop_semantic_drop": 0.0030656158924102783,
  "tps_size": 4
}
