{
  "action_names": [
    "jaw_expand",
    "jaw_compress",
    "chin_raise",
    "chin_lower",
    "mouth_width_expand",
    "lower_face_shift"
  ],
  "action_strength": 0.72,
  "action_values": {
    "chin_lower": -0.7085720236545349,
    "chin_raise": -0.5952657546788578,
    "jaw_compress": -0.11065258757347038,
    "jaw_expand": -0.4771449901059344,
    "lower_face_shift": 0.624579313312782,
    "mouth_width_expand": -0.41311263313572943
  },
  "active_actions": {
    "chin_lower": -0.7085720236545349,
    "chin_raise": -0.5952657546788578,
    "jaw_compress": -0.11065258757347038,
    "jaw_expand": -0.4771449901059344,
    "lower_face_shift": 0.624579313312782,
    "mouth_width_expand": -0.41311263313572943
  },
  "active_anchor_count": 6,
  "control_point_count": 14,
  "geometry_method": "landmark_piecewise_affine",
  "landmark_count": 478,
  "landmark_detector": "mediapipe_python_solutions_face_mesh",
  "max_disp_px_budget": 8.0,
  "require_real_landmarks": true,
  "scale_factor": 0.8806421583331554,
  "source_control_points": [
    [
      121.2041244506836,
      337.6188049316406
    ],
    [
      320.013916015625,
      337.6188049316406
    ],
    [
      220.60902404785156,
      380.00543212890625
    ],
    [
      230.18051147460938,
      328.033203125
    ],
    [
      175.53616333007812,
      296.00701904296875
    ],
    [
      289.4280700683594,
      296.00701904296875
    ],
    [
      0.0,
      0.0
    ],
    [
      511.0,
      0.0
    ],
    [
      0.0,
      511.0
    ],
    [
      511.0,
      511.0
    ],
    [
      256.0,
      0.0
    ],
    [
      256.0,
      511.0
    ],
    [
      0.0,
      256.0
    ],
    [
      511.0,
      256.0
    ]
  ],
  "target_control_points": [
    [
      123.31512451171875,
      337.6188049316406
    ],
    [
      317.9029235839844,
      337.6188049316406
    ],
    [
      223.3072052001953,
      379.352783203125
    ],
    [
      233.77809143066406,
      327.7068786621094
    ],
    [
      177.9156951904297,
      296.00701904296875
    ],
    [
      287.0485534667969,
      296.00701904296875
    ],
    [
      0.0,
      0.0
    ],
    [
      511.0,
      0.0
    ],
    [
      0.0,
      511.0
    ],
    [
      511.0,
      511.0
    ],
    [
      256.0,
      0.0
    ],
    [
      256.0,
      511.0
    ],
    [
      0.0,
      256.0
    ],
    [
      511.0,
      256.0
    ]
  ],
  "tps_regularization": 0.0001
}
