{
  "clean_clip_positive_margin": 0.030473262071609497,
  "clean_semantic_success_score": 0.030473262071609497,
  "clip_available": true,
  "clip_semantic_drop": -0.0007601082324981689,
  "clip_warning": null,
  "crop_clip_available": false,
  "crop_clip_warning": null,
  "decision_label": "metric_only_candidate",
  "decision_reasons": [
    "semantic_drop_nonpositive:-0.0008",
    "semantic_drop_nonpositive:-0.0008",
    "semantic_drop_nonpositive:-0.0008"
  ],
  "edit_failure_score": 0.0,
  "final_attack_score": 0.1041050661688186,
  "full_image_semantic_drop": -0.0007601082324981689,
  "geometry_excess_penalty": 0.0,
  "geometry_excess_penalty_weight": 0.75,
  "identity_or_face_health_available": false,
  "input_damage_penalty": 0.0,
  "input_damage_penalty_weight": 3.0,
  "input_l2": 0.02182903172384492,
  "input_max_abs": 0.3764705955982208,
  "input_mean_abs": 0.0103349843993783,
  "input_preservation_score": 0.3887901306152344,
  "input_psnr": 33.21931055958493,
  "input_ssim": 0.9266548156738281,
  "max_disp_px_budget": 8.0,
  "output_disruption_score": 0.2082101323376372,
  "output_disruption_weight": 0.5,
  "output_l2": 0.0266306603493858,
  "output_max_abs": 0.45098039507865906,
  "output_mean_abs": 0.0167857576161623,
  "output_psnr": 31.492361288165455,
  "output_ssim": 0.898312509059906,
  "perturbed_clip_positive_margin": 0.031233370304107666,
  "perturbed_semantic_success_score": 0.031233370304107666,
  "phase2_final_score": 0.1041050661688186,
  "phase2_output_disruption": 0.2082101323376372,
  "phase2_score_formula": "8.0*max(0,semantic_drop)+0.5*output_disruption-3.0*input_damage_penalty-0.75*geometry_excess_penalty",
  "phase4_budget_name": "strong",
  "phase4_final_score": 0.1041050661688186,
  "phase4_score_formula": "8.0*max(0,semantic_drop)+0.5*output_disruption-3.0*input_damage_penalty-0.75*geometry_excess_penalty",
  "semantic_drop": -0.0007601082324981689,
  "semantic_drop_weight": 8.0,
  "target_input_ssim": 0.88
}
