{
  "displacement": {
    "budget_max_disp_px": 14.0,
    "max_disp_px": 6.773332118988037,
    "max_disp_px_budget": 14.0,
    "mean_disp_px": 1.2282322645187378,
    "p95_disp_px": 3.700721025466919,
    "target_input_ssim": 0.78
  },
  "input": {
    "l2": 0.036626893220086734,
    "max_abs": 0.8117647171020508,
    "mean_abs": 0.015613197349011898,
    "psnr": 28.723998353214593,
    "ssim": 0.8840593695640564
  },
  "output": {
    "l2": 0.047158901456685276,
    "max_abs": 0.9137254953384399,
    "mean_abs": 0.020747289061546326,
    "psnr": 26.528726402690992,
    "ssim": 0.8602723479270935
  }
}
