{
  "displacement": {
    "budget_max_disp_px": 6.0,
    "max_disp_px": 1.7397760152816772,
    "max_disp_px_budget": 6.0,
    "mean_disp_px": 0.30779027938842773,
    "p95_disp_px": 1.4093929529190063,
    "target_input_ssim": 0.9
  },
  "input": {
    "l2": 0.012214165629280856,
    "max_abs": 0.7490196228027344,
    "mean_abs": 0.003542352467775345,
    "psnr": 38.26272390164669,
    "ssim": 0.9703238010406494
  },
  "output": {
    "l2": 0.01983079757073845,
    "max_abs": 0.7568627595901489,
    "mean_abs": 0.007486401125788689,
    "psnr": 34.05319637287323,
    "ssim": 0.95663982629776
  }
}
