{
  "displacement": {
    "budget_max_disp_px": 6.0,
    "max_disp_px": 4.551724433898926,
    "max_disp_px_budget": 6.0,
    "mean_disp_px": 0.7854007482528687,
    "p95_disp_px": 3.5154454708099365,
    "target_input_ssim": 0.9
  },
  "input": {
    "l2": 0.023550813905611364,
    "max_abs": 0.9333333373069763,
    "mean_abs": 0.006193194072693586,
    "psnr": 32.55988158504754,
    "ssim": 0.9442095756530762
  },
  "output": {
    "l2": 0.032436345502028556,
    "max_abs": 0.8901960849761963,
    "mean_abs": 0.01210296992212534,
    "psnr": 29.779361645141226,
    "ssim": 0.9260314106941223
  }
}
