{
  "displacement": {
    "budget_max_disp_px": 14.0,
    "max_disp_px": 6.3317718505859375,
    "max_disp_px_budget": 14.0,
    "mean_disp_px": 1.2824369668960571,
    "p95_disp_px": 3.4986343383789062,
    "target_input_ssim": 0.78
  },
  "input": {
    "l2": 0.035594918722502526,
    "max_abs": 0.8078431487083435,
    "mean_abs": 0.016128433868288994,
    "psnr": 28.972239887892005,
    "ssim": 0.8779940605163574
  },
  "output": {
    "l2": 0.045345098283684375,
    "max_abs": 1.0,
    "mean_abs": 0.021404476836323738,
    "psnr": 26.86939304899173,
    "ssim": 0.8587208390235901
  }
}
