{
  "displacement": {
    "budget_max_disp_px": 4.0,
    "max_disp_px": 3.9960005283355713,
    "max_disp_px_budget": 4.0,
    "mean_disp_px": 0.7616762518882751,
    "p95_disp_px": 3.1820459365844727,
    "target_input_ssim": 0.94
  },
  "input": {
    "l2": 0.02147371667131425,
    "max_abs": 0.458823561668396,
    "mean_abs": 0.007375469896942377,
    "psnr": 33.36185562720614,
    "ssim": 0.9225898385047913
  },
  "output": {
    "l2": 0.028477721506310543,
    "max_abs": 0.7607843279838562,
    "mean_abs": 0.014164309948682785,
    "psnr": 30.90989522824689,
    "ssim": 0.9104457497596741
  }
}
