{
  "clean_clip_positive_margin": 0.027842342853546143,
  "clean_semantic_success_score": 0.027842342853546143,
  "clip_available": true,
  "clip_semantic_drop": -0.0038278400897979736,
  "clip_warning": null,
  "crop_clip_available": true,
  "crop_clip_warning": null,
  "decision_label": "reject_input_damage",
  "decision_reasons": [
    "input_ssim_below_target:0.9226<0.9400",
    "semantic_drop_nonpositive:-0.0038"
  ],
  "edit_failure_score": 0.0,
  "final_attack_score": -0.36697759181861644,
  "full_image_semantic_drop": -0.0038278400897979736,
  "geometry_excess_penalty": 0.0,
  "geometry_excess_penalty_weight": 0.75,
  "identity_or_face_health_available": false,
  "input_damage_penalty": 0.1392812919616695,
  "input_damage_penalty_weight": 3.0,
  "input_l2": 0.02147371667131425,
  "input_max_abs": 0.458823561668396,
  "input_mean_abs": 0.007375469896942377,
  "input_preservation_score": 0.0,
  "input_psnr": 33.36185562720614,
  "input_ssim": 0.9225898385047913,
  "left_crop_clean_margin": 0.02535329759120941,
  "left_crop_perturbed_margin": 0.024057865142822266,
  "left_crop_semantic_drop": 0.001295432448387146,
  "max_disp_px_budget": 4.0,
  "mean_crop_margin": 0.015908231337865193,
  "mean_crop_semantic_drop": 0.0022030373414357505,
  "min_crop_margin": 0.004625499248504639,
  "min_crop_semantic_drop": 0.001295432448387146,
  "output_disruption_score": 0.20346513626556811,
  "output_disruption_weight": 0.25,
  "output_l2": 0.028477721506310543,
  "output_max_abs": 0.7607843279838562,
  "output_mean_abs": 0.014164309948682785,
  "output_psnr": 30.90989522824689,
  "output_ssim": 0.9104457497596741,
  "perturbed_clip_positive_margin": 0.031670182943344116,
  "perturbed_semantic_success_score": 0.031670182943344116,
  "phase2_final_score": -0.36697759181861644,
  "phase2_output_disruption": 0.20346513626556811,
  "phase2_score_formula": "8.0*max(0,semantic_drop)+0.25*output_disruption-3.0*input_damage_penalty-0.75*geometry_excess_penalty",
  "right_crop_clean_margin": 0.021481528878211975,
  "right_crop_perturbed_margin": 0.019041329622268677,
  "right_crop_semantic_drop": 0.0024401992559432983,
  "semantic_drop": -0.0038278400897979736,
  "semantic_drop_weight": 8.0,
  "target_input_ssim": 0.94,
  "top_crop_clean_margin": 0.007498979568481445,
  "top_crop_perturbed_margin": 0.004625499248504639,
  "top_crop_semantic_drop": 0.0028734803199768066
}
