{
  "geometry_info": {
    "action_names": [
      "jaw_expand",
      "jaw_compress",
      "chin_raise",
      "chin_lower",
      "mouth_width_expand",
      "lower_face_shift"
    ],
    "action_strength": 0.72,
    "action_values": {
      "chin_lower": 0.16747044879515552,
      "chin_raise": -0.7550971263151863,
      "jaw_compress": 0.6739592052287132,
      "jaw_expand": -0.19471776132559493,
      "lower_face_shift": -0.7896988091314261,
      "mouth_width_expand": 0.1308954605271873
    },
    "active_actions": {
      "chin_lower": 0.16747044879515552,
      "chin_raise": -0.7550971263151863,
      "jaw_compress": 0.6739592052287132,
      "jaw_expand": -0.19471776132559493,
      "lower_face_shift": -0.7896988091314261,
      "mouth_width_expand": 0.1308954605271873
    },
    "active_anchor_count": 6,
    "control_point_count": 14,
    "geometry_method": "landmark_semantic_tps",
    "max_disp_px_budget": 14.0,
    "scale_factor": 0.896680446993275,
    "source_control_points": [
      [
        174.0800018310547,
        394.239990234375
      ],
      [
        337.9200134277344,
        394.239990234375
      ],
      [
        256.0,
        419.8399963378906
      ],
      [
        256.0,
        376.32000732421875
      ],
      [
        204.8000030517578,
        335.3599853515625
      ],
      [
        307.20001220703125,
        335.3599853515625
      ],
      [
        0.0,
        0.0
      ],
      [
        511.0,
        0.0
      ],
      [
        0.0,
        511.0
      ],
      [
        511.0,
        511.0
      ],
      [
        256.0,
        0.0
      ],
      [
        256.0,
        511.0
      ],
      [
        0.0,
        256.0
      ],
      [
        511.0,
        256.0
      ]
    ],
    "target_control_points": [
      [
        182.83627319335938,
        394.239990234375
      ],
      [
        329.16375732421875,
        394.239990234375
      ],
      [
        250.02987670898438,
        429.13946533203125
      ],
      [
        248.0398406982422,
        380.9697570800781
      ],
      [
        203.48057556152344,
        335.3599853515625
      ],
      [
        308.5194396972656,
        335.3599853515625
      ],
      [
        0.0,
        0.0
      ],
      [
        511.0,
        0.0
      ],
      [
        0.0,
        511.0
      ],
      [
        511.0,
        511.0
      ],
      [
        256.0,
        0.0
      ],
      [
        256.0,
        511.0
      ],
      [
        0.0,
        256.0
      ],
      [
        511.0,
        256.0
      ]
    ],
    "tps_regularization": 0.0001
  },
  "names": [
    "scale_logit",
    "action_jaw_expand",
    "action_jaw_compress",
    "action_chin_raise",
    "action_chin_lower",
    "action_mouth_width_expand",
    "action_lower_face_shift"
  ],
  "values": [
    0.9542500972747803,
    -0.22066733241081238,
    0.9766586422920227,
    -1.2283594608306885,
    0.18898536264896393,
    0.14702819287776947,
    -1.3788409233093262
  ]
}
