{
  "budget": "strong",
  "budget_max_disp_px": 8.0,
  "candidate_folder_abs": "/home/interns/Desktop/mat/phase4/outputs/phase4a_existence_probe/cases/face_003/igs_1p00/add_headphones/strong/seed_00/candidates/cand_006_g01_m06",
  "candidate_index": 6,
  "candidate_name": "cand_006_g01_m06",
  "case_id": "face_003__add_headphones__igs_1p00",
  "elapsed_seconds": 2.5756928250193596,
  "face_id": "face_003",
  "generation": 1,
  "geometry_method": "landmark_piecewise_affine",
  "guidance_scale": 7.5,
  "image_guidance_scale": 1.0,
  "initial_candidate": false,
  "input_l2": 0.03737858791008462,
  "input_max_abs": 0.545098066329956,
  "input_mean_abs": 0.018663479015231133,
  "input_psnr": 28.54754218886123,
  "input_ssim": 0.8260495066642761,
  "max_disp_px": 6.679821014404297,
  "max_disp_px_budget": 8.0,
  "mean_disp_px": 1.5836535692214966,
  "member": 6,
  "output_l2": 0.07515262035876331,
  "output_max_abs": 0.8392156958580017,
  "output_mean_abs": 0.032451603561639786,
  "output_psnr": 22.481117443920237,
  "output_ssim": 0.8279526233673096,
  "p95_disp_px": 4.326778411865234,
  "phase": "phase4a_existence_probe",
  "prompt": "add headphones",
  "prompt_slug": "add_headphones",
  "prompt_type": "headphones",
  "seed": 52001,
  "target_input_ssim": 0.88,
  "theta_names": [
    "scale_logit",
    "action_face_side_push_left",
    "action_face_side_push_right",
    "action_head_top_raise",
    "action_head_top_lower",
    "action_jaw_expand",
    "action_jaw_compress",
    "action_asymmetry_twist"
  ],
  "theta_values": [
    0.16771888732910156,
    -0.8374725580215454,
    2.0894384384155273,
    1.4684786796569824,
    -1.2106988430023193,
    1.2428950071334839,
    0.5760341286659241,
    -0.15492692589759827
  ]
}
