{
  "best_folder": "phase2/outputs/phase2c_probe/semantic_heavy_cem/headphones_ear_tight/strong/seed_00/candidates/cand_048_g03_m16",
  "budget": "strong",
  "budget_max_disp_px": 6.0,
  "candidate_folder": "phase2/outputs/phase2c_probe/semantic_heavy_cem/headphones_ear_tight/strong/seed_00/candidates/cand_048_g03_m16",
  "candidate_index": 48,
  "candidate_name": "cand_048_g03_m16",
  "clean_clip_positive_margin": 0.027842342853546143,
  "clean_semantic_success_score": 0.027842342853546143,
  "clip_available": true,
  "clip_semantic_drop": 0.020662248134613037,
  "clip_warning": null,
  "crop_clip_available": true,
  "crop_clip_warning": null,
  "dct_modes": [
    [
      1,
      0
    ],
    [
      0,
      1
    ],
    [
      1,
      1
    ],
    [
      2,
      0
    ],
    [
      0,
      2
    ],
    [
      2,
      1
    ]
  ],
  "decision_label": "weak_candidate",
  "decision_reasons": [],
  "edit_failure_score": 0.020662248134613037,
  "elapsed_seconds": 4.76681050658226,
  "final_attack_score": 0.1849445962417252,
  "full_image_semantic_drop": 0.020662248134613037,
  "generation": 3,
  "geometry_excess_penalty": 0.0,
  "geometry_excess_penalty_weight": 0.75,
  "geometry_method": "region_local_tps",
  "identity_or_face_health_available": false,
  "initial_candidate": false,
  "input_damage_penalty": 0.0,
  "input_damage_penalty_weight": 3.0,
  "input_l2": 0.005525243654214584,
  "input_max_abs": 0.46666669845581055,
  "input_mean_abs": 0.00114352663513273,
  "input_preservation_score": 0.9151021242141724,
  "input_psnr": 45.15297131087456,
  "input_ssim": 0.9915102124214172,
  "left_crop_clean_margin": 0.02535329759120941,
  "left_crop_perturbed_margin": 0.02386099100112915,
  "left_crop_semantic_drop": 0.0014923065900802612,
  "max_disp_px": 1.4956167936325073,
  "max_disp_px_budget": 6.0,
  "mean_crop_margin": 0.014763519167900085,
  "mean_crop_semantic_drop": 0.0033477495114008584,
  "mean_disp_px": 0.1035945937037468,
  "member": 16,
  "mesh_size": 4,
  "min_crop_margin": 0.002425938844680786,
  "min_crop_semantic_drop": 0.0014923065900802612,
  "output_disruption_score": 0.07858644465928372,
  "output_disruption_weight": 0.25,
  "output_l2": 0.013420920919192574,
  "output_max_abs": 0.7333333492279053,
  "output_mean_abs": 0.005858104210346937,
  "output_psnr": 37.4443536529361,
  "output_ssim": 0.9750972390174866,
  "p95_disp_px": 0.831876277923584,
  "path_flow": "phase2/outputs/phase2c_probe/semantic_heavy_cem/headphones_ear_tight/strong/seed_00/candidates/cand_048_g03_m16/flow.png",
  "path_original": "phase2/outputs/phase2c_probe/semantic_heavy_cem/headphones_ear_tight/strong/seed_00/candidates/cand_048_g03_m16/original.png",
  "path_original_edited": "phase2/outputs/phase2c_probe/semantic_heavy_cem/headphones_ear_tight/strong/seed_00/candidates/cand_048_g03_m16/original_edited.png",
  "path_perturbed": "phase2/outputs/phase2c_probe/semantic_heavy_cem/headphones_ear_tight/strong/seed_00/candidates/cand_048_g03_m16/perturbed.png",
  "path_perturbed_edited": "phase2/outputs/phase2c_probe/semantic_heavy_cem/headphones_ear_tight/strong/seed_00/candidates/cand_048_g03_m16/perturbed_edited.png",
  "perturbed_clip_positive_margin": 0.0071800947189331055,
  "perturbed_semantic_success_score": 0.0071800947189331055,
  "phase": "phase2c_probe",
  "phase2_final_score": 0.1849445962417252,
  "phase2_output_disruption": 0.07858644465928372,
  "phase2_score_formula": "8.0*max(0,semantic_drop)+0.25*output_disruption-3.0*input_damage_penalty-0.75*geometry_excess_penalty",
  "prompt": "add headphones",
  "prompt_priority": 1,
  "prompt_slug": "add_headphones",
  "region_count": 2,
  "region_key": "headphones_ear_tight",
  "right_crop_clean_margin": 0.021481528878211975,
  "right_crop_perturbed_margin": 0.01800362765789032,
  "right_crop_semantic_drop": 0.0034779012203216553,
  "scale_factor": 0.2637675404548645,
  "seed": 24201,
  "semantic_drop": 0.020662248134613037,
  "semantic_drop_weight": 8.0,
  "target_input_ssim": 0.9,
  "top_crop_clean_margin": 0.007498979568481445,
  "top_crop_perturbed_margin": 0.002425938844680786,
  "top_crop_semantic_drop": 0.005073040723800659,
  "tps_size": 4
}
