{
  "clean_clip_positive_margin": 0.055569812655448914,
  "clean_semantic_success_score": 0.055569812655448914,
  "clip_available": true,
  "clip_semantic_drop": 0.004695460200309753,
  "clip_warning": null,
  "crop_clip_available": true,
  "crop_clip_warning": null,
  "decision_label": "metric_only_candidate",
  "decision_reasons": [
    "semantic_drop_small:0.0047",
    "semantic_drop_small:0.0047",
    "semantic_drop_small:0.0047"
  ],
  "edit_failure_score": 0.004695460200309753,
  "final_attack_score": 0.16099042533812663,
  "full_image_semantic_drop": 0.004695460200309753,
  "geometry_excess_penalty": 0.0,
  "geometry_excess_penalty_weight": 0.75,
  "identity_or_face_health_available": false,
  "input_damage_penalty": 0.0,
  "input_damage_penalty_weight": 3.0,
  "input_l2": 0.02689214607714273,
  "input_max_abs": 0.7411764860153198,
  "input_mean_abs": 0.010677996091544628,
  "input_preservation_score": 0.4609137376149495,
  "input_psnr": 31.407490766786918,
  "input_ssim": 0.935309648513794,
  "left_crop_clean_margin": 0.027460142970085144,
  "left_crop_perturbed_margin": 0.02912101149559021,
  "left_crop_semantic_drop": -0.001660868525505066,
  "max_disp_px_budget": 8.0,
  "mean_crop_margin": 0.01196060578028361,
  "mean_crop_semantic_drop": 0.005009661118189494,
  "min_crop_margin": -0.0017518997192382812,
  "min_crop_semantic_drop": -0.001660868525505066,
  "output_disruption_score": 0.2468534874712972,
  "output_disruption_weight": 0.5,
  "output_l2": 0.038997579807925925,
  "output_max_abs": 0.8235294222831726,
  "output_mean_abs": 0.016220947727560997,
  "output_psnr": 28.17924688956087,
  "output_ssim": 0.9091368317604065,
  "perturbed_clip_positive_margin": 0.05087435245513916,
  "perturbed_semantic_success_score": 0.05087435245513916,
  "phase2_final_score": 0.16099042533812663,
  "phase2_output_disruption": 0.2468534874712972,
  "phase2_score_formula": "8.0*max(0,semantic_drop)+0.5*output_disruption-3.0*input_damage_penalty-0.75*geometry_excess_penalty",
  "phase4_budget_name": "strong",
  "phase4_final_score": 0.16099042533812663,
  "phase4_score_formula": "8.0*max(0,semantic_drop)+0.5*output_disruption-3.0*input_damage_penalty-0.75*geometry_excess_penalty",
  "right_crop_clean_margin": 0.025357991456985474,
  "right_crop_perturbed_margin": 0.008512705564498901,
  "right_crop_semantic_drop": 0.016845285892486572,
  "semantic_drop": 0.004695460200309753,
  "semantic_drop_weight": 8.0,
  "target_input_ssim": 0.88,
  "top_crop_clean_margin": -0.0019073337316513062,
  "top_crop_perturbed_margin": -0.0017518997192382812,
  "top_crop_semantic_drop": -0.0001554340124130249
}
