{
  "displacement": {
    "foldover_fraction_det_below_0": 0.0,
    "jacobian_det_mean": 0.9999999403953552,
    "jacobian_det_min": 0.7829405665397644,
    "low_det_fraction_below_0p2": 0.0,
    "max_disp_px": 3.7134838104248047,
    "mean_disp_px": 0.41823917627334595,
    "p95_disp_px": 2.174100399017334
  },
  "input": {
    "l2": 0.015260866023807574,
    "max_abs": 0.6274510025978088,
    "mean_abs": 0.005676038563251495,
    "psnr": 36.328416406667465,
    "ssim": 0.9476287961006165
  },
  "output": {
    "l2": 0.027130973339287705,
    "max_abs": 0.6352941393852234,
    "mean_abs": 0.014567997306585312,
    "psnr": 31.330692507887143,
    "ssim": 0.9222506880760193
  }
}
