{
  "displacement": {
    "budget_max_disp_px": 4.0,
    "max_disp_px": 2.34218168258667,
    "max_disp_px_budget": 4.0,
    "mean_disp_px": 0.19655978679656982,
    "p95_disp_px": 1.3351022005081177,
    "target_input_ssim": 0.94
  },
  "input": {
    "l2": 0.0160999306004387,
    "max_abs": 0.45490196347236633,
    "mean_abs": 0.0036309638526290655,
    "psnr": 35.86351992024683,
    "ssim": 0.970012903213501
  },
  "output": {
    "l2": 0.025750872522783595,
    "max_abs": 0.8352941274642944,
    "mean_abs": 0.007719170767813921,
    "psnr": 31.78416102145739,
    "ssim": 0.9635851979255676
  }
}
