{
  "attack_score": 0.16011805313407146,
  "input_damage_penalty": 0.0,
  "normalized_output_l2": 0.08459586876212322,
  "output_disruption": 0.16011805313407146
}
