{
  "clean_clip_positive_margin": 0.026591509580612183,
  "clean_semantic_success_score": 0.026591509580612183,
  "clip_available": true,
  "clip_semantic_drop": -0.0007969439029693604,
  "clip_warning": null,
  "decision_label": "metric_only_candidate",
  "decision_reasons": [
    "semantic_drop_nonpositive:-0.0008",
    "semantic_drop_nonpositive:-0.0008"
  ],
  "edit_failure_score": 0.0,
  "final_attack_score": 0.13917058529289078,
  "geometry_excess_penalty": 0.0,
  "geometry_excess_penalty_weight": 1.0,
  "identity_or_face_health_available": false,
  "input_damage_penalty": 0.0,
  "input_damage_penalty_weight": 3.0,
  "input_l2": 0.01570432335310471,
  "input_max_abs": 0.615686297416687,
  "input_mean_abs": 0.003560304408892989,
  "input_preservation_score": 0.7895057712282454,
  "input_psnr": 36.079615423251,
  "input_ssim": 0.9705308079719543,
  "max_disp_px_budget": 8.0,
  "output_disruption_score": 0.13917058529289078,
  "output_disruption_weight": 1.0,
  "output_l2": 0.022007688437480504,
  "output_max_abs": 0.6117647290229797,
  "output_mean_abs": 0.007834110409021378,
  "output_psnr": 33.148511417508104,
  "output_ssim": 0.9488601684570312,
  "perturbed_clip_positive_margin": 0.027388453483581543,
  "perturbed_semantic_success_score": 0.027388453483581543,
  "phase2_final_score": 0.13917058529289078,
  "phase2_output_disruption": 0.13917058529289078,
  "phase2_score_formula": "4*max(0,semantic_drop)+1*output_disruption-3*input_damage_penalty-1*geometry_excess_penalty",
  "semantic_drop": -0.0007969439029693604,
  "semantic_drop_weight": 4.0,
  "target_input_ssim": 0.86
}
