{
  "budget": "medium",
  "budget_max_disp_px": 4.0,
  "candidate_folder_abs": "/home/interns/Desktop/mat/phase2/outputs/phase2a_probe/parallel_benchmark/parallel_2/candidates/cand_002_g01_m02",
  "candidate_index": 2,
  "candidate_name": "cand_002_g01_m02",
  "dct_modes": [
    [
      1,
      0
    ],
    [
      0,
      1
    ],
    [
      1,
      1
    ],
    [
      2,
      0
    ],
    [
      0,
      2
    ],
    [
      2,
      1
    ]
  ],
  "elapsed_seconds": 7.880273383110762,
  "generation": 1,
  "geometry_method": "region_local_mesh",
  "initial_candidate": false,
  "input_l2": 0.013837770032121667,
  "input_max_abs": 0.2823529839515686,
  "input_mean_abs": 0.0038251883815973997,
  "input_psnr": 37.17867782298185,
  "input_ssim": 0.9662453532218933,
  "max_disp_px": 2.1636033058166504,
  "max_disp_px_budget": 4.0,
  "mean_disp_px": 0.23444443941116333,
  "member": 2,
  "mesh_size": 4,
  "output_l2": 0.02055631023422369,
  "output_max_abs": 0.5254902243614197,
  "output_mean_abs": 0.009391042403876781,
  "output_psnr": 33.74109673198213,
  "output_ssim": 0.9468490481376648,
  "p95_disp_px": 1.3499082326889038,
  "phase": "benchmark_parallel_2",
  "prompt": "add headphones",
  "prompt_priority": 1,
  "prompt_slug": "add_headphones",
  "region_count": 3,
  "region_key": "headphones",
  "scale_factor": 0.5519396066665649,
  "seed": 99901,
  "target_input_ssim": 0.94,
  "tps_size": 4
}
