{
  "clean_clip_positive_margin": 0.02973318099975586,
  "clean_semantic_success_score": 0.02973318099975586,
  "clip_available": true,
  "clip_semantic_drop": 0.00442931056022644,
  "clip_warning": null,
  "decision_label": "metric_only_candidate",
  "decision_reasons": [
    "semantic_drop_small:0.0044",
    "semantic_drop_small:0.0044"
  ],
  "edit_failure_score": 0.00442931056022644,
  "final_attack_score": 0.1736458350662482,
  "geometry_excess_penalty": 0.0,
  "geometry_excess_penalty_weight": 1.0,
  "identity_or_face_health_available": false,
  "input_damage_penalty": 0.0,
  "input_damage_penalty_weight": 3.0,
  "input_l2": 0.022633291658580662,
  "input_max_abs": 0.9215686321258545,
  "input_mean_abs": 0.0044344584457576275,
  "input_preservation_score": 0.6411013603210448,
  "input_psnr": 32.905045602125,
  "input_ssim": 0.9641101360321045,
  "max_disp_px_budget": 6.0,
  "output_disruption_score": 0.15592859282534244,
  "output_disruption_weight": 1.0,
  "output_l2": 0.026666517293554848,
  "output_max_abs": 0.8196078538894653,
  "output_mean_abs": 0.007628589868545532,
  "output_psnr": 31.4806740086293,
  "output_ssim": 0.950737476348877,
  "perturbed_clip_positive_margin": 0.02530387043952942,
  "perturbed_semantic_success_score": 0.02530387043952942,
  "phase2_final_score": 0.1736458350662482,
  "phase2_output_disruption": 0.15592859282534244,
  "phase2_score_formula": "4*max(0,semantic_drop)+1*output_disruption-3*input_damage_penalty-1*geometry_excess_penalty",
  "semantic_drop": 0.00442931056022644,
  "semantic_drop_weight": 4.0,
  "target_input_ssim": 0.9
}
