{
  "displacement": {
    "budget_max_disp_px": 4.0,
    "max_disp_px": 2.593797206878662,
    "max_disp_px_budget": 4.0,
    "mean_disp_px": 0.5166309475898743,
    "p95_disp_px": 2.0089492797851562,
    "target_input_ssim": 0.94
  },
  "input": {
    "l2": 0.025759570261374744,
    "max_abs": 0.5333333015441895,
    "mean_abs": 0.008154681883752346,
    "psnr": 31.781227728938898,
    "ssim": 0.9263959527015686
  },
  "output": {
    "l2": 0.04791429601684248,
    "max_abs": 0.800000011920929,
    "mean_abs": 0.01595483161509037,
    "psnr": 26.390697767239107,
    "ssim": 0.9176334738731384
  }
}
