{
  "best_folder": "phase2/outputs/phase2c_probe/semantic_heavy_cem/headphones_top_only/existence_probe/seed_00/candidates/cand_004_g01_m04",
  "budget": "existence_probe",
  "budget_max_disp_px": 8.0,
  "candidate_folder": "phase2/outputs/phase2c_probe/semantic_heavy_cem/headphones_top_only/existence_probe/seed_00/candidates/cand_004_g01_m04",
  "candidate_index": 4,
  "candidate_name": "cand_004_g01_m04",
  "clean_clip_positive_margin": 0.027842342853546143,
  "clean_semantic_success_score": 0.027842342853546143,
  "clip_available": true,
  "clip_semantic_drop": 0.01981586217880249,
  "clip_warning": null,
  "crop_clip_available": true,
  "crop_clip_warning": null,
  "dct_modes": [
    [
      1,
      0
    ],
    [
      0,
      1
    ],
    [
      1,
      1
    ],
    [
      2,
      0
    ],
    [
      0,
      2
    ],
    [
      2,
      1
    ]
  ],
  "decision_label": "weak_candidate",
  "decision_reasons": [
    "semantic_drop_small:0.0198"
  ],
  "edit_failure_score": 0.01981586217880249,
  "elapsed_seconds": 5.569880802184343,
  "final_attack_score": 0.18501429063783373,
  "full_image_semantic_drop": 0.01981586217880249,
  "generation": 1,
  "geometry_excess_penalty": 0.0,
  "geometry_excess_penalty_weight": 0.75,
  "geometry_method": "region_local_tps",
  "identity_or_face_health_available": false,
  "initial_candidate": false,
  "input_damage_penalty": 0.0,
  "input_damage_penalty_weight": 3.0,
  "input_l2": 0.010071358159564394,
  "input_max_abs": 0.29411762952804565,
  "input_mean_abs": 0.002126860897988081,
  "input_preservation_score": 0.8688255037580218,
  "input_psnr": 39.93823918588603,
  "input_ssim": 0.981635570526123,
  "left_crop_clean_margin": 0.02535329759120941,
  "left_crop_perturbed_margin": 0.027261540293693542,
  "left_crop_semantic_drop": -0.0019082427024841309,
  "max_disp_px": 1.439884901046753,
  "max_disp_px_budget": 8.0,
  "mean_crop_margin": 0.017021939158439636,
  "mean_crop_semantic_drop": 0.0010893295208613079,
  "mean_disp_px": 0.1016751080751419,
  "member": 4,
  "mesh_size": 4,
  "min_crop_margin": 0.003267526626586914,
  "min_crop_semantic_drop": -0.0019082427024841309,
  "output_disruption_score": 0.10594957282965524,
  "output_disruption_weight": 0.25,
  "output_l2": 0.016941187805993217,
  "output_max_abs": 0.48235297203063965,
  "output_mean_abs": 0.00695062754675746,
  "output_psnr": 35.42112286062134,
  "output_ssim": 0.9618151783943176,
  "p95_disp_px": 0.840557336807251,
  "path_flow": "phase2/outputs/phase2c_probe/semantic_heavy_cem/headphones_top_only/existence_probe/seed_00/candidates/cand_004_g01_m04/flow.png",
  "path_original": "phase2/outputs/phase2c_probe/semantic_heavy_cem/headphones_top_only/existence_probe/seed_00/candidates/cand_004_g01_m04/original.png",
  "path_original_edited": "phase2/outputs/phase2c_probe/semantic_heavy_cem/headphones_top_only/existence_probe/seed_00/candidates/cand_004_g01_m04/original_edited.png",
  "path_perturbed": "phase2/outputs/phase2c_probe/semantic_heavy_cem/headphones_top_only/existence_probe/seed_00/candidates/cand_004_g01_m04/perturbed.png",
  "path_perturbed_edited": "phase2/outputs/phase2c_probe/semantic_heavy_cem/headphones_top_only/existence_probe/seed_00/candidates/cand_004_g01_m04/perturbed_edited.png",
  "perturbed_clip_positive_margin": 0.008026480674743652,
  "perturbed_semantic_success_score": 0.008026480674743652,
  "phase": "phase2c_probe",
  "phase2_final_score": 0.18501429063783373,
  "phase2_output_disruption": 0.10594957282965524,
  "phase2_score_formula": "8.0*max(0,semantic_drop)+0.25*output_disruption-3.0*input_damage_penalty-0.75*geometry_excess_penalty",
  "prompt": "add headphones",
  "prompt_priority": 1,
  "prompt_slug": "add_headphones",
  "region_count": 1,
  "region_key": "headphones_top_only",
  "right_crop_clean_margin": 0.021481528878211975,
  "right_crop_perturbed_margin": 0.020536750555038452,
  "right_crop_semantic_drop": 0.000944778323173523,
  "scale_factor": 0.2638676166534424,
  "seed": 24302,
  "semantic_drop": 0.01981586217880249,
  "semantic_drop_weight": 8.0,
  "target_input_ssim": 0.86,
  "top_crop_clean_margin": 0.007498979568481445,
  "top_crop_perturbed_margin": 0.003267526626586914,
  "top_crop_semantic_drop": 0.004231452941894531,
  "tps_size": 4
}
