{
  "best_folder": "phase2/outputs/phase2c_probe/semantic_heavy_cem/headphones_ear_tight/strong/seed_00/candidates/cand_057_g04_m09",
  "budget": "strong",
  "budget_max_disp_px": 6.0,
  "candidate_folder": "phase2/outputs/phase2c_probe/semantic_heavy_cem/headphones_ear_tight/strong/seed_00/candidates/cand_057_g04_m09",
  "candidate_index": 57,
  "candidate_name": "cand_057_g04_m09",
  "clean_clip_positive_margin": 0.027842342853546143,
  "clean_semantic_success_score": 0.027842342853546143,
  "clip_available": true,
  "clip_semantic_drop": 0.010157465934753418,
  "clip_warning": null,
  "crop_clip_available": true,
  "crop_clip_warning": null,
  "dct_modes": [
    [
      1,
      0
    ],
    [
      0,
      1
    ],
    [
      1,
      1
    ],
    [
      2,
      0
    ],
    [
      0,
      2
    ],
    [
      2,
      1
    ]
  ],
  "decision_label": "metric_only_candidate",
  "decision_reasons": [
    "semantic_drop_small:0.0102",
    "semantic_drop_small:0.0102"
  ],
  "edit_failure_score": 0.010157465934753418,
  "elapsed_seconds": 4.976597564294934,
  "final_attack_score": 0.0981630149384672,
  "full_image_semantic_drop": 0.010157465934753418,
  "generation": 4,
  "geometry_excess_penalty": 0.0,
  "geometry_excess_penalty_weight": 0.75,
  "geometry_method": "region_local_tps",
  "identity_or_face_health_available": false,
  "initial_candidate": false,
  "input_damage_penalty": 0.0,
  "input_damage_penalty_weight": 3.0,
  "input_l2": 0.004602353600827144,
  "input_max_abs": 0.39215683937072754,
  "input_mean_abs": 0.0010372583055868745,
  "input_preservation_score": 0.9192118644714355,
  "input_psnr": 46.740400347034736,
  "input_ssim": 0.9919211864471436,
  "left_crop_clean_margin": 0.02535329759120941,
  "left_crop_perturbed_margin": 0.024620383977890015,
  "left_crop_semantic_drop": 0.000732913613319397,
  "max_disp_px": 1.6191437244415283,
  "max_disp_px_budget": 6.0,
  "mean_crop_margin": 0.015174955129623413,
  "mean_crop_semantic_drop": 0.0029363135496775308,
  "mean_disp_px": 0.10838868468999863,
  "member": 9,
  "mesh_size": 4,
  "min_crop_margin": 0.0037046968936920166,
  "min_crop_semantic_drop": 0.000732913613319397,
  "output_disruption_score": 0.06761314984175944,
  "output_disruption_weight": 0.25,
  "output_l2": 0.011352619816892801,
  "output_max_abs": 0.7254902124404907,
  "output_mean_abs": 0.005524437874555588,
  "output_psnr": 38.89807811614919,
  "output_ssim": 0.9777973294258118,
  "p95_disp_px": 0.9103942513465881,
  "path_flow": "phase2/outputs/phase2c_probe/semantic_heavy_cem/headphones_ear_tight/strong/seed_00/candidates/cand_057_g04_m09/flow.png",
  "path_original": "phase2/outputs/phase2c_probe/semantic_heavy_cem/headphones_ear_tight/strong/seed_00/candidates/cand_057_g04_m09/original.png",
  "path_original_edited": "phase2/outputs/phase2c_probe/semantic_heavy_cem/headphones_ear_tight/strong/seed_00/candidates/cand_057_g04_m09/original_edited.png",
  "path_perturbed": "phase2/outputs/phase2c_probe/semantic_heavy_cem/headphones_ear_tight/strong/seed_00/candidates/cand_057_g04_m09/perturbed.png",
  "path_perturbed_edited": "phase2/outputs/phase2c_probe/semantic_heavy_cem/headphones_ear_tight/strong/seed_00/candidates/cand_057_g04_m09/perturbed_edited.png",
  "perturbed_clip_positive_margin": 0.017684876918792725,
  "perturbed_semantic_success_score": 0.017684876918792725,
  "phase": "phase2c_probe",
  "phase2_final_score": 0.0981630149384672,
  "phase2_output_disruption": 0.06761314984175944,
  "phase2_score_formula": "8.0*max(0,semantic_drop)+0.25*output_disruption-3.0*input_damage_penalty-0.75*geometry_excess_penalty",
  "prompt": "add headphones",
  "prompt_priority": 1,
  "prompt_slug": "add_headphones",
  "region_count": 2,
  "region_key": "headphones_ear_tight",
  "right_crop_clean_margin": 0.021481528878211975,
  "right_crop_perturbed_margin": 0.017199784517288208,
  "right_crop_semantic_drop": 0.004281744360923767,
  "scale_factor": 0.2790045738220215,
  "seed": 24201,
  "semantic_drop": 0.010157465934753418,
  "semantic_drop_weight": 8.0,
  "target_input_ssim": 0.9,
  "top_crop_clean_margin": 0.007498979568481445,
  "top_crop_perturbed_margin": 0.0037046968936920166,
  "top_crop_semantic_drop": 0.0037942826747894287,
  "tps_size": 4
}
