{
  "geometry_info": {
    "action_names": [
      "face_side_push_left",
      "face_side_push_right",
      "head_top_raise",
      "head_top_lower",
      "jaw_expand",
      "jaw_compress",
      "asymmetry_twist"
    ],
    "action_strength": 0.72,
    "action_values": {
      "asymmetry_twist": -0.6835975989640488,
      "face_side_push_left": -0.16738860118406768,
      "face_side_push_right": -0.5150908284652055,
      "head_top_lower": 0.4908275284094355,
      "head_top_raise": -0.70829826320654,
      "jaw_compress": 0.16257075993459597,
      "jaw_expand": 0.6461645550670024
    },
    "active_actions": {
      "asymmetry_twist": -0.6835975989640488,
      "face_side_push_left": -0.16738860118406768,
      "face_side_push_right": -0.5150908284652055,
      "head_top_lower": 0.4908275284094355,
      "head_top_raise": -0.70829826320654,
      "jaw_compress": 0.16257075993459597,
      "jaw_expand": 0.6461645550670024
    },
    "active_anchor_count": 7,
    "control_point_count": 15,
    "geometry_method": "landmark_piecewise_affine",
    "max_disp_px_budget": 14.0,
    "scale_factor": 0.7432033283026749,
    "source_control_points": [
      [
        112.63999938964844,
        248.3199920654297
      ],
      [
        112.63999938964844,
        253.44000244140625
      ],
      [
        399.3599853515625,
        248.3199920654297
      ],
      [
        399.3599853515625,
        253.44000244140625
      ],
      [
        256.0,
        87.04000091552734
      ],
      [
        174.0800018310547,
        394.239990234375
      ],
      [
        337.9200134277344,
        394.239990234375
      ],
      [
        0.0,
        0.0
      ],
      [
        511.0,
        0.0
      ],
      [
        0.0,
        511.0
      ],
      [
        511.0,
        511.0
      ],
      [
        256.0,
        0.0
      ],
      [
        256.0,
        511.0
      ],
      [
        0.0,
        256.0
      ],
      [
        511.0,
        256.0
      ]
    ],
    "target_control_points": [
      [
        114.32727813720703,
        255.21066284179688
      ],
      [
        113.90545654296875,
        253.44000244140625
      ],
      [
        394.1678771972656,
        241.4293212890625
      ],
      [
        395.4659118652344,
        253.44000244140625
      ],
      [
        256.0,
        99.12718963623047
      ],
      [
        169.20538330078125,
        397.6853332519531
      ],
      [
        342.7946472167969,
        390.7946472167969
      ],
      [
        0.0,
        0.0
      ],
      [
        511.0,
        0.0
      ],
      [
        0.0,
        511.0
      ],
      [
        511.0,
        511.0
      ],
      [
        256.0,
        0.0
      ],
      [
        256.0,
        511.0
      ],
      [
        0.0,
        256.0
      ],
      [
        511.0,
        256.0
      ]
    ],
    "tps_regularization": 0.0001
  },
  "names": [
    "scale_logit",
    "action_face_side_push_left",
    "action_face_side_push_right",
    "action_head_top_raise",
    "action_head_top_lower",
    "action_jaw_expand",
    "action_jaw_compress",
    "action_asymmetry_twist"
  ],
  "values": [
    0.37459954619407654,
    -0.22915445268154144,
    -0.8538366556167603,
    -1.8638609647750854,
    0.7935609817504883,
    1.3307467699050903,
    0.22233588993549347,
    -1.587719202041626
  ]
}
