{
  "geometry_info": {
    "action_names": [
      "mouth_corner_raise",
      "mouth_corner_lower",
      "mouth_width_expand",
      "mouth_width_compress",
      "chin_raise",
      "chin_lower"
    ],
    "action_strength": 0.72,
    "action_values": {
      "chin_lower": -0.5774685140518259,
      "chin_raise": -0.053366032047074415,
      "mouth_corner_lower": 0.21936228543668754,
      "mouth_corner_raise": 0.5871528493265838,
      "mouth_width_compress": -0.4968237871826183,
      "mouth_width_expand": -0.40227979983224227
    },
    "active_actions": {
      "chin_lower": -0.5774685140518259,
      "chin_raise": -0.053366032047074415,
      "mouth_corner_lower": 0.21936228543668754,
      "mouth_corner_raise": 0.5871528493265838,
      "mouth_width_compress": -0.4968237871826183,
      "mouth_width_expand": -0.40227979983224227
    },
    "active_anchor_count": 4,
    "control_point_count": 12,
    "geometry_method": "landmark_piecewise_affine",
    "max_disp_px_budget": 8.0,
    "scale_factor": 0.7998642346133777,
    "source_control_points": [
      [
        204.8000030517578,
        335.3599853515625
      ],
      [
        307.20001220703125,
        335.3599853515625
      ],
      [
        256.0,
        419.8399963378906
      ],
      [
        256.0,
        376.32000732421875
      ],
      [
        0.0,
        0.0
      ],
      [
        511.0,
        0.0
      ],
      [
        0.0,
        511.0
      ],
      [
        511.0,
        511.0
      ],
      [
        256.0,
        0.0
      ],
      [
        256.0,
        511.0
      ],
      [
        0.0,
        256.0
      ],
      [
        511.0,
        256.0
      ]
    ],
    "target_control_points": [
      [
        204.25543212890625,
        333.24151611328125
      ],
      [
        307.7445983886719,
        333.24151611328125
      ],
      [
        256.0,
        416.8211669921875
      ],
      [
        256.0,
        374.8105773925781
      ],
      [
        0.0,
        0.0
      ],
      [
        511.0,
        0.0
      ],
      [
        0.0,
        511.0
      ],
      [
        511.0,
        511.0
      ],
      [
        256.0,
        0.0
      ],
      [
        256.0,
        511.0
      ],
      [
        0.0,
        256.0
      ],
      [
        511.0,
        256.0
      ]
    ],
    "tps_regularization": 0.0001
  },
  "names": [
    "scale_logit",
    "action_mouth_corner_raise",
    "action_mouth_corner_lower",
    "action_mouth_width_expand",
    "action_mouth_width_compress",
    "action_chin_raise",
    "action_chin_lower"
  ],
  "values": [
    0.5488536953926086,
    0.9374872446060181,
    0.28145307302474976,
    -0.5532273054122925,
    -0.7268511652946472,
    -0.06681812554597855,
    -0.9117228984832764
  ]
}
