{
  "displacement": {
    "budget_max_disp_px": 14.0,
    "max_disp_px": 8.38761043548584,
    "max_disp_px_budget": 14.0,
    "mean_disp_px": 3.307105541229248,
    "p95_disp_px": 7.891226768493652,
    "target_input_ssim": 0.78
  },
  "input": {
    "l2": 0.05550375030614335,
    "max_abs": 0.772549033164978,
    "mean_abs": 0.02378450147807598,
    "psnr": 25.113553425028783,
    "ssim": 0.7909214496612549
  },
  "output": {
    "l2": 0.07469601331756497,
    "max_abs": 0.8980392217636108,
    "mean_abs": 0.032507818192243576,
    "psnr": 22.53405153541515,
    "ssim": 0.7721735835075378
  }
}
