{
  "clean_clip_positive_margin": 0.027842342853546143,
  "clean_semantic_success_score": 0.027842342853546143,
  "clip_available": true,
  "clip_semantic_drop": -0.0029036104679107666,
  "clip_warning": null,
  "crop_clip_available": true,
  "crop_clip_warning": null,
  "decision_label": "metric_only_candidate",
  "decision_reasons": [
    "semantic_drop_nonpositive:-0.0029",
    "semantic_drop_nonpositive:-0.0029"
  ],
  "edit_failure_score": 0.0,
  "final_attack_score": 0.04969028037459247,
  "full_image_semantic_drop": -0.0029036104679107666,
  "geometry_excess_penalty": 0.0,
  "geometry_excess_penalty_weight": 0.75,
  "identity_or_face_health_available": false,
  "input_damage_penalty": 0.0,
  "input_damage_penalty_weight": 3.0,
  "input_l2": 0.02270894761081304,
  "input_max_abs": 0.843137264251709,
  "input_mean_abs": 0.007486036047339439,
  "input_preservation_score": 0.2515659332275389,
  "input_psnr": 32.87605983203585,
  "input_ssim": 0.9251565933227539,
  "left_crop_clean_margin": 0.02535329759120941,
  "left_crop_perturbed_margin": 0.02177909016609192,
  "left_crop_semantic_drop": 0.0035742074251174927,
  "max_disp_px_budget": 6.0,
  "mean_crop_margin": 0.01374580959479014,
  "mean_crop_semantic_drop": 0.004365459084510803,
  "min_crop_margin": 0.0013690590858459473,
  "min_crop_semantic_drop": 0.003392249345779419,
  "output_disruption_score": 0.19876112149836989,
  "output_disruption_weight": 0.25,
  "output_l2": 0.029099542912548713,
  "output_max_abs": 0.7450980544090271,
  "output_mean_abs": 0.01367336604744196,
  "output_psnr": 30.722276654726464,
  "output_ssim": 0.917637050151825,
  "perturbed_clip_positive_margin": 0.03074595332145691,
  "perturbed_semantic_success_score": 0.03074595332145691,
  "phase2_final_score": 0.04969028037459247,
  "phase2_output_disruption": 0.19876112149836989,
  "phase2_score_formula": "8.0*max(0,semantic_drop)+0.25*output_disruption-3.0*input_damage_penalty-0.75*geometry_excess_penalty",
  "right_crop_clean_margin": 0.021481528878211975,
  "right_crop_perturbed_margin": 0.018089279532432556,
  "right_crop_semantic_drop": 0.003392249345779419,
  "semantic_drop": -0.0029036104679107666,
  "semantic_drop_weight": 8.0,
  "target_input_ssim": 0.9,
  "top_crop_clean_margin": 0.007498979568481445,
  "top_crop_perturbed_margin": 0.0013690590858459473,
  "top_crop_semantic_drop": 0.006129920482635498
}
