{
  "budget": "strong",
  "budget_max_disp_px": 8.0,
  "candidate_folder_abs": "/home/interns/Desktop/mat/phase4/outputs/phase4a_existence_probe/cases/face_005/igs_1p50/add_headphones/strong/seed_00/candidates/cand_061_g04_m01",
  "candidate_index": 61,
  "candidate_name": "cand_061_g04_m01",
  "case_id": "face_005__add_headphones__igs_1p50",
  "elapsed_seconds": 2.795412238687277,
  "face_id": "face_005",
  "generation": 4,
  "geometry_method": "landmark_piecewise_affine",
  "guidance_scale": 7.5,
  "image_guidance_scale": 1.5,
  "initial_candidate": false,
  "input_l2": 0.02388036075607183,
  "input_max_abs": 0.5803921818733215,
  "input_mean_abs": 0.01177290454506874,
  "input_psnr": 32.43918233377809,
  "input_ssim": 0.9293281435966492,
  "max_disp_px": 2.7582461833953857,
  "max_disp_px_budget": 8.0,
  "mean_disp_px": 0.8550401926040649,
  "member": 1,
  "output_l2": 0.03804034322181697,
  "output_max_abs": 0.7568627595901489,
  "output_mean_abs": 0.01790180429816246,
  "output_psnr": 28.395111465255706,
  "output_ssim": 0.8939061164855957,
  "p95_disp_px": 2.0554239749908447,
  "phase": "phase4a_existence_probe",
  "prompt": "add headphones",
  "prompt_slug": "add_headphones",
  "prompt_type": "headphones",
  "seed": 44001,
  "target_input_ssim": 0.88,
  "theta_names": [
    "scale_logit",
    "action_face_side_push_left",
    "action_face_side_push_right",
    "action_head_top_raise",
    "action_head_top_lower",
    "action_jaw_expand",
    "action_jaw_compress",
    "action_asymmetry_twist"
  ],
  "theta_values": [
    0.07233381271362305,
    0.8616539239883423,
    0.6813048720359802,
    1.0346626043319702,
    0.8473351001739502,
    0.6934016346931458,
    -0.1583774983882904,
    -0.08557425439357758
  ]
}
