{
  "displacement": {
    "budget_max_disp_px": 8.0,
    "max_disp_px": 5.7713494300842285,
    "max_disp_px_budget": 8.0,
    "mean_disp_px": 1.5838568210601807,
    "p95_disp_px": 4.171649932861328,
    "target_input_ssim": 0.88
  },
  "input": {
    "l2": 0.036717911530620574,
    "max_abs": 0.9450980424880981,
    "mean_abs": 0.018403518944978714,
    "psnr": 28.702440578022355,
    "ssim": 0.8615030646324158
  },
  "output": {
    "l2": 0.04609710986208996,
    "max_abs": 0.8823529481887817,
    "mean_abs": 0.023136911913752556,
    "psnr": 26.726526051987083,
    "ssim": 0.8385058045387268
  }
}
