{
  "best_folder": "phase2/outputs/phase2c_probe/amplification/source_09_cand_080_g05_m16/medium/scale_2p5",
  "budget": "medium",
  "budget_max_disp_px": 4.0,
  "candidate_folder": "phase2/outputs/phase2c_probe/amplification/source_09_cand_080_g05_m16/medium/scale_2p5",
  "candidate_index": 174,
  "candidate_name": "amp_09_cand_080_g05_m16_x2p5_medium",
  "clean_clip_positive_margin": 0.027842342853546143,
  "clean_semantic_success_score": 0.027842342853546143,
  "clip_available": true,
  "clip_semantic_drop": -0.0028774142265319824,
  "clip_warning": null,
  "crop_clip_available": true,
  "crop_clip_warning": null,
  "dct_modes": [
    [
      1,
      0
    ],
    [
      0,
      1
    ],
    [
      1,
      1
    ],
    [
      2,
      0
    ],
    [
      0,
      2
    ],
    [
      2,
      1
    ]
  ],
  "decision_label": "reject_input_damage",
  "decision_reasons": [
    "input_ssim_below_target:0.9227<0.9400",
    "semantic_drop_nonpositive:-0.0029"
  ],
  "edit_failure_score": 0.0,
  "elapsed_seconds": 4.426943147554994,
  "final_attack_score": -0.36124316462588285,
  "full_image_semantic_drop": -0.0028774142265319824,
  "generation": 0,
  "geometry_excess_penalty": 0.0,
  "geometry_excess_penalty_weight": 0.75,
  "geometry_method": "region_local_tps",
  "identity_or_face_health_available": false,
  "initial_candidate": false,
  "input_damage_penalty": 0.13843919754028278,
  "input_damage_penalty_weight": 3.0,
  "input_l2": 0.023046601423159223,
  "input_max_abs": 0.5176470875740051,
  "input_mean_abs": 0.0075781624764204025,
  "input_preservation_score": 0.0,
  "input_psnr": 32.74786217944863,
  "input_ssim": 0.9226951003074646,
  "left_crop_clean_margin": 0.02535329759120941,
  "left_crop_perturbed_margin": 0.02327468991279602,
  "left_crop_semantic_drop": 0.002078607678413391,
  "max_disp_px": 3.9960007667541504,
  "max_disp_px_budget": 4.0,
  "mean_crop_margin": 0.010634909073511759,
  "mean_crop_semantic_drop": 0.007476359605789185,
  "mean_disp_px": 0.7971362471580505,
  "member": 174,
  "mesh_size": 4,
  "min_crop_margin": -0.006728187203407288,
  "min_crop_semantic_drop": 0.002078607678413391,
  "output_disruption_score": 0.21629771197986195,
  "output_disruption_weight": 0.25,
  "output_l2": 0.03081198683667081,
  "output_max_abs": 0.6705882549285889,
  "output_mean_abs": 0.015503083355724812,
  "output_psnr": 30.225605926954362,
  "output_ssim": 0.9069502353668213,
  "p95_disp_px": 3.612165927886963,
  "path_flow": "phase2/outputs/phase2c_probe/amplification/source_09_cand_080_g05_m16/medium/scale_2p5/flow.png",
  "path_original": "phase2/outputs/phase2c_probe/amplification/source_09_cand_080_g05_m16/medium/scale_2p5/original.png",
  "path_original_edited": "phase2/outputs/phase2c_probe/amplification/source_09_cand_080_g05_m16/medium/scale_2p5/original_edited.png",
  "path_perturbed": "phase2/outputs/phase2c_probe/amplification/source_09_cand_080_g05_m16/medium/scale_2p5/perturbed.png",
  "path_perturbed_edited": "phase2/outputs/phase2c_probe/amplification/source_09_cand_080_g05_m16/medium/scale_2p5/perturbed_edited.png",
  "perturbed_clip_positive_margin": 0.030719757080078125,
  "perturbed_semantic_success_score": 0.030719757080078125,
  "phase": "phase2c_probe",
  "phase2_final_score": -0.36124316462588285,
  "phase2_output_disruption": 0.21629771197986195,
  "phase2_score_formula": "8.0*max(0,semantic_drop)+0.25*output_disruption-3.0*input_damage_penalty-0.75*geometry_excess_penalty",
  "phase2c_applied_scale": 2.5,
  "phase2c_geometry_source": "phase2b_theta_scaled_flow",
  "phase2c_part": "amplification",
  "phase2c_scale_factor": 2.5,
  "prompt": "add headphones",
  "prompt_priority": 1,
  "prompt_slug": "add_headphones",
  "region_count": 3,
  "region_key": "source_regions",
  "region_variant": "source_regions",
  "right_crop_clean_margin": 0.021481528878211975,
  "right_crop_perturbed_margin": 0.015358224511146545,
  "right_crop_semantic_drop": 0.00612330436706543,
  "scale_factor": 0.46995216608047485,
  "seed": 24001,
  "semantic_drop": -0.0028774142265319824,
  "semantic_drop_weight": 8.0,
  "source_candidate_folder": "phase2/outputs/phase2b_cem/add_headphones/medium/seed_00/candidates/cand_080_g05_m16",
  "source_candidate_name": "cand_080_g05_m16",
  "source_phase2_final_score": "0.2598470509918814",
  "source_semantic_drop": "0.02708926796913147",
  "target_input_ssim": 0.94,
  "top_crop_clean_margin": 0.007498979568481445,
  "top_crop_perturbed_margin": -0.006728187203407288,
  "top_crop_semantic_drop": 0.014227166771888733,
  "tps_size": 4
}
