{
  "displacement": {
    "budget_max_disp_px": 8.0,
    "max_disp_px": 5.238736152648926,
    "max_disp_px_budget": 8.0,
    "mean_disp_px": 1.505186915397644,
    "p95_disp_px": 3.290008783340454,
    "target_input_ssim": 0.88
  },
  "input": {
    "l2": 0.03549814703033884,
    "max_abs": 0.5372549295425415,
    "mean_abs": 0.018777159973978996,
    "psnr": 28.99588632227941,
    "ssim": 0.8261352181434631
  },
  "output": {
    "l2": 0.0515859648025489,
    "max_abs": 0.8549019694328308,
    "mean_abs": 0.026247994974255562,
    "psnr": 25.749368850374857,
    "ssim": 0.7885523438453674
  }
}
