{
  "budget": "strong",
  "budget_max_disp_px": 6.0,
  "candidate_folder_abs": "/home/interns/Desktop/mat/phase3/outputs/breadth_probe/cases/face_005/igs_1p50/add_a_small_beard/strong/seed_00/candidates/cand_002_g01_m02",
  "candidate_index": 2,
  "candidate_name": "cand_002_g01_m02",
  "dct_modes": [
    [
      1,
      0
    ],
    [
      0,
      1
    ],
    [
      1,
      1
    ],
    [
      2,
      0
    ],
    [
      0,
      2
    ],
    [
      2,
      1
    ]
  ],
  "elapsed_seconds": 4.774906741455197,
  "generation": 1,
  "geometry_method": "region_local_tps",
  "initial_candidate": false,
  "input_l2": 0.008942309882544712,
  "input_max_abs": 0.34117645025253296,
  "input_mean_abs": 0.0022740233689546585,
  "input_psnr": 40.971005687464555,
  "input_ssim": 0.986244261264801,
  "max_disp_px": 1.6089695692062378,
  "max_disp_px_budget": 6.0,
  "mean_disp_px": 0.19008000195026398,
  "member": 2,
  "mesh_size": 4,
  "output_l2": 0.01662705809342625,
  "output_max_abs": 0.25882354378700256,
  "output_mean_abs": 0.007949021644890308,
  "output_psnr": 35.58369171653006,
  "output_ssim": 0.9510826468467712,
  "p95_disp_px": 1.3145633935928345,
  "phase": "phase3_breadth_probe",
  "prompt": "add a small beard",
  "prompt_priority": 4,
  "prompt_slug": "add_a_small_beard",
  "region_count": 1,
  "region_key": "beard",
  "scale_factor": 0.27363428473472595,
  "seed": 47101,
  "target_input_ssim": 0.9,
  "tps_size": 4
}
