{
  "best_folder": "phase4/outputs/phase4a_existence_probe/cases/face_003/igs_1p50/add_headphones/strong/seed_00/candidates/cand_043_g03_m03",
  "budget": "strong",
  "budget_max_disp_px": 8.0,
  "candidate_folder": "phase4/outputs/phase4a_existence_probe/cases/face_003/igs_1p50/add_headphones/strong/seed_00/candidates/cand_043_g03_m03",
  "candidate_index": 43,
  "candidate_name": "cand_043_g03_m03",
  "case_id": "face_003__add_headphones__igs_1p50",
  "clean_clip_positive_margin": 0.04772844910621643,
  "clean_semantic_success_score": 0.04772844910621643,
  "clip_available": true,
  "clip_semantic_drop": -0.0003420412540435791,
  "clip_warning": null,
  "crop_clip_available": true,
  "crop_clip_warning": null,
  "decision_label": "reject_input_damage",
  "decision_reasons": [
    "input_ssim_below_target:0.8065<0.8800",
    "semantic_drop_nonpositive:-0.0003"
  ],
  "edit_failure_score": 0.0,
  "elapsed_seconds": 2.492770005017519,
  "face_id": "face_003",
  "final_attack_score": -1.5197429805399407,
  "full_image_semantic_drop": -0.0003420412540435791,
  "generation": 3,
  "geometry_excess_penalty": 0.0,
  "geometry_excess_penalty_weight": 0.75,
  "geometry_method": "landmark_piecewise_affine",
  "guidance_scale": 7.5,
  "identity_or_face_health_available": false,
  "image_guidance_scale": 1.5,
  "initial_candidate": false,
  "input_damage_penalty": 0.5880728149414063,
  "input_damage_penalty_weight": 3.0,
  "input_l2": 0.040929606189399455,
  "input_max_abs": 0.5764706134796143,
  "input_mean_abs": 0.02081107534468174,
  "input_preservation_score": 0.0,
  "input_psnr": 27.759248679336743,
  "input_ssim": 0.8064908981323242,
  "left_crop_clean_margin": 0.018402695655822754,
  "left_crop_perturbed_margin": 0.01746995747089386,
  "left_crop_semantic_drop": 0.000932738184928894,
  "max_disp_px": 6.587183475494385,
  "max_disp_px_budget": 8.0,
  "mean_crop_margin": 0.009433229764302572,
  "mean_crop_semantic_drop": 0.005900676051775615,
  "mean_disp_px": 1.8311468362808228,
  "member": 3,
  "min_crop_margin": -0.012548834085464478,
  "min_crop_semantic_drop": 0.000932738184928894,
  "output_disruption_score": 0.48895092856855643,
  "output_disruption_weight": 0.5,
  "output_l2": 0.06150439891212049,
  "output_max_abs": 0.929411768913269,
  "output_mean_abs": 0.029799101874232292,
  "output_psnr": 24.221876430852603,
  "output_ssim": 0.7570666670799255,
  "p95_disp_px": 4.781892776489258,
  "path_clean_edit": "phase4/outputs/phase4a_existence_probe/cases/face_003/igs_1p50/add_headphones/strong/seed_00/candidates/cand_043_g03_m03/clean_edit.png",
  "path_flow": "phase4/outputs/phase4a_existence_probe/cases/face_003/igs_1p50/add_headphones/strong/seed_00/candidates/cand_043_g03_m03/flow.png",
  "path_landmarks_overlay_original": "phase4/outputs/phase4a_existence_probe/cases/face_003/igs_1p50/add_headphones/strong/seed_00/candidates/cand_043_g03_m03/landmarks_overlay_original.jpg",
  "path_landmarks_overlay_perturbed": "phase4/outputs/phase4a_existence_probe/cases/face_003/igs_1p50/add_headphones/strong/seed_00/candidates/cand_043_g03_m03/landmarks_overlay_perturbed.jpg",
  "path_original": "phase4/outputs/phase4a_existence_probe/cases/face_003/igs_1p50/add_headphones/strong/seed_00/candidates/cand_043_g03_m03/original.png",
  "path_perturbed": "phase4/outputs/phase4a_existence_probe/cases/face_003/igs_1p50/add_headphones/strong/seed_00/candidates/cand_043_g03_m03/perturbed.png",
  "path_perturbed_edit": "phase4/outputs/phase4a_existence_probe/cases/face_003/igs_1p50/add_headphones/strong/seed_00/candidates/cand_043_g03_m03/perturbed_edit.png",
  "perturbed_clip_positive_margin": 0.04807049036026001,
  "perturbed_semantic_success_score": 0.04807049036026001,
  "phase": "phase4a_existence_probe",
  "phase2_final_score": -1.5197429805399407,
  "phase2_output_disruption": 0.48895092856855643,
  "phase2_score_formula": "8.0*max(0,semantic_drop)+0.5*output_disruption-3.0*input_damage_penalty-0.75*geometry_excess_penalty",
  "phase4_budget_name": "strong",
  "phase4_final_score": -1.5197429805399407,
  "phase4_score_formula": "8.0*max(0,semantic_drop)+0.5*output_disruption-3.0*input_damage_penalty-0.75*geometry_excess_penalty",
  "prompt": "add headphones",
  "prompt_slug": "add_headphones",
  "prompt_type": "headphones",
  "right_crop_clean_margin": 0.026048898696899414,
  "right_crop_perturbed_margin": 0.023378565907478333,
  "right_crop_semantic_drop": 0.0026703327894210815,
  "seed": 46001,
  "semantic_drop": -0.0003420412540435791,
  "semantic_drop_weight": 8.0,
  "target_input_ssim": 0.88,
  "theta_names": [
    "scale_logit",
    "action_face_side_push_left",
    "action_face_side_push_right",
    "action_head_top_raise",
    "action_head_top_lower",
    "action_jaw_expand",
    "action_jaw_compress",
    "action_asymmetry_twist"
  ],
  "theta_values": [
    1.217963695526123,
    -0.43113014101982117,
    1.2663642168045044,
    -1.0820350646972656,
    -1.1350558996200562,
    0.6878530383110046,
    -0.7246649861335754,
    -0.232953742146492
  ],
  "top_crop_clean_margin": 0.0015501230955123901,
  "top_crop_perturbed_margin": -0.012548834085464478,
  "top_crop_semantic_drop": 0.014098957180976868
}
