{
  "budget": "medium",
  "budget_max_disp_px": 4.0,
  "candidate_folder_abs": "/home/interns/Desktop/mat/phase2/outputs/phase2b_cem/add_headphones/medium/seed_00/candidates/cand_011_g01_m11",
  "candidate_index": 11,
  "candidate_name": "cand_011_g01_m11",
  "dct_modes": [
    [
      1,
      0
    ],
    [
      0,
      1
    ],
    [
      1,
      1
    ],
    [
      2,
      0
    ],
    [
      0,
      2
    ],
    [
      2,
      1
    ]
  ],
  "elapsed_seconds": 5.3596785590052605,
  "generation": 1,
  "geometry_method": "combined_all",
  "initial_candidate": false,
  "input_l2": 0.025857109886478272,
  "input_max_abs": 0.8705882430076599,
  "input_mean_abs": 0.008435741066932678,
  "input_psnr": 31.74840037836087,
  "input_ssim": 0.9162293076515198,
  "max_disp_px": 3.415590524673462,
  "max_disp_px_budget": 4.0,
  "mean_disp_px": 0.6771300435066223,
  "member": 11,
  "mesh_size": 4,
  "output_l2": 0.03120173605258076,
  "output_max_abs": 0.8823529481887817,
  "output_mean_abs": 0.01205601915717125,
  "output_psnr": 30.116424826630656,
  "output_ssim": 0.90850430727005,
  "p95_disp_px": 2.71362566947937,
  "phase": "phase2b_cem",
  "prompt": "add headphones",
  "prompt_priority": 1,
  "prompt_slug": "add_headphones",
  "region_count": 3,
  "region_key": "headphones",
  "scale_factor": 0.8713241815567017,
  "seed": 23001,
  "target_input_ssim": 0.94,
  "tps_size": 4
}
