{
  "best_candidate_this_generation": "cand_013_g02_m01",
  "best_score_this_generation": 0.24646956009156237,
  "budget": "existence_probe",
  "cem_state": {
    "mean_abs": 0.699964165687561,
    "method_probs": [
      0.159765625,
      0.8402343750000001
    ],
    "methods": [
      "landmark_semantic_tps",
      "landmark_piecewise_affine"
    ],
    "std_max": 0.8999999761581421,
    "std_mean": 0.6114531755447388,
    "std_min": 0.1894344687461853
  },
  "decision_counts": {
    "metric_only_candidate": 4,
    "reject_input_damage": 8
  },
  "elapsed_seconds": 53.18953730352223,
  "elite": 3,
  "elite_candidate_names": [
    "cand_013_g02_m01",
    "cand_014_g02_m02",
    "cand_020_g02_m08"
  ],
  "face_id": "face_003",
  "generation": 2,
  "population": 12,
  "prompt": "add headphones"
}
