{
  "clean_clip_positive_margin": 0.04772844910621643,
  "clean_semantic_success_score": 0.04772844910621643,
  "clip_available": true,
  "clip_semantic_drop": 0.008797407150268555,
  "clip_warning": null,
  "crop_clip_available": true,
  "crop_clip_warning": null,
  "decision_label": "reject_input_damage",
  "decision_reasons": [
    "input_ssim_below_target:0.6657<0.8800",
    "semantic_drop_small:0.0088"
  ],
  "edit_failure_score": 0.008797407150268555,
  "final_attack_score": -4.720721152218231,
  "full_image_semantic_drop": 0.008797407150268555,
  "geometry_excess_penalty": 0.0,
  "geometry_excess_penalty_weight": 0.75,
  "identity_or_face_health_available": false,
  "input_damage_penalty": 1.7146630668640137,
  "input_damage_penalty_weight": 3.0,
  "input_l2": 0.06549469366059955,
  "input_max_abs": 0.658823549747467,
  "input_mean_abs": 0.036784496158361435,
  "input_preservation_score": 0.0,
  "input_psnr": 23.675877697041695,
  "input_ssim": 0.6656671166419983,
  "left_crop_clean_margin": 0.018402695655822754,
  "left_crop_perturbed_margin": 0.014619022607803345,
  "left_crop_semantic_drop": 0.003783673048019409,
  "max_disp_px_budget": 8.0,
  "mean_crop_margin": 0.008810535073280334,
  "mean_crop_semantic_drop": 0.0065233707427978516,
  "min_crop_margin": -0.008189797401428223,
  "min_crop_semantic_drop": 0.003783673048019409,
  "output_disruption_score": 0.7057775823433238,
  "output_disruption_weight": 0.5,
  "output_l2": 0.07996964375572993,
  "output_max_abs": 0.8549019694328308,
  "output_mean_abs": 0.045368243008852005,
  "output_psnr": 21.941496772981065,
  "output_ssim": 0.614100992679596,
  "perturbed_clip_positive_margin": 0.038931041955947876,
  "perturbed_semantic_success_score": 0.038931041955947876,
  "phase2_final_score": -4.720721152218231,
  "phase2_output_disruption": 0.7057775823433238,
  "phase2_score_formula": "8.0*max(0,semantic_drop)+0.5*output_disruption-3.0*input_damage_penalty-0.75*geometry_excess_penalty",
  "phase4_budget_name": "strong",
  "phase4_final_score": -4.720721152218231,
  "phase4_score_formula": "8.0*max(0,semantic_drop)+0.5*output_disruption-3.0*input_damage_penalty-0.75*geometry_excess_penalty",
  "right_crop_clean_margin": 0.026048898696899414,
  "right_crop_perturbed_margin": 0.02000238001346588,
  "right_crop_semantic_drop": 0.006046518683433533,
  "semantic_drop": 0.008797407150268555,
  "semantic_drop_weight": 8.0,
  "target_input_ssim": 0.88,
  "top_crop_clean_margin": 0.0015501230955123901,
  "top_crop_perturbed_margin": -0.008189797401428223,
  "top_crop_semantic_drop": 0.009739920496940613
}
