{
  "budget": "existence_probe",
  "budget_max_disp_px": 8.0,
  "candidate_folder_abs": "/home/interns/Desktop/mat/phase2/outputs/phase2a_probe/add_a_small_beard/existence_probe/seed_00/candidates/cand_020_g02_m08",
  "candidate_index": 20,
  "candidate_name": "cand_020_g02_m08",
  "dct_modes": [
    [
      1,
      0
    ],
    [
      0,
      1
    ],
    [
      1,
      1
    ],
    [
      2,
      0
    ],
    [
      0,
      2
    ],
    [
      2,
      1
    ]
  ],
  "elapsed_seconds": 4.874863732606173,
  "generation": 2,
  "geometry_method": "region_local_tps",
  "initial_candidate": false,
  "input_l2": 0.02548006700008673,
  "input_max_abs": 0.7098039388656616,
  "input_mean_abs": 0.0057141222059726715,
  "input_psnr": 31.8759886870715,
  "input_ssim": 0.9507719874382019,
  "max_disp_px": 4.8891191482543945,
  "max_disp_px_budget": 8.0,
  "mean_disp_px": 0.5850313305854797,
  "member": 8,
  "mesh_size": 4,
  "output_l2": 0.03650399241225522,
  "output_max_abs": 0.7607843279838562,
  "output_mean_abs": 0.012304806150496006,
  "output_psnr": 28.75319269016267,
  "output_ssim": 0.9205024838447571,
  "p95_disp_px": 4.1343278884887695,
  "phase": "phase2a_probe",
  "prompt": "add a small beard",
  "prompt_priority": 4,
  "prompt_slug": "add_a_small_beard",
  "region_count": 1,
  "region_key": "beard",
  "scale_factor": 0.6236120462417603,
  "seed": 25201,
  "target_input_ssim": 0.86,
  "tps_size": 4
}
