{
  "displacement": {
    "budget_max_disp_px": 6.0,
    "max_disp_px": 2.0413174629211426,
    "max_disp_px_budget": 6.0,
    "mean_disp_px": 0.192233145236969,
    "p95_disp_px": 1.5121878385543823,
    "target_input_ssim": 0.9
  },
  "input": {
    "l2": 0.009638172168590604,
    "max_abs": 0.33725491166114807,
    "mean_abs": 0.002272761659696698,
    "psnr": 40.32010640153244,
    "ssim": 0.9861382842063904
  },
  "output": {
    "l2": 0.018160885486866347,
    "max_abs": 0.2823529839515686,
    "mean_abs": 0.009085382334887981,
    "psnr": 34.817259600126334,
    "ssim": 0.9468094706535339
  }
}
