{
  "displacement": {
    "budget_max_disp_px": 8.0,
    "max_disp_px": 3.563950538635254,
    "max_disp_px_budget": 8.0,
    "mean_disp_px": 0.2388181835412979,
    "p95_disp_px": 2.275697946548462,
    "target_input_ssim": 0.86
  },
  "input": {
    "l2": 0.006872924564994313,
    "max_abs": 0.5764706134796143,
    "mean_abs": 0.0014085358707234263,
    "psnr": 43.25716845482185,
    "ssim": 0.9887962341308594
  },
  "output": {
    "l2": 0.01549697418037039,
    "max_abs": 0.7333333492279053,
    "mean_abs": 0.005222010891884565,
    "psnr": 36.19506181085252,
    "ssim": 0.9767710566520691
  }
}
