{
  "clean_clip_positive_margin": 0.027842342853546143,
  "clean_semantic_success_score": 0.027842342853546143,
  "clip_available": true,
  "clip_semantic_drop": 0.0015691518783569336,
  "clip_warning": null,
  "crop_clip_available": true,
  "crop_clip_warning": null,
  "decision_label": "reject_input_damage",
  "decision_reasons": [
    "input_ssim_below_target:0.9350<0.9400",
    "semantic_drop_small:0.0016"
  ],
  "edit_failure_score": 0.0015691518783569336,
  "final_attack_score": -0.06615658727888882,
  "full_image_semantic_drop": 0.0015691518783569336,
  "geometry_excess_penalty": 0.0,
  "geometry_excess_penalty_weight": 0.75,
  "identity_or_face_health_available": false,
  "input_damage_penalty": 0.03995134353637653,
  "input_damage_penalty_weight": 3.0,
  "input_l2": 0.019814595901845335,
  "input_max_abs": 0.8705882430076599,
  "input_mean_abs": 0.006586156785488129,
  "input_preservation_score": 0.0,
  "input_psnr": 34.06029560450979,
  "input_ssim": 0.9350060820579529,
  "left_crop_clean_margin": 0.02535329759120941,
  "left_crop_perturbed_margin": 0.024529457092285156,
  "left_crop_semantic_drop": 0.0008238404989242554,
  "max_disp_px_budget": 4.0,
  "mean_crop_margin": 0.012491335471471151,
  "mean_crop_semantic_drop": 0.005619933207829793,
  "min_crop_margin": 0.0003348737955093384,
  "min_crop_semantic_drop": 0.0008238404989242554,
  "output_disruption_score": 0.1645769132135412,
  "output_disruption_weight": 0.25,
  "output_l2": 0.023393711769533677,
  "output_max_abs": 0.8352941274642944,
  "output_mean_abs": 0.011115233413875103,
  "output_psnr": 32.61801730547105,
  "output_ssim": 0.9289979338645935,
  "perturbed_clip_positive_margin": 0.02627319097518921,
  "perturbed_semantic_success_score": 0.02627319097518921,
  "phase2_final_score": -0.06615658727888882,
  "phase2_output_disruption": 0.1645769132135412,
  "phase2_score_formula": "8.0*max(0,semantic_drop)+0.25*output_disruption-3.0*input_damage_penalty-0.75*geometry_excess_penalty",
  "right_crop_clean_margin": 0.021481528878211975,
  "right_crop_perturbed_margin": 0.012609675526618958,
  "right_crop_semantic_drop": 0.008871853351593018,
  "semantic_drop": 0.0015691518783569336,
  "semantic_drop_weight": 8.0,
  "target_input_ssim": 0.94,
  "top_crop_clean_margin": 0.007498979568481445,
  "top_crop_perturbed_margin": 0.0003348737955093384,
  "top_crop_semantic_drop": 0.007164105772972107
}
