{
  "clean_clip_positive_margin": 0.03089107573032379,
  "clean_semantic_success_score": 0.03089107573032379,
  "clip_available": true,
  "clip_semantic_drop": 0.00241108238697052,
  "clip_warning": null,
  "crop_clip_available": false,
  "crop_clip_warning": null,
  "decision_label": "metric_only_candidate",
  "decision_reasons": [
    "semantic_drop_small:0.0024",
    "semantic_drop_small:0.0024",
    "semantic_drop_small:0.0024"
  ],
  "edit_failure_score": 0.00241108238697052,
  "final_attack_score": 0.22332659771895752,
  "full_image_semantic_drop": 0.00241108238697052,
  "geometry_excess_penalty": 0.0,
  "geometry_excess_penalty_weight": 0.75,
  "identity_or_face_health_available": false,
  "input_damage_penalty": 0.0,
  "input_damage_penalty_weight": 3.0,
  "input_l2": 0.04349655325843425,
  "input_max_abs": 0.7137255072593689,
  "input_mean_abs": 0.019867638126015663,
  "input_preservation_score": 0.32897063818844874,
  "input_psnr": 27.230903118447245,
  "input_ssim": 0.8523735404014587,
  "max_disp_px_budget": 14.0,
  "output_disruption_score": 0.4080758772463867,
  "output_disruption_weight": 0.5,
  "output_l2": 0.04900600220191651,
  "output_max_abs": 0.7803921699523926,
  "output_mean_abs": 0.025742724537849426,
  "output_psnr": 26.195014495947774,
  "output_ssim": 0.7879481315612793,
  "perturbed_clip_positive_margin": 0.02847999334335327,
  "perturbed_semantic_success_score": 0.02847999334335327,
  "phase2_final_score": 0.22332659771895752,
  "phase2_output_disruption": 0.4080758772463867,
  "phase2_score_formula": "8.0*max(0,semantic_drop)+0.5*output_disruption-3.0*input_damage_penalty-0.75*geometry_excess_penalty",
  "phase4_budget_name": "existence_probe",
  "phase4_final_score": 0.22332659771895752,
  "phase4_score_formula": "8.0*max(0,semantic_drop)+0.5*output_disruption-3.0*input_damage_penalty-0.75*geometry_excess_penalty",
  "semantic_drop": 0.00241108238697052,
  "semantic_drop_weight": 8.0,
  "target_input_ssim": 0.78
}
