{
  "budget": "existence_probe",
  "budget_max_disp_px": 14.0,
  "candidate_folder_abs": "/home/interns/Desktop/mat/phase4/outputs/phase4a_existence_probe/cases/face_005/igs_1p50/add_a_small_beard/existence_probe/seed_00/candidates/cand_003_g01_m03",
  "candidate_index": 3,
  "candidate_name": "cand_003_g01_m03",
  "case_id": "face_005__add_a_small_beard__igs_1p50",
  "elapsed_seconds": 2.5451306477189064,
  "face_id": "face_005",
  "generation": 1,
  "geometry_method": "landmark_piecewise_affine",
  "guidance_scale": 7.5,
  "image_guidance_scale": 1.5,
  "initial_candidate": false,
  "input_l2": 0.014662660210850843,
  "input_max_abs": 0.43529412150382996,
  "input_mean_abs": 0.006536123808473349,
  "input_psnr": 36.67574459105485,
  "input_ssim": 0.9676344990730286,
  "max_disp_px": 4.837247371673584,
  "max_disp_px_budget": 14.0,
  "mean_disp_px": 0.5583656430244446,
  "member": 3,
  "output_l2": 0.03940497856306804,
  "output_max_abs": 0.5882353186607361,
  "output_mean_abs": 0.021259233355522156,
  "output_psnr": 28.08897808842511,
  "output_ssim": 0.895155668258667,
  "p95_disp_px": 1.784663200378418,
  "phase": "phase4a_existence_probe",
  "prompt": "add a small beard",
  "prompt_slug": "add_a_small_beard",
  "prompt_type": "beard",
  "seed": 48101,
  "target_input_ssim": 0.78,
  "theta_names": [
    "scale_logit",
    "action_jaw_expand",
    "action_jaw_compress",
    "action_chin_raise",
    "action_chin_lower",
    "action_mouth_width_expand",
    "action_lower_face_shift"
  ],
  "theta_values": [
    -0.7858937382698059,
    0.17277972400188446,
    -0.2595199644565582,
    -0.514377772808075,
    1.0639222860336304,
    -0.8013412356376648,
    1.3437120914459229
  ]
}
