{
  "displacement": {
    "budget_max_disp_px": 6.0,
    "max_disp_px": 5.531618595123291,
    "max_disp_px_budget": 6.0,
    "mean_disp_px": 0.6830525398254395,
    "p95_disp_px": 3.8901383876800537,
    "target_input_ssim": 0.9
  },
  "input": {
    "l2": 0.023579714864471402,
    "max_abs": 0.46274513006210327,
    "mean_abs": 0.00751617131754756,
    "psnr": 32.54922901750339,
    "ssim": 0.9215619564056396
  },
  "output": {
    "l2": 0.07408980411510983,
    "max_abs": 0.8078431487083435,
    "mean_abs": 0.03420722484588623,
    "psnr": 22.604831068811055,
    "ssim": 0.8681697845458984
  }
}
