{
  "best_folder": "phase2/outputs/phase2c_probe/semantic_heavy_cem/headphones_full/strong/seed_00/candidates/cand_028_g02_m12",
  "budget": "strong",
  "budget_max_disp_px": 6.0,
  "candidate_folder": "phase2/outputs/phase2c_probe/semantic_heavy_cem/headphones_full/strong/seed_00/candidates/cand_028_g02_m12",
  "candidate_index": 28,
  "candidate_name": "cand_028_g02_m12",
  "clean_clip_positive_margin": 0.027842342853546143,
  "clean_semantic_success_score": 0.027842342853546143,
  "clip_available": true,
  "clip_semantic_drop": 0.024749815464019775,
  "clip_warning": null,
  "crop_clip_available": true,
  "crop_clip_warning": null,
  "dct_modes": [
    [
      1,
      0
    ],
    [
      0,
      1
    ],
    [
      1,
      1
    ],
    [
      2,
      0
    ],
    [
      0,
      2
    ],
    [
      2,
      1
    ]
  ],
  "decision_label": "weak_candidate",
  "decision_reasons": [],
  "edit_failure_score": 0.024749815464019775,
  "elapsed_seconds": 5.4391127564013,
  "final_attack_score": 0.23953825846977694,
  "full_image_semantic_drop": 0.024749815464019775,
  "generation": 2,
  "geometry_excess_penalty": 0.0,
  "geometry_excess_penalty_weight": 0.75,
  "geometry_method": "region_local_tps",
  "identity_or_face_health_available": false,
  "initial_candidate": false,
  "input_damage_penalty": 0.0,
  "input_damage_penalty_weight": 3.0,
  "input_l2": 0.016915646936118134,
  "input_max_abs": 0.541176438331604,
  "input_mean_abs": 0.005889803636819124,
  "input_preservation_score": 0.4206857681274413,
  "input_psnr": 35.43422776075556,
  "input_ssim": 0.9420685768127441,
  "left_crop_clean_margin": 0.02535329759120941,
  "left_crop_perturbed_margin": 0.021906942129135132,
  "left_crop_semantic_drop": 0.00344635546207428,
  "max_disp_px": 2.184147357940674,
  "max_disp_px_budget": 6.0,
  "mean_crop_margin": 0.011742860078811646,
  "mean_crop_semantic_drop": 0.006368408600489299,
  "mean_disp_px": 0.3891497850418091,
  "member": 12,
  "mesh_size": 4,
  "min_crop_margin": -0.0008364170789718628,
  "min_crop_semantic_drop": 0.00344635546207428,
  "output_disruption_score": 0.1661589390304749,
  "output_disruption_weight": 0.25,
  "output_l2": 0.02411312476463777,
  "output_max_abs": 0.5490196347236633,
  "output_mean_abs": 0.011097279377281666,
  "output_psnr": 32.35493013495946,
  "output_ssim": 0.9302935600280762,
  "p95_disp_px": 1.6830034255981445,
  "path_flow": "phase2/outputs/phase2c_probe/semantic_heavy_cem/headphones_full/strong/seed_00/candidates/cand_028_g02_m12/flow.png",
  "path_original": "phase2/outputs/phase2c_probe/semantic_heavy_cem/headphones_full/strong/seed_00/candidates/cand_028_g02_m12/original.png",
  "path_original_edited": "phase2/outputs/phase2c_probe/semantic_heavy_cem/headphones_full/strong/seed_00/candidates/cand_028_g02_m12/original_edited.png",
  "path_perturbed": "phase2/outputs/phase2c_probe/semantic_heavy_cem/headphones_full/strong/seed_00/candidates/cand_028_g02_m12/perturbed.png",
  "path_perturbed_edited": "phase2/outputs/phase2c_probe/semantic_heavy_cem/headphones_full/strong/seed_00/candidates/cand_028_g02_m12/perturbed_edited.png",
  "perturbed_clip_positive_margin": 0.003092527389526367,
  "perturbed_semantic_success_score": 0.003092527389526367,
  "phase": "phase2c_probe",
  "phase2_final_score": 0.23953825846977694,
  "phase2_output_disruption": 0.1661589390304749,
  "phase2_score_formula": "8.0*max(0,semantic_drop)+0.25*output_disruption-3.0*input_damage_penalty-0.75*geometry_excess_penalty",
  "prompt": "add headphones",
  "prompt_priority": 1,
  "prompt_slug": "add_headphones",
  "region_count": 3,
  "region_key": "headphones_full",
  "right_crop_clean_margin": 0.021481528878211975,
  "right_crop_perturbed_margin": 0.014158055186271667,
  "right_crop_semantic_drop": 0.007323473691940308,
  "scale_factor": 0.3761862516403198,
  "seed": 24001,
  "semantic_drop": 0.024749815464019775,
  "semantic_drop_weight": 8.0,
  "target_input_ssim": 0.9,
  "top_crop_clean_margin": 0.007498979568481445,
  "top_crop_perturbed_margin": -0.0008364170789718628,
  "top_crop_semantic_drop": 0.008335396647453308,
  "tps_size": 4
}
