{
  "displacement": {
    "budget_max_disp_px": 8.0,
    "max_disp_px": 1.1984256505966187,
    "max_disp_px_budget": 8.0,
    "mean_disp_px": 0.37467366456985474,
    "p95_disp_px": 0.7823822498321533,
    "target_input_ssim": 0.88
  },
  "input": {
    "l2": 0.016072296087558557,
    "max_abs": 0.3529411554336548,
    "mean_abs": 0.008061690255999565,
    "psnr": 35.87844151025291,
    "ssim": 0.9602205157279968
  },
  "output": {
    "l2": 0.03275574788720631,
    "max_abs": 0.7372549176216125,
    "mean_abs": 0.01763642206788063,
    "psnr": 29.69424960403099,
    "ssim": 0.9130865931510925
  }
}
