{
  "displacement": {
    "budget_max_disp_px": 14.0,
    "max_disp_px": 13.986001014709473,
    "max_disp_px_budget": 14.0,
    "mean_disp_px": 3.472928524017334,
    "p95_disp_px": 10.707282066345215,
    "target_input_ssim": 0.78
  },
  "input": {
    "l2": 0.07004902735795752,
    "max_abs": 0.8313725590705872,
    "mean_abs": 0.03199831396341324,
    "psnr": 23.091957811705328,
    "ssim": 0.7696094512939453
  },
  "output": {
    "l2": 0.09056475791064587,
    "max_abs": 1.0,
    "mean_abs": 0.039514120668172836,
    "psnr": 20.86081538918068,
    "ssim": 0.7549347877502441
  }
}
