{
  "clean_clip_positive_margin": 0.04853600263595581,
  "clean_semantic_success_score": 0.04853600263595581,
  "clip_available": true,
  "clip_semantic_drop": 0.008411020040512085,
  "clip_warning": null,
  "crop_clip_available": false,
  "crop_clip_warning": null,
  "decision_label": "reject_input_damage",
  "decision_reasons": [
    "input_ssim_below_target:0.7696<0.7800",
    "semantic_drop_small:0.0084"
  ],
  "edit_failure_score": 0.008411020040512085,
  "final_attack_score": 0.12157711332495325,
  "full_image_semantic_drop": 0.008411020040512085,
  "geometry_excess_penalty": 0.0,
  "geometry_excess_penalty_weight": 0.75,
  "identity_or_face_health_available": false,
  "input_damage_penalty": 0.08312438964843771,
  "input_damage_penalty_weight": 3.0,
  "input_l2": 0.07004902735795752,
  "input_max_abs": 0.8313725590705872,
  "input_mean_abs": 0.03199831396341324,
  "input_preservation_score": 0.0,
  "input_psnr": 23.091957811705328,
  "input_ssim": 0.7696094512939453,
  "max_disp_px_budget": 14.0,
  "output_disruption_score": 0.6073242438923394,
  "output_disruption_weight": 0.5,
  "output_l2": 0.09056475791064587,
  "output_max_abs": 1.0,
  "output_mean_abs": 0.039514120668172836,
  "output_psnr": 20.86081538918068,
  "output_ssim": 0.7549347877502441,
  "perturbed_clip_positive_margin": 0.040124982595443726,
  "perturbed_semantic_success_score": 0.040124982595443726,
  "phase2_final_score": 0.12157711332495325,
  "phase2_output_disruption": 0.6073242438923394,
  "phase2_score_formula": "8.0*max(0,semantic_drop)+0.5*output_disruption-3.0*input_damage_penalty-0.75*geometry_excess_penalty",
  "phase4_budget_name": "existence_probe",
  "phase4_final_score": 0.12157711332495325,
  "phase4_score_formula": "8.0*max(0,semantic_drop)+0.5*output_disruption-3.0*input_damage_penalty-0.75*geometry_excess_penalty",
  "semantic_drop": 0.008411020040512085,
  "semantic_drop_weight": 8.0,
  "target_input_ssim": 0.78
}
