{
  "attack_score": 0.1521198400717043,
  "input_damage_penalty": 0.0,
  "normalized_output_l2": 0.08868720619490375,
  "output_disruption": 0.1521198400717043
}
