{
  "clean_clip_positive_margin": 0.04772844910621643,
  "clean_semantic_success_score": 0.04772844910621643,
  "clip_available": true,
  "clip_semantic_drop": -0.0008154213428497314,
  "clip_warning": null,
  "crop_clip_available": true,
  "crop_clip_warning": null,
  "decision_label": "metric_only_candidate",
  "decision_reasons": [
    "semantic_drop_nonpositive:-0.0008",
    "semantic_drop_nonpositive:-0.0008",
    "semantic_drop_nonpositive:-0.0008"
  ],
  "edit_failure_score": 0.0,
  "final_attack_score": 0.24732428346056615,
  "full_image_semantic_drop": -0.0008154213428497314,
  "geometry_excess_penalty": 0.0,
  "geometry_excess_penalty_weight": 0.75,
  "identity_or_face_health_available": false,
  "input_damage_penalty": 0.0,
  "input_damage_penalty_weight": 3.0,
  "input_l2": 0.04148317408260256,
  "input_max_abs": 0.5960784554481506,
  "input_mean_abs": 0.021065333858132362,
  "input_preservation_score": 0.1565747694535688,
  "input_psnr": 27.642560419902633,
  "input_ssim": 0.8144464492797852,
  "left_crop_clean_margin": 0.018402695655822754,
  "left_crop_perturbed_margin": 0.021493956446647644,
  "left_crop_semantic_drop": -0.00309126079082489,
  "max_disp_px_budget": 14.0,
  "mean_crop_margin": 0.011195416251818338,
  "mean_crop_semantic_drop": 0.004138489564259847,
  "min_crop_margin": -0.009363576769828796,
  "min_crop_semantic_drop": -0.00309126079082489,
  "output_disruption_score": 0.4946485669211323,
  "output_disruption_weight": 0.5,
  "output_l2": 0.06376078503320055,
  "output_max_abs": 0.9333333373069763,
  "output_mean_abs": 0.031275007873773575,
  "output_psnr": 23.908926889488484,
  "output_ssim": 0.7603945732116699,
  "perturbed_clip_positive_margin": 0.04854387044906616,
  "perturbed_semantic_success_score": 0.04854387044906616,
  "phase2_final_score": 0.24732428346056615,
  "phase2_output_disruption": 0.4946485669211323,
  "phase2_score_formula": "8.0*max(0,semantic_drop)+0.5*output_disruption-3.0*input_damage_penalty-0.75*geometry_excess_penalty",
  "phase4_budget_name": "existence_probe",
  "phase4_final_score": 0.24732428346056615,
  "phase4_score_formula": "8.0*max(0,semantic_drop)+0.5*output_disruption-3.0*input_damage_penalty-0.75*geometry_excess_penalty",
  "right_crop_clean_margin": 0.026048898696899414,
  "right_crop_perturbed_margin": 0.02145586907863617,
  "right_crop_semantic_drop": 0.004593029618263245,
  "semantic_drop": -0.0008154213428497314,
  "semantic_drop_weight": 8.0,
  "target_input_ssim": 0.78,
  "top_crop_clean_margin": 0.0015501230955123901,
  "top_crop_perturbed_margin": -0.009363576769828796,
  "top_crop_semantic_drop": 0.010913699865341187
}
