{
  "budget": "existence_probe",
  "budget_max_disp_px": 14.0,
  "candidate_folder_abs": "/home/interns/Desktop/mat/phase4/outputs/phase4a_existence_probe/cases/face_005/igs_1p50/add_headphones/existence_probe/seed_00/candidates/cand_021_g02_m01",
  "candidate_index": 21,
  "candidate_name": "cand_021_g02_m01",
  "case_id": "face_005__add_headphones__igs_1p50",
  "elapsed_seconds": 2.772409128025174,
  "face_id": "face_005",
  "generation": 2,
  "geometry_method": "landmark_piecewise_affine",
  "guidance_scale": 7.5,
  "image_guidance_scale": 1.5,
  "initial_candidate": false,
  "input_l2": 0.05920568837664371,
  "input_max_abs": 0.800000011920929,
  "input_mean_abs": 0.03197016566991806,
  "input_psnr": 24.552731300708402,
  "input_ssim": 0.77400141954422,
  "max_disp_px": 12.662602424621582,
  "max_disp_px_budget": 14.0,
  "mean_disp_px": 3.449387550354004,
  "member": 1,
  "output_l2": 0.07323562592678616,
  "output_max_abs": 0.8941176533699036,
  "output_mean_abs": 0.03941189870238304,
  "output_psnr": 22.70555204562308,
  "output_ssim": 0.7363120913505554,
  "p95_disp_px": 8.897029876708984,
  "phase": "phase4a_existence_probe",
  "prompt": "add headphones",
  "prompt_slug": "add_headphones",
  "prompt_type": "headphones",
  "seed": 44101,
  "target_input_ssim": 0.78,
  "theta_names": [
    "scale_logit",
    "action_face_side_push_left",
    "action_face_side_push_right",
    "action_head_top_raise",
    "action_head_top_lower",
    "action_jaw_expand",
    "action_jaw_compress",
    "action_asymmetry_twist"
  ],
  "theta_values": [
    0.5194898843765259,
    1.5502395629882812,
    -0.09460385143756866,
    -0.03433980420231819,
    -0.1677054762840271,
    -2.113171100616455,
    0.6119799017906189,
    -1.6500768661499023
  ]
}
