{
  "clean": {
    "l2": 0.19749952367532003,
    "max_abs": 0.9607843160629272,
    "mean_abs": 0.1412438452243805,
    "psnr": 14.088678949148349,
    "ssim": 0.7154012322425842
  },
  "clean_clip_margin": 0.04297789931297302
}
