{
  "budget": "strong",
  "budget_max_disp_px": 6.0,
  "candidate_folder_abs": "/home/interns/Desktop/mat/phase2/outputs/phase2c_probe/semantic_heavy_cem/headphones_sides_only/strong/seed_00/candidates/cand_064_g04_m16",
  "candidate_index": 64,
  "candidate_name": "cand_064_g04_m16",
  "dct_modes": [
    [
      1,
      0
    ],
    [
      0,
      1
    ],
    [
      1,
      1
    ],
    [
      2,
      0
    ],
    [
      0,
      2
    ],
    [
      2,
      1
    ]
  ],
  "elapsed_seconds": 4.943434100598097,
  "generation": 4,
  "geometry_method": "region_local_tps",
  "initial_candidate": false,
  "input_l2": 0.011911891105227992,
  "input_max_abs": 0.7058823704719543,
  "input_mean_abs": 0.00347101129591465,
  "input_psnr": 38.48038570843318,
  "input_ssim": 0.9700398445129395,
  "max_disp_px": 1.874535083770752,
  "max_disp_px_budget": 6.0,
  "mean_disp_px": 0.3109726011753082,
  "member": 16,
  "mesh_size": 4,
  "output_l2": 0.020303399283597996,
  "output_max_abs": 0.7254902124404907,
  "output_mean_abs": 0.00869287084788084,
  "output_psnr": 33.848624890485816,
  "output_ssim": 0.9524518847465515,
  "p95_disp_px": 1.4653079509735107,
  "phase": "phase2c_probe",
  "prompt": "add headphones",
  "prompt_priority": 1,
  "prompt_slug": "add_headphones",
  "region_count": 2,
  "region_key": "headphones_sides_only",
  "scale_factor": 0.3187984824180603,
  "seed": 24101,
  "target_input_ssim": 0.9,
  "tps_size": 4
}
