{
  "clean_clip_positive_margin": 0.027842342853546143,
  "clean_semantic_success_score": 0.027842342853546143,
  "clip_available": true,
  "clip_semantic_drop": -0.003727346658706665,
  "clip_warning": null,
  "crop_clip_available": true,
  "crop_clip_warning": null,
  "decision_label": "metric_only_candidate",
  "decision_reasons": [
    "semantic_drop_nonpositive:-0.0037",
    "semantic_drop_nonpositive:-0.0037"
  ],
  "edit_failure_score": 0.0,
  "final_attack_score": 0.055529233767736705,
  "full_image_semantic_drop": -0.003727346658706665,
  "geometry_excess_penalty": 0.0,
  "geometry_excess_penalty_weight": 0.75,
  "identity_or_face_health_available": false,
  "input_damage_penalty": 0.0,
  "input_damage_penalty_weight": 3.0,
  "input_l2": 0.023191426849163328,
  "input_max_abs": 0.5176470875740051,
  "input_mean_abs": 0.007621465716511011,
  "input_preservation_score": 0.22482311725616438,
  "input_psnr": 32.69345061270372,
  "input_ssim": 0.9224823117256165,
  "left_crop_clean_margin": 0.02535329759120941,
  "left_crop_perturbed_margin": 0.021616220474243164,
  "left_crop_semantic_drop": 0.0037370771169662476,
  "max_disp_px_budget": 6.0,
  "mean_crop_margin": 0.010270148515701294,
  "mean_crop_semantic_drop": 0.00784112016359965,
  "min_crop_margin": -0.006518915295600891,
  "min_crop_semantic_drop": 0.0037370771169662476,
  "output_disruption_score": 0.22211693507094682,
  "output_disruption_weight": 0.25,
  "output_l2": 0.03202193672870472,
  "output_max_abs": 0.6784313917160034,
  "output_mean_abs": 0.01573984883725643,
  "output_psnr": 29.89104809845733,
  "output_ssim": 0.9059708118438721,
  "perturbed_clip_positive_margin": 0.03156968951225281,
  "perturbed_semantic_success_score": 0.03156968951225281,
  "phase2_final_score": 0.055529233767736705,
  "phase2_output_disruption": 0.22211693507094682,
  "phase2_score_formula": "8.0*max(0,semantic_drop)+0.25*output_disruption-3.0*input_damage_penalty-0.75*geometry_excess_penalty",
  "right_crop_clean_margin": 0.021481528878211975,
  "right_crop_perturbed_margin": 0.01571314036846161,
  "right_crop_semantic_drop": 0.005768388509750366,
  "semantic_drop": -0.003727346658706665,
  "semantic_drop_weight": 8.0,
  "target_input_ssim": 0.9,
  "top_crop_clean_margin": 0.007498979568481445,
  "top_crop_perturbed_margin": -0.006518915295600891,
  "top_crop_semantic_drop": 0.014017894864082336
}
