{
  "budget": "strong",
  "budget_max_disp_px": 8.0,
  "candidate_folder_abs": "/home/interns/Desktop/mat/phase4/outputs/phase4a_existence_probe/cases/face_001/igs_1p50/make_the_person_smile_slightly/strong/seed_00/candidates/cand_026_g02_m06",
  "candidate_index": 26,
  "candidate_name": "cand_026_g02_m06",
  "case_id": "face_001__make_the_person_smile_slightly__igs_1p50",
  "elapsed_seconds": 2.624330023303628,
  "face_id": "face_001",
  "generation": 2,
  "geometry_method": "landmark_piecewise_affine",
  "guidance_scale": 7.5,
  "image_guidance_scale": 1.5,
  "initial_candidate": false,
  "input_l2": 0.02793860422362777,
  "input_max_abs": 0.8470588326454163,
  "input_mean_abs": 0.010608040727674961,
  "input_psnr": 31.07590588936022,
  "input_ssim": 0.9063857197761536,
  "max_disp_px": 3.622882843017578,
  "max_disp_px_budget": 8.0,
  "mean_disp_px": 0.8840819597244263,
  "member": 6,
  "output_l2": 0.03815705585732001,
  "output_max_abs": 0.8823529481887817,
  "output_mean_abs": 0.017980920150876045,
  "output_psnr": 28.368502844058536,
  "output_ssim": 0.8919227123260498,
  "p95_disp_px": 2.773249626159668,
  "phase": "phase4a_existence_probe",
  "prompt": "make the person smile slightly",
  "prompt_slug": "make_the_person_smile_slightly",
  "prompt_type": "smile",
  "seed": 49001,
  "target_input_ssim": 0.88,
  "theta_names": [
    "scale_logit",
    "action_mouth_corner_raise",
    "action_mouth_corner_lower",
    "action_mouth_width_expand",
    "action_mouth_width_compress",
    "action_chin_raise",
    "action_chin_lower"
  ],
  "theta_values": [
    0.17890377342700958,
    -0.002519837813451886,
    1.1593955755233765,
    -0.9254951477050781,
    -0.30473265051841736,
    -0.7013195753097534,
    -1.855729579925537
  ]
}
