{
  "displacement": {
    "budget_max_disp_px": 8.0,
    "max_disp_px": 4.296396255493164,
    "max_disp_px_budget": 8.0,
    "mean_disp_px": 1.2144720554351807,
    "p95_disp_px": 2.6498513221740723,
    "target_input_ssim": 0.88
  },
  "input": {
    "l2": 0.028604419372610216,
    "max_abs": 0.6274510025978088,
    "mean_abs": 0.015647048130631447,
    "psnr": 30.87133726688476,
    "ssim": 0.8952362537384033
  },
  "output": {
    "l2": 0.04331950462755815,
    "max_abs": 0.8470588326454163,
    "mean_abs": 0.02186495065689087,
    "psnr": 27.266330366302792,
    "ssim": 0.8624791502952576
  }
}
