{
  "displacement": {
    "budget_max_disp_px": 6.0,
    "max_disp_px": 0.9357964396476746,
    "max_disp_px_budget": 6.0,
    "mean_disp_px": 0.05073535442352295,
    "p95_disp_px": 0.4250011146068573,
    "target_input_ssim": 0.9
  },
  "input": {
    "l2": 0.0073889137590575985,
    "max_abs": 0.22745099663734436,
    "mean_abs": 0.0014469522284343839,
    "psnr": 42.62838804704629,
    "ssim": 0.9906427264213562
  },
  "output": {
    "l2": 0.018838524706399327,
    "max_abs": 0.7647058963775635,
    "mean_abs": 0.0058505036868155,
    "psnr": 34.499062218715494,
    "ssim": 0.9780738353729248
  }
}
