{
  "geometry_info": {
    "action_names": [
      "face_side_push_left",
      "face_side_push_right",
      "head_top_raise",
      "head_top_lower",
      "jaw_expand",
      "jaw_compress",
      "asymmetry_twist"
    ],
    "action_strength": 0.72,
    "action_values": {
      "asymmetry_twist": -0.02958045256804218,
      "face_side_push_left": -0.34028481227942725,
      "face_side_push_right": -0.02740522962993864,
      "head_top_lower": -0.04053243256791123,
      "head_top_raise": 0.19336372041090497,
      "jaw_compress": -0.2516411392482697,
      "jaw_expand": -0.5043186140755131
    },
    "active_actions": {
      "asymmetry_twist": -0.02958045256804218,
      "face_side_push_left": -0.34028481227942725,
      "face_side_push_right": -0.02740522962993864,
      "head_top_lower": -0.04053243256791123,
      "head_top_raise": 0.19336372041090497,
      "jaw_compress": -0.2516411392482697,
      "jaw_expand": -0.5043186140755131
    },
    "active_anchor_count": 7,
    "control_point_count": 15,
    "geometry_method": "landmark_piecewise_affine",
    "max_disp_px_budget": 8.0,
    "scale_factor": 0.5153020886675941,
    "source_control_points": [
      [
        112.63999938964844,
        248.3199920654297
      ],
      [
        112.63999938964844,
        253.44000244140625
      ],
      [
        399.3599853515625,
        248.3199920654297
      ],
      [
        399.3599853515625,
        253.44000244140625
      ],
      [
        256.0,
        87.04000091552734
      ],
      [
        174.0800018310547,
        394.239990234375
      ],
      [
        337.9200134277344,
        394.239990234375
      ],
      [
        0.0,
        0.0
      ],
      [
        511.0,
        0.0
      ],
      [
        0.0,
        511.0
      ],
      [
        511.0,
        511.0
      ],
      [
        256.0,
        0.0
      ],
      [
        256.0,
        511.0
      ],
      [
        0.0,
        256.0
      ],
      [
        511.0,
        256.0
      ]
    ],
    "target_control_points": [
      [
        114.60003662109375,
        248.49037170410156
      ],
      [
        114.11003112792969,
        253.44000244140625
      ],
      [
        399.2021179199219,
        248.1496124267578
      ],
      [
        399.2416076660156,
        253.44000244140625
      ],
      [
        256.0,
        85.69275665283203
      ],
      [
        175.53543090820312,
        394.3251953125
      ],
      [
        336.464599609375,
        394.15478515625
      ],
      [
        0.0,
        0.0
      ],
      [
        511.0,
        0.0
      ],
      [
        0.0,
        511.0
      ],
      [
        511.0,
        511.0
      ],
      [
        256.0,
        0.0
      ],
      [
        256.0,
        511.0
      ],
      [
        0.0,
        256.0
      ],
      [
        511.0,
        256.0
      ]
    ],
    "tps_regularization": 0.0001
  },
  "names": [
    "scale_logit",
    "action_face_side_push_left",
    "action_face_side_push_right",
    "action_head_top_raise",
    "action_head_top_lower",
    "action_jaw_expand",
    "action_jaw_compress",
    "action_asymmetry_twist"
  ],
  "values": [
    -0.2149973213672638,
    -0.7934514880180359,
    -0.0532330684363842,
    0.39451196789741516,
    -0.07882043719291687,
    -2.265397071838379,
    -0.5338743925094604,
    -0.057467278093099594
  ]
}
