{
  "action_names": [
    "face_side_push_left",
    "face_side_push_right",
    "head_top_raise",
    "head_top_lower",
    "jaw_expand",
    "jaw_compress",
    "asymmetry_twist"
  ],
  "action_strength": 0.72,
  "action_values": {
    "asymmetry_twist": 0.16530668658994815,
    "face_side_push_left": 0.6580818808669768,
    "face_side_push_right": 0.43639014533467674,
    "head_top_lower": -0.7629270684953041,
    "head_top_raise": -0.6976230667469104,
    "jaw_compress": -0.32572710776190267,
    "jaw_expand": -0.5891077204354236
  },
  "active_actions": {
    "asymmetry_twist": 0.16530668658994815,
    "face_side_push_left": 0.6580818808669768,
    "face_side_push_right": 0.43639014533467674,
    "head_top_lower": -0.7629270684953041,
    "head_top_raise": -0.6976230667469104,
    "jaw_compress": -0.32572710776190267,
    "jaw_expand": -0.5891077204354236
  },
  "active_anchor_count": 7,
  "control_point_count": 15,
  "geometry_method": "landmark_piecewise_affine",
  "max_disp_px_budget": 8.0,
  "scale_factor": 0.8268405174003808,
  "source_control_points": [
    [
      112.63999938964844,
      248.3199920654297
    ],
    [
      112.63999938964844,
      253.44000244140625
    ],
    [
      399.3599853515625,
      248.3199920654297
    ],
    [
      399.3599853515625,
      253.44000244140625
    ],
    [
      256.0,
      87.04000091552734
    ],
    [
      174.0800018310547,
      394.239990234375
    ],
    [
      337.9200134277344,
      394.239990234375
    ],
    [
      0.0,
      0.0
    ],
    [
      511.0,
      0.0
    ],
    [
      0.0,
      511.0
    ],
    [
      511.0,
      511.0
    ],
    [
      256.0,
      0.0
    ],
    [
      256.0,
      511.0
    ],
    [
      0.0,
      256.0
    ],
    [
      511.0,
      256.0
    ]
  ],
  "target_control_points": [
    [
      108.84944915771484,
      247.36782836914062
    ],
    [
      109.79708862304688,
      253.44000244140625
    ],
    [
      401.87359619140625,
      249.27215576171875
    ],
    [
      401.24517822265625,
      253.44000244140625
    ],
    [
      256.0,
      86.66384887695312
    ],
    [
      175.59707641601562,
      393.763916015625
    ],
    [
      336.4029541015625,
      394.716064453125
    ],
    [
      0.0,
      0.0
    ],
    [
      511.0,
      0.0
    ],
    [
      0.0,
      511.0
    ],
    [
      511.0,
      511.0
    ],
    [
      256.0,
      0.0
    ],
    [
      256.0,
      511.0
    ],
    [
      0.0,
      256.0
    ],
    [
      511.0,
      256.0
    ]
  ],
  "tps_regularization": 0.0001
}
