{
  "budget": "medium",
  "budget_max_disp_px": 4.0,
  "candidate_folder_abs": "/home/interns/Desktop/mat/phase2/outputs/phase2b_cem/add_headphones/medium/seed_00/candidates/cand_055_g04_m07",
  "candidate_index": 55,
  "candidate_name": "cand_055_g04_m07",
  "dct_modes": [
    [
      1,
      0
    ],
    [
      0,
      1
    ],
    [
      1,
      1
    ],
    [
      2,
      0
    ],
    [
      0,
      2
    ],
    [
      2,
      1
    ]
  ],
  "elapsed_seconds": 5.479244876652956,
  "generation": 4,
  "geometry_method": "region_local_tps",
  "initial_candidate": false,
  "input_l2": 0.013884598839118023,
  "input_max_abs": 0.7647058963775635,
  "input_mean_abs": 0.004718556068837643,
  "input_psnr": 37.14933327178434,
  "input_ssim": 0.9590755105018616,
  "max_disp_px": 1.5161930322647095,
  "max_disp_px_budget": 4.0,
  "mean_disp_px": 0.30366191267967224,
  "member": 7,
  "mesh_size": 4,
  "output_l2": 0.02108176283177784,
  "output_max_abs": 0.6627451181411743,
  "output_mean_abs": 0.010595940053462982,
  "output_psnr": 33.52186153512533,
  "output_ssim": 0.9401793479919434,
  "p95_disp_px": 1.165607213973999,
  "phase": "phase2b_cem",
  "prompt": "add headphones",
  "prompt_priority": 1,
  "prompt_slug": "add_headphones",
  "region_count": 3,
  "region_key": "headphones",
  "scale_factor": 0.39244136214256287,
  "seed": 23001,
  "target_input_ssim": 0.94,
  "tps_size": 4
}
