{
  "budget": "existence_probe",
  "budget_max_disp_px": 14.0,
  "candidate_folder_abs": "/home/interns/Desktop/mat/phase4/outputs/phase4a_existence_probe/cases/face_003/igs_1p00/add_headphones/existence_probe/seed_00/candidates/cand_018_g01_m18",
  "candidate_index": 18,
  "candidate_name": "cand_018_g01_m18",
  "case_id": "face_003__add_headphones__igs_1p00",
  "elapsed_seconds": 3.126111175864935,
  "face_id": "face_003",
  "generation": 1,
  "geometry_method": "landmark_semantic_tps",
  "guidance_scale": 7.5,
  "image_guidance_scale": 1.0,
  "initial_candidate": false,
  "input_l2": 0.02636381410282671,
  "input_max_abs": 0.5176470875740051,
  "input_mean_abs": 0.013242705725133419,
  "input_psnr": 31.57983518657964,
  "input_ssim": 0.8895223736763,
  "max_disp_px": 3.266482353210449,
  "max_disp_px_budget": 14.0,
  "mean_disp_px": 0.8795002698898315,
  "member": 18,
  "output_l2": 0.060236009756186766,
  "output_max_abs": 0.7019608020782471,
  "output_mean_abs": 0.02691374160349369,
  "output_psnr": 24.40287610077736,
  "output_ssim": 0.8756723403930664,
  "p95_disp_px": 2.532116174697876,
  "phase": "phase4a_existence_probe",
  "prompt": "add headphones",
  "prompt_slug": "add_headphones",
  "prompt_type": "headphones",
  "seed": 52101,
  "target_input_ssim": 0.78,
  "theta_names": [
    "scale_logit",
    "action_face_side_push_left",
    "action_face_side_push_right",
    "action_head_top_raise",
    "action_head_top_lower",
    "action_jaw_expand",
    "action_jaw_compress",
    "action_asymmetry_twist"
  ],
  "theta_values": [
    -0.1703782081604004,
    0.3552810549736023,
    0.1649925410747528,
    -1.1031709909439087,
    -0.5560103058815002,
    -0.4329895079135895,
    -0.37043100595474243,
    -0.06797802448272705
  ]
}
