{
  "action_names": [
    "eye_spread",
    "eye_compress",
    "eye_squint",
    "eye_raise_left",
    "eye_raise_right",
    "nose_bridge_shift_x",
    "asymmetry_twist"
  ],
  "action_strength": 0.72,
  "action_values": {
    "asymmetry_twist": 0.1955064646893492,
    "eye_compress": -0.05506307421352314,
    "eye_raise_left": 0.14494888755265914,
    "eye_raise_right": 0.020363390422035003,
    "eye_spread": -0.17108245513633438,
    "eye_squint": 0.17062215638514427,
    "nose_bridge_shift_x": -0.05661976141580252
  },
  "active_actions": {
    "asymmetry_twist": 0.1955064646893492,
    "eye_compress": -0.05506307421352314,
    "eye_raise_left": 0.14494888755265914,
    "eye_raise_right": 0.020363390422035003,
    "eye_spread": -0.17108245513633438,
    "eye_squint": 0.17062215638514427,
    "nose_bridge_shift_x": -0.05661976141580252
  },
  "active_anchor_count": 13,
  "control_point_count": 21,
  "geometry_method": "landmark_semantic_tps",
  "max_disp_px_budget": 8.0,
  "scale_factor": 0.23996899197782506,
  "source_control_points": [
    [
      212.48001098632812,
      217.60000610351562
    ],
    [
      184.32000732421875,
      217.60000610351562
    ],
    [
      299.5199890136719,
      217.60000610351562
    ],
    [
      327.67999267578125,
      217.60000610351562
    ],
    [
      212.48001098632812,
      199.67999267578125
    ],
    [
      212.48001098632812,
      235.52000427246094
    ],
    [
      299.5199890136719,
      199.67999267578125
    ],
    [
      299.5199890136719,
      235.52000427246094
    ],
    [
      256.0,
      263.67999267578125
    ],
    [
      112.63999938964844,
      248.3199920654297
    ],
    [
      174.0800018310547,
      394.239990234375
    ],
    [
      399.3599853515625,
      248.3199920654297
    ],
    [
      337.9200134277344,
      394.239990234375
    ],
    [
      0.0,
      0.0
    ],
    [
      511.0,
      0.0
    ],
    [
      0.0,
      511.0
    ],
    [
      511.0,
      511.0
    ],
    [
      256.0,
      0.0
    ],
    [
      256.0,
      511.0
    ],
    [
      0.0,
      256.0
    ],
    [
      511.0,
      256.0
    ]
  ],
  "target_control_points": [
    [
      213.14828491210938,
      216.76510620117188
    ],
    [
      184.98828125,
      217.60000610351562
    ],
    [
      298.8517150878906,
      217.4827117919922
    ],
    [
      327.01171875,
      217.60000610351562
    ],
    [
      212.48001098632812,
      199.82786560058594
    ],
    [
      212.48001098632812,
      234.11976623535156
    ],
    [
      299.5199890136719,
      200.5454864501953
    ],
    [
      299.5199890136719,
      234.47857666015625
    ],
    [
      255.6738739013672,
      263.67999267578125
    ],
    [
      112.63999938964844,
      247.19387817382812
    ],
    [
      174.0800018310547,
      393.67694091796875
    ],
    [
      399.3599853515625,
      249.44610595703125
    ],
    [
      337.9200134277344,
      394.80303955078125
    ],
    [
      0.0,
      0.0
    ],
    [
      511.0,
      0.0
    ],
    [
      0.0,
      511.0
    ],
    [
      511.0,
      511.0
    ],
    [
      256.0,
      0.0
    ],
    [
      256.0,
      511.0
    ],
    [
      0.0,
      256.0
    ],
    [
      511.0,
      256.0
    ]
  ],
  "tps_regularization": 0.0001
}
