{
  "budget": "strong",
  "budget_max_disp_px": 8.0,
  "candidate_folder_abs": "/home/interns/Desktop/mat/phase4/outputs/phase4a_existence_probe/cases/face_006/igs_1p50/add_black_sunglasses/strong/seed_00/candidates/cand_057_g03_m17",
  "candidate_index": 57,
  "candidate_name": "cand_057_g03_m17",
  "case_id": "face_006__add_black_sunglasses__igs_1p50",
  "elapsed_seconds": 2.5927172638475895,
  "face_id": "face_006",
  "generation": 3,
  "geometry_method": "landmark_piecewise_affine",
  "guidance_scale": 7.5,
  "image_guidance_scale": 1.5,
  "initial_candidate": false,
  "input_l2": 0.04327607115900711,
  "input_max_abs": 0.8078431487083435,
  "input_mean_abs": 0.018900884315371513,
  "input_psnr": 27.275043475318846,
  "input_ssim": 0.8486054539680481,
  "max_disp_px": 7.792294025421143,
  "max_disp_px_budget": 8.0,
  "mean_disp_px": 1.5226542949676514,
  "member": 17,
  "output_l2": 0.04937161292156192,
  "output_max_abs": 0.8980392217636108,
  "output_mean_abs": 0.020692070946097374,
  "output_psnr": 26.130453691585913,
  "output_ssim": 0.8514633178710938,
  "p95_disp_px": 3.647199869155884,
  "phase": "phase4a_existence_probe",
  "prompt": "add black sunglasses",
  "prompt_slug": "add_black_sunglasses",
  "prompt_type": "glasses",
  "seed": 43001,
  "target_input_ssim": 0.88,
  "theta_names": [
    "scale_logit",
    "action_eye_spread",
    "action_eye_compress",
    "action_eye_squint",
    "action_eye_raise_left",
    "action_eye_raise_right",
    "action_nose_bridge_shift_x",
    "action_asymmetry_twist"
  ],
  "theta_values": [
    2.2409956455230713,
    0.7625923156738281,
    -0.26469385623931885,
    0.08647336065769196,
    -1.6957752704620361,
    1.370352864265442,
    -0.05842906981706619,
    -0.9645221829414368
  ]
}
