{
  "displacement": {
    "budget_max_disp_px": 8.0,
    "max_disp_px": 2.4811818599700928,
    "max_disp_px_budget": 8.0,
    "mean_disp_px": 0.353288471698761,
    "p95_disp_px": 1.7554396390914917,
    "target_input_ssim": 0.86
  },
  "input": {
    "l2": 0.012752521547979373,
    "max_abs": 0.7450980544090271,
    "mean_abs": 0.003723732428625226,
    "psnr": 37.88807867934561,
    "ssim": 0.9671919941902161
  },
  "output": {
    "l2": 0.021914915538485787,
    "max_abs": 0.7411764860153198,
    "mean_abs": 0.0085296044126153,
    "psnr": 33.185203976121265,
    "ssim": 0.9495455622673035
  }
}
