{
  "budget": "strong",
  "budget_max_disp_px": 8.0,
  "candidate_folder_abs": "/home/interns/Desktop/mat/phase4/outputs/phase4a_existence_probe/cases/face_003/igs_1p00/add_headphones/strong/seed_00/candidates/cand_069_g04_m09",
  "candidate_index": 69,
  "candidate_name": "cand_069_g04_m09",
  "case_id": "face_003__add_headphones__igs_1p00",
  "elapsed_seconds": 2.552439160645008,
  "face_id": "face_003",
  "generation": 4,
  "geometry_method": "landmark_piecewise_affine",
  "guidance_scale": 7.5,
  "image_guidance_scale": 1.0,
  "initial_candidate": false,
  "input_l2": 0.017426603488393786,
  "input_max_abs": 0.4784314036369324,
  "input_mean_abs": 0.007427858654409647,
  "input_psnr": 35.175745005922835,
  "input_ssim": 0.9475023150444031,
  "max_disp_px": 2.322662353515625,
  "max_disp_px_budget": 8.0,
  "mean_disp_px": 0.5130781531333923,
  "member": 9,
  "output_l2": 0.044963019643473934,
  "output_max_abs": 0.686274528503418,
  "output_mean_abs": 0.019697165116667747,
  "output_psnr": 26.942890598930784,
  "output_ssim": 0.924821674823761,
  "p95_disp_px": 1.6027296781539917,
  "phase": "phase4a_existence_probe",
  "prompt": "add headphones",
  "prompt_slug": "add_headphones",
  "prompt_type": "headphones",
  "seed": 52001,
  "target_input_ssim": 0.88,
  "theta_names": [
    "scale_logit",
    "action_face_side_push_left",
    "action_face_side_push_right",
    "action_head_top_raise",
    "action_head_top_lower",
    "action_jaw_expand",
    "action_jaw_compress",
    "action_asymmetry_twist"
  ],
  "theta_values": [
    -0.7211431264877319,
    -0.04072294756770134,
    0.12976986169815063,
    -1.9343414306640625,
    0.18574881553649902,
    0.14891448616981506,
    0.25026610493659973,
    -0.7746183276176453
  ]
}
