{
  "clean_clip_positive_margin": 0.030473262071609497,
  "clean_semantic_success_score": 0.030473262071609497,
  "clip_available": true,
  "clip_semantic_drop": -0.0005948096513748169,
  "clip_warning": null,
  "crop_clip_available": false,
  "crop_clip_warning": null,
  "decision_label": "metric_only_candidate",
  "decision_reasons": [
    "semantic_drop_nonpositive:-0.0006",
    "semantic_drop_nonpositive:-0.0006"
  ],
  "edit_failure_score": 0.0,
  "final_attack_score": 0.11928082935658942,
  "full_image_semantic_drop": -0.0005948096513748169,
  "geometry_excess_penalty": 0.0,
  "geometry_excess_penalty_weight": 1.0,
  "identity_or_face_health_available": false,
  "input_damage_penalty": 0.0,
  "input_damage_penalty_weight": 3.0,
  "input_l2": 0.010553127122850892,
  "input_max_abs": 0.36078429222106934,
  "input_mean_abs": 0.0021597316954284906,
  "input_preservation_score": 0.8268157243728638,
  "input_psnr": 39.53237660644945,
  "input_ssim": 0.9826815724372864,
  "max_disp_px_budget": 6.0,
  "output_disruption_score": 0.11928082935658942,
  "output_disruption_weight": 1.0,
  "output_l2": 0.018765944820264602,
  "output_max_abs": 0.40784314274787903,
  "output_mean_abs": 0.011066820472478867,
  "output_psnr": 34.532591300320334,
  "output_ssim": 0.955782949924469,
  "perturbed_clip_positive_margin": 0.031068071722984314,
  "perturbed_semantic_success_score": 0.031068071722984314,
  "phase2_final_score": 0.11928082935658942,
  "phase2_output_disruption": 0.11928082935658942,
  "phase2_score_formula": "4.0*max(0,semantic_drop)+1.0*output_disruption-3.0*input_damage_penalty-1.0*geometry_excess_penalty",
  "semantic_drop": -0.0005948096513748169,
  "semantic_drop_weight": 4.0,
  "target_input_ssim": 0.9
}
