{
  "clean_clip_positive_margin": 0.027842342853546143,
  "clean_semantic_success_score": 0.027842342853546143,
  "clip_available": true,
  "clip_semantic_drop": 0.02008795738220215,
  "clip_warning": null,
  "crop_clip_available": true,
  "crop_clip_warning": null,
  "decision_label": "weak_candidate",
  "decision_reasons": [],
  "edit_failure_score": 0.02008795738220215,
  "final_attack_score": 0.19666803994622664,
  "full_image_semantic_drop": 0.02008795738220215,
  "geometry_excess_penalty": 0.0,
  "geometry_excess_penalty_weight": 0.75,
  "identity_or_face_health_available": false,
  "input_damage_penalty": 0.0,
  "input_damage_penalty_weight": 3.0,
  "input_l2": 0.013143214890344614,
  "input_max_abs": 0.40784311294555664,
  "input_mean_abs": 0.004517309833317995,
  "input_preservation_score": 0.6381646394729613,
  "input_psnr": 37.62596782739219,
  "input_ssim": 0.9638164639472961,
  "left_crop_clean_margin": 0.02535329759120941,
  "left_crop_perturbed_margin": 0.019919157028198242,
  "left_crop_semantic_drop": 0.005434140563011169,
  "max_disp_px_budget": 6.0,
  "mean_crop_margin": 0.012314528226852417,
  "mean_crop_semantic_drop": 0.005796740452448527,
  "min_crop_margin": -0.005565360188484192,
  "min_crop_semantic_drop": -0.0011082589626312256,
  "output_disruption_score": 0.14385752355443782,
  "output_disruption_weight": 0.25,
  "output_l2": 0.02215510228124098,
  "output_max_abs": 0.686274528503418,
  "output_mean_abs": 0.009086362086236477,
  "output_psnr": 33.09052481327837,
  "output_ssim": 0.9447628855705261,
  "perturbed_clip_positive_margin": 0.007754385471343994,
  "perturbed_semantic_success_score": 0.007754385471343994,
  "phase2_final_score": 0.19666803994622664,
  "phase2_output_disruption": 0.14385752355443782,
  "phase2_score_formula": "8.0*max(0,semantic_drop)+0.25*output_disruption-3.0*input_damage_penalty-0.75*geometry_excess_penalty",
  "right_crop_clean_margin": 0.021481528878211975,
  "right_crop_perturbed_margin": 0.0225897878408432,
  "right_crop_semantic_drop": -0.0011082589626312256,
  "semantic_drop": 0.02008795738220215,
  "semantic_drop_weight": 8.0,
  "target_input_ssim": 0.9,
  "top_crop_clean_margin": 0.007498979568481445,
  "top_crop_perturbed_margin": -0.005565360188484192,
  "top_crop_semantic_drop": 0.013064339756965637
}
