{
  "best_folder": "phase4/outputs/phase4a_existence_probe/cases/face_003/igs_1p00/add_headphones/existence_probe/seed_00/candidates/cand_005_g01_m05",
  "budget": "existence_probe",
  "budget_max_disp_px": 14.0,
  "candidate_folder": "phase4/outputs/phase4a_existence_probe/cases/face_003/igs_1p00/add_headphones/existence_probe/seed_00/candidates/cand_005_g01_m05",
  "candidate_index": 5,
  "candidate_name": "cand_005_g01_m05",
  "case_id": "face_003__add_headphones__igs_1p00",
  "clean_clip_positive_margin": 0.045783042907714844,
  "clean_semantic_success_score": 0.045783042907714844,
  "clip_available": true,
  "clip_semantic_drop": 0.002729654312133789,
  "clip_warning": null,
  "crop_clip_available": true,
  "crop_clip_warning": null,
  "decision_label": "metric_only_candidate",
  "decision_reasons": [
    "semantic_drop_small:0.0027",
    "semantic_drop_small:0.0027",
    "semantic_drop_small:0.0027"
  ],
  "edit_failure_score": 0.002729654312133789,
  "elapsed_seconds": 2.557054288685322,
  "face_id": "face_003",
  "final_attack_score": 0.16869045066370236,
  "full_image_semantic_drop": 0.002729654312133789,
  "generation": 1,
  "geometry_excess_penalty": 0.0,
  "geometry_excess_penalty_weight": 0.75,
  "geometry_method": "landmark_piecewise_affine",
  "guidance_scale": 7.5,
  "identity_or_face_health_available": false,
  "image_guidance_scale": 1.0,
  "initial_candidate": false,
  "input_damage_penalty": 0.0,
  "input_damage_penalty_weight": 3.0,
  "input_l2": 0.024334043259552865,
  "input_max_abs": 0.3921568691730499,
  "input_mean_abs": 0.012229758314788342,
  "input_preservation_score": 0.5508413423191417,
  "input_psnr": 32.27571448441519,
  "input_ssim": 0.9011850953102112,
  "left_crop_clean_margin": 0.01863802969455719,
  "left_crop_perturbed_margin": 0.018934577703475952,
  "left_crop_semantic_drop": -0.0002965480089187622,
  "max_disp_px": 3.064952850341797,
  "max_disp_px_budget": 14.0,
  "mean_crop_margin": 0.00989028811454773,
  "mean_crop_semantic_drop": -0.0008931706349054972,
  "mean_disp_px": 0.8709002733230591,
  "member": 5,
  "min_crop_margin": -0.009257718920707703,
  "min_crop_semantic_drop": -0.0020421594381332397,
  "output_disruption_score": 0.2937064323332641,
  "output_disruption_weight": 0.5,
  "output_l2": 0.04805885636574859,
  "output_max_abs": 0.8823529481887817,
  "output_mean_abs": 0.021029198542237282,
  "output_psnr": 26.364531362258777,
  "output_ssim": 0.8985289931297302,
  "p95_disp_px": 2.1467411518096924,
  "path_clean_edit": "phase4/outputs/phase4a_existence_probe/cases/face_003/igs_1p00/add_headphones/existence_probe/seed_00/candidates/cand_005_g01_m05/clean_edit.png",
  "path_flow": "phase4/outputs/phase4a_existence_probe/cases/face_003/igs_1p00/add_headphones/existence_probe/seed_00/candidates/cand_005_g01_m05/flow.png",
  "path_landmarks_overlay_original": "phase4/outputs/phase4a_existence_probe/cases/face_003/igs_1p00/add_headphones/existence_probe/seed_00/candidates/cand_005_g01_m05/landmarks_overlay_original.jpg",
  "path_landmarks_overlay_perturbed": "phase4/outputs/phase4a_existence_probe/cases/face_003/igs_1p00/add_headphones/existence_probe/seed_00/candidates/cand_005_g01_m05/landmarks_overlay_perturbed.jpg",
  "path_original": "phase4/outputs/phase4a_existence_probe/cases/face_003/igs_1p00/add_headphones/existence_probe/seed_00/candidates/cand_005_g01_m05/original.png",
  "path_perturbed": "phase4/outputs/phase4a_existence_probe/cases/face_003/igs_1p00/add_headphones/existence_probe/seed_00/candidates/cand_005_g01_m05/perturbed.png",
  "path_perturbed_edit": "phase4/outputs/phase4a_existence_probe/cases/face_003/igs_1p00/add_headphones/existence_probe/seed_00/candidates/cand_005_g01_m05/perturbed_edit.png",
  "perturbed_clip_positive_margin": 0.043053388595581055,
  "perturbed_semantic_success_score": 0.043053388595581055,
  "phase": "phase4a_existence_probe",
  "phase2_final_score": 0.16869045066370236,
  "phase2_output_disruption": 0.2937064323332641,
  "phase2_score_formula": "8.0*max(0,semantic_drop)+0.5*output_disruption-3.0*input_damage_penalty-0.75*geometry_excess_penalty",
  "phase4_budget_name": "existence_probe",
  "phase4_final_score": 0.16869045066370236,
  "phase4_score_formula": "8.0*max(0,semantic_drop)+0.5*output_disruption-3.0*input_damage_penalty-0.75*geometry_excess_penalty",
  "prompt": "add headphones",
  "prompt_slug": "add_headphones",
  "prompt_type": "headphones",
  "right_crop_clean_margin": 0.0179518461227417,
  "right_crop_perturbed_margin": 0.01999400556087494,
  "right_crop_semantic_drop": -0.0020421594381332397,
  "seed": 52101,
  "semantic_drop": 0.002729654312133789,
  "semantic_drop_weight": 8.0,
  "target_input_ssim": 0.78,
  "theta_names": [
    "scale_logit",
    "action_face_side_push_left",
    "action_face_side_push_right",
    "action_head_top_raise",
    "action_head_top_lower",
    "action_jaw_expand",
    "action_jaw_compress",
    "action_asymmetry_twist"
  ],
  "theta_values": [
    -1.028990626335144,
    2.5,
    1.5614490509033203,
    -1.5025055408477783,
    -1.3930721282958984,
    -0.06421361118555069,
    1.13531494140625,
    -0.31579849123954773
  ],
  "top_crop_clean_margin": -0.009598523378372192,
  "top_crop_perturbed_margin": -0.009257718920707703,
  "top_crop_semantic_drop": -0.00034080445766448975
}
