{
  "action_names": [
    "eye_spread",
    "eye_compress",
    "eye_squint",
    "eye_raise_left",
    "eye_raise_right",
    "nose_bridge_shift_x",
    "asymmetry_twist"
  ],
  "action_strength": 0.72,
  "action_values": {
    "asymmetry_twist": -0.3858766457120176,
    "eye_compress": -0.3348833137602829,
    "eye_raise_left": 0.12387569532825769,
    "eye_raise_right": 0.39772408610673793,
    "eye_spread": 0.11259648854556799,
    "eye_squint": 0.5534631435826319,
    "nose_bridge_shift_x": 0.1320341404911509
  },
  "active_actions": {
    "asymmetry_twist": -0.3858766457120176,
    "eye_compress": -0.3348833137602829,
    "eye_raise_left": 0.12387569532825769,
    "eye_raise_right": 0.39772408610673793,
    "eye_spread": 0.11259648854556799,
    "eye_squint": 0.5534631435826319,
    "nose_bridge_shift_x": 0.1320341404911509
  },
  "active_anchor_count": 13,
  "control_point_count": 21,
  "geometry_method": "landmark_semantic_tps",
  "max_disp_px_budget": 14.0,
  "scale_factor": 0.6373914373868608,
  "source_control_points": [
    [
      212.48001098632812,
      217.60000610351562
    ],
    [
      184.32000732421875,
      217.60000610351562
    ],
    [
      299.5199890136719,
      217.60000610351562
    ],
    [
      327.67999267578125,
      217.60000610351562
    ],
    [
      212.48001098632812,
      199.67999267578125
    ],
    [
      212.48001098632812,
      235.52000427246094
    ],
    [
      299.5199890136719,
      199.67999267578125
    ],
    [
      299.5199890136719,
      235.52000427246094
    ],
    [
      256.0,
      263.67999267578125
    ],
    [
      112.63999938964844,
      248.3199920654297
    ],
    [
      174.0800018310547,
      394.239990234375
    ],
    [
      399.3599853515625,
      248.3199920654297
    ],
    [
      337.9200134277344,
      394.239990234375
    ],
    [
      0.0,
      0.0
    ],
    [
      511.0,
      0.0
    ],
    [
      0.0,
      511.0
    ],
    [
      511.0,
      511.0
    ],
    [
      256.0,
      0.0
    ],
    [
      256.0,
      511.0
    ],
    [
      0.0,
      256.0
    ],
    [
      511.0,
      256.0
    ]
  ],
  "target_control_points": [
    [
      207.96942138671875,
      216.35133361816406
    ],
    [
      179.80941772460938,
      217.60000610351562
    ],
    [
      304.03057861328125,
      213.5909423828125
    ],
    [
      332.1905822753906,
      217.60000610351562
    ],
    [
      212.48001098632812,
      204.01023864746094
    ],
    [
      212.48001098632812,
      229.31675720214844
    ],
    [
      299.5199890136719,
      201.24984741210938
    ],
    [
      299.5199890136719,
      227.9365692138672
    ],
    [
      257.3309020996094,
      263.67999267578125
    ],
    [
      112.63999938964844,
      252.20962524414062
    ],
    [
      174.0800018310547,
      396.184814453125
    ],
    [
      399.3599853515625,
      244.43035888671875
    ],
    [
      337.9200134277344,
      392.295166015625
    ],
    [
      0.0,
      0.0
    ],
    [
      511.0,
      0.0
    ],
    [
      0.0,
      511.0
    ],
    [
      511.0,
      511.0
    ],
    [
      256.0,
      0.0
    ],
    [
      256.0,
      511.0
    ],
    [
      0.0,
      256.0
    ],
    [
      511.0,
      256.0
    ]
  ],
  "tps_regularization": 0.0001
}
