{
  "best_folder": "phase4/outputs/phase4a_existence_probe/cases/face_003/igs_1p50/add_headphones/strong/seed_00/candidates/cand_002_g01_m02",
  "budget": "strong",
  "budget_max_disp_px": 8.0,
  "candidate_folder": "phase4/outputs/phase4a_existence_probe/cases/face_003/igs_1p50/add_headphones/strong/seed_00/candidates/cand_002_g01_m02",
  "candidate_index": 2,
  "candidate_name": "cand_002_g01_m02",
  "case_id": "face_003__add_headphones__igs_1p50",
  "clean_clip_positive_margin": 0.04772844910621643,
  "clean_semantic_success_score": 0.04772844910621643,
  "clip_available": true,
  "clip_semantic_drop": 0.0034760236740112305,
  "clip_warning": null,
  "crop_clip_available": true,
  "crop_clip_warning": null,
  "decision_label": "reject_input_damage",
  "decision_reasons": [
    "input_ssim_below_target:0.8304<0.8800",
    "semantic_drop_small:0.0035"
  ],
  "edit_failure_score": 0.0034760236740112305,
  "elapsed_seconds": 3.0137351509183645,
  "face_id": "face_003",
  "final_attack_score": -0.9663887332676756,
  "full_image_semantic_drop": 0.0034760236740112305,
  "generation": 1,
  "geometry_excess_penalty": 0.0,
  "geometry_excess_penalty_weight": 0.75,
  "geometry_method": "landmark_semantic_tps",
  "guidance_scale": 7.5,
  "identity_or_face_health_available": false,
  "image_guidance_scale": 1.5,
  "initial_candidate": false,
  "input_damage_penalty": 0.3968205833435059,
  "input_damage_penalty_weight": 3.0,
  "input_l2": 0.03378746774526296,
  "input_max_abs": 0.5568627715110779,
  "input_mean_abs": 0.01807592809200287,
  "input_preservation_score": 0.0,
  "input_psnr": 29.42488711772437,
  "input_ssim": 0.8303974270820618,
  "left_crop_clean_margin": 0.018402695655822754,
  "left_crop_perturbed_margin": 0.015120178461074829,
  "left_crop_semantic_drop": 0.003282517194747925,
  "max_disp_px": 6.202674865722656,
  "max_disp_px_budget": 8.0,
  "mean_crop_margin": 0.009511411190032959,
  "mean_crop_semantic_drop": 0.005822494626045227,
  "mean_disp_px": 1.3877842426300049,
  "member": 2,
  "min_crop_margin": -0.009495377540588379,
  "min_crop_semantic_drop": 0.0031394660472869873,
  "output_disruption_score": 0.39252965474150453,
  "output_disruption_weight": 0.5,
  "output_l2": 0.0465180695653505,
  "output_max_abs": 0.6823529601097107,
  "output_mean_abs": 0.024817371740937233,
  "output_psnr": 26.64756632363165,
  "output_ssim": 0.7935426235198975,
  "p95_disp_px": 4.3905510902404785,
  "path_clean_edit": "phase4/outputs/phase4a_existence_probe/cases/face_003/igs_1p50/add_headphones/strong/seed_00/candidates/cand_002_g01_m02/clean_edit.png",
  "path_flow": "phase4/outputs/phase4a_existence_probe/cases/face_003/igs_1p50/add_headphones/strong/seed_00/candidates/cand_002_g01_m02/flow.png",
  "path_landmarks_overlay_original": "phase4/outputs/phase4a_existence_probe/cases/face_003/igs_1p50/add_headphones/strong/seed_00/candidates/cand_002_g01_m02/landmarks_overlay_original.jpg",
  "path_landmarks_overlay_perturbed": "phase4/outputs/phase4a_existence_probe/cases/face_003/igs_1p50/add_headphones/strong/seed_00/candidates/cand_002_g01_m02/landmarks_overlay_perturbed.jpg",
  "path_original": "phase4/outputs/phase4a_existence_probe/cases/face_003/igs_1p50/add_headphones/strong/seed_00/candidates/cand_002_g01_m02/original.png",
  "path_perturbed": "phase4/outputs/phase4a_existence_probe/cases/face_003/igs_1p50/add_headphones/strong/seed_00/candidates/cand_002_g01_m02/perturbed.png",
  "path_perturbed_edit": "phase4/outputs/phase4a_existence_probe/cases/face_003/igs_1p50/add_headphones/strong/seed_00/candidates/cand_002_g01_m02/perturbed_edit.png",
  "perturbed_clip_positive_margin": 0.0442524254322052,
  "perturbed_semantic_success_score": 0.0442524254322052,
  "phase": "phase4a_existence_probe",
  "phase2_final_score": -0.9663887332676756,
  "phase2_output_disruption": 0.39252965474150453,
  "phase2_score_formula": "8.0*max(0,semantic_drop)+0.5*output_disruption-3.0*input_damage_penalty-0.75*geometry_excess_penalty",
  "phase4_budget_name": "strong",
  "phase4_final_score": -0.9663887332676756,
  "phase4_score_formula": "8.0*max(0,semantic_drop)+0.5*output_disruption-3.0*input_damage_penalty-0.75*geometry_excess_penalty",
  "prompt": "add headphones",
  "prompt_slug": "add_headphones",
  "prompt_type": "headphones",
  "right_crop_clean_margin": 0.026048898696899414,
  "right_crop_perturbed_margin": 0.022909432649612427,
  "right_crop_semantic_drop": 0.0031394660472869873,
  "seed": 46001,
  "semantic_drop": 0.0034760236740112305,
  "semantic_drop_weight": 8.0,
  "target_input_ssim": 0.88,
  "theta_names": [
    "scale_logit",
    "action_face_side_push_left",
    "action_face_side_push_right",
    "action_head_top_raise",
    "action_head_top_lower",
    "action_jaw_expand",
    "action_jaw_compress",
    "action_asymmetry_twist"
  ],
  "theta_values": [
    0.5761086940765381,
    0.1660533845424652,
    1.313314437866211,
    -1.584463357925415,
    -0.874013364315033,
    -1.045811414718628,
    -0.5318604707717896,
    0.001673285849392414
  ],
  "top_crop_clean_margin": 0.0015501230955123901,
  "top_crop_perturbed_margin": -0.009495377540588379,
  "top_crop_semantic_drop": 0.011045500636100769
}
