{
  "budget": "strong",
  "budget_max_disp_px": 6.0,
  "candidate_folder_abs": "/home/interns/Desktop/mat/phase2/outputs/phase2a_probe/add_black_sunglasses/strong/seed_00/candidates/cand_023_g02_m11",
  "candidate_index": 23,
  "candidate_name": "cand_023_g02_m11",
  "dct_modes": [
    [
      1,
      0
    ],
    [
      0,
      1
    ],
    [
      1,
      1
    ],
    [
      2,
      0
    ],
    [
      0,
      2
    ],
    [
      2,
      1
    ]
  ],
  "elapsed_seconds": 4.988277422264218,
  "generation": 2,
  "geometry_method": "region_local_tps",
  "initial_candidate": false,
  "input_l2": 0.016576071586240332,
  "input_max_abs": 0.8470588326454163,
  "input_mean_abs": 0.003218921134248376,
  "input_psnr": 35.61036772730482,
  "input_ssim": 0.9721946716308594,
  "max_disp_px": 3.934784173965454,
  "max_disp_px_budget": 6.0,
  "mean_disp_px": 0.21106775104999542,
  "member": 11,
  "mesh_size": 4,
  "output_l2": 0.016131982643452884,
  "output_max_abs": 0.5372549295425415,
  "output_mean_abs": 0.006089279893785715,
  "output_psnr": 35.84624507851116,
  "output_ssim": 0.9678468704223633,
  "p95_disp_px": 1.7720677852630615,
  "phase": "phase2a_probe",
  "prompt": "add black sunglasses",
  "prompt_priority": 2,
  "prompt_slug": "add_black_sunglasses",
  "region_count": 1,
  "region_key": "glasses",
  "scale_factor": 0.6706041097640991,
  "seed": 23101,
  "target_input_ssim": 0.9,
  "tps_size": 4
}
