{
  "displacement": {
    "budget_max_disp_px": 4.0,
    "max_disp_px": 2.868074417114258,
    "max_disp_px_budget": 4.0,
    "mean_disp_px": 0.49282345175743103,
    "p95_disp_px": 2.1295523643493652,
    "target_input_ssim": 0.94
  },
  "input": {
    "l2": 0.018746827398547508,
    "max_abs": 0.43529412150382996,
    "mean_abs": 0.006068695802241564,
    "psnr": 34.5414443826042,
    "ssim": 0.9397605061531067
  },
  "output": {
    "l2": 0.02412009883867407,
    "max_abs": 0.5686274766921997,
    "mean_abs": 0.011173262260854244,
    "psnr": 32.352418337766416,
    "ssim": 0.9292774200439453
  }
}
