{
  "clean_clip_positive_margin": 0.035206615924835205,
  "clean_semantic_success_score": 0.035206615924835205,
  "clip_available": true,
  "clip_semantic_drop": 0.0012114644050598145,
  "clip_warning": null,
  "crop_clip_available": false,
  "crop_clip_warning": null,
  "decision_label": "metric_only_candidate",
  "decision_reasons": [
    "semantic_drop_small:0.0012",
    "semantic_drop_small:0.0012",
    "semantic_drop_small:0.0012"
  ],
  "edit_failure_score": 0.0012114644050598145,
  "final_attack_score": 0.0458881625327394,
  "full_image_semantic_drop": 0.0012114644050598145,
  "geometry_excess_penalty": 0.0,
  "geometry_excess_penalty_weight": 0.75,
  "identity_or_face_health_available": false,
  "input_damage_penalty": 0.0,
  "input_damage_penalty_weight": 3.0,
  "input_l2": 0.005976780037898456,
  "input_max_abs": 0.1882353127002716,
  "input_mean_abs": 0.001533962320536375,
  "input_preservation_score": 0.966984490553538,
  "input_psnr": 44.47065454230164,
  "input_ssim": 0.9960381388664246,
  "max_disp_px_budget": 8.0,
  "output_disruption_score": 0.07239289458452176,
  "output_disruption_weight": 0.5,
  "output_l2": 0.011491927941288827,
  "output_max_abs": 0.27843138575553894,
  "output_mean_abs": 0.0056429337710142136,
  "output_psnr": 38.7921421172265,
  "output_ssim": 0.9735748171806335,
  "perturbed_clip_positive_margin": 0.03399515151977539,
  "perturbed_semantic_success_score": 0.03399515151977539,
  "phase2_final_score": 0.0458881625327394,
  "phase2_output_disruption": 0.07239289458452176,
  "phase2_score_formula": "8.0*max(0,semantic_drop)+0.5*output_disruption-3.0*input_damage_penalty-0.75*geometry_excess_penalty",
  "phase4_budget_name": "strong",
  "phase4_final_score": 0.0458881625327394,
  "phase4_score_formula": "8.0*max(0,semantic_drop)+0.5*output_disruption-3.0*input_damage_penalty-0.75*geometry_excess_penalty",
  "semantic_drop": 0.0012114644050598145,
  "semantic_drop_weight": 8.0,
  "target_input_ssim": 0.88
}
