{
  "displacement": {
    "budget_max_disp_px": 14.0,
    "max_disp_px": 4.5115275382995605,
    "max_disp_px_budget": 14.0,
    "mean_disp_px": 1.1983991861343384,
    "p95_disp_px": 3.3203229904174805,
    "target_input_ssim": 0.78
  },
  "input": {
    "l2": 0.031412790270446925,
    "max_abs": 0.8941176533699036,
    "mean_abs": 0.012815414927899837,
    "psnr": 30.05786970549891,
    "ssim": 0.8896295428276062
  },
  "output": {
    "l2": 0.04205912837844329,
    "max_abs": 0.8705882430076599,
    "mean_abs": 0.020078537985682487,
    "psnr": 27.522794635064685,
    "ssim": 0.8733407855033875
  }
}
