{
  "clean_clip_positive_margin": 0.04682642221450806,
  "clean_semantic_success_score": 0.04682642221450806,
  "clip_available": true,
  "clip_semantic_drop": 0.006744176149368286,
  "clip_warning": null,
  "crop_clip_available": true,
  "crop_clip_warning": null,
  "decision_label": "reject_input_damage",
  "decision_reasons": [
    "input_ssim_below_target:0.7068<0.7800",
    "semantic_drop_small:0.0067"
  ],
  "edit_failure_score": 0.006744176149368286,
  "final_attack_score": -1.3818166168834891,
  "full_image_semantic_drop": 0.006744176149368286,
  "geometry_excess_penalty": 0.0,
  "geometry_excess_penalty_weight": 0.75,
  "identity_or_face_health_available": false,
  "input_damage_penalty": 0.5859229469299319,
  "input_damage_penalty_weight": 3.0,
  "input_l2": 0.060217408961724235,
  "input_max_abs": 0.9098039269447327,
  "input_mean_abs": 0.031883761286735535,
  "input_preservation_score": 0.0,
  "input_psnr": 24.405558705403877,
  "input_ssim": 0.7067596316337585,
  "left_crop_clean_margin": 0.01800447702407837,
  "left_crop_perturbed_margin": 0.01901865005493164,
  "left_crop_semantic_drop": -0.0010141730308532715,
  "max_disp_px_budget": 14.0,
  "mean_crop_margin": 0.013597880800565084,
  "mean_crop_semantic_drop": 0.0005725870529810587,
  "min_crop_margin": -0.003255903720855713,
  "min_crop_semantic_drop": -0.0010141730308532715,
  "output_disruption_score": 0.6439976294227202,
  "output_disruption_weight": 0.5,
  "output_l2": 0.07769001025427777,
  "output_max_abs": 0.9098039269447327,
  "output_mean_abs": 0.041247282177209854,
  "output_psnr": 22.192696424589855,
  "output_ssim": 0.6667624115943909,
  "perturbed_clip_positive_margin": 0.04008224606513977,
  "perturbed_semantic_success_score": 0.04008224606513977,
  "phase2_final_score": -1.3818166168834891,
  "phase2_output_disruption": 0.6439976294227202,
  "phase2_score_formula": "8.0*max(0,semantic_drop)+0.5*output_disruption-3.0*input_damage_penalty-0.75*geometry_excess_penalty",
  "phase4_budget_name": "existence_probe",
  "phase4_final_score": -1.3818166168834891,
  "phase4_score_formula": "8.0*max(0,semantic_drop)+0.5*output_disruption-3.0*input_damage_penalty-0.75*geometry_excess_penalty",
  "right_crop_clean_margin": 0.02526278793811798,
  "right_crop_perturbed_margin": 0.025030896067619324,
  "right_crop_semantic_drop": 0.00023189187049865723,
  "semantic_drop": 0.006744176149368286,
  "semantic_drop_weight": 8.0,
  "target_input_ssim": 0.78,
  "top_crop_clean_margin": -0.0007558614015579224,
  "top_crop_perturbed_margin": -0.003255903720855713,
  "top_crop_semantic_drop": 0.0025000423192977905
}
