{
  "best_folder": "phase4/outputs/phase4a_existence_probe/cases/face_005/igs_1p50/add_headphones/strong/seed_00/candidates/cand_058_g03_m18",
  "budget": "strong",
  "budget_max_disp_px": 8.0,
  "candidate_folder": "phase4/outputs/phase4a_existence_probe/cases/face_005/igs_1p50/add_headphones/strong/seed_00/candidates/cand_058_g03_m18",
  "candidate_index": 58,
  "candidate_name": "cand_058_g03_m18",
  "case_id": "face_005__add_headphones__igs_1p50",
  "clean_clip_positive_margin": 0.055569812655448914,
  "clean_semantic_success_score": 0.055569812655448914,
  "clip_available": true,
  "clip_semantic_drop": 0.00038737058639526367,
  "clip_warning": null,
  "crop_clip_available": true,
  "crop_clip_warning": null,
  "decision_label": "metric_only_candidate",
  "decision_reasons": [
    "semantic_drop_small:0.0004",
    "semantic_drop_small:0.0004",
    "semantic_drop_small:0.0004"
  ],
  "edit_failure_score": 0.00038737058639526367,
  "elapsed_seconds": 2.562027048319578,
  "face_id": "face_005",
  "final_attack_score": 0.13231527768678208,
  "full_image_semantic_drop": 0.00038737058639526367,
  "generation": 3,
  "geometry_excess_penalty": 0.0,
  "geometry_excess_penalty_weight": 0.75,
  "geometry_method": "landmark_piecewise_affine",
  "guidance_scale": 7.5,
  "identity_or_face_health_available": false,
  "image_guidance_scale": 1.5,
  "initial_candidate": false,
  "input_damage_penalty": 0.0,
  "input_damage_penalty_weight": 3.0,
  "input_l2": 0.02604680544597067,
  "input_max_abs": 0.772549033164978,
  "input_mean_abs": 0.00982543732970953,
  "input_preservation_score": 0.5218520363171896,
  "input_psnr": 31.68491067743286,
  "input_ssim": 0.9426222443580627,
  "left_crop_clean_margin": 0.027460142970085144,
  "left_crop_perturbed_margin": 0.026532933115959167,
  "left_crop_semantic_drop": 0.0009272098541259766,
  "max_disp_px": 4.127599716186523,
  "max_disp_px_budget": 8.0,
  "mean_crop_margin": 0.011340335011482239,
  "mean_crop_semantic_drop": 0.005629931886990865,
  "mean_disp_px": 0.6536356806755066,
  "member": 18,
  "min_crop_margin": -0.0034300386905670166,
  "min_crop_semantic_drop": 0.0009272098541259766,
  "output_disruption_score": 0.25843262599123995,
  "output_disruption_weight": 0.5,
  "output_l2": 0.0419108120754696,
  "output_max_abs": 0.8745098114013672,
  "output_mean_abs": 0.01633738912642002,
  "output_psnr": 27.5534784814961,
  "output_ssim": 0.9092106223106384,
  "p95_disp_px": 2.2008681297302246,
  "path_clean_edit": "phase4/outputs/phase4a_existence_probe/cases/face_005/igs_1p50/add_headphones/strong/seed_00/candidates/cand_058_g03_m18/clean_edit.png",
  "path_flow": "phase4/outputs/phase4a_existence_probe/cases/face_005/igs_1p50/add_headphones/strong/seed_00/candidates/cand_058_g03_m18/flow.png",
  "path_landmarks_overlay_original": "phase4/outputs/phase4a_existence_probe/cases/face_005/igs_1p50/add_headphones/strong/seed_00/candidates/cand_058_g03_m18/landmarks_overlay_original.jpg",
  "path_landmarks_overlay_perturbed": "phase4/outputs/phase4a_existence_probe/cases/face_005/igs_1p50/add_headphones/strong/seed_00/candidates/cand_058_g03_m18/landmarks_overlay_perturbed.jpg",
  "path_original": "phase4/outputs/phase4a_existence_probe/cases/face_005/igs_1p50/add_headphones/strong/seed_00/candidates/cand_058_g03_m18/original.png",
  "path_perturbed": "phase4/outputs/phase4a_existence_probe/cases/face_005/igs_1p50/add_headphones/strong/seed_00/candidates/cand_058_g03_m18/perturbed.png",
  "path_perturbed_edit": "phase4/outputs/phase4a_existence_probe/cases/face_005/igs_1p50/add_headphones/strong/seed_00/candidates/cand_058_g03_m18/perturbed_edit.png",
  "perturbed_clip_positive_margin": 0.05518244206905365,
  "perturbed_semantic_success_score": 0.05518244206905365,
  "phase": "phase4a_existence_probe",
  "phase2_final_score": 0.13231527768678208,
  "phase2_output_disruption": 0.25843262599123995,
  "phase2_score_formula": "8.0*max(0,semantic_drop)+0.5*output_disruption-3.0*input_damage_penalty-0.75*geometry_excess_penalty",
  "phase4_budget_name": "strong",
  "phase4_final_score": 0.13231527768678208,
  "phase4_score_formula": "8.0*max(0,semantic_drop)+0.5*output_disruption-3.0*input_damage_penalty-0.75*geometry_excess_penalty",
  "prompt": "add headphones",
  "prompt_slug": "add_headphones",
  "prompt_type": "headphones",
  "right_crop_clean_margin": 0.025357991456985474,
  "right_crop_perturbed_margin": 0.010918110609054565,
  "right_crop_semantic_drop": 0.014439880847930908,
  "seed": 44001,
  "semantic_drop": 0.00038737058639526367,
  "semantic_drop_weight": 8.0,
  "target_input_ssim": 0.88,
  "theta_names": [
    "scale_logit",
    "action_face_side_push_left",
    "action_face_side_push_right",
    "action_head_top_raise",
    "action_head_top_lower",
    "action_jaw_expand",
    "action_jaw_compress",
    "action_asymmetry_twist"
  ],
  "theta_values": [
    0.3515004813671112,
    0.6620841026306152,
    2.199995517730713,
    0.7170913219451904,
    1.0131316184997559,
    0.21695105731487274,
    0.1666487753391266,
    0.07368488609790802
  ],
  "top_crop_clean_margin": -0.0019073337316513062,
  "top_crop_perturbed_margin": -0.0034300386905670166,
  "top_crop_semantic_drop": 0.0015227049589157104
}
