{
  "best_folder": "phase2/outputs/phase2c_probe/region_ablations/headphones_asymmetric_left/source_03_cand_085_g06_m05/strong",
  "budget": "strong",
  "budget_max_disp_px": 6.0,
  "candidate_folder": "phase2/outputs/phase2c_probe/region_ablations/headphones_asymmetric_left/source_03_cand_085_g06_m05/strong",
  "candidate_index": 33,
  "candidate_name": "abl_03_headphones_asymmetric_left_strong",
  "clean_clip_positive_margin": 0.027842342853546143,
  "clean_semantic_success_score": 0.027842342853546143,
  "clip_available": true,
  "clip_semantic_drop": -0.0013128221035003662,
  "clip_warning": null,
  "crop_clip_available": true,
  "crop_clip_warning": null,
  "dct_modes": [
    [
      1,
      0
    ],
    [
      0,
      1
    ],
    [
      1,
      1
    ],
    [
      2,
      0
    ],
    [
      0,
      2
    ],
    [
      2,
      1
    ]
  ],
  "decision_label": "metric_only_candidate",
  "decision_reasons": [
    "semantic_drop_nonpositive:-0.0013",
    "semantic_drop_nonpositive:-0.0013"
  ],
  "edit_failure_score": 0.0,
  "elapsed_seconds": 4.431653652340174,
  "final_attack_score": 0.019556159331215642,
  "full_image_semantic_drop": -0.0013128221035003662,
  "generation": 0,
  "geometry_excess_penalty": 0.0,
  "geometry_excess_penalty_weight": 0.75,
  "geometry_method": "region_local_tps",
  "identity_or_face_health_available": false,
  "initial_candidate": false,
  "input_damage_penalty": 0.0,
  "input_damage_penalty_weight": 3.0,
  "input_l2": 0.008214282497346511,
  "input_max_abs": 0.48235297203063965,
  "input_mean_abs": 0.0009822072461247444,
  "input_preservation_score": 0.9026346206665039,
  "input_psnr": 41.70860730812541,
  "input_ssim": 0.9902634620666504,
  "left_crop_clean_margin": 0.02535329759120941,
  "left_crop_perturbed_margin": 0.025639861822128296,
  "left_crop_semantic_drop": -0.0002865642309188843,
  "max_disp_px": 4.71441125869751,
  "max_disp_px_budget": 6.0,
  "mean_crop_margin": 0.015086079637209574,
  "mean_crop_semantic_drop": 0.0030251890420913696,
  "mean_disp_px": 0.30828139185905457,
  "member": 33,
  "mesh_size": 4,
  "min_crop_margin": 0.002106308937072754,
  "min_crop_semantic_drop": -0.0002865642309188843,
  "output_disruption_score": 0.07822463732486257,
  "output_disruption_weight": 0.25,
  "output_l2": 0.014074811889542365,
  "output_max_abs": 0.5098039507865906,
  "output_mean_abs": 0.005853631068021059,
  "output_psnr": 37.03114801603984,
  "output_ssim": 0.9780746102333069,
  "p95_disp_px": 3.1765596866607666,
  "path_flow": "phase2/outputs/phase2c_probe/region_ablations/headphones_asymmetric_left/source_03_cand_085_g06_m05/strong/flow.png",
  "path_original": "phase2/outputs/phase2c_probe/region_ablations/headphones_asymmetric_left/source_03_cand_085_g06_m05/strong/original.png",
  "path_original_edited": "phase2/outputs/phase2c_probe/region_ablations/headphones_asymmetric_left/source_03_cand_085_g06_m05/strong/original_edited.png",
  "path_perturbed": "phase2/outputs/phase2c_probe/region_ablations/headphones_asymmetric_left/source_03_cand_085_g06_m05/strong/perturbed.png",
  "path_perturbed_edited": "phase2/outputs/phase2c_probe/region_ablations/headphones_asymmetric_left/source_03_cand_085_g06_m05/strong/perturbed_edited.png",
  "perturbed_clip_positive_margin": 0.02915516495704651,
  "perturbed_semantic_success_score": 0.02915516495704651,
  "phase": "phase2c_probe",
  "phase2_final_score": 0.019556159331215642,
  "phase2_output_disruption": 0.07822463732486257,
  "phase2_score_formula": "8.0*max(0,semantic_drop)+0.25*output_disruption-3.0*input_damage_penalty-0.75*geometry_excess_penalty",
  "phase2c_applied_scale": 1.75,
  "phase2c_geometry_source": "phase2b_theta_region_ablation",
  "phase2c_part": "region_ablations",
  "phase2c_scale_factor": 1.75,
  "prompt": "add headphones",
  "prompt_priority": 1,
  "prompt_slug": "add_headphones",
  "region_count": 1,
  "region_key": "headphones_asymmetric_left",
  "region_variant": "headphones_asymmetric_left",
  "right_crop_clean_margin": 0.021481528878211975,
  "right_crop_perturbed_margin": 0.017512068152427673,
  "right_crop_semantic_drop": 0.003969460725784302,
  "scale_factor": 0.462362140417099,
  "seed": 24011,
  "semantic_drop": -0.0013128221035003662,
  "semantic_drop_weight": 8.0,
  "source_candidate_folder": "phase2/outputs/phase2b_cem/add_headphones/medium/seed_00/candidates/cand_085_g06_m05",
  "source_candidate_name": "cand_085_g06_m05",
  "source_phase2_final_score": "0.2660652717285617",
  "source_semantic_drop": "0.029587537050247192",
  "target_input_ssim": 0.9,
  "top_crop_clean_margin": 0.007498979568481445,
  "top_crop_perturbed_margin": 0.002106308937072754,
  "top_crop_semantic_drop": 0.005392670631408691,
  "tps_size": 4
}
