{
  "clean_clip_positive_margin": 0.045523494482040405,
  "clean_semantic_success_score": 0.045523494482040405,
  "clip_available": true,
  "clip_semantic_drop": 0.0004424452781677246,
  "clip_warning": null,
  "crop_clip_available": false,
  "crop_clip_warning": null,
  "decision_label": "metric_only_candidate",
  "decision_reasons": [
    "semantic_drop_small:0.0004",
    "semantic_drop_small:0.0004",
    "semantic_drop_small:0.0004"
  ],
  "edit_failure_score": 0.0004424452781677246,
  "final_attack_score": 0.1000251267373536,
  "full_image_semantic_drop": 0.0004424452781677246,
  "geometry_excess_penalty": 0.0,
  "geometry_excess_penalty_weight": 0.75,
  "identity_or_face_health_available": false,
  "input_damage_penalty": 0.0,
  "input_damage_penalty_weight": 3.0,
  "input_l2": 0.024515626176061536,
  "input_max_abs": 0.5058823823928833,
  "input_mean_abs": 0.01049423310905695,
  "input_preservation_score": 0.41978255907694495,
  "input_psnr": 32.21114019126024,
  "input_ssim": 0.9303739070892334,
  "max_disp_px_budget": 8.0,
  "output_disruption_score": 0.1929711290240236,
  "output_disruption_weight": 0.5,
  "output_l2": 0.02839485277831425,
  "output_max_abs": 0.7137255072593689,
  "output_mean_abs": 0.012718010693788528,
  "output_psnr": 30.93520757411052,
  "output_ssim": 0.9206082820892334,
  "perturbed_clip_positive_margin": 0.04508104920387268,
  "perturbed_semantic_success_score": 0.04508104920387268,
  "phase2_final_score": 0.1000251267373536,
  "phase2_output_disruption": 0.1929711290240236,
  "phase2_score_formula": "8.0*max(0,semantic_drop)+0.5*output_disruption-3.0*input_damage_penalty-0.75*geometry_excess_penalty",
  "phase4_budget_name": "strong",
  "phase4_final_score": 0.1000251267373536,
  "phase4_score_formula": "8.0*max(0,semantic_drop)+0.5*output_disruption-3.0*input_damage_penalty-0.75*geometry_excess_penalty",
  "semantic_drop": 0.0004424452781677246,
  "semantic_drop_weight": 8.0,
  "target_input_ssim": 0.88
}
