{
  "budget": "strong",
  "budget_max_disp_px": 8.0,
  "candidate_folder_abs": "/home/interns/Desktop/mat/phase4/outputs/phase4a_existence_probe/cases/face_002/igs_1p00/add_headphones/strong/seed_00/candidates/cand_005_g01_m05",
  "candidate_index": 5,
  "candidate_name": "cand_005_g01_m05",
  "case_id": "face_002__add_headphones__igs_1p00",
  "elapsed_seconds": 2.8555009737610817,
  "face_id": "face_002",
  "generation": 1,
  "geometry_method": "landmark_semantic_tps",
  "guidance_scale": 7.5,
  "image_guidance_scale": 1.0,
  "initial_candidate": false,
  "input_l2": 0.03569378943908271,
  "input_max_abs": 0.6705882549285889,
  "input_mean_abs": 0.019170979037880898,
  "input_psnr": 28.948146852531362,
  "input_ssim": 0.8333237767219543,
  "max_disp_px": 2.9758853912353516,
  "max_disp_px_budget": 8.0,
  "mean_disp_px": 1.1968296766281128,
  "member": 5,
  "output_l2": 0.06530500388933032,
  "output_max_abs": 0.8980392217636108,
  "output_mean_abs": 0.028993504121899605,
  "output_psnr": 23.701070806883024,
  "output_ssim": 0.8373635411262512,
  "p95_disp_px": 2.414499282836914,
  "phase": "phase4a_existence_probe",
  "prompt": "add headphones",
  "prompt_slug": "add_headphones",
  "prompt_type": "headphones",
  "seed": 45001,
  "target_input_ssim": 0.88,
  "theta_names": [
    "scale_logit",
    "action_face_side_push_left",
    "action_face_side_push_right",
    "action_head_top_raise",
    "action_head_top_lower",
    "action_jaw_expand",
    "action_jaw_compress",
    "action_asymmetry_twist"
  ],
  "theta_values": [
    -0.9300066232681274,
    0.40701591968536377,
    -0.9249354004859924,
    -0.7144994139671326,
    -0.8764877319335938,
    -0.73246169090271,
    2.1079812049865723,
    -0.24789558351039886
  ]
}
