{
  "best_folder": "phase4/outputs/phase4a_existence_probe/cases/face_005/igs_1p50/add_headphones/existence_probe/seed_00/candidates/cand_024_g02_m04",
  "budget": "existence_probe",
  "budget_max_disp_px": 14.0,
  "candidate_folder": "phase4/outputs/phase4a_existence_probe/cases/face_005/igs_1p50/add_headphones/existence_probe/seed_00/candidates/cand_024_g02_m04",
  "candidate_index": 24,
  "candidate_name": "cand_024_g02_m04",
  "case_id": "face_005__add_headphones__igs_1p50",
  "clean_clip_positive_margin": 0.055569812655448914,
  "clean_semantic_success_score": 0.055569812655448914,
  "clip_available": true,
  "clip_semantic_drop": 0.0036682933568954468,
  "clip_warning": null,
  "crop_clip_available": true,
  "crop_clip_warning": null,
  "decision_label": "reject_input_damage",
  "decision_reasons": [
    "input_ssim_below_target:0.6818<0.7800",
    "semantic_drop_small:0.0037"
  ],
  "edit_failure_score": 0.0036682933568954468,
  "elapsed_seconds": 3.0379374027252197,
  "face_id": "face_005",
  "final_attack_score": -1.9383108557380617,
  "full_image_semantic_drop": 0.0036682933568954468,
  "generation": 2,
  "geometry_excess_penalty": 0.0,
  "geometry_excess_penalty_weight": 0.75,
  "geometry_method": "landmark_semantic_tps",
  "guidance_scale": 7.5,
  "identity_or_face_health_available": false,
  "image_guidance_scale": 1.5,
  "initial_candidate": false,
  "input_damage_penalty": 0.7856142425537112,
  "input_damage_penalty_weight": 3.0,
  "input_l2": 0.08134257368258682,
  "input_max_abs": 0.7411764860153198,
  "input_mean_abs": 0.04639202356338501,
  "input_preservation_score": 0.0,
  "input_psnr": 21.793641812353034,
  "input_ssim": 0.6817982196807861,
  "left_crop_clean_margin": 0.027460142970085144,
  "left_crop_perturbed_margin": 0.02748282253742218,
  "left_crop_semantic_drop": -2.2679567337036133e-05,
  "max_disp_px": 13.986001968383789,
  "max_disp_px_budget": 14.0,
  "mean_crop_margin": 0.01742837329705556,
  "mean_crop_semantic_drop": -0.0004581063985824585,
  "mean_disp_px": 6.666813373565674,
  "member": 4,
  "min_crop_margin": -0.0036521106958389282,
  "min_crop_semantic_drop": -0.0030964165925979614,
  "output_disruption_score": 0.7783710501358161,
  "output_disruption_weight": 0.5,
  "output_l2": 0.10048549229317033,
  "output_max_abs": 0.8156862854957581,
  "output_mean_abs": 0.05731344595551491,
  "output_psnr": 19.957932709512367,
  "output_ssim": 0.6235709190368652,
  "p95_disp_px": 13.986000061035156,
  "path_clean_edit": "phase4/outputs/phase4a_existence_probe/cases/face_005/igs_1p50/add_headphones/existence_probe/seed_00/candidates/cand_024_g02_m04/clean_edit.png",
  "path_flow": "phase4/outputs/phase4a_existence_probe/cases/face_005/igs_1p50/add_headphones/existence_probe/seed_00/candidates/cand_024_g02_m04/flow.png",
  "path_landmarks_overlay_original": "phase4/outputs/phase4a_existence_probe/cases/face_005/igs_1p50/add_headphones/existence_probe/seed_00/candidates/cand_024_g02_m04/landmarks_overlay_original.jpg",
  "path_landmarks_overlay_perturbed": "phase4/outputs/phase4a_existence_probe/cases/face_005/igs_1p50/add_headphones/existence_probe/seed_00/candidates/cand_024_g02_m04/landmarks_overlay_perturbed.jpg",
  "path_original": "phase4/outputs/phase4a_existence_probe/cases/face_005/igs_1p50/add_headphones/existence_probe/seed_00/candidates/cand_024_g02_m04/original.png",
  "path_perturbed": "phase4/outputs/phase4a_existence_probe/cases/face_005/igs_1p50/add_headphones/existence_probe/seed_00/candidates/cand_024_g02_m04/perturbed.png",
  "path_perturbed_edit": "phase4/outputs/phase4a_existence_probe/cases/face_005/igs_1p50/add_headphones/existence_probe/seed_00/candidates/cand_024_g02_m04/perturbed_edit.png",
  "perturbed_clip_positive_margin": 0.05190151929855347,
  "perturbed_semantic_success_score": 0.05190151929855347,
  "phase": "phase4a_existence_probe",
  "phase2_final_score": -1.9383108557380617,
  "phase2_output_disruption": 0.7783710501358161,
  "phase2_score_formula": "8.0*max(0,semantic_drop)+0.5*output_disruption-3.0*input_damage_penalty-0.75*geometry_excess_penalty",
  "phase4_budget_name": "existence_probe",
  "phase4_final_score": -1.9383108557380617,
  "phase4_score_formula": "8.0*max(0,semantic_drop)+0.5*output_disruption-3.0*input_damage_penalty-0.75*geometry_excess_penalty",
  "prompt": "add headphones",
  "prompt_slug": "add_headphones",
  "prompt_type": "headphones",
  "right_crop_clean_margin": 0.025357991456985474,
  "right_crop_perturbed_margin": 0.028454408049583435,
  "right_crop_semantic_drop": -0.0030964165925979614,
  "seed": 44101,
  "semantic_drop": 0.0036682933568954468,
  "semantic_drop_weight": 8.0,
  "target_input_ssim": 0.78,
  "theta_names": [
    "scale_logit",
    "action_face_side_push_left",
    "action_face_side_push_right",
    "action_head_top_raise",
    "action_head_top_lower",
    "action_jaw_expand",
    "action_jaw_compress",
    "action_asymmetry_twist"
  ],
  "theta_values": [
    0.762908399105072,
    -0.07576180249452591,
    0.47529780864715576,
    -0.026092108339071274,
    -0.8278051018714905,
    -0.9015123248100281,
    0.16590358316898346,
    0.578255295753479
  ],
  "top_crop_clean_margin": -0.0019073337316513062,
  "top_crop_perturbed_margin": -0.0036521106958389282,
  "top_crop_semantic_drop": 0.001744776964187622
}
