{
  "clean_clip_positive_margin": 0.027842342853546143,
  "clean_semantic_success_score": 0.027842342853546143,
  "clip_available": true,
  "clip_semantic_drop": -0.005964905023574829,
  "clip_warning": null,
  "decision_label": "metric_only_candidate",
  "decision_reasons": [
    "semantic_drop_nonpositive:-0.0060",
    "semantic_drop_nonpositive:-0.0060"
  ],
  "edit_failure_score": 0.0,
  "final_attack_score": 0.23689275393881054,
  "geometry_excess_penalty": 0.0,
  "geometry_excess_penalty_weight": 1.0,
  "identity_or_face_health_available": false,
  "input_damage_penalty": 0.0,
  "input_damage_penalty_weight": 3.0,
  "input_l2": 0.025880785415007705,
  "input_max_abs": 0.8313725590705872,
  "input_mean_abs": 0.008512108586728573,
  "input_preservation_score": 0.16329562664031963,
  "input_psnr": 31.740450961745243,
  "input_ssim": 0.916329562664032,
  "max_disp_px_budget": 6.0,
  "output_disruption_score": 0.23689275393881054,
  "output_disruption_weight": 1.0,
  "output_l2": 0.03551359328130298,
  "output_max_abs": 0.8666666746139526,
  "output_mean_abs": 0.016041316092014313,
  "output_psnr": 28.99210766729297,
  "output_ssim": 0.9051616191864014,
  "perturbed_clip_positive_margin": 0.03380724787712097,
  "perturbed_semantic_success_score": 0.03380724787712097,
  "phase2_final_score": 0.23689275393881054,
  "phase2_output_disruption": 0.23689275393881054,
  "phase2_score_formula": "4*max(0,semantic_drop)+1*output_disruption-3*input_damage_penalty-1*geometry_excess_penalty",
  "semantic_drop": -0.005964905023574829,
  "semantic_drop_weight": 4.0,
  "target_input_ssim": 0.9
}
