{
  "clean_clip_positive_margin": 0.04682642221450806,
  "clean_semantic_success_score": 0.04682642221450806,
  "clip_available": true,
  "clip_semantic_drop": -0.0013807713985443115,
  "clip_warning": null,
  "crop_clip_available": true,
  "crop_clip_warning": null,
  "decision_label": "reject_input_damage",
  "decision_reasons": [
    "input_ssim_below_target:0.8637<0.9000",
    "semantic_drop_nonpositive:-0.0014"
  ],
  "edit_failure_score": 0.0,
  "final_attack_score": -0.4635193426173637,
  "full_image_semantic_drop": -0.0013807713985443115,
  "geometry_excess_penalty": 0.0,
  "geometry_excess_penalty_weight": 1.0,
  "identity_or_face_health_available": false,
  "input_damage_penalty": 0.29057283401489276,
  "input_damage_penalty_weight": 3.0,
  "input_l2": 0.04288551955722865,
  "input_max_abs": 0.8078431487083435,
  "input_mean_abs": 0.015645312145352364,
  "input_preservation_score": 0.0,
  "input_psnr": 27.35378648170649,
  "input_ssim": 0.8636783957481384,
  "left_crop_clean_margin": 0.01800447702407837,
  "left_crop_perturbed_margin": 0.028438284993171692,
  "left_crop_semantic_drop": -0.010433807969093323,
  "max_disp_px_budget": 6.0,
  "mean_crop_margin": 0.017469430963198345,
  "mean_crop_semantic_drop": -0.003298963109652201,
  "min_crop_margin": -0.0007206648588180542,
  "min_crop_semantic_drop": -0.010433807969093323,
  "output_disruption_score": 0.40819915942731455,
  "output_disruption_weight": 1.0,
  "output_l2": 0.059331632684625574,
  "output_max_abs": 0.8509804010391235,
  "output_mean_abs": 0.024602441117167473,
  "output_psnr": 24.53427401212587,
  "output_ssim": 0.8291273713111877,
  "perturbed_clip_positive_margin": 0.04820719361305237,
  "perturbed_semantic_success_score": 0.04820719361305237,
  "phase2_final_score": -0.4635193426173637,
  "phase2_output_disruption": 0.40819915942731455,
  "phase2_score_formula": "4.0*max(0,semantic_drop)+1.0*output_disruption-3.0*input_damage_penalty-1.0*geometry_excess_penalty",
  "right_crop_clean_margin": 0.02526278793811798,
  "right_crop_perturbed_margin": 0.024690672755241394,
  "right_crop_semantic_drop": 0.0005721151828765869,
  "semantic_drop": -0.0013807713985443115,
  "semantic_drop_weight": 4.0,
  "target_input_ssim": 0.9,
  "top_crop_clean_margin": -0.0007558614015579224,
  "top_crop_perturbed_margin": -0.0007206648588180542,
  "top_crop_semantic_drop": -3.5196542739868164e-05
}
