{
  "displacement": {
    "budget_max_disp_px": 8.0,
    "max_disp_px": 6.081024169921875,
    "max_disp_px_budget": 8.0,
    "mean_disp_px": 1.0752133131027222,
    "p95_disp_px": 3.0665221214294434,
    "target_input_ssim": 0.88
  },
  "input": {
    "l2": 0.029757409578073275,
    "max_abs": 0.8352941274642944,
    "mean_abs": 0.011907675303518772,
    "psnr": 30.528097547814703,
    "ssim": 0.9226160645484924
  },
  "output": {
    "l2": 0.06554509773732092,
    "max_abs": 0.8784313797950745,
    "mean_abs": 0.029552174732089043,
    "psnr": 23.669195692062424,
    "ssim": 0.8882021307945251
  }
}
