{
  "budget": "existence_probe",
  "budget_max_disp_px": 14.0,
  "candidate_folder_abs": "/home/interns/Desktop/mat/phase4/outputs/phase4a_existence_probe/cases/face_002/igs_1p50/add_black_sunglasses/existence_probe/seed_00/candidates/cand_054_g03_m14",
  "candidate_index": 54,
  "candidate_name": "cand_054_g03_m14",
  "case_id": "face_002__add_black_sunglasses__igs_1p50",
  "elapsed_seconds": 2.4156035855412483,
  "face_id": "face_002",
  "generation": 3,
  "geometry_method": "landmark_piecewise_affine",
  "guidance_scale": 7.5,
  "image_guidance_scale": 1.5,
  "initial_candidate": false,
  "input_l2": 0.041570938898807426,
  "input_max_abs": 0.8627451062202454,
  "input_mean_abs": 0.019289126619696617,
  "input_psnr": 27.62420333284112,
  "input_ssim": 0.8497190475463867,
  "max_disp_px": 8.553455352783203,
  "max_disp_px_budget": 14.0,
  "mean_disp_px": 1.6917879581451416,
  "member": 14,
  "output_l2": 0.051686748716407695,
  "output_max_abs": 0.9960784316062927,
  "output_mean_abs": 0.02464722841978073,
  "output_psnr": 25.732415713362265,
  "output_ssim": 0.8291494250297546,
  "p95_disp_px": 4.812187194824219,
  "phase": "phase4a_existence_probe",
  "prompt": "add black sunglasses",
  "prompt_slug": "add_black_sunglasses",
  "prompt_type": "glasses",
  "seed": 42101,
  "target_input_ssim": 0.78,
  "theta_names": [
    "scale_logit",
    "action_eye_spread",
    "action_eye_compress",
    "action_eye_squint",
    "action_eye_raise_left",
    "action_eye_raise_right",
    "action_nose_bridge_shift_x",
    "action_asymmetry_twist"
  ],
  "theta_values": [
    1.907422661781311,
    0.47552910447120667,
    0.33731207251548767,
    -0.42366090416908264,
    -0.7404289841651917,
    0.5063104033470154,
    0.4229687750339508,
    -0.5478582382202148
  ]
}
