{
  "clean_clip_positive_margin": 0.03089107573032379,
  "clean_semantic_success_score": 0.03089107573032379,
  "clip_available": true,
  "clip_semantic_drop": 0.0007491260766983032,
  "clip_warning": null,
  "crop_clip_available": false,
  "crop_clip_warning": null,
  "decision_label": "metric_only_candidate",
  "decision_reasons": [
    "semantic_drop_small:0.0007",
    "semantic_drop_small:0.0007",
    "semantic_drop_small:0.0007"
  ],
  "edit_failure_score": 0.0007491260766983032,
  "final_attack_score": 0.17005315673307927,
  "full_image_semantic_drop": 0.0007491260766983032,
  "geometry_excess_penalty": 0.0,
  "geometry_excess_penalty_weight": 0.75,
  "identity_or_face_health_available": false,
  "input_damage_penalty": 0.0,
  "input_damage_penalty_weight": 3.0,
  "input_l2": 0.03207271148778726,
  "input_max_abs": 0.7764706015586853,
  "input_mean_abs": 0.015858082100749016,
  "input_preservation_score": 0.1389915347099304,
  "input_psnr": 29.87728644882455,
  "input_ssim": 0.8966789841651917,
  "max_disp_px_budget": 8.0,
  "output_disruption_score": 0.3281202962389857,
  "output_disruption_weight": 0.5,
  "output_l2": 0.03950449949481265,
  "output_max_abs": 0.6666666269302368,
  "output_mean_abs": 0.022762231528759003,
  "output_psnr": 28.06706872317732,
  "output_ssim": 0.8298977017402649,
  "perturbed_clip_positive_margin": 0.03014194965362549,
  "perturbed_semantic_success_score": 0.03014194965362549,
  "phase2_final_score": 0.17005315673307927,
  "phase2_output_disruption": 0.3281202962389857,
  "phase2_score_formula": "8.0*max(0,semantic_drop)+0.5*output_disruption-3.0*input_damage_penalty-0.75*geometry_excess_penalty",
  "phase4_budget_name": "strong",
  "phase4_final_score": 0.17005315673307927,
  "phase4_score_formula": "8.0*max(0,semantic_drop)+0.5*output_disruption-3.0*input_damage_penalty-0.75*geometry_excess_penalty",
  "semantic_drop": 0.0007491260766983032,
  "semantic_drop_weight": 8.0,
  "target_input_ssim": 0.88
}
