{
  "best_folder": "phase2/outputs/phase2c_probe/semantic_heavy_cem/headphones_sides_only/strong/seed_00/candidates/cand_044_g03_m12",
  "budget": "strong",
  "budget_max_disp_px": 6.0,
  "candidate_folder": "phase2/outputs/phase2c_probe/semantic_heavy_cem/headphones_sides_only/strong/seed_00/candidates/cand_044_g03_m12",
  "candidate_index": 44,
  "candidate_name": "cand_044_g03_m12",
  "clean_clip_positive_margin": 0.027842342853546143,
  "clean_semantic_success_score": 0.027842342853546143,
  "clip_available": true,
  "clip_semantic_drop": 0.00036457180976867676,
  "clip_warning": null,
  "crop_clip_available": true,
  "crop_clip_warning": null,
  "dct_modes": [
    [
      1,
      0
    ],
    [
      0,
      1
    ],
    [
      1,
      1
    ],
    [
      2,
      0
    ],
    [
      0,
      2
    ],
    [
      2,
      1
    ]
  ],
  "decision_label": "metric_only_candidate",
  "decision_reasons": [
    "semantic_drop_small:0.0004",
    "semantic_drop_small:0.0004"
  ],
  "edit_failure_score": 0.00036457180976867676,
  "elapsed_seconds": 5.313150340691209,
  "final_attack_score": 0.039737082293562834,
  "full_image_semantic_drop": 0.00036457180976867676,
  "generation": 3,
  "geometry_excess_penalty": 0.0,
  "geometry_excess_penalty_weight": 0.75,
  "geometry_method": "combined_all",
  "identity_or_face_health_available": false,
  "initial_candidate": false,
  "input_damage_penalty": 0.0,
  "input_damage_penalty_weight": 3.0,
  "input_l2": 0.01654498631386338,
  "input_max_abs": 0.8588235378265381,
  "input_mean_abs": 0.004506927449256182,
  "input_preservation_score": 0.6037006378173827,
  "input_psnr": 35.62667175511257,
  "input_ssim": 0.9603700637817383,
  "left_crop_clean_margin": 0.02535329759120941,
  "left_crop_perturbed_margin": 0.02406632900238037,
  "left_crop_semantic_drop": 0.0012869685888290405,
  "max_disp_px": 3.2242414951324463,
  "max_disp_px_budget": 6.0,
  "mean_crop_margin": 0.013147026300430298,
  "mean_crop_semantic_drop": 0.0049642423788706464,
  "mean_disp_px": 0.4727016091346741,
  "member": 12,
  "mesh_size": 4,
  "min_crop_margin": 0.0005741864442825317,
  "min_crop_semantic_drop": 0.0012869685888290405,
  "output_disruption_score": 0.14728203126165368,
  "output_disruption_weight": 0.25,
  "output_l2": 0.022848523428969328,
  "output_max_abs": 0.8196078538894653,
  "output_mean_abs": 0.009599304758012295,
  "output_psnr": 32.822837213739106,
  "output_ssim": 0.9441120624542236,
  "p95_disp_px": 2.3945224285125732,
  "path_flow": "phase2/outputs/phase2c_probe/semantic_heavy_cem/headphones_sides_only/strong/seed_00/candidates/cand_044_g03_m12/flow.png",
  "path_original": "phase2/outputs/phase2c_probe/semantic_heavy_cem/headphones_sides_only/strong/seed_00/candidates/cand_044_g03_m12/original.png",
  "path_original_edited": "phase2/outputs/phase2c_probe/semantic_heavy_cem/headphones_sides_only/strong/seed_00/candidates/cand_044_g03_m12/original_edited.png",
  "path_perturbed": "phase2/outputs/phase2c_probe/semantic_heavy_cem/headphones_sides_only/strong/seed_00/candidates/cand_044_g03_m12/perturbed.png",
  "path_perturbed_edited": "phase2/outputs/phase2c_probe/semantic_heavy_cem/headphones_sides_only/strong/seed_00/candidates/cand_044_g03_m12/perturbed_edited.png",
  "perturbed_clip_positive_margin": 0.027477771043777466,
  "perturbed_semantic_success_score": 0.027477771043777466,
  "phase": "phase2c_probe",
  "phase2_final_score": 0.039737082293562834,
  "phase2_output_disruption": 0.14728203126165368,
  "phase2_score_formula": "8.0*max(0,semantic_drop)+0.25*output_disruption-3.0*input_damage_penalty-0.75*geometry_excess_penalty",
  "prompt": "add headphones",
  "prompt_priority": 1,
  "prompt_slug": "add_headphones",
  "region_count": 2,
  "region_key": "headphones_sides_only",
  "right_crop_clean_margin": 0.021481528878211975,
  "right_crop_perturbed_margin": 0.01480056345462799,
  "right_crop_semantic_drop": 0.006680965423583984,
  "scale_factor": 0.5483404397964478,
  "seed": 24101,
  "semantic_drop": 0.00036457180976867676,
  "semantic_drop_weight": 8.0,
  "target_input_ssim": 0.9,
  "top_crop_clean_margin": 0.007498979568481445,
  "top_crop_perturbed_margin": 0.0005741864442825317,
  "top_crop_semantic_drop": 0.006924793124198914,
  "tps_size": 4
}
