{
  "displacement": {
    "budget_max_disp_px": 8.0,
    "max_disp_px": 0.4841804802417755,
    "max_disp_px_budget": 8.0,
    "mean_disp_px": 0.1491193175315857,
    "p95_disp_px": 0.35297757387161255,
    "target_input_ssim": 0.88
  },
  "input": {
    "l2": 0.005094867917769776,
    "max_abs": 0.09411764144897461,
    "mean_abs": 0.0022357471752911806,
    "psnr": 45.85734140813554,
    "ssim": 0.994558572769165
  },
  "output": {
    "l2": 0.013936040925676022,
    "max_abs": 0.7215686440467834,
    "mean_abs": 0.006811982020735741,
    "psnr": 37.11721173902278,
    "ssim": 0.9704068303108215
  }
}
