{
  "clean_clip_positive_margin": 0.05116361379623413,
  "clean_semantic_success_score": 0.05116361379623413,
  "clip_available": true,
  "clip_semantic_drop": 0.001966238021850586,
  "clip_warning": null,
  "crop_clip_available": true,
  "crop_clip_warning": null,
  "decision_label": "reject_input_damage",
  "decision_reasons": [
    "input_ssim_below_target:0.8660<0.8800",
    "semantic_drop_small:0.0020"
  ],
  "edit_failure_score": 0.001966238021850586,
  "final_attack_score": -0.17130134422672683,
  "full_image_semantic_drop": 0.001966238021850586,
  "geometry_excess_penalty": 0.0,
  "geometry_excess_penalty_weight": 0.75,
  "identity_or_face_health_available": false,
  "input_damage_penalty": 0.1123056793212891,
  "input_damage_penalty_weight": 3.0,
  "input_l2": 0.03057371222076566,
  "input_max_abs": 0.5921568870544434,
  "input_mean_abs": 0.016210440546274185,
  "input_preservation_score": 0.0,
  "input_psnr": 30.29303653191281,
  "input_ssim": 0.8659617900848389,
  "left_crop_clean_margin": 0.024231508374214172,
  "left_crop_perturbed_margin": 0.02349361777305603,
  "left_crop_semantic_drop": 0.0007378906011581421,
  "max_disp_px_budget": 8.0,
  "mean_crop_margin": 0.012748335798581442,
  "mean_crop_semantic_drop": -0.0006248652935028076,
  "min_crop_margin": -0.0114525705575943,
  "min_crop_semantic_drop": -0.001839950680732727,
  "output_disruption_score": 0.29977157912467156,
  "output_disruption_weight": 0.5,
  "output_l2": 0.04396619697862426,
  "output_max_abs": 0.843137264251709,
  "output_mean_abs": 0.02032013051211834,
  "output_psnr": 27.137621973768262,
  "output_ssim": 0.8760932087898254,
  "perturbed_clip_positive_margin": 0.049197375774383545,
  "perturbed_semantic_success_score": 0.049197375774383545,
  "phase2_final_score": -0.17130134422672683,
  "phase2_output_disruption": 0.29977157912467156,
  "phase2_score_formula": "8.0*max(0,semantic_drop)+0.5*output_disruption-3.0*input_damage_penalty-0.75*geometry_excess_penalty",
  "phase4_budget_name": "strong",
  "phase4_final_score": -0.17130134422672683,
  "phase4_score_formula": "8.0*max(0,semantic_drop)+0.5*output_disruption-3.0*input_damage_penalty-0.75*geometry_excess_penalty",
  "right_crop_clean_margin": 0.025431424379348755,
  "right_crop_perturbed_margin": 0.026203960180282593,
  "right_crop_semantic_drop": -0.0007725358009338379,
  "semantic_drop": 0.001966238021850586,
  "semantic_drop_weight": 8.0,
  "target_input_ssim": 0.88,
  "top_crop_clean_margin": -0.013292521238327026,
  "top_crop_perturbed_margin": -0.0114525705575943,
  "top_crop_semantic_drop": -0.001839950680732727
}
