{
  "action_names": [
    "face_side_push_left",
    "face_side_push_right",
    "head_top_raise",
    "head_top_lower",
    "jaw_expand",
    "jaw_compress",
    "asymmetry_twist"
  ],
  "action_strength": 0.72,
  "action_values": {
    "asymmetry_twist": 0.5989286155265968,
    "face_side_push_left": -0.5168941753979933,
    "face_side_push_right": 0.09651940403122934,
    "head_top_lower": 0.3205979093814256,
    "head_top_raise": -0.7377843615805096,
    "jaw_compress": 0.4495773831875403,
    "jaw_expand": -0.4163911283113365
  },
  "active_actions": {
    "asymmetry_twist": 0.5989286155265968,
    "face_side_push_left": -0.5168941753979933,
    "face_side_push_right": 0.09651940403122934,
    "head_top_lower": 0.3205979093814256,
    "head_top_raise": -0.7377843615805096,
    "jaw_compress": 0.4495773831875403,
    "jaw_expand": -0.4163911283113365
  },
  "active_anchor_count": 7,
  "control_point_count": 15,
  "geometry_method": "landmark_piecewise_affine",
  "max_disp_px_budget": 8.0,
  "scale_factor": 0.813526531272178,
  "source_control_points": [
    [
      112.63999938964844,
      248.3199920654297
    ],
    [
      112.63999938964844,
      253.44000244140625
    ],
    [
      399.3599853515625,
      248.3199920654297
    ],
    [
      399.3599853515625,
      253.44000244140625
    ],
    [
      256.0,
      87.04000091552734
    ],
    [
      174.0800018310547,
      394.239990234375
    ],
    [
      337.9200134277344,
      394.239990234375
    ],
    [
      0.0,
      0.0
    ],
    [
      511.0,
      0.0
    ],
    [
      0.0,
      511.0
    ],
    [
      511.0,
      511.0
    ],
    [
      256.0,
      0.0
    ],
    [
      256.0,
      511.0
    ],
    [
      0.0,
      256.0
    ],
    [
      511.0,
      256.0
    ]
  ],
  "target_control_points": [
    [
      115.6173095703125,
      244.8701629638672
    ],
    [
      114.87298583984375,
      253.44000244140625
    ],
    [
      399.9159240722656,
      251.7698211669922
    ],
    [
      399.7769470214844,
      253.44000244140625
    ],
    [
      256.0,
      93.13628387451172
    ],
    [
      179.06797790527344,
      392.51507568359375
    ],
    [
      332.9320373535156,
      395.96490478515625
    ],
    [
      0.0,
      0.0
    ],
    [
      511.0,
      0.0
    ],
    [
      0.0,
      511.0
    ],
    [
      511.0,
      511.0
    ],
    [
      256.0,
      0.0
    ],
    [
      256.0,
      511.0
    ],
    [
      0.0,
      256.0
    ],
    [
      511.0,
      256.0
    ]
  ],
  "tps_regularization": 0.0001
}
