{
  "best_folder": "phase4/outputs/phase4a_existence_probe/cases/face_002/igs_1p00/add_headphones/existence_probe/seed_00/candidates/cand_037_g02_m17",
  "budget": "existence_probe",
  "budget_max_disp_px": 14.0,
  "candidate_folder": "phase4/outputs/phase4a_existence_probe/cases/face_002/igs_1p00/add_headphones/existence_probe/seed_00/candidates/cand_037_g02_m17",
  "candidate_index": 37,
  "candidate_name": "cand_037_g02_m17",
  "case_id": "face_002__add_headphones__igs_1p00",
  "clean_clip_positive_margin": 0.05116361379623413,
  "clean_semantic_success_score": 0.05116361379623413,
  "clip_available": true,
  "clip_semantic_drop": 0.005825906991958618,
  "clip_warning": null,
  "crop_clip_available": true,
  "crop_clip_warning": null,
  "decision_label": "metric_only_candidate",
  "decision_reasons": [
    "semantic_drop_small:0.0058",
    "semantic_drop_small:0.0058",
    "semantic_drop_small:0.0058"
  ],
  "edit_failure_score": 0.005825906991958618,
  "elapsed_seconds": 2.5750588849186897,
  "face_id": "face_002",
  "final_attack_score": 0.22478663722555325,
  "full_image_semantic_drop": 0.005825906991958618,
  "generation": 2,
  "geometry_excess_penalty": 0.0,
  "geometry_excess_penalty_weight": 0.75,
  "geometry_method": "landmark_piecewise_affine",
  "guidance_scale": 7.5,
  "identity_or_face_health_available": false,
  "image_guidance_scale": 1.0,
  "initial_candidate": false,
  "input_damage_penalty": 0.0,
  "input_damage_penalty_weight": 3.0,
  "input_l2": 0.03058152651281971,
  "input_max_abs": 0.7019608020782471,
  "input_mean_abs": 0.016186095774173737,
  "input_preservation_score": 0.38591935417868867,
  "input_psnr": 30.29081680126811,
  "input_ssim": 0.8649022579193115,
  "left_crop_clean_margin": 0.024231508374214172,
  "left_crop_perturbed_margin": 0.020670607686042786,
  "left_crop_semantic_drop": 0.0035609006881713867,
  "max_disp_px": 3.2519094944000244,
  "max_disp_px_budget": 14.0,
  "mean_crop_margin": 0.007039263844490051,
  "mean_crop_semantic_drop": 0.005084206660588582,
  "mean_disp_px": 1.0245410203933716,
  "member": 17,
  "min_crop_margin": -0.021343722939491272,
  "min_crop_semantic_drop": 0.0035609006881713867,
  "output_disruption_score": 0.3563587625797686,
  "output_disruption_weight": 0.5,
  "output_l2": 0.05447362263938032,
  "output_max_abs": 0.8941176533699036,
  "output_mean_abs": 0.0240918081253767,
  "output_psnr": 25.276274840791224,
  "output_ssim": 0.8615357279777527,
  "p95_disp_px": 2.336177110671997,
  "path_clean_edit": "phase4/outputs/phase4a_existence_probe/cases/face_002/igs_1p00/add_headphones/existence_probe/seed_00/candidates/cand_037_g02_m17/clean_edit.png",
  "path_flow": "phase4/outputs/phase4a_existence_probe/cases/face_002/igs_1p00/add_headphones/existence_probe/seed_00/candidates/cand_037_g02_m17/flow.png",
  "path_landmarks_overlay_original": "phase4/outputs/phase4a_existence_probe/cases/face_002/igs_1p00/add_headphones/existence_probe/seed_00/candidates/cand_037_g02_m17/landmarks_overlay_original.jpg",
  "path_landmarks_overlay_perturbed": "phase4/outputs/phase4a_existence_probe/cases/face_002/igs_1p00/add_headphones/existence_probe/seed_00/candidates/cand_037_g02_m17/landmarks_overlay_perturbed.jpg",
  "path_original": "phase4/outputs/phase4a_existence_probe/cases/face_002/igs_1p00/add_headphones/existence_probe/seed_00/candidates/cand_037_g02_m17/original.png",
  "path_perturbed": "phase4/outputs/phase4a_existence_probe/cases/face_002/igs_1p00/add_headphones/existence_probe/seed_00/candidates/cand_037_g02_m17/perturbed.png",
  "path_perturbed_edit": "phase4/outputs/phase4a_existence_probe/cases/face_002/igs_1p00/add_headphones/existence_probe/seed_00/candidates/cand_037_g02_m17/perturbed_edit.png",
  "perturbed_clip_positive_margin": 0.04533770680427551,
  "perturbed_semantic_success_score": 0.04533770680427551,
  "phase": "phase4a_existence_probe",
  "phase2_final_score": 0.22478663722555325,
  "phase2_output_disruption": 0.3563587625797686,
  "phase2_score_formula": "8.0*max(0,semantic_drop)+0.5*output_disruption-3.0*input_damage_penalty-0.75*geometry_excess_penalty",
  "phase4_budget_name": "existence_probe",
  "phase4_final_score": 0.22478663722555325,
  "phase4_score_formula": "8.0*max(0,semantic_drop)+0.5*output_disruption-3.0*input_damage_penalty-0.75*geometry_excess_penalty",
  "prompt": "add headphones",
  "prompt_slug": "add_headphones",
  "prompt_type": "headphones",
  "right_crop_clean_margin": 0.025431424379348755,
  "right_crop_perturbed_margin": 0.02179090678691864,
  "right_crop_semantic_drop": 0.0036405175924301147,
  "seed": 45101,
  "semantic_drop": 0.005825906991958618,
  "semantic_drop_weight": 8.0,
  "target_input_ssim": 0.78,
  "theta_names": [
    "scale_logit",
    "action_face_side_push_left",
    "action_face_side_push_right",
    "action_head_top_raise",
    "action_head_top_lower",
    "action_jaw_expand",
    "action_jaw_compress",
    "action_asymmetry_twist"
  ],
  "theta_values": [
    -0.7627014517784119,
    -0.27325278520584106,
    -0.49820882081985474,
    -0.5072251558303833,
    -0.030204307287931442,
    1.286145567893982,
    0.07945486158132553,
    -1.0926284790039062
  ],
  "top_crop_clean_margin": -0.013292521238327026,
  "top_crop_perturbed_margin": -0.021343722939491272,
  "top_crop_semantic_drop": 0.008051201701164246
}
