{
  "action_names": [
    "mouth_corner_raise",
    "mouth_corner_lower",
    "mouth_width_expand",
    "mouth_width_compress",
    "chin_raise",
    "chin_lower"
  ],
  "action_strength": 0.72,
  "action_values": {
    "chin_lower": 0.29730900797298443,
    "chin_raise": -0.5107829469879509,
    "mouth_corner_lower": 0.6837842961356494,
    "mouth_corner_raise": 0.18848724954018178,
    "mouth_width_compress": -0.22204939929761094,
    "mouth_width_expand": 0.6412782210536764
  },
  "active_actions": {
    "chin_lower": 0.29730900797298443,
    "chin_raise": -0.5107829469879509,
    "mouth_corner_lower": 0.6837842961356494,
    "mouth_corner_raise": 0.18848724954018178,
    "mouth_width_compress": -0.22204939929761094,
    "mouth_width_expand": 0.6412782210536764
  },
  "active_anchor_count": 4,
  "control_point_count": 12,
  "geometry_method": "landmark_piecewise_affine",
  "max_disp_px_budget": 8.0,
  "scale_factor": 0.8733161559697782,
  "source_control_points": [
    [
      204.8000030517578,
      335.3599853515625
    ],
    [
      307.20001220703125,
      335.3599853515625
    ],
    [
      256.0,
      419.8399963378906
    ],
    [
      256.0,
      376.32000732421875
    ],
    [
      0.0,
      0.0
    ],
    [
      511.0,
      0.0
    ],
    [
      0.0,
      511.0
    ],
    [
      511.0,
      511.0
    ],
    [
      256.0,
      0.0
    ],
    [
      256.0,
      511.0
    ],
    [
      0.0,
      256.0
    ],
    [
      511.0,
      256.0
    ]
  ],
  "target_control_points": [
    [
      199.82723999023438,
      338.212890625
    ],
    [
      312.17279052734375,
      338.212890625
    ],
    [
      256.0,
      424.4945983886719
    ],
    [
      256.0,
      378.6473083496094
    ],
    [
      0.0,
      0.0
    ],
    [
      511.0,
      0.0
    ],
    [
      0.0,
      511.0
    ],
    [
      511.0,
      511.0
    ],
    [
      256.0,
      0.0
    ],
    [
      256.0,
      511.0
    ],
    [
      0.0,
      256.0
    ],
    [
      511.0,
      256.0
    ]
  ],
  "tps_regularization": 0.0001
}
