{
  "clean_clip_positive_margin": 0.05116361379623413,
  "clean_semantic_success_score": 0.05116361379623413,
  "clip_available": true,
  "clip_semantic_drop": -0.0005308985710144043,
  "clip_warning": null,
  "crop_clip_available": true,
  "crop_clip_warning": null,
  "decision_label": "metric_only_candidate",
  "decision_reasons": [
    "semantic_drop_nonpositive:-0.0005",
    "semantic_drop_nonpositive:-0.0005",
    "semantic_drop_nonpositive:-0.0005"
  ],
  "edit_failure_score": 0.0,
  "final_attack_score": 0.12118951466893955,
  "full_image_semantic_drop": -0.0005308985710144043,
  "geometry_excess_penalty": 0.0,
  "geometry_excess_penalty_weight": 0.75,
  "identity_or_face_health_available": false,
  "input_damage_penalty": 0.0,
  "input_damage_penalty_weight": 3.0,
  "input_l2": 0.021671604381921002,
  "input_max_abs": 0.615686297416687,
  "input_mean_abs": 0.00972490943968296,
  "input_preservation_score": 0.4724010427792867,
  "input_psnr": 33.28217872014458,
  "input_ssim": 0.9366881251335144,
  "left_crop_clean_margin": 0.024231508374214172,
  "left_crop_perturbed_margin": 0.02374240756034851,
  "left_crop_semantic_drop": 0.0004891008138656616,
  "max_disp_px_budget": 8.0,
  "mean_crop_margin": 0.011465499798456827,
  "mean_crop_semantic_drop": 0.0006579707066218058,
  "min_crop_margin": -0.012668520212173462,
  "min_crop_semantic_drop": -0.0006240010261535645,
  "output_disruption_score": 0.2423790293378791,
  "output_disruption_weight": 0.5,
  "output_l2": 0.03891233100104235,
  "output_max_abs": 0.6509804129600525,
  "output_mean_abs": 0.01718345656991005,
  "output_psnr": 28.198255049528953,
  "output_ssim": 0.9132702946662903,
  "perturbed_clip_positive_margin": 0.051694512367248535,
  "perturbed_semantic_success_score": 0.051694512367248535,
  "phase2_final_score": 0.12118951466893955,
  "phase2_output_disruption": 0.2423790293378791,
  "phase2_score_formula": "8.0*max(0,semantic_drop)+0.5*output_disruption-3.0*input_damage_penalty-0.75*geometry_excess_penalty",
  "phase4_budget_name": "strong",
  "phase4_final_score": 0.12118951466893955,
  "phase4_score_formula": "8.0*max(0,semantic_drop)+0.5*output_disruption-3.0*input_damage_penalty-0.75*geometry_excess_penalty",
  "right_crop_clean_margin": 0.025431424379348755,
  "right_crop_perturbed_margin": 0.023322612047195435,
  "right_crop_semantic_drop": 0.0021088123321533203,
  "semantic_drop": -0.0005308985710144043,
  "semantic_drop_weight": 8.0,
  "target_input_ssim": 0.88,
  "top_crop_clean_margin": -0.013292521238327026,
  "top_crop_perturbed_margin": -0.012668520212173462,
  "top_crop_semantic_drop": -0.0006240010261535645
}
