{
  "budget": "medium",
  "budget_max_disp_px": 4.0,
  "candidate_folder_abs": "/home/interns/Desktop/mat/phase2/outputs/phase2b_cem/add_headphones/medium/seed_00/candidates/cand_019_g02_m03",
  "candidate_index": 19,
  "candidate_name": "cand_019_g02_m03",
  "dct_modes": [
    [
      1,
      0
    ],
    [
      0,
      1
    ],
    [
      1,
      1
    ],
    [
      2,
      0
    ],
    [
      0,
      2
    ],
    [
      2,
      1
    ]
  ],
  "elapsed_seconds": 5.555158417671919,
  "generation": 2,
  "geometry_method": "region_local_dct",
  "initial_candidate": false,
  "input_l2": 0.007190708646090003,
  "input_max_abs": 0.2196078598499298,
  "input_mean_abs": 0.002174173016101122,
  "input_psnr": 42.86456615361899,
  "input_ssim": 0.9874131083488464,
  "max_disp_px": 0.9225513935089111,
  "max_disp_px_budget": 4.0,
  "mean_disp_px": 0.14033262431621552,
  "member": 3,
  "mesh_size": 4,
  "output_l2": 0.016006336993457156,
  "output_max_abs": 0.5098039507865906,
  "output_mean_abs": 0.007990984246134758,
  "output_psnr": 35.914160876345626,
  "output_ssim": 0.9620201587677002,
  "p95_disp_px": 0.685533344745636,
  "phase": "phase2b_cem",
  "prompt": "add headphones",
  "prompt_priority": 1,
  "prompt_slug": "add_headphones",
  "region_count": 3,
  "region_key": "headphones",
  "scale_factor": 0.3683096766471863,
  "seed": 23001,
  "target_input_ssim": 0.94,
  "tps_size": 4
}
