{
  "best_folder": "phase4/outputs/phase4a_existence_probe/cases/face_003/igs_1p00/add_headphones/strong/seed_00/candidates/cand_059_g03_m19",
  "budget": "strong",
  "budget_max_disp_px": 8.0,
  "candidate_folder": "phase4/outputs/phase4a_existence_probe/cases/face_003/igs_1p00/add_headphones/strong/seed_00/candidates/cand_059_g03_m19",
  "candidate_index": 59,
  "candidate_name": "cand_059_g03_m19",
  "case_id": "face_003__add_headphones__igs_1p00",
  "clean_clip_positive_margin": 0.045783042907714844,
  "clean_semantic_success_score": 0.045783042907714844,
  "clip_available": true,
  "clip_semantic_drop": 0.0006762892007827759,
  "clip_warning": null,
  "crop_clip_available": true,
  "crop_clip_warning": null,
  "decision_label": "metric_only_candidate",
  "decision_reasons": [
    "semantic_drop_small:0.0007",
    "semantic_drop_small:0.0007",
    "semantic_drop_small:0.0007"
  ],
  "edit_failure_score": 0.0006762892007827759,
  "elapsed_seconds": 2.543127439916134,
  "face_id": "face_003",
  "final_attack_score": 0.1404861545633342,
  "full_image_semantic_drop": 0.0006762892007827759,
  "generation": 3,
  "geometry_excess_penalty": 0.0,
  "geometry_excess_penalty_weight": 0.75,
  "geometry_method": "landmark_piecewise_affine",
  "guidance_scale": 7.5,
  "identity_or_face_health_available": false,
  "image_guidance_scale": 1.0,
  "initial_candidate": false,
  "input_damage_penalty": 0.0,
  "input_damage_penalty_weight": 3.0,
  "input_l2": 0.021061825574010522,
  "input_max_abs": 0.35294121503829956,
  "input_mean_abs": 0.010457814671099186,
  "input_preservation_score": 0.4031354784965515,
  "input_psnr": 33.530079764285325,
  "input_ssim": 0.9283762574195862,
  "left_crop_clean_margin": 0.01863802969455719,
  "left_crop_perturbed_margin": 0.017799168825149536,
  "left_crop_semantic_drop": 0.0008388608694076538,
  "max_disp_px": 2.322571277618408,
  "max_disp_px_budget": 8.0,
  "mean_crop_margin": 0.00950305163860321,
  "mean_crop_semantic_drop": -0.0005059341589609782,
  "mean_disp_px": 0.7181813716888428,
  "member": 19,
  "min_crop_margin": -0.00994652509689331,
  "min_crop_semantic_drop": -0.0027046650648117065,
  "output_disruption_score": 0.27015168191414396,
  "output_disruption_weight": 0.5,
  "output_l2": 0.045211212638570177,
  "output_max_abs": 0.8980392217636108,
  "output_mean_abs": 0.019608624279499054,
  "output_psnr": 26.89507688644227,
  "output_ssim": 0.9106931686401367,
  "p95_disp_px": 1.7344530820846558,
  "path_clean_edit": "phase4/outputs/phase4a_existence_probe/cases/face_003/igs_1p00/add_headphones/strong/seed_00/candidates/cand_059_g03_m19/clean_edit.png",
  "path_flow": "phase4/outputs/phase4a_existence_probe/cases/face_003/igs_1p00/add_headphones/strong/seed_00/candidates/cand_059_g03_m19/flow.png",
  "path_landmarks_overlay_original": "phase4/outputs/phase4a_existence_probe/cases/face_003/igs_1p00/add_headphones/strong/seed_00/candidates/cand_059_g03_m19/landmarks_overlay_original.jpg",
  "path_landmarks_overlay_perturbed": "phase4/outputs/phase4a_existence_probe/cases/face_003/igs_1p00/add_headphones/strong/seed_00/candidates/cand_059_g03_m19/landmarks_overlay_perturbed.jpg",
  "path_original": "phase4/outputs/phase4a_existence_probe/cases/face_003/igs_1p00/add_headphones/strong/seed_00/candidates/cand_059_g03_m19/original.png",
  "path_perturbed": "phase4/outputs/phase4a_existence_probe/cases/face_003/igs_1p00/add_headphones/strong/seed_00/candidates/cand_059_g03_m19/perturbed.png",
  "path_perturbed_edit": "phase4/outputs/phase4a_existence_probe/cases/face_003/igs_1p00/add_headphones/strong/seed_00/candidates/cand_059_g03_m19/perturbed_edit.png",
  "perturbed_clip_positive_margin": 0.04510675370693207,
  "perturbed_semantic_success_score": 0.04510675370693207,
  "phase": "phase4a_existence_probe",
  "phase2_final_score": 0.1404861545633342,
  "phase2_output_disruption": 0.27015168191414396,
  "phase2_score_formula": "8.0*max(0,semantic_drop)+0.5*output_disruption-3.0*input_damage_penalty-0.75*geometry_excess_penalty",
  "phase4_budget_name": "strong",
  "phase4_final_score": 0.1404861545633342,
  "phase4_score_formula": "8.0*max(0,semantic_drop)+0.5*output_disruption-3.0*input_damage_penalty-0.75*geometry_excess_penalty",
  "prompt": "add headphones",
  "prompt_slug": "add_headphones",
  "prompt_type": "headphones",
  "right_crop_clean_margin": 0.0179518461227417,
  "right_crop_perturbed_margin": 0.020656511187553406,
  "right_crop_semantic_drop": -0.0027046650648117065,
  "seed": 52001,
  "semantic_drop": 0.0006762892007827759,
  "semantic_drop_weight": 8.0,
  "target_input_ssim": 0.88,
  "theta_names": [
    "scale_logit",
    "action_face_side_push_left",
    "action_face_side_push_right",
    "action_head_top_raise",
    "action_head_top_lower",
    "action_jaw_expand",
    "action_jaw_compress",
    "action_asymmetry_twist"
  ],
  "theta_values": [
    -0.19731786847114563,
    0.35618966817855835,
    -0.05741961672902107,
    -0.5752781629562378,
    0.2568866014480591,
    -0.6789212226867676,
    0.16284826397895813,
    0.03562881797552109
  ],
  "top_crop_clean_margin": -0.009598523378372192,
  "top_crop_perturbed_margin": -0.00994652509689331,
  "top_crop_semantic_drop": 0.00034800171852111816
}
