{
  "action_names": [
    "face_side_push_left",
    "face_side_push_right",
    "head_top_raise",
    "head_top_lower",
    "jaw_expand",
    "jaw_compress",
    "asymmetry_twist"
  ],
  "action_strength": 0.72,
  "action_values": {
    "asymmetry_twist": 0.01859327892195364,
    "face_side_push_left": 0.17847531916064308,
    "face_side_push_right": -0.029944815837514422,
    "head_top_lower": 0.13124145039150298,
    "head_top_raise": -0.2710777710819922,
    "jaw_compress": 0.08427638454496222,
    "jaw_expand": -0.30845493834104193
  },
  "active_actions": {
    "asymmetry_twist": 0.01859327892195364,
    "face_side_push_left": 0.17847531916064308,
    "face_side_push_right": -0.029944815837514422,
    "head_top_lower": 0.13124145039150298,
    "head_top_raise": -0.2710777710819922,
    "jaw_compress": 0.08427638454496222,
    "jaw_expand": -0.30845493834104193
  },
  "active_anchor_count": 7,
  "control_point_count": 15,
  "geometry_method": "landmark_piecewise_affine",
  "max_disp_px_budget": 8.0,
  "scale_factor": 0.5220814730261736,
  "source_control_points": [
    [
      112.63999938964844,
      248.3199920654297
    ],
    [
      112.63999938964844,
      253.44000244140625
    ],
    [
      399.3599853515625,
      248.3199920654297
    ],
    [
      399.3599853515625,
      253.44000244140625
    ],
    [
      256.0,
      87.04000091552734
    ],
    [
      174.0800018310547,
      394.239990234375
    ],
    [
      337.9200134277344,
      394.239990234375
    ],
    [
      0.0,
      0.0
    ],
    [
      511.0,
      0.0
    ],
    [
      0.0,
      511.0
    ],
    [
      511.0,
      511.0
    ],
    [
      256.0,
      0.0
    ],
    [
      256.0,
      511.0
    ],
    [
      0.0,
      256.0
    ],
    [
      511.0,
      256.0
    ]
  ],
  "target_control_points": [
    [
      111.61198425292969,
      248.212890625
    ],
    [
      111.86898803710938,
      253.44000244140625
    ],
    [
      399.1875,
      248.42709350585938
    ],
    [
      399.2306213378906,
      253.44000244140625
    ],
    [
      256.0,
      89.35736083984375
    ],
    [
      176.34213256835938,
      394.1864318847656
    ],
    [
      335.6578674316406,
      394.2935485839844
    ],
    [
      0.0,
      0.0
    ],
    [
      511.0,
      0.0
    ],
    [
      0.0,
      511.0
    ],
    [
      511.0,
      511.0
    ],
    [
      256.0,
      0.0
    ],
    [
      256.0,
      511.0
    ],
    [
      0.0,
      256.0
    ],
    [
      511.0,
      256.0
    ]
  ],
  "tps_regularization": 0.0001
}
