{
  "clean_clip_positive_margin": 0.045783042907714844,
  "clean_semantic_success_score": 0.045783042907714844,
  "clip_available": true,
  "clip_semantic_drop": 0.0006762892007827759,
  "clip_warning": null,
  "crop_clip_available": true,
  "crop_clip_warning": null,
  "decision_label": "metric_only_candidate",
  "decision_reasons": [
    "semantic_drop_small:0.0007",
    "semantic_drop_small:0.0007",
    "semantic_drop_small:0.0007"
  ],
  "edit_failure_score": 0.0006762892007827759,
  "final_attack_score": 0.1404861545633342,
  "full_image_semantic_drop": 0.0006762892007827759,
  "geometry_excess_penalty": 0.0,
  "geometry_excess_penalty_weight": 0.75,
  "identity_or_face_health_available": false,
  "input_damage_penalty": 0.0,
  "input_damage_penalty_weight": 3.0,
  "input_l2": 0.021061825574010522,
  "input_max_abs": 0.35294121503829956,
  "input_mean_abs": 0.010457814671099186,
  "input_preservation_score": 0.4031354784965515,
  "input_psnr": 33.530079764285325,
  "input_ssim": 0.9283762574195862,
  "left_crop_clean_margin": 0.01863802969455719,
  "left_crop_perturbed_margin": 0.017799168825149536,
  "left_crop_semantic_drop": 0.0008388608694076538,
  "max_disp_px_budget": 8.0,
  "mean_crop_margin": 0.00950305163860321,
  "mean_crop_semantic_drop": -0.0005059341589609782,
  "min_crop_margin": -0.00994652509689331,
  "min_crop_semantic_drop": -0.0027046650648117065,
  "output_disruption_score": 0.27015168191414396,
  "output_disruption_weight": 0.5,
  "output_l2": 0.045211212638570177,
  "output_max_abs": 0.8980392217636108,
  "output_mean_abs": 0.019608624279499054,
  "output_psnr": 26.89507688644227,
  "output_ssim": 0.9106931686401367,
  "perturbed_clip_positive_margin": 0.04510675370693207,
  "perturbed_semantic_success_score": 0.04510675370693207,
  "phase2_final_score": 0.1404861545633342,
  "phase2_output_disruption": 0.27015168191414396,
  "phase2_score_formula": "8.0*max(0,semantic_drop)+0.5*output_disruption-3.0*input_damage_penalty-0.75*geometry_excess_penalty",
  "phase4_budget_name": "strong",
  "phase4_final_score": 0.1404861545633342,
  "phase4_score_formula": "8.0*max(0,semantic_drop)+0.5*output_disruption-3.0*input_damage_penalty-0.75*geometry_excess_penalty",
  "right_crop_clean_margin": 0.0179518461227417,
  "right_crop_perturbed_margin": 0.020656511187553406,
  "right_crop_semantic_drop": -0.0027046650648117065,
  "semantic_drop": 0.0006762892007827759,
  "semantic_drop_weight": 8.0,
  "target_input_ssim": 0.88,
  "top_crop_clean_margin": -0.009598523378372192,
  "top_crop_perturbed_margin": -0.00994652509689331,
  "top_crop_semantic_drop": 0.00034800171852111816
}
