{
  "budget": "existence_probe",
  "budget_max_disp_px": 14.0,
  "candidate_folder_abs": "/home/interns/Desktop/mat/phase4/outputs/phase4a_existence_probe/cases/face_007/igs_1p00/make_the_person_smile_slightly/existence_probe/seed_00/candidates/cand_020_g01_m20",
  "candidate_index": 20,
  "candidate_name": "cand_020_g01_m20",
  "case_id": "face_007__make_the_person_smile_slightly__igs_1p00",
  "elapsed_seconds": 2.389636831358075,
  "face_id": "face_007",
  "generation": 1,
  "geometry_method": "landmark_piecewise_affine",
  "guidance_scale": 7.5,
  "image_guidance_scale": 1.0,
  "initial_candidate": false,
  "input_l2": 0.033147555018322575,
  "input_max_abs": 0.658823549747467,
  "input_mean_abs": 0.013295856304466724,
  "input_psnr": 29.59096999749844,
  "input_ssim": 0.882401704788208,
  "max_disp_px": 3.59122633934021,
  "max_disp_px_budget": 14.0,
  "mean_disp_px": 0.8992646932601929,
  "member": 20,
  "output_l2": 0.038421194545216725,
  "output_max_abs": 0.7921568751335144,
  "output_mean_abs": 0.016137680038809776,
  "output_psnr": 28.308582734134493,
  "output_ssim": 0.9270680546760559,
  "p95_disp_px": 2.800882577896118,
  "phase": "phase4a_existence_probe",
  "prompt": "make the person smile slightly",
  "prompt_slug": "make_the_person_smile_slightly",
  "prompt_type": "smile",
  "seed": 50101,
  "target_input_ssim": 0.78,
  "theta_names": [
    "scale_logit",
    "action_mouth_corner_raise",
    "action_mouth_corner_lower",
    "action_mouth_width_expand",
    "action_mouth_width_compress",
    "action_chin_raise",
    "action_chin_lower"
  ],
  "theta_values": [
    -0.3759038746356964,
    -2.126376152038574,
    -0.2484406977891922,
    0.6806995868682861,
    1.3415935039520264,
    0.324343204498291,
    -0.06465702503919601
  ]
}
