{
  "budget": "strong",
  "budget_max_disp_px": 6.0,
  "candidate_folder_abs": "/home/interns/Desktop/mat/phase2/outputs/phase2a_probe/add_headphones/strong/seed_00/candidates/cand_018_g02_m06",
  "candidate_index": 18,
  "candidate_name": "cand_018_g02_m06",
  "dct_modes": [
    [
      1,
      0
    ],
    [
      0,
      1
    ],
    [
      1,
      1
    ],
    [
      2,
      0
    ],
    [
      0,
      2
    ],
    [
      2,
      1
    ]
  ],
  "elapsed_seconds": 4.987305449321866,
  "generation": 2,
  "geometry_method": "combined_tps_dct",
  "initial_candidate": false,
  "input_l2": 0.020900807430125956,
  "input_max_abs": 0.8509804010391235,
  "input_mean_abs": 0.0068344916217029095,
  "input_psnr": 33.59673872210923,
  "input_ssim": 0.9367678761482239,
  "max_disp_px": 4.42625617980957,
  "max_disp_px_budget": 6.0,
  "mean_disp_px": 0.6960400938987732,
  "member": 6,
  "mesh_size": 4,
  "output_l2": 0.028109112364871035,
  "output_max_abs": 0.7372549176216125,
  "output_mean_abs": 0.01346928533166647,
  "output_psnr": 31.023057368267413,
  "output_ssim": 0.9231422543525696,
  "p95_disp_px": 3.1513092517852783,
  "phase": "phase2a_probe",
  "prompt": "add headphones",
  "prompt_priority": 1,
  "prompt_slug": "add_headphones",
  "region_count": 3,
  "region_key": "headphones",
  "scale_factor": 0.7527647018432617,
  "seed": 22101,
  "target_input_ssim": 0.9,
  "tps_size": 4
}
