{
  "action_names": [
    "mouth_corner_raise",
    "mouth_corner_lower",
    "mouth_width_expand",
    "mouth_width_compress",
    "chin_raise",
    "chin_lower"
  ],
  "action_strength": 0.72,
  "action_values": {
    "chin_lower": -0.23014542650872008,
    "chin_raise": -0.41249030272220943,
    "mouth_corner_lower": 0.3719833985498117,
    "mouth_corner_raise": -0.44073744127114683,
    "mouth_width_compress": -0.6539378869507805,
    "mouth_width_expand": -0.042547149139591
  },
  "active_actions": {
    "chin_lower": -0.23014542650872008,
    "chin_raise": -0.41249030272220943,
    "mouth_corner_lower": 0.3719833985498117,
    "mouth_corner_raise": -0.44073744127114683,
    "mouth_width_compress": -0.6539378869507805,
    "mouth_width_expand": -0.042547149139591
  },
  "active_anchor_count": 4,
  "control_point_count": 12,
  "geometry_method": "landmark_piecewise_affine",
  "max_disp_px_budget": 8.0,
  "scale_factor": 0.839043596446805,
  "source_control_points": [
    [
      204.8000030517578,
      335.3599853515625
    ],
    [
      307.20001220703125,
      335.3599853515625
    ],
    [
      256.0,
      419.8399963378906
    ],
    [
      256.0,
      376.32000732421875
    ],
    [
      0.0,
      0.0
    ],
    [
      511.0,
      0.0
    ],
    [
      0.0,
      511.0
    ],
    [
      511.0,
      511.0
    ],
    [
      256.0,
      0.0
    ],
    [
      256.0,
      511.0
    ],
    [
      0.0,
      256.0
    ],
    [
      511.0,
      256.0
    ]
  ],
  "target_control_points": [
    [
      201.2783966064453,
      340.041259765625
    ],
    [
      310.72161865234375,
      340.041259765625
    ],
    [
      256.0,
      420.8902893066406
    ],
    [
      256.0,
      376.84515380859375
    ],
    [
      0.0,
      0.0
    ],
    [
      511.0,
      0.0
    ],
    [
      0.0,
      511.0
    ],
    [
      511.0,
      511.0
    ],
    [
      256.0,
      0.0
    ],
    [
      256.0,
      511.0
    ],
    [
      0.0,
      256.0
    ],
    [
      511.0,
      256.0
    ]
  ],
  "tps_regularization": 0.0001
}
