{
  "clean_clip_positive_margin": 0.045426785945892334,
  "clean_semantic_success_score": 0.045426785945892334,
  "clip_available": true,
  "clip_semantic_drop": 0.0016340911388397217,
  "clip_warning": null,
  "crop_clip_available": true,
  "crop_clip_warning": null,
  "decision_label": "metric_only_candidate",
  "decision_reasons": [
    "semantic_drop_small:0.0016",
    "semantic_drop_small:0.0016"
  ],
  "edit_failure_score": 0.0016340911388397217,
  "final_attack_score": 0.2598147322539148,
  "full_image_semantic_drop": 0.0016340911388397217,
  "geometry_excess_penalty": 0.0,
  "geometry_excess_penalty_weight": 1.0,
  "identity_or_face_health_available": false,
  "input_damage_penalty": 0.0,
  "input_damage_penalty_weight": 3.0,
  "input_l2": 0.012234142119429553,
  "input_max_abs": 0.4117647111415863,
  "input_mean_abs": 0.0030461184214800596,
  "input_preservation_score": 0.6985246737798058,
  "input_psnr": 38.24852957546381,
  "input_ssim": 0.9819114804267883,
  "left_crop_clean_margin": 0.012075066566467285,
  "left_crop_perturbed_margin": 0.011555254459381104,
  "left_crop_semantic_drop": 0.0005198121070861816,
  "max_disp_px_budget": 4.0,
  "mean_crop_margin": 0.00466988484064738,
  "mean_crop_semantic_drop": 0.0029271692037582397,
  "min_crop_margin": -0.011155784130096436,
  "min_crop_semantic_drop": 0.0005198121070861816,
  "output_disruption_score": 0.25327836769855594,
  "output_disruption_weight": 1.0,
  "output_l2": 0.045667750880213014,
  "output_max_abs": 0.7803921699523926,
  "output_mean_abs": 0.016608653590083122,
  "output_psnr": 26.807807534168404,
  "output_ssim": 0.9293926358222961,
  "perturbed_clip_positive_margin": 0.04379269480705261,
  "perturbed_semantic_success_score": 0.04379269480705261,
  "phase2_final_score": 0.2598147322539148,
  "phase2_output_disruption": 0.25327836769855594,
  "phase2_score_formula": "4.0*max(0,semantic_drop)+1.0*output_disruption-3.0*input_damage_penalty-1.0*geometry_excess_penalty",
  "right_crop_clean_margin": 0.018729060888290405,
  "right_crop_perturbed_margin": 0.01361018419265747,
  "right_crop_semantic_drop": 0.005118876695632935,
  "semantic_drop": 0.0016340911388397217,
  "semantic_drop_weight": 4.0,
  "target_input_ssim": 0.94,
  "top_crop_clean_margin": -0.008012965321540833,
  "top_crop_perturbed_margin": -0.011155784130096436,
  "top_crop_semantic_drop": 0.003142818808555603
}
