{
  "clean_clip_positive_margin": 0.05089488625526428,
  "clean_semantic_success_score": 0.05089488625526428,
  "clip_available": true,
  "clip_semantic_drop": 0.0017203986644744873,
  "clip_warning": null,
  "crop_clip_available": false,
  "crop_clip_warning": null,
  "decision_label": "metric_only_candidate",
  "decision_reasons": [
    "semantic_drop_small:0.0017",
    "semantic_drop_small:0.0017"
  ],
  "edit_failure_score": 0.0017203986644744873,
  "final_attack_score": 0.20064201686582928,
  "full_image_semantic_drop": 0.0017203986644744873,
  "geometry_excess_penalty": 0.0,
  "geometry_excess_penalty_weight": 1.0,
  "identity_or_face_health_available": false,
  "input_damage_penalty": 0.0,
  "input_damage_penalty_weight": 3.0,
  "input_l2": 0.01643651019382493,
  "input_max_abs": 0.7098039388656616,
  "input_mean_abs": 0.0032841849606484175,
  "input_preservation_score": 0.6532410383224491,
  "input_psnr": 35.68380773160079,
  "input_ssim": 0.9791944622993469,
  "max_disp_px_budget": 4.0,
  "output_disruption_score": 0.19376042220793133,
  "output_disruption_weight": 1.0,
  "output_l2": 0.03862870418479533,
  "output_max_abs": 0.7960784435272217,
  "output_mean_abs": 0.009180505760014057,
  "output_psnr": 28.261797203829943,
  "output_ssim": 0.96075439453125,
  "perturbed_clip_positive_margin": 0.049174487590789795,
  "perturbed_semantic_success_score": 0.049174487590789795,
  "phase2_final_score": 0.20064201686582928,
  "phase2_output_disruption": 0.19376042220793133,
  "phase2_score_formula": "4.0*max(0,semantic_drop)+1.0*output_disruption-3.0*input_damage_penalty-1.0*geometry_excess_penalty",
  "semantic_drop": 0.0017203986644744873,
  "semantic_drop_weight": 4.0,
  "target_input_ssim": 0.94
}
