{
  "clean_clip_positive_margin": 0.027842342853546143,
  "clean_semantic_success_score": 0.027842342853546143,
  "clip_available": true,
  "clip_semantic_drop": -0.0021775662899017334,
  "clip_warning": null,
  "crop_clip_available": true,
  "crop_clip_warning": null,
  "decision_label": "metric_only_candidate",
  "decision_reasons": [
    "semantic_drop_nonpositive:-0.0022",
    "semantic_drop_nonpositive:-0.0022"
  ],
  "edit_failure_score": 0.0,
  "final_attack_score": 0.04288425310355532,
  "full_image_semantic_drop": -0.0021775662899017334,
  "geometry_excess_penalty": 0.0,
  "geometry_excess_penalty_weight": 0.75,
  "identity_or_face_health_available": false,
  "input_damage_penalty": 0.0,
  "input_damage_penalty_weight": 3.0,
  "input_l2": 0.017202634372772196,
  "input_max_abs": 0.46274513006210327,
  "input_mean_abs": 0.005767090246081352,
  "input_preservation_score": 0.41668570041656483,
  "input_psnr": 35.28810082237017,
  "input_ssim": 0.9416685700416565,
  "left_crop_clean_margin": 0.02535329759120941,
  "left_crop_perturbed_margin": 0.02488476037979126,
  "left_crop_semantic_drop": 0.00046853721141815186,
  "max_disp_px_budget": 6.0,
  "mean_crop_margin": 0.009881138801574707,
  "mean_crop_semantic_drop": 0.008230129877726236,
  "min_crop_margin": -0.00867171585559845,
  "min_crop_semantic_drop": 0.00046853721141815186,
  "output_disruption_score": 0.17153701241422128,
  "output_disruption_weight": 0.25,
  "output_l2": 0.024423815448106408,
  "output_max_abs": 0.7372549176216125,
  "output_mean_abs": 0.012972111813724041,
  "output_psnr": 32.243729806493675,
  "output_ssim": 0.9261582493782043,
  "perturbed_clip_positive_margin": 0.030019909143447876,
  "perturbed_semantic_success_score": 0.030019909143447876,
  "phase2_final_score": 0.04288425310355532,
  "phase2_output_disruption": 0.17153701241422128,
  "phase2_score_formula": "8.0*max(0,semantic_drop)+0.25*output_disruption-3.0*input_damage_penalty-0.75*geometry_excess_penalty",
  "right_crop_clean_margin": 0.021481528878211975,
  "right_crop_perturbed_margin": 0.013430371880531311,
  "right_crop_semantic_drop": 0.008051156997680664,
  "semantic_drop": -0.0021775662899017334,
  "semantic_drop_weight": 8.0,
  "target_input_ssim": 0.9,
  "top_crop_clean_margin": 0.007498979568481445,
  "top_crop_perturbed_margin": -0.00867171585559845,
  "top_crop_semantic_drop": 0.016170695424079895
}
