{
  "displacement": {
    "budget_max_disp_px": 6.0,
    "max_disp_px": 1.8411115407943726,
    "max_disp_px_budget": 6.0,
    "mean_disp_px": 0.1391514241695404,
    "p95_disp_px": 1.1402826309204102,
    "target_input_ssim": 0.9
  },
  "input": {
    "l2": 0.011948987365061762,
    "max_abs": 0.6588234901428223,
    "mean_abs": 0.0025135662872344255,
    "psnr": 38.45337796193246,
    "ssim": 0.982249915599823
  },
  "output": {
    "l2": 0.01532395419270562,
    "max_abs": 0.7764706015586853,
    "mean_abs": 0.0037642784882336855,
    "psnr": 36.29258309812912,
    "ssim": 0.9813569188117981
  }
}
