{
  "displacement": {
    "budget_max_disp_px": 4.0,
    "max_disp_px": 2.2929041385650635,
    "max_disp_px_budget": 4.0,
    "mean_disp_px": 0.2300855815410614,
    "p95_disp_px": 1.3647507429122925,
    "target_input_ssim": 0.94
  },
  "input": {
    "l2": 0.011909805601445394,
    "max_abs": 0.5019607543945312,
    "mean_abs": 0.0026670368388295174,
    "psnr": 38.481906545169934,
    "ssim": 0.9829928278923035
  },
  "output": {
    "l2": 0.03339028900416563,
    "max_abs": 0.7607843279838562,
    "mean_abs": 0.012033824808895588,
    "psnr": 29.527596439295216,
    "ssim": 0.9545076489448547
  }
}
