{
  "budget": "existence_probe",
  "budget_max_disp_px": 14.0,
  "candidate_folder_abs": "/home/interns/Desktop/mat/phase4/outputs/phase4a_existence_probe/cases/face_005/igs_1p50/add_a_small_beard/existence_probe/seed_00/candidates/cand_015_g01_m15",
  "candidate_index": 15,
  "candidate_name": "cand_015_g01_m15",
  "case_id": "face_005__add_a_small_beard__igs_1p50",
  "elapsed_seconds": 2.8898079451173544,
  "face_id": "face_005",
  "generation": 1,
  "geometry_method": "landmark_semantic_tps",
  "guidance_scale": 7.5,
  "image_guidance_scale": 1.5,
  "initial_candidate": false,
  "input_l2": 0.030253472974616363,
  "input_max_abs": 0.6705882549285889,
  "input_mean_abs": 0.013690073043107986,
  "input_psnr": 30.384495258487835,
  "input_ssim": 0.9045071005821228,
  "max_disp_px": 4.507988452911377,
  "max_disp_px_budget": 14.0,
  "mean_disp_px": 1.1944200992584229,
  "member": 15,
  "output_l2": 0.0389579252324833,
  "output_max_abs": 0.7137255072593689,
  "output_mean_abs": 0.021741101518273354,
  "output_psnr": 28.188083604696477,
  "output_ssim": 0.8421151638031006,
  "p95_disp_px": 3.612171173095703,
  "phase": "phase4a_existence_probe",
  "prompt": "add a small beard",
  "prompt_slug": "add_a_small_beard",
  "prompt_type": "beard",
  "seed": 48101,
  "target_input_ssim": 0.78,
  "theta_names": [
    "scale_logit",
    "action_jaw_expand",
    "action_jaw_compress",
    "action_chin_raise",
    "action_chin_lower",
    "action_mouth_width_expand",
    "action_lower_face_shift"
  ],
  "theta_values": [
    -0.900696337223053,
    1.397142767906189,
    -0.30927833914756775,
    -0.17710930109024048,
    0.9432626366615295,
    -0.31744495034217834,
    -0.5597302913665771
  ]
}
