{
  "displacement": {
    "foldover_fraction_det_below_0": 0.0,
    "jacobian_det_mean": 1.0,
    "jacobian_det_min": 0.7576566338539124,
    "low_det_fraction_below_0p2": 0.0,
    "max_disp_px": 3.9683966636657715,
    "mean_disp_px": 0.4608045816421509,
    "p95_disp_px": 2.0118043422698975
  },
  "input": {
    "l2": 0.016415027522577154,
    "max_abs": 0.3921568691730499,
    "mean_abs": 0.006255455780774355,
    "psnr": 35.69516769531376,
    "ssim": 0.9422429203987122
  },
  "output": {
    "l2": 0.02272048422392261,
    "max_abs": 0.40000003576278687,
    "mean_abs": 0.014843168668448925,
    "psnr": 32.871648341670515,
    "ssim": 0.9288065433502197
  }
}
