{
  "displacement": {
    "foldover_fraction_det_below_0": 0.0,
    "jacobian_det_mean": 1.0,
    "jacobian_det_min": 0.831836998462677,
    "low_det_fraction_below_0p2": 0.0,
    "max_disp_px": 5.552708148956299,
    "mean_disp_px": 0.7283600568771362,
    "p95_disp_px": 3.922675609588623
  },
  "input": {
    "l2": 0.024224678061982353,
    "max_abs": 0.8745098114013672,
    "mean_abs": 0.008375883102416992,
    "psnr": 32.31483971739833,
    "ssim": 0.916641891002655
  },
  "output": {
    "l2": 0.03242080662299925,
    "max_abs": 0.8235294222831726,
    "mean_abs": 0.014112028293311596,
    "psnr": 29.783523683914375,
    "ssim": 0.8873588442802429
  }
}
