{
  "budget": "strong",
  "budget_max_disp_px": 8.0,
  "candidate_folder_abs": "/home/interns/Desktop/mat/phase4/outputs/phase4c_real_landmark_sanity/cases/face_002/igs_1p00/add_headphones/strong/seed_00/candidates/cand_003_g01_m03",
  "candidate_index": 3,
  "candidate_name": "cand_003_g01_m03",
  "case_id": "face_002__add_headphones__igs_1p00",
  "elapsed_seconds": 4.039214996621013,
  "face_id": "face_002",
  "generation": 1,
  "geometry_method": "landmark_piecewise_affine",
  "guidance_scale": 7.5,
  "image_guidance_scale": 1.0,
  "initial_candidate": false,
  "input_l2": 0.046132719914362005,
  "input_max_abs": 0.729411780834198,
  "input_mean_abs": 0.023521512746810913,
  "input_psnr": 26.719818786015534,
  "input_ssim": 0.769878089427948,
  "landmark_count": 478,
  "landmark_detector": "mediapipe_python_solutions_face_mesh",
  "max_disp_px": 5.691702365875244,
  "max_disp_px_budget": 8.0,
  "mean_disp_px": 1.4866726398468018,
  "member": 3,
  "output_l2": 0.0587776081040979,
  "output_max_abs": 0.886274516582489,
  "output_mean_abs": 0.029551276937127113,
  "output_psnr": 24.6157618216572,
  "output_ssim": 0.8026363849639893,
  "p95_disp_px": 3.927818775177002,
  "phase": "phase4c_real_landmark_sanity",
  "prompt": "add headphones",
  "prompt_slug": "add_headphones",
  "prompt_type": "headphones",
  "real_landmarks": true,
  "seed": 43001,
  "target_input_ssim": 0.88,
  "theta_names": [
    "scale_logit",
    "action_face_side_push_left",
    "action_face_side_push_right",
    "action_head_top_raise",
    "action_head_top_lower",
    "action_jaw_expand",
    "action_jaw_compress",
    "action_asymmetry_twist"
  ],
  "theta_values": [
    0.07068902999162674,
    -1.1471866369247437,
    0.034153956919908524,
    -0.3854653537273407,
    1.157914400100708,
    1.2040570974349976,
    -0.8904380202293396,
    -0.5291858315467834
  ]
}
