{
  "geometry_info": {
    "action_names": [
      "jaw_expand",
      "jaw_compress",
      "chin_raise",
      "chin_lower",
      "mouth_width_expand",
      "lower_face_shift"
    ],
    "action_strength": 0.72,
    "action_values": {
      "chin_lower": -0.7294529798236992,
      "chin_raise": 0.37446662718760987,
      "jaw_compress": 0.6642629978809391,
      "jaw_expand": 0.6458351599889269,
      "lower_face_shift": 0.6060309786149428,
      "mouth_width_expand": 0.6381591112210194
    },
    "active_actions": {
      "chin_lower": -0.7294529798236992,
      "chin_raise": 0.37446662718760987,
      "jaw_compress": 0.6642629978809391,
      "jaw_expand": 0.6458351599889269,
      "lower_face_shift": 0.6060309786149428,
      "mouth_width_expand": 0.6381591112210194
    },
    "active_anchor_count": 6,
    "control_point_count": 14,
    "geometry_method": "landmark_piecewise_affine",
    "max_disp_px_budget": 14.0,
    "scale_factor": 0.7476790133881341,
    "source_control_points": [
      [
        174.0800018310547,
        394.239990234375
      ],
      [
        337.9200134277344,
        394.239990234375
      ],
      [
        256.0,
        419.8399963378906
      ],
      [
        256.0,
        376.32000732421875
      ],
      [
        204.8000030517578,
        335.3599853515625
      ],
      [
        307.20001220703125,
        335.3599853515625
      ],
      [
        0.0,
        0.0
      ],
      [
        511.0,
        0.0
      ],
      [
        0.0,
        511.0
      ],
      [
        511.0,
        511.0
      ],
      [
        256.0,
        0.0
      ],
      [
        256.0,
        511.0
      ],
      [
        0.0,
        256.0
      ],
      [
        511.0,
        256.0
      ]
    ],
    "target_control_points": [
      [
        174.2657470703125,
        394.239990234375
      ],
      [
        337.7342529296875,
        394.239990234375
      ],
      [
        260.58160400390625,
        408.7124938964844
      ],
      [
        262.1087951660156,
        370.7562561035156
      ],
      [
        198.3673553466797,
        335.3599853515625
      ],
      [
        313.6326599121094,
        335.3599853515625
      ],
      [
        0.0,
        0.0
      ],
      [
        511.0,
        0.0
      ],
      [
        0.0,
        511.0
      ],
      [
        511.0,
        511.0
      ],
      [
        256.0,
        0.0
      ],
      [
        256.0,
        511.0
      ],
      [
        0.0,
        256.0
      ],
      [
        511.0,
        256.0
      ]
    ],
    "tps_regularization": 0.0001
  },
  "names": [
    "scale_logit",
    "action_jaw_expand",
    "action_jaw_compress",
    "action_chin_raise",
    "action_chin_lower",
    "action_mouth_width_expand",
    "action_lower_face_shift"
  ],
  "values": [
    0.38749366998672485,
    1.3080716133117676,
    1.4144405126571655,
    0.550425112247467,
    -2.1975033283233643,
    1.2689770460128784,
    1.128629446029663
  ]
}
