{
  "clean_clip_positive_margin": 0.030473262071609497,
  "clean_semantic_success_score": 0.030473262071609497,
  "clip_available": true,
  "clip_semantic_drop": 0.00039842724800109863,
  "clip_warning": null,
  "crop_clip_available": false,
  "crop_clip_warning": null,
  "decision_label": "metric_only_candidate",
  "decision_reasons": [
    "semantic_drop_small:0.0004",
    "semantic_drop_small:0.0004"
  ],
  "edit_failure_score": 0.00039842724800109863,
  "final_attack_score": 0.10369514709911677,
  "full_image_semantic_drop": 0.00039842724800109863,
  "geometry_excess_penalty": 0.0,
  "geometry_excess_penalty_weight": 1.0,
  "identity_or_face_health_available": false,
  "input_damage_penalty": 0.0,
  "input_damage_penalty_weight": 3.0,
  "input_l2": 0.007515016303793356,
  "input_max_abs": 0.28235292434692383,
  "input_mean_abs": 0.0014991211937740445,
  "input_preservation_score": 0.8540639877319337,
  "input_psnr": 42.48140145752334,
  "input_ssim": 0.991243839263916,
  "max_disp_px_budget": 4.0,
  "output_disruption_score": 0.10210143810711238,
  "output_disruption_weight": 1.0,
  "output_l2": 0.01730282427420699,
  "output_max_abs": 0.3529411852359772,
  "output_mean_abs": 0.008067910559475422,
  "output_psnr": 35.237660056968465,
  "output_ssim": 0.9671098589897156,
  "perturbed_clip_positive_margin": 0.0300748348236084,
  "perturbed_semantic_success_score": 0.0300748348236084,
  "phase2_final_score": 0.10369514709911677,
  "phase2_output_disruption": 0.10210143810711238,
  "phase2_score_formula": "4.0*max(0,semantic_drop)+1.0*output_disruption-3.0*input_damage_penalty-1.0*geometry_excess_penalty",
  "semantic_drop": 0.00039842724800109863,
  "semantic_drop_weight": 4.0,
  "target_input_ssim": 0.94
}
