{
  "clean_clip_positive_margin": 0.035206615924835205,
  "clean_semantic_success_score": 0.035206615924835205,
  "clip_available": true,
  "clip_semantic_drop": 0.003508061170578003,
  "clip_warning": null,
  "crop_clip_available": false,
  "crop_clip_warning": null,
  "decision_label": "metric_only_candidate",
  "decision_reasons": [
    "semantic_drop_small:0.0035",
    "semantic_drop_small:0.0035",
    "semantic_drop_small:0.0035"
  ],
  "edit_failure_score": 0.003508061170578003,
  "final_attack_score": 0.18068214924190218,
  "full_image_semantic_drop": 0.003508061170578003,
  "geometry_excess_penalty": 0.0,
  "geometry_excess_penalty_weight": 0.75,
  "identity_or_face_health_available": false,
  "input_damage_penalty": 0.0,
  "input_damage_penalty_weight": 3.0,
  "input_l2": 0.030267577411698127,
  "input_max_abs": 0.9215686321258545,
  "input_mean_abs": 0.010082813911139965,
  "input_preservation_score": 0.680438908663663,
  "input_psnr": 30.380446763448994,
  "input_ssim": 0.9296965599060059,
  "max_disp_px_budget": 14.0,
  "output_disruption_score": 0.3052353197545563,
  "output_disruption_weight": 0.5,
  "output_l2": 0.04257038072275011,
  "output_max_abs": 0.6235294342041016,
  "output_mean_abs": 0.021629532799124718,
  "output_psnr": 27.4178493149679,
  "output_ssim": 0.8650462031364441,
  "perturbed_clip_positive_margin": 0.0316985547542572,
  "perturbed_semantic_success_score": 0.0316985547542572,
  "phase2_final_score": 0.18068214924190218,
  "phase2_output_disruption": 0.3052353197545563,
  "phase2_score_formula": "8.0*max(0,semantic_drop)+0.5*output_disruption-3.0*input_damage_penalty-0.75*geometry_excess_penalty",
  "phase4_budget_name": "existence_probe",
  "phase4_final_score": 0.18068214924190218,
  "phase4_score_formula": "8.0*max(0,semantic_drop)+0.5*output_disruption-3.0*input_damage_penalty-0.75*geometry_excess_penalty",
  "semantic_drop": 0.003508061170578003,
  "semantic_drop_weight": 8.0,
  "target_input_ssim": 0.78
}
