{
  "best_folder": "phase4/outputs/phase4a_existence_probe/cases/face_002/igs_1p50/add_headphones/strong/seed_00/candidates/cand_049_g03_m09",
  "budget": "strong",
  "budget_max_disp_px": 8.0,
  "candidate_folder": "phase4/outputs/phase4a_existence_probe/cases/face_002/igs_1p50/add_headphones/strong/seed_00/candidates/cand_049_g03_m09",
  "candidate_index": 49,
  "candidate_name": "cand_049_g03_m09",
  "case_id": "face_002__add_headphones__igs_1p50",
  "clean_clip_positive_margin": 0.04682642221450806,
  "clean_semantic_success_score": 0.04682642221450806,
  "clip_available": true,
  "clip_semantic_drop": 0.0020257532596588135,
  "clip_warning": null,
  "crop_clip_available": true,
  "crop_clip_warning": null,
  "decision_label": "metric_only_candidate",
  "decision_reasons": [
    "semantic_drop_small:0.0020",
    "semantic_drop_small:0.0020",
    "semantic_drop_small:0.0020"
  ],
  "edit_failure_score": 0.0020257532596588135,
  "elapsed_seconds": 2.347134904935956,
  "face_id": "face_002",
  "final_attack_score": 0.11773748830259936,
  "full_image_semantic_drop": 0.0020257532596588135,
  "generation": 3,
  "geometry_excess_penalty": 0.0,
  "geometry_excess_penalty_weight": 0.75,
  "geometry_method": "landmark_piecewise_affine",
  "guidance_scale": 7.5,
  "identity_or_face_health_available": false,
  "image_guidance_scale": 1.5,
  "initial_candidate": false,
  "input_damage_penalty": 0.0,
  "input_damage_penalty_weight": 3.0,
  "input_l2": 0.015284528004559608,
  "input_max_abs": 0.6941176652908325,
  "input_mean_abs": 0.006881239358335733,
  "input_preservation_score": 0.7355302174886068,
  "input_psnr": 36.31495936012552,
  "input_ssim": 0.9682636260986328,
  "left_crop_clean_margin": 0.01800447702407837,
  "left_crop_perturbed_margin": 0.022837743163108826,
  "left_crop_semantic_drop": -0.0048332661390304565,
  "max_disp_px": 1.825960397720337,
  "max_disp_px_budget": 8.0,
  "mean_crop_margin": 0.013912717501322428,
  "mean_crop_semantic_drop": 0.0002577503522237142,
  "mean_disp_px": 0.41125065088272095,
  "member": 9,
  "min_crop_margin": -0.0035534948110580444,
  "min_crop_semantic_drop": -0.0048332661390304565,
  "output_disruption_score": 0.2030629244506577,
  "output_disruption_weight": 0.5,
  "output_l2": 0.031489723102753844,
  "output_max_abs": 0.7803921699523926,
  "output_mean_abs": 0.01608680747449398,
  "output_psnr": 30.036623164198165,
  "output_ssim": 0.9228959679603577,
  "p95_disp_px": 1.1275700330734253,
  "path_clean_edit": "phase4/outputs/phase4a_existence_probe/cases/face_002/igs_1p50/add_headphones/strong/seed_00/candidates/cand_049_g03_m09/clean_edit.png",
  "path_flow": "phase4/outputs/phase4a_existence_probe/cases/face_002/igs_1p50/add_headphones/strong/seed_00/candidates/cand_049_g03_m09/flow.png",
  "path_landmarks_overlay_original": "phase4/outputs/phase4a_existence_probe/cases/face_002/igs_1p50/add_headphones/strong/seed_00/candidates/cand_049_g03_m09/landmarks_overlay_original.jpg",
  "path_landmarks_overlay_perturbed": "phase4/outputs/phase4a_existence_probe/cases/face_002/igs_1p50/add_headphones/strong/seed_00/candidates/cand_049_g03_m09/landmarks_overlay_perturbed.jpg",
  "path_original": "phase4/outputs/phase4a_existence_probe/cases/face_002/igs_1p50/add_headphones/strong/seed_00/candidates/cand_049_g03_m09/original.png",
  "path_perturbed": "phase4/outputs/phase4a_existence_probe/cases/face_002/igs_1p50/add_headphones/strong/seed_00/candidates/cand_049_g03_m09/perturbed.png",
  "path_perturbed_edit": "phase4/outputs/phase4a_existence_probe/cases/face_002/igs_1p50/add_headphones/strong/seed_00/candidates/cand_049_g03_m09/perturbed_edit.png",
  "perturbed_clip_positive_margin": 0.04480066895484924,
  "perturbed_semantic_success_score": 0.04480066895484924,
  "phase": "phase4a_existence_probe",
  "phase2_final_score": 0.11773748830259936,
  "phase2_output_disruption": 0.2030629244506577,
  "phase2_score_formula": "8.0*max(0,semantic_drop)+0.5*output_disruption-3.0*input_damage_penalty-0.75*geometry_excess_penalty",
  "phase4_budget_name": "strong",
  "phase4_final_score": 0.11773748830259936,
  "phase4_score_formula": "8.0*max(0,semantic_drop)+0.5*output_disruption-3.0*input_damage_penalty-0.75*geometry_excess_penalty",
  "prompt": "add headphones",
  "prompt_slug": "add_headphones",
  "prompt_type": "headphones",
  "right_crop_clean_margin": 0.02526278793811798,
  "right_crop_perturbed_margin": 0.022453904151916504,
  "right_crop_semantic_drop": 0.002808883786201477,
  "seed": 51001,
  "semantic_drop": 0.0020257532596588135,
  "semantic_drop_weight": 8.0,
  "target_input_ssim": 0.88,
  "theta_names": [
    "scale_logit",
    "action_face_side_push_left",
    "action_face_side_push_right",
    "action_head_top_raise",
    "action_head_top_lower",
    "action_jaw_expand",
    "action_jaw_compress",
    "action_asymmetry_twist"
  ],
  "theta_values": [
    -0.9244311451911926,
    0.020581426098942757,
    0.6179755926132202,
    0.3797912895679474,
    0.13568443059921265,
    -0.8708801865577698,
    -0.5302922129631042,
    -1.3389298915863037
  ],
  "top_crop_clean_margin": -0.0007558614015579224,
  "top_crop_perturbed_margin": -0.0035534948110580444,
  "top_crop_semantic_drop": 0.002797633409500122
}
