{
  "clean_clip_positive_margin": 0.020921379327774048,
  "clean_semantic_success_score": 0.020921379327774048,
  "clip_available": true,
  "clip_semantic_drop": 0.003040522336959839,
  "clip_warning": null,
  "crop_clip_available": false,
  "crop_clip_warning": null,
  "decision_label": "metric_only_candidate",
  "decision_reasons": [
    "semantic_drop_small:0.0030",
    "semantic_drop_small:0.0030",
    "semantic_drop_small:0.0030"
  ],
  "edit_failure_score": 0.003040522336959839,
  "final_attack_score": 0.1683548015719039,
  "full_image_semantic_drop": 0.003040522336959839,
  "geometry_excess_penalty": 0.0,
  "geometry_excess_penalty_weight": 0.75,
  "identity_or_face_health_available": false,
  "input_damage_penalty": 0.0,
  "input_damage_penalty_weight": 3.0,
  "input_l2": 0.025959831914440117,
  "input_max_abs": 0.5803921818733215,
  "input_mean_abs": 0.011364701204001904,
  "input_preservation_score": 0.563587795604359,
  "input_psnr": 31.713962476930647,
  "input_ssim": 0.903989315032959,
  "max_disp_px_budget": 14.0,
  "output_disruption_score": 0.2880612457524504,
  "output_disruption_weight": 0.5,
  "output_l2": 0.04157991321709668,
  "output_max_abs": 0.7254902124404907,
  "output_mean_abs": 0.019445013254880905,
  "output_psnr": 27.622328428698673,
  "output_ssim": 0.8782584071159363,
  "perturbed_clip_positive_margin": 0.01788085699081421,
  "perturbed_semantic_success_score": 0.01788085699081421,
  "phase2_final_score": 0.1683548015719039,
  "phase2_output_disruption": 0.2880612457524504,
  "phase2_score_formula": "8.0*max(0,semantic_drop)+0.5*output_disruption-3.0*input_damage_penalty-0.75*geometry_excess_penalty",
  "phase4_budget_name": "existence_probe",
  "phase4_final_score": 0.1683548015719039,
  "phase4_score_formula": "8.0*max(0,semantic_drop)+0.5*output_disruption-3.0*input_damage_penalty-0.75*geometry_excess_penalty",
  "semantic_drop": 0.003040522336959839,
  "semantic_drop_weight": 8.0,
  "target_input_ssim": 0.78
}
