{
  "displacement": {
    "foldover_fraction_det_below_0": 0.0,
    "jacobian_det_mean": 1.0,
    "jacobian_det_min": 0.9891078472137451,
    "low_det_fraction_below_0p2": 0.0,
    "max_disp_px": 0.5300926566123962,
    "mean_disp_px": 0.09410414099693298,
    "p95_disp_px": 0.3178038001060486
  },
  "input": {
    "l2": 0.00464177811921072,
    "max_abs": 0.1921568512916565,
    "mean_abs": 0.001660290639847517,
    "psnr": 46.66631246030547,
    "ssim": 0.995307445526123
  },
  "output": {
    "l2": 0.0136100058877451,
    "max_abs": 0.6901960968971252,
    "mean_abs": 0.00540691614151001,
    "psnr": 37.322833738380545,
    "ssim": 0.9680377840995789
  }
}
