{
  "displacement": {
    "budget_max_disp_px": 8.0,
    "max_disp_px": 7.728790283203125,
    "max_disp_px_budget": 8.0,
    "mean_disp_px": 1.9297600984573364,
    "p95_disp_px": 5.0440521240234375,
    "target_input_ssim": 0.88
  },
  "input": {
    "l2": 0.053172166306210265,
    "max_abs": 0.8078431487083435,
    "mean_abs": 0.027576133608818054,
    "psnr": 25.486312911576903,
    "ssim": 0.7466259002685547
  },
  "output": {
    "l2": 0.06999875309697873,
    "max_abs": 0.843137264251709,
    "mean_abs": 0.033645544201135635,
    "psnr": 23.098193921979068,
    "ssim": 0.7749010920524597
  }
}
