{
  "clean_clip_positive_margin": 0.045783042907714844,
  "clean_semantic_success_score": 0.045783042907714844,
  "clip_available": true,
  "clip_semantic_drop": 0.0010271072387695312,
  "clip_warning": null,
  "crop_clip_available": true,
  "crop_clip_warning": null,
  "decision_label": "reject_input_damage",
  "decision_reasons": [
    "input_ssim_below_target:0.7711<0.7800",
    "semantic_drop_small:0.0010"
  ],
  "edit_failure_score": 0.0010271072387695312,
  "final_attack_score": 0.04097339867040417,
  "full_image_semantic_drop": 0.0010271072387695312,
  "geometry_excess_penalty": 0.0,
  "geometry_excess_penalty_weight": 0.75,
  "identity_or_face_health_available": false,
  "input_damage_penalty": 0.07124160766601584,
  "input_damage_penalty_weight": 3.0,
  "input_l2": 0.04773585284453681,
  "input_max_abs": 0.6039215922355652,
  "input_mean_abs": 0.025210900232195854,
  "input_preservation_score": 0.0,
  "input_psnr": 26.423106279257112,
  "input_ssim": 0.771094799041748,
  "left_crop_clean_margin": 0.01863802969455719,
  "left_crop_perturbed_margin": 0.01533845067024231,
  "left_crop_semantic_drop": 0.0032995790243148804,
  "max_disp_px_budget": 14.0,
  "mean_crop_margin": 0.007684374849001567,
  "mean_crop_semantic_drop": 0.0013127426306406658,
  "min_crop_margin": -0.00979645550251007,
  "min_crop_semantic_drop": 0.00019793212413787842,
  "output_disruption_score": 0.49296272751659087,
  "output_disruption_weight": 0.5,
  "output_l2": 0.07381174205981178,
  "output_max_abs": 0.9098039269447327,
  "output_mean_abs": 0.0365828312933445,
  "output_psnr": 22.637490891955775,
  "output_ssim": 0.8022842407226562,
  "perturbed_clip_positive_margin": 0.04475593566894531,
  "perturbed_semantic_success_score": 0.04475593566894531,
  "phase2_final_score": 0.04097339867040417,
  "phase2_output_disruption": 0.49296272751659087,
  "phase2_score_formula": "8.0*max(0,semantic_drop)+0.5*output_disruption-3.0*input_damage_penalty-0.75*geometry_excess_penalty",
  "phase4_budget_name": "existence_probe",
  "phase4_final_score": 0.04097339867040417,
  "phase4_score_formula": "8.0*max(0,semantic_drop)+0.5*output_disruption-3.0*input_damage_penalty-0.75*geometry_excess_penalty",
  "right_crop_clean_margin": 0.0179518461227417,
  "right_crop_perturbed_margin": 0.01751112937927246,
  "right_crop_semantic_drop": 0.0004407167434692383,
  "semantic_drop": 0.0010271072387695312,
  "semantic_drop_weight": 8.0,
  "target_input_ssim": 0.78,
  "top_crop_clean_margin": -0.009598523378372192,
  "top_crop_perturbed_margin": -0.00979645550251007,
  "top_crop_semantic_drop": 0.00019793212413787842
}
