{
  "clean_clip_positive_margin": 0.027842342853546143,
  "clean_semantic_success_score": 0.027842342853546143,
  "clip_available": true,
  "clip_semantic_drop": 0.008642584085464478,
  "clip_warning": null,
  "decision_label": "metric_only_candidate",
  "decision_reasons": [
    "semantic_drop_small:0.0086",
    "semantic_drop_small:0.0086"
  ],
  "edit_failure_score": 0.008642584085464478,
  "final_attack_score": 0.14868143968160638,
  "geometry_excess_penalty": 0.0,
  "geometry_excess_penalty_weight": 1.0,
  "identity_or_face_health_available": false,
  "input_damage_penalty": 0.0,
  "input_damage_penalty_weight": 3.0,
  "input_l2": 0.009149250592568933,
  "input_max_abs": 0.5686274766921997,
  "input_mean_abs": 0.003100552363321185,
  "input_preservation_score": 0.6836334466934207,
  "input_psnr": 40.77228954345982,
  "input_ssim": 0.9810180068016052,
  "max_disp_px_budget": 4.0,
  "output_disruption_score": 0.11411110333974847,
  "output_disruption_weight": 1.0,
  "output_l2": 0.017675781678099654,
  "output_max_abs": 0.7254902124404907,
  "output_mean_abs": 0.008068119175732136,
  "output_psnr": 35.05242742504412,
  "output_ssim": 0.9565920233726501,
  "perturbed_clip_positive_margin": 0.019199758768081665,
  "perturbed_semantic_success_score": 0.019199758768081665,
  "phase2_final_score": 0.14868143968160638,
  "phase2_output_disruption": 0.11411110333974847,
  "phase2_score_formula": "4*max(0,semantic_drop)+1*output_disruption-3*input_damage_penalty-1*geometry_excess_penalty",
  "semantic_drop": 0.008642584085464478,
  "semantic_drop_weight": 4.0,
  "target_input_ssim": 0.94
}
