{
  "budget": "strong",
  "budget_max_disp_px": 8.0,
  "candidate_folder_abs": "/home/interns/Desktop/mat/phase4/outputs/phase4c_real_landmark_sanity/cases/face_003/igs_1p50/add_headphones/strong/seed_00/candidates/cand_017_g02_m05",
  "candidate_index": 17,
  "candidate_name": "cand_017_g02_m05",
  "case_id": "face_003__add_headphones__igs_1p50",
  "elapsed_seconds": 4.912969622761011,
  "face_id": "face_003",
  "generation": 2,
  "geometry_method": "landmark_piecewise_affine",
  "guidance_scale": 7.5,
  "image_guidance_scale": 1.5,
  "initial_candidate": false,
  "input_l2": 0.018168371084355924,
  "input_max_abs": 0.35686275362968445,
  "input_mean_abs": 0.009273956529796124,
  "input_psnr": 34.813680166869176,
  "input_ssim": 0.9377673268318176,
  "landmark_count": 478,
  "landmark_detector": "mediapipe_python_solutions_face_mesh",
  "max_disp_px": 2.203495502471924,
  "max_disp_px_budget": 8.0,
  "mean_disp_px": 0.6506441235542297,
  "member": 5,
  "output_l2": 0.03158553487397022,
  "output_max_abs": 0.7019608020782471,
  "output_mean_abs": 0.015447746962308884,
  "output_psnr": 30.010235286048,
  "output_ssim": 0.9014346599578857,
  "p95_disp_px": 1.526457667350769,
  "phase": "phase4c_real_landmark_sanity",
  "prompt": "add headphones",
  "prompt_slug": "add_headphones",
  "prompt_type": "headphones",
  "real_landmarks": true,
  "seed": 44001,
  "target_input_ssim": 0.88,
  "theta_names": [
    "scale_logit",
    "action_face_side_push_left",
    "action_face_side_push_right",
    "action_head_top_raise",
    "action_head_top_lower",
    "action_jaw_expand",
    "action_jaw_compress",
    "action_asymmetry_twist"
  ],
  "theta_values": [
    -0.4584093987941742,
    -0.1713515669107437,
    0.19128988683223724,
    0.08249043673276901,
    1.6524995565414429,
    0.8260420560836792,
    0.00828617624938488,
    -0.8932955265045166
  ]
}
