{
  "displacement": {
    "budget_max_disp_px": 6.0,
    "max_disp_px": 5.762026309967041,
    "max_disp_px_budget": 6.0,
    "mean_disp_px": 0.3519674837589264,
    "p95_disp_px": 3.3363029956817627,
    "target_input_ssim": 0.9
  },
  "input": {
    "l2": 0.025633172712335475,
    "max_abs": 0.615686297416687,
    "mean_abs": 0.004494690801948309,
    "psnr": 31.82395272517732,
    "ssim": 0.9650073051452637
  },
  "output": {
    "l2": 0.03125126657303416,
    "max_abs": 0.800000011920929,
    "mean_abs": 0.008032926358282566,
    "psnr": 30.102647531497134,
    "ssim": 0.9512671828269958
  }
}
