{
  "best_folder": "phase4/outputs/phase4a_existence_probe/cases/face_002/igs_1p00/add_headphones/strong/seed_00/candidates/cand_022_g02_m02",
  "budget": "strong",
  "budget_max_disp_px": 8.0,
  "candidate_folder": "phase4/outputs/phase4a_existence_probe/cases/face_002/igs_1p00/add_headphones/strong/seed_00/candidates/cand_022_g02_m02",
  "candidate_index": 22,
  "candidate_name": "cand_022_g02_m02",
  "case_id": "face_002__add_headphones__igs_1p00",
  "clean_clip_positive_margin": 0.05116361379623413,
  "clean_semantic_success_score": 0.05116361379623413,
  "clip_available": true,
  "clip_semantic_drop": 0.006195425987243652,
  "clip_warning": null,
  "crop_clip_available": true,
  "crop_clip_warning": null,
  "decision_label": "reject_input_damage",
  "decision_reasons": [
    "input_ssim_below_target:0.6618<0.8800",
    "semantic_drop_small:0.0062"
  ],
  "edit_failure_score": 0.006195425987243652,
  "elapsed_seconds": 2.9201242364943027,
  "face_id": "face_002",
  "final_attack_score": -4.8565129340154805,
  "full_image_semantic_drop": 0.006195425987243652,
  "generation": 2,
  "geometry_excess_penalty": 0.0,
  "geometry_excess_penalty_weight": 0.75,
  "geometry_method": "landmark_semantic_tps",
  "guidance_scale": 7.5,
  "identity_or_face_health_available": false,
  "image_guidance_scale": 1.0,
  "initial_candidate": false,
  "input_damage_penalty": 1.745519199371338,
  "input_damage_penalty_weight": 3.0,
  "input_l2": 0.06824497118416338,
  "input_max_abs": 0.9019607901573181,
  "input_mean_abs": 0.03695720434188843,
  "input_preservation_score": 0.0,
  "input_psnr": 23.31858690550468,
  "input_ssim": 0.6618101000785828,
  "left_crop_clean_margin": 0.024231508374214172,
  "left_crop_perturbed_margin": 0.025320783257484436,
  "left_crop_semantic_drop": -0.0010892748832702637,
  "max_disp_px": 7.992001533508301,
  "max_disp_px_budget": 8.0,
  "mean_crop_margin": 0.016913657387097675,
  "mean_crop_semantic_drop": -0.004790186882019043,
  "mean_disp_px": 3.6279425621032715,
  "member": 2,
  "min_crop_margin": -0.001791149377822876,
  "min_crop_semantic_drop": -0.01150137186050415,
  "output_disruption_score": 0.6609625124011687,
  "output_disruption_weight": 0.5,
  "output_l2": 0.09133843836869428,
  "output_max_abs": 0.9098039269447327,
  "output_mean_abs": 0.04525361582636833,
  "output_psnr": 20.78692835768011,
  "output_ssim": 0.7043912410736084,
  "p95_disp_px": 7.991999626159668,
  "path_clean_edit": "phase4/outputs/phase4a_existence_probe/cases/face_002/igs_1p00/add_headphones/strong/seed_00/candidates/cand_022_g02_m02/clean_edit.png",
  "path_flow": "phase4/outputs/phase4a_existence_probe/cases/face_002/igs_1p00/add_headphones/strong/seed_00/candidates/cand_022_g02_m02/flow.png",
  "path_landmarks_overlay_original": "phase4/outputs/phase4a_existence_probe/cases/face_002/igs_1p00/add_headphones/strong/seed_00/candidates/cand_022_g02_m02/landmarks_overlay_original.jpg",
  "path_landmarks_overlay_perturbed": "phase4/outputs/phase4a_existence_probe/cases/face_002/igs_1p00/add_headphones/strong/seed_00/candidates/cand_022_g02_m02/landmarks_overlay_perturbed.jpg",
  "path_original": "phase4/outputs/phase4a_existence_probe/cases/face_002/igs_1p00/add_headphones/strong/seed_00/candidates/cand_022_g02_m02/original.png",
  "path_perturbed": "phase4/outputs/phase4a_existence_probe/cases/face_002/igs_1p00/add_headphones/strong/seed_00/candidates/cand_022_g02_m02/perturbed.png",
  "path_perturbed_edit": "phase4/outputs/phase4a_existence_probe/cases/face_002/igs_1p00/add_headphones/strong/seed_00/candidates/cand_022_g02_m02/perturbed_edit.png",
  "perturbed_clip_positive_margin": 0.04496818780899048,
  "perturbed_semantic_success_score": 0.04496818780899048,
  "phase": "phase4a_existence_probe",
  "phase2_final_score": -4.8565129340154805,
  "phase2_output_disruption": 0.6609625124011687,
  "phase2_score_formula": "8.0*max(0,semantic_drop)+0.5*output_disruption-3.0*input_damage_penalty-0.75*geometry_excess_penalty",
  "phase4_budget_name": "strong",
  "phase4_final_score": -4.8565129340154805,
  "phase4_score_formula": "8.0*max(0,semantic_drop)+0.5*output_disruption-3.0*input_damage_penalty-0.75*geometry_excess_penalty",
  "prompt": "add headphones",
  "prompt_slug": "add_headphones",
  "prompt_type": "headphones",
  "right_crop_clean_margin": 0.025431424379348755,
  "right_crop_perturbed_margin": 0.02721133828163147,
  "right_crop_semantic_drop": -0.0017799139022827148,
  "seed": 45001,
  "semantic_drop": 0.006195425987243652,
  "semantic_drop_weight": 8.0,
  "target_input_ssim": 0.88,
  "theta_names": [
    "scale_logit",
    "action_face_side_push_left",
    "action_face_side_push_right",
    "action_head_top_raise",
    "action_head_top_lower",
    "action_jaw_expand",
    "action_jaw_compress",
    "action_asymmetry_twist"
  ],
  "theta_values": [
    -0.018126238137483597,
    -0.5302712917327881,
    0.5156179070472717,
    0.7829760909080505,
    -1.2338744401931763,
    -1.256113886833191,
    0.4189075529575348,
    -0.8256476521492004
  ],
  "top_crop_clean_margin": -0.013292521238327026,
  "top_crop_perturbed_margin": -0.001791149377822876,
  "top_crop_semantic_drop": -0.01150137186050415
}
