{
  "action_names": [
    "eye_spread",
    "eye_compress",
    "eye_squint",
    "eye_raise_left",
    "eye_raise_right",
    "nose_bridge_shift_x",
    "asymmetry_twist"
  ],
  "action_strength": 0.72,
  "action_values": {
    "asymmetry_twist": 0.20061142825191564,
    "eye_compress": -0.37786831428503426,
    "eye_raise_left": -0.43572390959722496,
    "eye_raise_right": -0.23896748398481366,
    "eye_spread": -0.42743061428659396,
    "eye_squint": 0.3416933086696952,
    "nose_bridge_shift_x": 0.2696676810606889
  },
  "active_actions": {
    "asymmetry_twist": 0.20061142825191564,
    "eye_compress": -0.37786831428503426,
    "eye_raise_left": -0.43572390959722496,
    "eye_raise_right": -0.23896748398481366,
    "eye_spread": -0.42743061428659396,
    "eye_squint": 0.3416933086696952,
    "nose_bridge_shift_x": 0.2696676810606889
  },
  "active_anchor_count": 13,
  "control_point_count": 21,
  "geometry_method": "landmark_semantic_tps",
  "landmark_count": 478,
  "landmark_detector": "mediapipe_python_solutions_face_mesh",
  "max_disp_px_budget": 8.0,
  "require_real_landmarks": true,
  "scale_factor": 0.5556451391405617,
  "source_control_points": [
    [
      196.52999877929688,
      189.3992919921875
    ],
    [
      173.06689453125,
      189.3992919921875
    ],
    [
      299.720458984375,
      172.67965698242188
    ],
    [
      323.55364990234375,
      172.67965698242188
    ],
    [
      196.52999877929688,
      180.7253875732422
    ],
    [
      196.52999877929688,
      198.07318115234375
    ],
    [
      299.720458984375,
      163.08763122558594
    ],
    [
      299.720458984375,
      182.27169799804688
    ],
    [
      241.4825439453125,
      200.3087615966797
    ],
    [
      145.79103088378906,
      230.60910034179688
    ],
    [
      185.86373901367188,
      332.8659362792969
    ],
    [
      383.8033447265625,
      230.60910034179688
    ],
    [
      370.30474853515625,
      332.8659362792969
    ],
    [
      0.0,
      0.0
    ],
    [
      511.0,
      0.0
    ],
    [
      0.0,
      511.0
    ],
    [
      511.0,
      511.0
    ],
    [
      256.0,
      0.0
    ],
    [
      256.0,
      511.0
    ],
    [
      0.0,
      256.0
    ],
    [
      511.0,
      256.0
    ]
  ],
  "target_control_points": [
    [
      196.8154754638672,
      191.9090576171875
    ],
    [
      173.3523712158203,
      189.3992919921875
    ],
    [
      299.4349670410156,
      174.0561065673828
    ],
    [
      323.2681579589844,
      172.67965698242188
    ],
    [
      196.52999877929688,
      185.20330810546875
    ],
    [
      196.52999877929688,
      197.3599090576172
    ],
    [
      299.720458984375,
      166.43223571777344
    ],
    [
      299.720458984375,
      180.9917755126953
    ],
    [
      243.03582763671875,
      200.3087615966797
    ],
    [
      145.79103088378906,
      229.45358276367188
    ],
    [
      185.86373901367188,
      332.2881774902344
    ],
    [
      383.8033447265625,
      231.76461791992188
    ],
    [
      370.30474853515625,
      333.4436950683594
    ],
    [
      0.0,
      0.0
    ],
    [
      511.0,
      0.0
    ],
    [
      0.0,
      511.0
    ],
    [
      511.0,
      511.0
    ],
    [
      256.0,
      0.0
    ],
    [
      256.0,
      511.0
    ],
    [
      0.0,
      256.0
    ],
    [
      511.0,
      256.0
    ]
  ],
  "tps_regularization": 0.0001
}
