{
  "best_folder": "phase4/outputs/phase4a_existence_probe/cases/face_003/igs_1p50/add_headphones/strong/seed_00/candidates/cand_071_g04_m11",
  "budget": "strong",
  "budget_max_disp_px": 8.0,
  "candidate_folder": "phase4/outputs/phase4a_existence_probe/cases/face_003/igs_1p50/add_headphones/strong/seed_00/candidates/cand_071_g04_m11",
  "candidate_index": 71,
  "candidate_name": "cand_071_g04_m11",
  "case_id": "face_003__add_headphones__igs_1p50",
  "clean_clip_positive_margin": 0.04772844910621643,
  "clean_semantic_success_score": 0.04772844910621643,
  "clip_available": true,
  "clip_semantic_drop": 0.0034075379371643066,
  "clip_warning": null,
  "crop_clip_available": true,
  "crop_clip_warning": null,
  "decision_label": "metric_only_candidate",
  "decision_reasons": [
    "semantic_drop_small:0.0034",
    "semantic_drop_small:0.0034",
    "semantic_drop_small:0.0034"
  ],
  "edit_failure_score": 0.0034075379371643066,
  "elapsed_seconds": 2.5223296880722046,
  "face_id": "face_003",
  "final_attack_score": 0.17120509979907358,
  "full_image_semantic_drop": 0.0034075379371643066,
  "generation": 4,
  "geometry_excess_penalty": 0.0,
  "geometry_excess_penalty_weight": 0.75,
  "geometry_method": "landmark_piecewise_affine",
  "guidance_scale": 7.5,
  "identity_or_face_health_available": false,
  "image_guidance_scale": 1.5,
  "initial_candidate": false,
  "input_damage_penalty": 0.0,
  "input_damage_penalty_weight": 3.0,
  "input_l2": 0.020231031073418948,
  "input_max_abs": 0.3764705955982208,
  "input_mean_abs": 0.010456852614879608,
  "input_preservation_score": 0.21520402034123737,
  "input_psnr": 33.8796396574012,
  "input_ssim": 0.9058244824409485,
  "left_crop_clean_margin": 0.018402695655822754,
  "left_crop_perturbed_margin": 0.016996055841445923,
  "left_crop_semantic_drop": 0.001406639814376831,
  "max_disp_px": 3.2028894424438477,
  "max_disp_px_budget": 8.0,
  "mean_crop_margin": 0.009530802567799887,
  "mean_crop_semantic_drop": 0.0058031032482783,
  "mean_disp_px": 0.7375096082687378,
  "member": 11,
  "min_crop_margin": -0.00987967848777771,
  "min_crop_semantic_drop": 0.001406639814376831,
  "output_disruption_score": 0.28788959260351826,
  "output_disruption_weight": 0.5,
  "output_l2": 0.0385005903133933,
  "output_max_abs": 0.6823529601097107,
  "output_mean_abs": 0.017706340178847313,
  "output_psnr": 28.290652231708485,
  "output_ssim": 0.8661127686500549,
  "p95_disp_px": 2.001657009124756,
  "path_clean_edit": "phase4/outputs/phase4a_existence_probe/cases/face_003/igs_1p50/add_headphones/strong/seed_00/candidates/cand_071_g04_m11/clean_edit.png",
  "path_flow": "phase4/outputs/phase4a_existence_probe/cases/face_003/igs_1p50/add_headphones/strong/seed_00/candidates/cand_071_g04_m11/flow.png",
  "path_landmarks_overlay_original": "phase4/outputs/phase4a_existence_probe/cases/face_003/igs_1p50/add_headphones/strong/seed_00/candidates/cand_071_g04_m11/landmarks_overlay_original.jpg",
  "path_landmarks_overlay_perturbed": "phase4/outputs/phase4a_existence_probe/cases/face_003/igs_1p50/add_headphones/strong/seed_00/candidates/cand_071_g04_m11/landmarks_overlay_perturbed.jpg",
  "path_original": "phase4/outputs/phase4a_existence_probe/cases/face_003/igs_1p50/add_headphones/strong/seed_00/candidates/cand_071_g04_m11/original.png",
  "path_perturbed": "phase4/outputs/phase4a_existence_probe/cases/face_003/igs_1p50/add_headphones/strong/seed_00/candidates/cand_071_g04_m11/perturbed.png",
  "path_perturbed_edit": "phase4/outputs/phase4a_existence_probe/cases/face_003/igs_1p50/add_headphones/strong/seed_00/candidates/cand_071_g04_m11/perturbed_edit.png",
  "perturbed_clip_positive_margin": 0.044320911169052124,
  "perturbed_semantic_success_score": 0.044320911169052124,
  "phase": "phase4a_existence_probe",
  "phase2_final_score": 0.17120509979907358,
  "phase2_output_disruption": 0.28788959260351826,
  "phase2_score_formula": "8.0*max(0,semantic_drop)+0.5*output_disruption-3.0*input_damage_penalty-0.75*geometry_excess_penalty",
  "phase4_budget_name": "strong",
  "phase4_final_score": 0.17120509979907358,
  "phase4_score_formula": "8.0*max(0,semantic_drop)+0.5*output_disruption-3.0*input_damage_penalty-0.75*geometry_excess_penalty",
  "prompt": "add headphones",
  "prompt_slug": "add_headphones",
  "prompt_type": "headphones",
  "right_crop_clean_margin": 0.026048898696899414,
  "right_crop_perturbed_margin": 0.021476030349731445,
  "right_crop_semantic_drop": 0.004572868347167969,
  "seed": 46001,
  "semantic_drop": 0.0034075379371643066,
  "semantic_drop_weight": 8.0,
  "target_input_ssim": 0.88,
  "theta_names": [
    "scale_logit",
    "action_face_side_push_left",
    "action_face_side_push_right",
    "action_head_top_raise",
    "action_head_top_lower",
    "action_jaw_expand",
    "action_jaw_compress",
    "action_asymmetry_twist"
  ],
  "theta_values": [
    -0.19064021110534668,
    -0.36626896262168884,
    1.6634159088134766,
    -0.10546834766864777,
    -0.742516279220581,
    1.1048574447631836,
    0.9390453100204468,
    -0.559352457523346
  ],
  "top_crop_clean_margin": 0.0015501230955123901,
  "top_crop_perturbed_margin": -0.00987967848777771,
  "top_crop_semantic_drop": 0.0114298015832901
}
