{
  "best_folder": "phase4/outputs/phase4a_existence_probe/cases/face_003/igs_1p00/add_headphones/strong/seed_00/candidates/cand_063_g04_m03",
  "budget": "strong",
  "budget_max_disp_px": 8.0,
  "candidate_folder": "phase4/outputs/phase4a_existence_probe/cases/face_003/igs_1p00/add_headphones/strong/seed_00/candidates/cand_063_g04_m03",
  "candidate_index": 63,
  "candidate_name": "cand_063_g04_m03",
  "case_id": "face_003__add_headphones__igs_1p00",
  "clean_clip_positive_margin": 0.045783042907714844,
  "clean_semantic_success_score": 0.045783042907714844,
  "clip_available": true,
  "clip_semantic_drop": 0.0010495781898498535,
  "clip_warning": null,
  "crop_clip_available": true,
  "crop_clip_warning": null,
  "decision_label": "metric_only_candidate",
  "decision_reasons": [
    "semantic_drop_small:0.0010",
    "semantic_drop_small:0.0010",
    "semantic_drop_small:0.0010"
  ],
  "edit_failure_score": 0.0010495781898498535,
  "elapsed_seconds": 2.537591088563204,
  "face_id": "face_003",
  "final_attack_score": 0.15775815551816963,
  "full_image_semantic_drop": 0.0010495781898498535,
  "generation": 4,
  "geometry_excess_penalty": 0.0,
  "geometry_excess_penalty_weight": 0.75,
  "geometry_method": "landmark_piecewise_affine",
  "guidance_scale": 7.5,
  "identity_or_face_health_available": false,
  "image_guidance_scale": 1.0,
  "initial_candidate": false,
  "input_damage_penalty": 0.0,
  "input_damage_penalty_weight": 3.0,
  "input_l2": 0.01741726941389908,
  "input_max_abs": 0.3137255012989044,
  "input_mean_abs": 0.008919150568544865,
  "input_preservation_score": 0.4589502612749735,
  "input_psnr": 35.18039860703665,
  "input_ssim": 0.9350740313529968,
  "left_crop_clean_margin": 0.01863802969455719,
  "left_crop_perturbed_margin": 0.019384905695915222,
  "left_crop_semantic_drop": -0.0007468760013580322,
  "max_disp_px": 1.879150390625,
  "max_disp_px_budget": 8.0,
  "mean_crop_margin": 0.009230464696884155,
  "mean_crop_semantic_drop": -0.000233347217241923,
  "mean_disp_px": 0.5744112730026245,
  "member": 3,
  "min_crop_margin": -0.01166236400604248,
  "min_crop_semantic_drop": -0.002017006278038025,
  "output_disruption_score": 0.2987230599987416,
  "output_disruption_weight": 0.5,
  "output_l2": 0.05089898857146274,
  "output_max_abs": 0.7803921699523926,
  "output_mean_abs": 0.021621664986014366,
  "output_psnr": 25.86581695137754,
  "output_ssim": 0.9048728942871094,
  "p95_disp_px": 1.3628309965133667,
  "path_clean_edit": "phase4/outputs/phase4a_existence_probe/cases/face_003/igs_1p00/add_headphones/strong/seed_00/candidates/cand_063_g04_m03/clean_edit.png",
  "path_flow": "phase4/outputs/phase4a_existence_probe/cases/face_003/igs_1p00/add_headphones/strong/seed_00/candidates/cand_063_g04_m03/flow.png",
  "path_landmarks_overlay_original": "phase4/outputs/phase4a_existence_probe/cases/face_003/igs_1p00/add_headphones/strong/seed_00/candidates/cand_063_g04_m03/landmarks_overlay_original.jpg",
  "path_landmarks_overlay_perturbed": "phase4/outputs/phase4a_existence_probe/cases/face_003/igs_1p00/add_headphones/strong/seed_00/candidates/cand_063_g04_m03/landmarks_overlay_perturbed.jpg",
  "path_original": "phase4/outputs/phase4a_existence_probe/cases/face_003/igs_1p00/add_headphones/strong/seed_00/candidates/cand_063_g04_m03/original.png",
  "path_perturbed": "phase4/outputs/phase4a_existence_probe/cases/face_003/igs_1p00/add_headphones/strong/seed_00/candidates/cand_063_g04_m03/perturbed.png",
  "path_perturbed_edit": "phase4/outputs/phase4a_existence_probe/cases/face_003/igs_1p00/add_headphones/strong/seed_00/candidates/cand_063_g04_m03/perturbed_edit.png",
  "perturbed_clip_positive_margin": 0.04473346471786499,
  "perturbed_semantic_success_score": 0.04473346471786499,
  "phase": "phase4a_existence_probe",
  "phase2_final_score": 0.15775815551816963,
  "phase2_output_disruption": 0.2987230599987416,
  "phase2_score_formula": "8.0*max(0,semantic_drop)+0.5*output_disruption-3.0*input_damage_penalty-0.75*geometry_excess_penalty",
  "phase4_budget_name": "strong",
  "phase4_final_score": 0.15775815551816963,
  "phase4_score_formula": "8.0*max(0,semantic_drop)+0.5*output_disruption-3.0*input_damage_penalty-0.75*geometry_excess_penalty",
  "prompt": "add headphones",
  "prompt_slug": "add_headphones",
  "prompt_type": "headphones",
  "right_crop_clean_margin": 0.0179518461227417,
  "right_crop_perturbed_margin": 0.019968852400779724,
  "right_crop_semantic_drop": -0.002017006278038025,
  "seed": 52001,
  "semantic_drop": 0.0010495781898498535,
  "semantic_drop_weight": 8.0,
  "target_input_ssim": 0.88,
  "theta_names": [
    "scale_logit",
    "action_face_side_push_left",
    "action_face_side_push_right",
    "action_head_top_raise",
    "action_head_top_lower",
    "action_jaw_expand",
    "action_jaw_compress",
    "action_asymmetry_twist"
  ],
  "theta_values": [
    -0.7441412806510925,
    -0.9134339690208435,
    0.7941247224807739,
    -2.5,
    -0.04828004539012909,
    -0.22714795172214508,
    0.06197124347090721,
    0.310935378074646
  ],
  "top_crop_clean_margin": -0.009598523378372192,
  "top_crop_perturbed_margin": -0.01166236400604248,
  "top_crop_semantic_drop": 0.002063840627670288
}
