{
  "displacement": {
    "budget_max_disp_px": 6.0,
    "max_disp_px": 3.983287811279297,
    "max_disp_px_budget": 6.0,
    "mean_disp_px": 0.6294519305229187,
    "p95_disp_px": 2.691782236099243,
    "target_input_ssim": 0.9
  },
  "input": {
    "l2": 0.026200988175640007,
    "max_abs": 0.5490195751190186,
    "mean_abs": 0.008250439539551735,
    "psnr": 31.633646577319144,
    "ssim": 0.927947461605072
  },
  "output": {
    "l2": 0.05145291953953748,
    "max_abs": 0.8352941274642944,
    "mean_abs": 0.018836813047528267,
    "psnr": 25.771799549639343,
    "ssim": 0.9057939052581787
  }
}
