{
  "clean_clip_positive_margin": 0.027842342853546143,
  "clean_semantic_success_score": 0.027842342853546143,
  "clip_available": true,
  "clip_semantic_drop": -0.006183922290802002,
  "clip_warning": null,
  "crop_clip_available": true,
  "crop_clip_warning": null,
  "decision_label": "reject_input_damage",
  "decision_reasons": [
    "input_ssim_below_target:0.9282<0.9400",
    "semantic_drop_nonpositive:-0.0062"
  ],
  "edit_failure_score": 0.0,
  "final_attack_score": -0.227986362573796,
  "full_image_semantic_drop": -0.006183922290802002,
  "geometry_excess_penalty": 0.0,
  "geometry_excess_penalty_weight": 0.75,
  "identity_or_face_health_available": false,
  "input_damage_penalty": 0.09433652877807575,
  "input_damage_penalty_weight": 3.0,
  "input_l2": 0.023112405489853542,
  "input_max_abs": 0.8980392217636108,
  "input_mean_abs": 0.007392971310764551,
  "input_preservation_score": 0.0,
  "input_psnr": 32.72309703450853,
  "input_ssim": 0.9282079339027405,
  "left_crop_clean_margin": 0.02535329759120941,
  "left_crop_perturbed_margin": 0.023458391427993774,
  "left_crop_semantic_drop": 0.0018949061632156372,
  "max_disp_px_budget": 4.0,
  "mean_crop_margin": 0.016212791204452515,
  "mean_crop_semantic_drop": 0.0018984774748484294,
  "min_crop_margin": 0.00014656782150268555,
  "min_crop_semantic_drop": -0.003551885485649109,
  "output_disruption_score": 0.22009289504172494,
  "output_disruption_weight": 0.25,
  "output_l2": 0.03379823327333254,
  "output_max_abs": 0.7529411911964417,
  "output_mean_abs": 0.013343858532607555,
  "output_psnr": 29.42212001793582,
  "output_ssim": 0.9151000380516052,
  "perturbed_clip_positive_margin": 0.034026265144348145,
  "perturbed_semantic_success_score": 0.034026265144348145,
  "phase2_final_score": -0.227986362573796,
  "phase2_output_disruption": 0.22009289504172494,
  "phase2_score_formula": "8.0*max(0,semantic_drop)+0.25*output_disruption-3.0*input_damage_penalty-0.75*geometry_excess_penalty",
  "right_crop_clean_margin": 0.021481528878211975,
  "right_crop_perturbed_margin": 0.025033414363861084,
  "right_crop_semantic_drop": -0.003551885485649109,
  "semantic_drop": -0.006183922290802002,
  "semantic_drop_weight": 8.0,
  "target_input_ssim": 0.94,
  "top_crop_clean_margin": 0.007498979568481445,
  "top_crop_perturbed_margin": 0.00014656782150268555,
  "top_crop_semantic_drop": 0.00735241174697876
}
