{
  "displacement": {
    "budget_max_disp_px": 14.0,
    "max_disp_px": 10.864974975585938,
    "max_disp_px_budget": 14.0,
    "mean_disp_px": 1.3206707239151,
    "p95_disp_px": 4.073796272277832,
    "target_input_ssim": 0.78
  },
  "input": {
    "l2": 0.03663159696639287,
    "max_abs": 0.7686274647712708,
    "mean_abs": 0.015903664752840996,
    "psnr": 28.72288295426895,
    "ssim": 0.8794806599617004
  },
  "output": {
    "l2": 0.046730397125759396,
    "max_abs": 0.9372549057006836,
    "mean_abs": 0.018290335312485695,
    "psnr": 26.608010564494222,
    "ssim": 0.876267671585083
  }
}
