{
  "geometry_info": {
    "action_names": [
      "face_side_push_left",
      "face_side_push_right",
      "head_top_raise",
      "head_top_lower",
      "jaw_expand",
      "jaw_compress",
      "asymmetry_twist"
    ],
    "action_strength": 0.72,
    "action_values": {
      "asymmetry_twist": -0.29733444014012006,
      "face_side_push_left": -0.26657153726251226,
      "face_side_push_right": -0.4455293678295695,
      "head_top_lower": 0.008223055064798899,
      "head_top_raise": -0.020569268680311777,
      "jaw_compress": 0.5278197514096309,
      "jaw_expand": 0.5098517835614402
    },
    "active_actions": {
      "asymmetry_twist": -0.29733444014012006,
      "face_side_push_left": -0.26657153726251226,
      "face_side_push_right": -0.4455293678295695,
      "head_top_lower": 0.008223055064798899,
      "head_top_raise": -0.020569268680311777,
      "jaw_compress": 0.5278197514096309,
      "jaw_expand": 0.5098517835614402
    },
    "active_anchor_count": 7,
    "control_point_count": 15,
    "geometry_method": "landmark_semantic_tps",
    "max_disp_px_budget": 14.0,
    "scale_factor": 0.6364573223325857,
    "source_control_points": [
      [
        112.63999938964844,
        248.3199920654297
      ],
      [
        112.63999938964844,
        253.44000244140625
      ],
      [
        399.3599853515625,
        248.3199920654297
      ],
      [
        399.3599853515625,
        253.44000244140625
      ],
      [
        256.0,
        87.04000091552734
      ],
      [
        174.0800018310547,
        394.239990234375
      ],
      [
        337.9200134277344,
        394.239990234375
      ],
      [
        0.0,
        0.0
      ],
      [
        511.0,
        0.0
      ],
      [
        0.0,
        511.0
      ],
      [
        511.0,
        511.0
      ],
      [
        256.0,
        0.0
      ],
      [
        256.0,
        511.0
      ],
      [
        0.0,
        256.0
      ],
      [
        511.0,
        256.0
      ]
    ],
    "target_control_points": [
      [
        115.32704162597656,
        251.31712341308594
      ],
      [
        114.65528106689453,
        253.44000244140625
      ],
      [
        394.8690490722656,
        245.32286071777344
      ],
      [
        395.9917907714844,
        253.44000244140625
      ],
      [
        256.0,
        87.33023071289062
      ],
      [
        174.26112365722656,
        395.7385559082031
      ],
      [
        337.7388916015625,
        392.7414245605469
      ],
      [
        0.0,
        0.0
      ],
      [
        511.0,
        0.0
      ],
      [
        0.0,
        511.0
      ],
      [
        511.0,
        511.0
      ],
      [
        256.0,
        0.0
      ],
      [
        256.0,
        511.0
      ],
      [
        0.0,
        256.0
      ],
      [
        511.0,
        256.0
      ]
    ],
    "tps_regularization": 0.0001
  },
  "names": [
    "scale_logit",
    "action_face_side_push_left",
    "action_face_side_push_right",
    "action_head_top_raise",
    "action_head_top_lower",
    "action_jaw_expand",
    "action_jaw_compress",
    "action_asymmetry_twist"
  ],
  "values": [
    0.09139695018529892,
    -0.4462801218032837,
    -0.8673290014266968,
    -0.03232963755726814,
    0.012920760549604893,
    1.101613163948059,
    1.185919165611267,
    -0.5064454674720764
  ]
}
