{
  "best_folder": "phase4/outputs/phase4a_existence_probe/cases/face_002/igs_1p50/add_headphones/strong/seed_00/candidates/cand_004_g01_m04",
  "budget": "strong",
  "budget_max_disp_px": 8.0,
  "candidate_folder": "phase4/outputs/phase4a_existence_probe/cases/face_002/igs_1p50/add_headphones/strong/seed_00/candidates/cand_004_g01_m04",
  "candidate_index": 4,
  "candidate_name": "cand_004_g01_m04",
  "case_id": "face_002__add_headphones__igs_1p50",
  "clean_clip_positive_margin": 0.04682642221450806,
  "clean_semantic_success_score": 0.04682642221450806,
  "clip_available": true,
  "clip_semantic_drop": 0.003579378128051758,
  "clip_warning": null,
  "crop_clip_available": true,
  "crop_clip_warning": null,
  "decision_label": "reject_input_damage",
  "decision_reasons": [
    "input_ssim_below_target:0.7164<0.8800",
    "semantic_drop_small:0.0036"
  ],
  "edit_failure_score": 0.003579378128051758,
  "elapsed_seconds": 2.474408620968461,
  "face_id": "face_002",
  "final_attack_score": -3.5889873024790715,
  "full_image_semantic_drop": 0.003579378128051758,
  "generation": 1,
  "geometry_excess_penalty": 0.0,
  "geometry_excess_penalty_weight": 0.75,
  "geometry_method": "landmark_piecewise_affine",
  "guidance_scale": 7.5,
  "identity_or_face_health_available": false,
  "image_guidance_scale": 1.5,
  "initial_candidate": false,
  "input_damage_penalty": 1.3088584327697754,
  "input_damage_penalty_weight": 3.0,
  "input_l2": 0.05218601114396425,
  "input_max_abs": 0.7019608020782471,
  "input_mean_abs": 0.029117539525032043,
  "input_preservation_score": 0.0,
  "input_psnr": 25.648917946535047,
  "input_ssim": 0.7163926959037781,
  "left_crop_clean_margin": 0.01800447702407837,
  "left_crop_perturbed_margin": 0.024914130568504333,
  "left_crop_semantic_drop": -0.006909653544425964,
  "max_disp_px": 5.567628860473633,
  "max_disp_px_budget": 8.0,
  "mean_crop_margin": 0.016341065367062885,
  "mean_crop_semantic_drop": -0.002170597513516744,
  "mean_disp_px": 1.9088213443756104,
  "member": 4,
  "min_crop_margin": -0.00046680867671966553,
  "min_crop_semantic_drop": -0.006909653544425964,
  "output_disruption_score": 0.617905941611681,
  "output_disruption_weight": 0.5,
  "output_l2": 0.07336559072289704,
  "output_max_abs": 0.8588235378265381,
  "output_mean_abs": 0.03933311998844147,
  "output_psnr": 22.690151625389458,
  "output_ssim": 0.6755564212799072,
  "p95_disp_px": 3.9824259281158447,
  "path_clean_edit": "phase4/outputs/phase4a_existence_probe/cases/face_002/igs_1p50/add_headphones/strong/seed_00/candidates/cand_004_g01_m04/clean_edit.png",
  "path_flow": "phase4/outputs/phase4a_existence_probe/cases/face_002/igs_1p50/add_headphones/strong/seed_00/candidates/cand_004_g01_m04/flow.png",
  "path_landmarks_overlay_original": "phase4/outputs/phase4a_existence_probe/cases/face_002/igs_1p50/add_headphones/strong/seed_00/candidates/cand_004_g01_m04/landmarks_overlay_original.jpg",
  "path_landmarks_overlay_perturbed": "phase4/outputs/phase4a_existence_probe/cases/face_002/igs_1p50/add_headphones/strong/seed_00/candidates/cand_004_g01_m04/landmarks_overlay_perturbed.jpg",
  "path_original": "phase4/outputs/phase4a_existence_probe/cases/face_002/igs_1p50/add_headphones/strong/seed_00/candidates/cand_004_g01_m04/original.png",
  "path_perturbed": "phase4/outputs/phase4a_existence_probe/cases/face_002/igs_1p50/add_headphones/strong/seed_00/candidates/cand_004_g01_m04/perturbed.png",
  "path_perturbed_edit": "phase4/outputs/phase4a_existence_probe/cases/face_002/igs_1p50/add_headphones/strong/seed_00/candidates/cand_004_g01_m04/perturbed_edit.png",
  "perturbed_clip_positive_margin": 0.0432470440864563,
  "perturbed_semantic_success_score": 0.0432470440864563,
  "phase": "phase4a_existence_probe",
  "phase2_final_score": -3.5889873024790715,
  "phase2_output_disruption": 0.617905941611681,
  "phase2_score_formula": "8.0*max(0,semantic_drop)+0.5*output_disruption-3.0*input_damage_penalty-0.75*geometry_excess_penalty",
  "phase4_budget_name": "strong",
  "phase4_final_score": -3.5889873024790715,
  "phase4_score_formula": "8.0*max(0,semantic_drop)+0.5*output_disruption-3.0*input_damage_penalty-0.75*geometry_excess_penalty",
  "prompt": "add headphones",
  "prompt_slug": "add_headphones",
  "prompt_type": "headphones",
  "right_crop_clean_margin": 0.02526278793811798,
  "right_crop_perturbed_margin": 0.02457587420940399,
  "right_crop_semantic_drop": 0.0006869137287139893,
  "seed": 51001,
  "semantic_drop": 0.003579378128051758,
  "semantic_drop_weight": 8.0,
  "target_input_ssim": 0.88,
  "theta_names": [
    "scale_logit",
    "action_face_side_push_left",
    "action_face_side_push_right",
    "action_head_top_raise",
    "action_head_top_lower",
    "action_jaw_expand",
    "action_jaw_compress",
    "action_asymmetry_twist"
  ],
  "theta_values": [
    0.529988706111908,
    -1.6436346769332886,
    0.4751913249492645,
    1.5530519485473633,
    -0.033252567052841187,
    -0.5728707313537598,
    0.8416374325752258,
    0.3228197395801544
  ],
  "top_crop_clean_margin": -0.0007558614015579224,
  "top_crop_perturbed_margin": -0.00046680867671966553,
  "top_crop_semantic_drop": -0.00028905272483825684
}
