{
  "budget": "medium",
  "budget_max_disp_px": 4.0,
  "candidate_folder_abs": "/home/interns/Desktop/mat/phase3/outputs/breadth_probe/cases/face_005/igs_1p00/add_black_sunglasses/medium/seed_00/candidates/cand_010_g02_m02",
  "candidate_index": 10,
  "candidate_name": "cand_010_g02_m02",
  "dct_modes": [
    [
      1,
      0
    ],
    [
      0,
      1
    ],
    [
      1,
      1
    ],
    [
      2,
      0
    ],
    [
      0,
      2
    ],
    [
      2,
      1
    ]
  ],
  "elapsed_seconds": 4.870585508644581,
  "generation": 2,
  "geometry_method": "combined_all",
  "initial_candidate": false,
  "input_l2": 0.017327089012786696,
  "input_max_abs": 0.8078431487083435,
  "input_mean_abs": 0.0033039867412298918,
  "input_psnr": 35.22548787079259,
  "input_ssim": 0.9785407185554504,
  "max_disp_px": 3.1034014225006104,
  "max_disp_px_budget": 4.0,
  "mean_disp_px": 0.23617587983608246,
  "member": 2,
  "mesh_size": 4,
  "output_l2": 0.04044085057111832,
  "output_max_abs": 0.7960784435272217,
  "output_mean_abs": 0.010080333799123764,
  "output_psnr": 27.86359437395582,
  "output_ssim": 0.9611616730690002,
  "p95_disp_px": 2.317070245742798,
  "phase": "phase3_breadth_probe",
  "prompt": "add black sunglasses",
  "prompt_priority": 2,
  "prompt_slug": "add_black_sunglasses",
  "region_count": 1,
  "region_key": "glasses",
  "scale_factor": 0.7916840314865112,
  "seed": 46001,
  "target_input_ssim": 0.94,
  "tps_size": 4
}
