{
  "action_names": [
    "face_side_push_left",
    "face_side_push_right",
    "head_top_raise",
    "head_top_lower",
    "jaw_expand",
    "jaw_compress",
    "asymmetry_twist"
  ],
  "action_strength": 0.72,
  "action_values": {
    "asymmetry_twist": 0.7528812266149292,
    "face_side_push_left": 0.6377963420495385,
    "face_side_push_right": -0.009441014013873223,
    "head_top_lower": -0.787076273806092,
    "head_top_raise": -0.2990793844197968,
    "jaw_compress": 0.585966750498466,
    "jaw_expand": 0.17316736565592425
  },
  "active_actions": {
    "asymmetry_twist": 0.7528812266149292,
    "face_side_push_left": 0.6377963420495385,
    "face_side_push_right": -0.009441014013873223,
    "head_top_lower": -0.787076273806092,
    "head_top_raise": -0.2990793844197968,
    "jaw_compress": 0.585966750498466,
    "jaw_expand": 0.17316736565592425
  },
  "active_anchor_count": 7,
  "control_point_count": 15,
  "geometry_method": "landmark_piecewise_affine",
  "max_disp_px_budget": 14.0,
  "scale_factor": 0.8268417628123848,
  "source_control_points": [
    [
      112.63999938964844,
      248.3199920654297
    ],
    [
      112.63999938964844,
      253.44000244140625
    ],
    [
      399.3599853515625,
      248.3199920654297
    ],
    [
      399.3599853515625,
      253.44000244140625
    ],
    [
      256.0,
      87.04000091552734
    ],
    [
      174.0800018310547,
      394.239990234375
    ],
    [
      337.9200134277344,
      394.239990234375
    ],
    [
      0.0,
      0.0
    ],
    [
      511.0,
      0.0
    ],
    [
      0.0,
      511.0
    ],
    [
      511.0,
      511.0
    ],
    [
      256.0,
      0.0
    ],
    [
      256.0,
      511.0
    ],
    [
      0.0,
      256.0
    ],
    [
      511.0,
      256.0
    ]
  ],
  "target_control_points": [
    [
      106.21101379394531,
      240.73095703125
    ],
    [
      107.8182601928711,
      253.44000244140625
    ],
    [
      399.26483154296875,
      255.90902709960938
    ],
    [
      399.2886047363281,
      253.44000244140625
    ],
    [
      256.0,
      82.1209945678711
    ],
    [
      178.2410125732422,
      390.4454650878906
    ],
    [
      333.7590026855469,
      398.0345153808594
    ],
    [
      0.0,
      0.0
    ],
    [
      511.0,
      0.0
    ],
    [
      0.0,
      511.0
    ],
    [
      511.0,
      511.0
    ],
    [
      256.0,
      0.0
    ],
    [
      256.0,
      511.0
    ],
    [
      0.0,
      256.0
    ],
    [
      511.0,
      256.0
    ]
  ],
  "tps_regularization": 0.0001
}
