{
  "displacement": {
    "budget_max_disp_px": 14.0,
    "max_disp_px": 4.894812107086182,
    "max_disp_px_budget": 14.0,
    "mean_disp_px": 1.5773863792419434,
    "p95_disp_px": 3.702866315841675,
    "target_input_ssim": 0.78
  },
  "input": {
    "l2": 0.031068715639830154,
    "max_abs": 0.7960784435272217,
    "mean_abs": 0.01454121619462967,
    "psnr": 30.15353399641562,
    "ssim": 0.8732032179832458
  },
  "output": {
    "l2": 0.04270573198989884,
    "max_abs": 0.9882352948188782,
    "mean_abs": 0.020558761432766914,
    "psnr": 27.39027659574617,
    "ssim": 0.8629197478294373
  }
}
