{
  "budget": "strong",
  "budget_max_disp_px": 8.0,
  "candidate_folder_abs": "/home/interns/Desktop/mat/phase4/outputs/phase4a_existence_probe/cases/face_006/igs_1p50/add_black_sunglasses/strong/seed_00/candidates/cand_073_g04_m13",
  "candidate_index": 73,
  "candidate_name": "cand_073_g04_m13",
  "case_id": "face_006__add_black_sunglasses__igs_1p50",
  "elapsed_seconds": 2.5118174720555544,
  "face_id": "face_006",
  "generation": 4,
  "geometry_method": "landmark_piecewise_affine",
  "guidance_scale": 7.5,
  "image_guidance_scale": 1.5,
  "initial_candidate": false,
  "input_l2": 0.02895711743666038,
  "input_max_abs": 0.501960813999176,
  "input_mean_abs": 0.01117777545005083,
  "input_psnr": 30.764893451472894,
  "input_ssim": 0.9095315933227539,
  "max_disp_px": 7.992001056671143,
  "max_disp_px_budget": 8.0,
  "mean_disp_px": 0.8448449969291687,
  "member": 13,
  "output_l2": 0.03259104284771132,
  "output_max_abs": 0.8627451062202454,
  "output_mean_abs": 0.012115954421460629,
  "output_psnr": 29.738034855281086,
  "output_ssim": 0.9148338437080383,
  "p95_disp_px": 3.453294277191162,
  "phase": "phase4a_existence_probe",
  "prompt": "add black sunglasses",
  "prompt_slug": "add_black_sunglasses",
  "prompt_type": "glasses",
  "seed": 43001,
  "target_input_ssim": 0.88,
  "theta_names": [
    "scale_logit",
    "action_eye_spread",
    "action_eye_compress",
    "action_eye_squint",
    "action_eye_raise_left",
    "action_eye_raise_right",
    "action_nose_bridge_shift_x",
    "action_asymmetry_twist"
  ],
  "theta_values": [
    1.4501519203186035,
    -0.11613929271697998,
    -0.9038217663764954,
    1.1699624061584473,
    -1.8009113073349,
    0.4098140597343445,
    -1.7699344158172607,
    0.03443107008934021
  ]
}
