{
  "geometry_info": {
    "action_names": [
      "face_side_push_left",
      "face_side_push_right",
      "head_top_raise",
      "head_top_lower",
      "jaw_expand",
      "jaw_compress",
      "asymmetry_twist"
    ],
    "action_strength": 0.72,
    "action_values": {
      "asymmetry_twist": -0.22398895377291078,
      "face_side_push_left": -0.5299234463062121,
      "face_side_push_right": 0.3920006708980783,
      "head_top_lower": 0.3058197505955958,
      "head_top_raise": 0.32103435297975885,
      "jaw_compress": 0.07931020805434873,
      "jaw_expand": -0.5011882320982665
    },
    "active_actions": {
      "asymmetry_twist": -0.22398895377291078,
      "face_side_push_left": -0.5299234463062121,
      "face_side_push_right": 0.3920006708980783,
      "head_top_lower": 0.3058197505955958,
      "head_top_raise": 0.32103435297975885,
      "jaw_compress": 0.07931020805434873,
      "jaw_expand": -0.5011882320982665
    },
    "active_anchor_count": 7,
    "control_point_count": 15,
    "geometry_method": "landmark_semantic_tps",
    "max_disp_px_budget": 8.0,
    "scale_factor": 0.6746494352066217,
    "source_control_points": [
      [
        112.63999938964844,
        248.3199920654297
      ],
      [
        112.63999938964844,
        253.44000244140625
      ],
      [
        399.3599853515625,
        248.3199920654297
      ],
      [
        399.3599853515625,
        253.44000244140625
      ],
      [
        256.0,
        87.04000091552734
      ],
      [
        174.0800018310547,
        394.239990234375
      ],
      [
        337.9200134277344,
        394.239990234375
      ],
      [
        0.0,
        0.0
      ],
      [
        511.0,
        0.0
      ],
      [
        0.0,
        511.0
      ],
      [
        511.0,
        511.0
      ],
      [
        256.0,
        0.0
      ],
      [
        256.0,
        511.0
      ],
      [
        0.0,
        256.0
      ],
      [
        511.0,
        256.0
      ]
    ],
    "target_control_points": [
      [
        115.6923599243164,
        249.61016845703125
      ],
      [
        114.92926788330078,
        253.44000244140625
      ],
      [
        401.617919921875,
        247.02981567382812
      ],
      [
        401.0534362792969,
        253.44000244140625
      ],
      [
        256.0,
        86.95236206054688
      ],
      [
        177.42367553710938,
        394.88507080078125
      ],
      [
        334.57635498046875,
        393.59490966796875
      ],
      [
        0.0,
        0.0
      ],
      [
        511.0,
        0.0
      ],
      [
        0.0,
        511.0
      ],
      [
        511.0,
        511.0
      ],
      [
        256.0,
        0.0
      ],
      [
        256.0,
        511.0
      ],
      [
        0.0,
        256.0
      ],
      [
        511.0,
        256.0
      ]
    ],
    "tps_regularization": 0.0001
  },
  "names": [
    "scale_logit",
    "action_face_side_push_left",
    "action_face_side_push_right",
    "action_head_top_raise",
    "action_head_top_lower",
    "action_jaw_expand",
    "action_jaw_compress",
    "action_asymmetry_twist"
  ],
  "values": [
    0.18883661925792694,
    -1.0595190525054932,
    0.6640366315841675,
    0.5176103711128235,
    0.48884811997413635,
    -0.9568910598754883,
    0.11810373514890671,
    -0.34508323669433594
  ]
}
