{
  "clean_clip_positive_margin": 0.027842342853546143,
  "clean_semantic_success_score": 0.027842342853546143,
  "clip_available": true,
  "clip_semantic_drop": -0.003528892993927002,
  "clip_warning": null,
  "decision_label": "metric_only_candidate",
  "decision_reasons": [
    "semantic_drop_nonpositive:-0.0035",
    "semantic_drop_nonpositive:-0.0035"
  ],
  "edit_failure_score": 0.0,
  "final_attack_score": 0.1227516414818576,
  "geometry_excess_penalty": 0.0,
  "geometry_excess_penalty_weight": 1.0,
  "identity_or_face_health_available": false,
  "input_damage_penalty": 0.0,
  "input_damage_penalty_weight": 3.0,
  "input_l2": 0.0090582185478775,
  "input_max_abs": 0.3999999761581421,
  "input_mean_abs": 0.0029943424742668867,
  "input_preservation_score": 0.6917635202407839,
  "input_psnr": 40.85914410584502,
  "input_ssim": 0.981505811214447,
  "max_disp_px_budget": 4.0,
  "output_disruption_score": 0.1227516414818576,
  "output_disruption_weight": 1.0,
  "output_l2": 0.018152323417301254,
  "output_max_abs": 0.5607843399047852,
  "output_mean_abs": 0.00953690242022276,
  "output_psnr": 34.82135558585375,
  "output_ssim": 0.9498576521873474,
  "perturbed_clip_positive_margin": 0.031371235847473145,
  "perturbed_semantic_success_score": 0.031371235847473145,
  "phase2_final_score": 0.1227516414818576,
  "phase2_output_disruption": 0.1227516414818576,
  "phase2_score_formula": "4*max(0,semantic_drop)+1*output_disruption-3*input_damage_penalty-1*geometry_excess_penalty",
  "semantic_drop": -0.003528892993927002,
  "semantic_drop_weight": 4.0,
  "target_input_ssim": 0.94
}
