{
  "geometry_info": {
    "action_names": [
      "eye_spread",
      "eye_compress",
      "eye_squint",
      "eye_raise_left",
      "eye_raise_right",
      "nose_bridge_shift_x",
      "asymmetry_twist"
    ],
    "action_strength": 0.72,
    "action_values": {
      "asymmetry_twist": 0.11952961383848976,
      "eye_compress": -0.3763616058478686,
      "eye_raise_left": 0.1061922407465645,
      "eye_raise_right": 0.5132255815450049,
      "eye_spread": 0.29106461732739286,
      "eye_squint": 0.5857147483651025,
      "nose_bridge_shift_x": -0.25431185665787437
    },
    "active_actions": {
      "asymmetry_twist": 0.11952961383848976,
      "eye_compress": -0.3763616058478686,
      "eye_raise_left": 0.1061922407465645,
      "eye_raise_right": 0.5132255815450049,
      "eye_spread": 0.29106461732739286,
      "eye_squint": 0.5857147483651025,
      "nose_bridge_shift_x": -0.25431185665787437
    },
    "active_anchor_count": 13,
    "control_point_count": 21,
    "geometry_method": "landmark_piecewise_affine",
    "max_disp_px_budget": 14.0,
    "scale_factor": 0.6710786803108277,
    "source_control_points": [
      [
        212.48001098632812,
        217.60000610351562
      ],
      [
        184.32000732421875,
        217.60000610351562
      ],
      [
        299.5199890136719,
        217.60000610351562
      ],
      [
        327.67999267578125,
        217.60000610351562
      ],
      [
        212.48001098632812,
        199.67999267578125
      ],
      [
        212.48001098632812,
        235.52000427246094
      ],
      [
        299.5199890136719,
        199.67999267578125
      ],
      [
        299.5199890136719,
        235.52000427246094
      ],
      [
        256.0,
        263.67999267578125
      ],
      [
        112.63999938964844,
        248.3199920654297
      ],
      [
        174.0800018310547,
        394.239990234375
      ],
      [
        399.3599853515625,
        248.3199920654297
      ],
      [
        337.9200134277344,
        394.239990234375
      ],
      [
        0.0,
        0.0
      ],
      [
        511.0,
        0.0
      ],
      [
        0.0,
        511.0
      ],
      [
        511.0,
        511.0
      ],
      [
        256.0,
        0.0
      ],
      [
        256.0,
        511.0
      ],
      [
        0.0,
        256.0
      ],
      [
        511.0,
        256.0
      ]
    ],
    "target_control_points": [
      [
        205.75234985351562,
        216.5295867919922
      ],
      [
        177.59234619140625,
        217.60000610351562
      ],
      [
        306.2476501464844,
        212.42669677734375
      ],
      [
        334.40765380859375,
        217.60000610351562
      ],
      [
        212.48001098632812,
        204.51358032226562
      ],
      [
        212.48001098632812,
        229.08079528808594
      ],
      [
        299.5199890136719,
        200.4106903076172
      ],
      [
        299.5199890136719,
        227.0293426513672
      ],
      [
        253.43653869628906,
        263.67999267578125
      ],
      [
        112.63999938964844,
        247.11512756347656
      ],
      [
        174.0800018310547,
        393.6375732421875
      ],
      [
        399.3599853515625,
        249.5248565673828
      ],
      [
        337.9200134277344,
        394.8424072265625
      ],
      [
        0.0,
        0.0
      ],
      [
        511.0,
        0.0
      ],
      [
        0.0,
        511.0
      ],
      [
        511.0,
        511.0
      ],
      [
        256.0,
        0.0
      ],
      [
        256.0,
        511.0
      ],
      [
        0.0,
        256.0
      ],
      [
        511.0,
        256.0
      ]
    ],
    "tps_regularization": 0.0001
  },
  "names": [
    "scale_logit",
    "action_eye_spread",
    "action_eye_compress",
    "action_eye_squint",
    "action_eye_raise_left",
    "action_eye_raise_right",
    "action_nose_bridge_shift_x",
    "action_asymmetry_twist"
  ],
  "values": [
    0.17960327863693237,
    0.4644775688648224,
    -0.6340444087982178,
    1.3446975946426392,
    0.15958212316036224,
    1.0076229572296143,
    -0.39884448051452637,
    0.18003591895103455
  ]
}
