{
  "budget": "medium",
  "budget_max_disp_px": 4.0,
  "candidate_folder_abs": "/home/interns/Desktop/mat/phase3/outputs/breadth_probe/cases/face_004/igs_1p00/add_a_hoodie/medium/seed_00/candidates/cand_010_g02_m02",
  "candidate_index": 10,
  "candidate_name": "cand_010_g02_m02",
  "dct_modes": [
    [
      1,
      0
    ],
    [
      0,
      1
    ],
    [
      1,
      1
    ],
    [
      2,
      0
    ],
    [
      0,
      2
    ],
    [
      2,
      1
    ]
  ],
  "elapsed_seconds": 4.722800012677908,
  "generation": 2,
  "geometry_method": "region_local_tps",
  "initial_candidate": false,
  "input_l2": 0.012634693129696084,
  "input_max_abs": 0.5137255191802979,
  "input_mean_abs": 0.002605987014248967,
  "input_psnr": 37.96870603443509,
  "input_ssim": 0.9848895072937012,
  "max_disp_px": 2.5133368968963623,
  "max_disp_px_budget": 4.0,
  "mean_disp_px": 0.2199891358613968,
  "member": 2,
  "mesh_size": 4,
  "output_l2": 0.04629096135940677,
  "output_max_abs": 0.9607843160629272,
  "output_mean_abs": 0.01560739055275917,
  "output_psnr": 26.690075996030952,
  "output_ssim": 0.9422619938850403,
  "p95_disp_px": 1.4402354955673218,
  "phase": "phase3_breadth_probe",
  "prompt": "add a hoodie",
  "prompt_priority": 7,
  "prompt_slug": "add_a_hoodie",
  "region_count": 1,
  "region_key": "clothing",
  "scale_factor": 0.9061346054077148,
  "seed": 44001,
  "target_input_ssim": 0.94,
  "tps_size": 4
}
