{
  "displacement": {
    "budget_max_disp_px": 4.0,
    "max_disp_px": 1.3558071851730347,
    "max_disp_px_budget": 4.0,
    "mean_disp_px": 0.293865829706192,
    "p95_disp_px": 1.1318345069885254,
    "target_input_ssim": 0.94
  },
  "input": {
    "l2": 0.014313520377934598,
    "max_abs": 0.729411780834198,
    "mean_abs": 0.004816466476768255,
    "psnr": 36.88507078716168,
    "ssim": 0.9577162861824036
  },
  "output": {
    "l2": 0.020349109165666422,
    "max_abs": 0.7333333492279053,
    "mean_abs": 0.01097103301435709,
    "psnr": 33.829091967501185,
    "ssim": 0.9417989253997803
  }
}
