{
  "best_folder": "phase2/outputs/phase2c_probe/semantic_heavy_cem/headphones_sides_only/existence_probe/seed_00/candidates/cand_058_g04_m10",
  "budget": "existence_probe",
  "budget_max_disp_px": 8.0,
  "candidate_folder": "phase2/outputs/phase2c_probe/semantic_heavy_cem/headphones_sides_only/existence_probe/seed_00/candidates/cand_058_g04_m10",
  "candidate_index": 58,
  "candidate_name": "cand_058_g04_m10",
  "clean_clip_positive_margin": 0.027842342853546143,
  "clean_semantic_success_score": 0.027842342853546143,
  "clip_available": true,
  "clip_semantic_drop": 0.012341022491455078,
  "clip_warning": null,
  "crop_clip_available": true,
  "crop_clip_warning": null,
  "dct_modes": [
    [
      1,
      0
    ],
    [
      0,
      1
    ],
    [
      1,
      1
    ],
    [
      2,
      0
    ],
    [
      0,
      2
    ],
    [
      2,
      1
    ]
  ],
  "decision_label": "metric_only_candidate",
  "decision_reasons": [
    "semantic_drop_small:0.0123",
    "semantic_drop_small:0.0123"
  ],
  "edit_failure_score": 0.012341022491455078,
  "elapsed_seconds": 6.040384713560343,
  "final_attack_score": 0.13620552888543921,
  "full_image_semantic_drop": 0.012341022491455078,
  "generation": 4,
  "geometry_excess_penalty": 0.0,
  "geometry_excess_penalty_weight": 0.75,
  "geometry_method": "region_local_tps",
  "identity_or_face_health_available": false,
  "initial_candidate": false,
  "input_damage_penalty": 0.0,
  "input_damage_penalty_weight": 3.0,
  "input_l2": 0.014400617080966056,
  "input_max_abs": 0.8745098114013672,
  "input_mean_abs": 0.004141130484640598,
  "input_preservation_score": 0.7365257569721767,
  "input_psnr": 36.83237795098884,
  "input_ssim": 0.9631136059761047,
  "left_crop_clean_margin": 0.02535329759120941,
  "left_crop_perturbed_margin": 0.021759092807769775,
  "left_crop_semantic_drop": 0.0035942047834396362,
  "max_disp_px": 2.3873484134674072,
  "max_disp_px_budget": 8.0,
  "mean_crop_margin": 0.01141515870889028,
  "mean_crop_semantic_drop": 0.006696109970410665,
  "mean_disp_px": 0.4057847857475281,
  "member": 10,
  "mesh_size": 4,
  "min_crop_margin": -0.006740853190422058,
  "min_crop_semantic_drop": 0.002254292368888855,
  "output_disruption_score": 0.14990939581519439,
  "output_disruption_weight": 0.25,
  "output_l2": 0.023740400582865064,
  "output_max_abs": 0.6941176652908325,
  "output_mean_abs": 0.00982969906181097,
  "output_psnr": 32.49023914532014,
  "output_ssim": 0.9450522065162659,
  "p95_disp_px": 1.9471276998519897,
  "path_flow": "phase2/outputs/phase2c_probe/semantic_heavy_cem/headphones_sides_only/existence_probe/seed_00/candidates/cand_058_g04_m10/flow.png",
  "path_original": "phase2/outputs/phase2c_probe/semantic_heavy_cem/headphones_sides_only/existence_probe/seed_00/candidates/cand_058_g04_m10/original.png",
  "path_original_edited": "phase2/outputs/phase2c_probe/semantic_heavy_cem/headphones_sides_only/existence_probe/seed_00/candidates/cand_058_g04_m10/original_edited.png",
  "path_perturbed": "phase2/outputs/phase2c_probe/semantic_heavy_cem/headphones_sides_only/existence_probe/seed_00/candidates/cand_058_g04_m10/perturbed.png",
  "path_perturbed_edited": "phase2/outputs/phase2c_probe/semantic_heavy_cem/headphones_sides_only/existence_probe/seed_00/candidates/cand_058_g04_m10/perturbed_edited.png",
  "perturbed_clip_positive_margin": 0.015501320362091064,
  "perturbed_semantic_success_score": 0.015501320362091064,
  "phase": "phase2c_probe",
  "phase2_final_score": 0.13620552888543921,
  "phase2_output_disruption": 0.14990939581519439,
  "phase2_score_formula": "8.0*max(0,semantic_drop)+0.25*output_disruption-3.0*input_damage_penalty-0.75*geometry_excess_penalty",
  "prompt": "add headphones",
  "prompt_priority": 1,
  "prompt_slug": "add_headphones",
  "region_count": 2,
  "region_key": "headphones_sides_only",
  "right_crop_clean_margin": 0.021481528878211975,
  "right_crop_perturbed_margin": 0.01922723650932312,
  "right_crop_semantic_drop": 0.002254292368888855,
  "scale_factor": 0.3045087456703186,
  "seed": 24102,
  "semantic_drop": 0.012341022491455078,
  "semantic_drop_weight": 8.0,
  "target_input_ssim": 0.86,
  "top_crop_clean_margin": 0.007498979568481445,
  "top_crop_perturbed_margin": -0.006740853190422058,
  "top_crop_semantic_drop": 0.014239832758903503,
  "tps_size": 4
}
