{
  "budget": "strong",
  "budget_max_disp_px": 8.0,
  "candidate_folder_abs": "/home/interns/Desktop/mat/phase4/outputs/phase4a_existence_probe/cases/face_005/igs_1p00/add_black_sunglasses/strong/seed_00/candidates/cand_029_g02_m09",
  "candidate_index": 29,
  "candidate_name": "cand_029_g02_m09",
  "case_id": "face_005__add_black_sunglasses__igs_1p00",
  "elapsed_seconds": 3.3828295208513737,
  "face_id": "face_005",
  "generation": 2,
  "geometry_method": "landmark_semantic_tps",
  "guidance_scale": 7.5,
  "image_guidance_scale": 1.0,
  "initial_candidate": false,
  "input_l2": 0.03543145362506479,
  "input_max_abs": 0.8196078538894653,
  "input_mean_abs": 0.015933966264128685,
  "input_psnr": 29.012220595225134,
  "input_ssim": 0.8904269337654114,
  "max_disp_px": 4.423763275146484,
  "max_disp_px_budget": 8.0,
  "mean_disp_px": 1.421716332435608,
  "member": 9,
  "output_l2": 0.05031159667054154,
  "output_max_abs": 0.7960784435272217,
  "output_mean_abs": 0.021945500746369362,
  "output_psnr": 25.966637996875082,
  "output_ssim": 0.9009087085723877,
  "p95_disp_px": 3.7616171836853027,
  "phase": "phase4a_existence_probe",
  "prompt": "add black sunglasses",
  "prompt_slug": "add_black_sunglasses",
  "prompt_type": "glasses",
  "seed": 41001,
  "target_input_ssim": 0.88,
  "theta_names": [
    "scale_logit",
    "action_eye_spread",
    "action_eye_compress",
    "action_eye_squint",
    "action_eye_raise_left",
    "action_eye_raise_right",
    "action_nose_bridge_shift_x",
    "action_asymmetry_twist"
  ],
  "theta_values": [
    -0.13114506006240845,
    1.8218168020248413,
    0.10787729918956757,
    -1.785559892654419,
    -0.806826651096344,
    -1.4772809743881226,
    2.032681465148926,
    -0.0039479113183915615
  ]
}
