{
  "budget": "strong",
  "budget_max_disp_px": 8.0,
  "candidate_folder_abs": "/home/interns/Desktop/mat/phase4/outputs/phase4a_existence_probe/cases/face_007/igs_1p00/make_the_person_smile_slightly/strong/seed_00/candidates/cand_080_g04_m20",
  "candidate_index": 80,
  "candidate_name": "cand_080_g04_m20",
  "case_id": "face_007__make_the_person_smile_slightly__igs_1p00",
  "elapsed_seconds": 2.850640384480357,
  "face_id": "face_007",
  "generation": 4,
  "geometry_method": "landmark_semantic_tps",
  "guidance_scale": 7.5,
  "image_guidance_scale": 1.0,
  "initial_candidate": false,
  "input_l2": 0.0272693985565721,
  "input_max_abs": 0.7019608020782471,
  "input_mean_abs": 0.012473645620048046,
  "input_psnr": 31.28648881171555,
  "input_ssim": 0.900335967540741,
  "max_disp_px": 1.6548199653625488,
  "max_disp_px_budget": 8.0,
  "mean_disp_px": 0.7654920220375061,
  "member": 20,
  "output_l2": 0.041050351292272136,
  "output_max_abs": 0.7960784435272217,
  "output_mean_abs": 0.017325351014733315,
  "output_psnr": 27.733662440248892,
  "output_ssim": 0.9221861958503723,
  "p95_disp_px": 1.56278657913208,
  "phase": "phase4a_existence_probe",
  "prompt": "make the person smile slightly",
  "prompt_slug": "make_the_person_smile_slightly",
  "prompt_type": "smile",
  "seed": 50001,
  "target_input_ssim": 0.88,
  "theta_names": [
    "scale_logit",
    "action_mouth_corner_raise",
    "action_mouth_corner_lower",
    "action_mouth_width_expand",
    "action_mouth_width_compress",
    "action_chin_raise",
    "action_chin_lower"
  ],
  "theta_values": [
    -1.6451492309570312,
    -0.07034440338611603,
    0.5937359929084778,
    0.7314022779464722,
    -0.18371962010860443,
    0.34296539425849915,
    -1.0552186965942383
  ]
}
