{
  "best_folder": "phase4/outputs/phase4a_existence_probe/cases/face_002/igs_1p50/add_headphones/strong/seed_00/candidates/cand_013_g01_m13",
  "budget": "strong",
  "budget_max_disp_px": 8.0,
  "candidate_folder": "phase4/outputs/phase4a_existence_probe/cases/face_002/igs_1p50/add_headphones/strong/seed_00/candidates/cand_013_g01_m13",
  "candidate_index": 13,
  "candidate_name": "cand_013_g01_m13",
  "case_id": "face_002__add_headphones__igs_1p50",
  "clean_clip_positive_margin": 0.04682642221450806,
  "clean_semantic_success_score": 0.04682642221450806,
  "clip_available": true,
  "clip_semantic_drop": 0.005825906991958618,
  "clip_warning": null,
  "crop_clip_available": true,
  "crop_clip_warning": null,
  "decision_label": "reject_input_damage",
  "decision_reasons": [
    "input_ssim_below_target:0.8200<0.8800",
    "semantic_drop_small:0.0058"
  ],
  "edit_failure_score": 0.005825906991958618,
  "elapsed_seconds": 2.3826989848166704,
  "face_id": "face_002",
  "final_attack_score": -1.1684135610454915,
  "full_image_semantic_drop": 0.005825906991958618,
  "generation": 1,
  "geometry_excess_penalty": 0.0,
  "geometry_excess_penalty_weight": 0.75,
  "geometry_method": "landmark_piecewise_affine",
  "guidance_scale": 7.5,
  "identity_or_face_health_available": false,
  "image_guidance_scale": 1.5,
  "initial_candidate": false,
  "input_damage_penalty": 0.4797101402282715,
  "input_damage_penalty_weight": 3.0,
  "input_l2": 0.04013830916184366,
  "input_max_abs": 0.886274516582489,
  "input_mean_abs": 0.020057013258337975,
  "input_preservation_score": 0.0,
  "input_psnr": 27.928818524936602,
  "input_ssim": 0.8200362324714661,
  "left_crop_clean_margin": 0.01800447702407837,
  "left_crop_perturbed_margin": 0.01983584463596344,
  "left_crop_semantic_drop": -0.0018313676118850708,
  "max_disp_px": 4.705393314361572,
  "max_disp_px_budget": 8.0,
  "mean_crop_margin": 0.012684260805447897,
  "mean_crop_semantic_drop": 0.0014862070480982463,
  "mean_disp_px": 1.3605999946594238,
  "member": 13,
  "min_crop_margin": -0.004410505294799805,
  "min_crop_semantic_drop": -0.0018313676118850708,
  "output_disruption_score": 0.44821920740730836,
  "output_disruption_weight": 0.5,
  "output_l2": 0.05687918451460022,
  "output_max_abs": 0.8980392217636108,
  "output_mean_abs": 0.029707618057727814,
  "output_psnr": 24.900932775575654,
  "output_ssim": 0.7792975306510925,
  "p95_disp_px": 3.306197166442871,
  "path_clean_edit": "phase4/outputs/phase4a_existence_probe/cases/face_002/igs_1p50/add_headphones/strong/seed_00/candidates/cand_013_g01_m13/clean_edit.png",
  "path_flow": "phase4/outputs/phase4a_existence_probe/cases/face_002/igs_1p50/add_headphones/strong/seed_00/candidates/cand_013_g01_m13/flow.png",
  "path_landmarks_overlay_original": "phase4/outputs/phase4a_existence_probe/cases/face_002/igs_1p50/add_headphones/strong/seed_00/candidates/cand_013_g01_m13/landmarks_overlay_original.jpg",
  "path_landmarks_overlay_perturbed": "phase4/outputs/phase4a_existence_probe/cases/face_002/igs_1p50/add_headphones/strong/seed_00/candidates/cand_013_g01_m13/landmarks_overlay_perturbed.jpg",
  "path_original": "phase4/outputs/phase4a_existence_probe/cases/face_002/igs_1p50/add_headphones/strong/seed_00/candidates/cand_013_g01_m13/original.png",
  "path_perturbed": "phase4/outputs/phase4a_existence_probe/cases/face_002/igs_1p50/add_headphones/strong/seed_00/candidates/cand_013_g01_m13/perturbed.png",
  "path_perturbed_edit": "phase4/outputs/phase4a_existence_probe/cases/face_002/igs_1p50/add_headphones/strong/seed_00/candidates/cand_013_g01_m13/perturbed_edit.png",
  "perturbed_clip_positive_margin": 0.04100051522254944,
  "perturbed_semantic_success_score": 0.04100051522254944,
  "phase": "phase4a_existence_probe",
  "phase2_final_score": -1.1684135610454915,
  "phase2_output_disruption": 0.44821920740730836,
  "phase2_score_formula": "8.0*max(0,semantic_drop)+0.5*output_disruption-3.0*input_damage_penalty-0.75*geometry_excess_penalty",
  "phase4_budget_name": "strong",
  "phase4_final_score": -1.1684135610454915,
  "phase4_score_formula": "8.0*max(0,semantic_drop)+0.5*output_disruption-3.0*input_damage_penalty-0.75*geometry_excess_penalty",
  "prompt": "add headphones",
  "prompt_slug": "add_headphones",
  "prompt_type": "headphones",
  "right_crop_clean_margin": 0.02526278793811798,
  "right_crop_perturbed_margin": 0.022627443075180054,
  "right_crop_semantic_drop": 0.0026353448629379272,
  "seed": 51001,
  "semantic_drop": 0.005825906991958618,
  "semantic_drop_weight": 8.0,
  "target_input_ssim": 0.88,
  "theta_names": [
    "scale_logit",
    "action_face_side_push_left",
    "action_face_side_push_right",
    "action_head_top_raise",
    "action_head_top_lower",
    "action_jaw_expand",
    "action_jaw_compress",
    "action_asymmetry_twist"
  ],
  "theta_values": [
    0.3073488771915436,
    -1.1073510646820068,
    -0.9301545023918152,
    0.4413455128669739,
    0.5561121702194214,
    0.24385333061218262,
    -0.5970779657363892,
    -1.12158203125
  ],
  "top_crop_clean_margin": -0.0007558614015579224,
  "top_crop_perturbed_margin": -0.004410505294799805,
  "top_crop_semantic_drop": 0.0036546438932418823
}
