{
  "clean_clip_positive_margin": 0.040928930044174194,
  "clean_semantic_success_score": 0.040928930044174194,
  "clip_available": true,
  "clip_semantic_drop": -0.0029924213886260986,
  "clip_warning": null,
  "crop_clip_available": false,
  "crop_clip_warning": null,
  "decision_label": "metric_only_candidate",
  "decision_reasons": [
    "semantic_drop_nonpositive:-0.0030",
    "semantic_drop_nonpositive:-0.0030"
  ],
  "edit_failure_score": 0.0,
  "final_attack_score": 0.12558556895974526,
  "full_image_semantic_drop": -0.0029924213886260986,
  "geometry_excess_penalty": 0.0,
  "geometry_excess_penalty_weight": 1.0,
  "identity_or_face_health_available": false,
  "input_damage_penalty": 0.0,
  "input_damage_penalty_weight": 3.0,
  "input_l2": 0.006603538466814302,
  "input_max_abs": 0.27450981736183167,
  "input_mean_abs": 0.0011604806641116738,
  "input_preservation_score": 0.898714820543925,
  "input_psnr": 43.604465759427164,
  "input_ssim": 0.9939228892326355,
  "max_disp_px_budget": 4.0,
  "output_disruption_score": 0.12558556895974526,
  "output_disruption_weight": 1.0,
  "output_l2": 0.0247845235008082,
  "output_max_abs": 0.7019608020782471,
  "output_mean_abs": 0.008962520398199558,
  "output_psnr": 32.116388525661904,
  "output_ssim": 0.9735525250434875,
  "perturbed_clip_positive_margin": 0.04392135143280029,
  "perturbed_semantic_success_score": 0.04392135143280029,
  "phase2_final_score": 0.12558556895974526,
  "phase2_output_disruption": 0.12558556895974526,
  "phase2_score_formula": "4.0*max(0,semantic_drop)+1.0*output_disruption-3.0*input_damage_penalty-1.0*geometry_excess_penalty",
  "semantic_drop": -0.0029924213886260986,
  "semantic_drop_weight": 4.0,
  "target_input_ssim": 0.94
}
