{
  "best_folder": "phase2/outputs/phase2c_probe/semantic_heavy_cem/headphones_ear_tight/existence_probe/seed_00/candidates/cand_023_g02_m07",
  "budget": "existence_probe",
  "budget_max_disp_px": 8.0,
  "candidate_folder": "phase2/outputs/phase2c_probe/semantic_heavy_cem/headphones_ear_tight/existence_probe/seed_00/candidates/cand_023_g02_m07",
  "candidate_index": 23,
  "candidate_name": "cand_023_g02_m07",
  "clean_clip_positive_margin": 0.027842342853546143,
  "clean_semantic_success_score": 0.027842342853546143,
  "clip_available": true,
  "clip_semantic_drop": 0.009369820356369019,
  "clip_warning": null,
  "crop_clip_available": true,
  "crop_clip_warning": null,
  "dct_modes": [
    [
      1,
      0
    ],
    [
      0,
      1
    ],
    [
      1,
      1
    ],
    [
      2,
      0
    ],
    [
      0,
      2
    ],
    [
      2,
      1
    ]
  ],
  "decision_label": "metric_only_candidate",
  "decision_reasons": [
    "semantic_drop_small:0.0094",
    "semantic_drop_small:0.0094"
  ],
  "edit_failure_score": 0.009369820356369019,
  "elapsed_seconds": 5.20995993539691,
  "final_attack_score": 0.09926097049091048,
  "full_image_semantic_drop": 0.009369820356369019,
  "generation": 2,
  "geometry_excess_penalty": 0.0,
  "geometry_excess_penalty_weight": 0.75,
  "geometry_method": "region_local_tps",
  "identity_or_face_health_available": false,
  "initial_candidate": false,
  "input_damage_penalty": 0.0,
  "input_damage_penalty_weight": 3.0,
  "input_l2": 0.009392208040240867,
  "input_max_abs": 0.6392157077789307,
  "input_mean_abs": 0.0019107945263385773,
  "input_preservation_score": 0.8747974634170532,
  "input_psnr": 40.54464592472315,
  "input_ssim": 0.9824716448783875,
  "left_crop_clean_margin": 0.02535329759120941,
  "left_crop_perturbed_margin": 0.028495728969573975,
  "left_crop_semantic_drop": -0.003142431378364563,
  "max_disp_px": 3.4114458560943604,
  "max_disp_px_budget": 8.0,
  "mean_crop_margin": 0.01585344970226288,
  "mean_crop_semantic_drop": 0.0022578189770380654,
  "mean_disp_px": 0.2928556203842163,
  "member": 7,
  "mesh_size": 4,
  "min_crop_margin": -0.0022726356983184814,
  "min_crop_semantic_drop": -0.003142431378364563,
  "output_disruption_score": 0.09720963055983335,
  "output_disruption_weight": 0.25,
  "output_l2": 0.01632033242557235,
  "output_max_abs": 0.7607843279838562,
  "output_mean_abs": 0.007037378381937742,
  "output_psnr": 35.74541998870029,
  "output_ssim": 0.968071699142456,
  "p95_disp_px": 2.4431684017181396,
  "path_flow": "phase2/outputs/phase2c_probe/semantic_heavy_cem/headphones_ear_tight/existence_probe/seed_00/candidates/cand_023_g02_m07/flow.png",
  "path_original": "phase2/outputs/phase2c_probe/semantic_heavy_cem/headphones_ear_tight/existence_probe/seed_00/candidates/cand_023_g02_m07/original.png",
  "path_original_edited": "phase2/outputs/phase2c_probe/semantic_heavy_cem/headphones_ear_tight/existence_probe/seed_00/candidates/cand_023_g02_m07/original_edited.png",
  "path_perturbed": "phase2/outputs/phase2c_probe/semantic_heavy_cem/headphones_ear_tight/existence_probe/seed_00/candidates/cand_023_g02_m07/perturbed.png",
  "path_perturbed_edited": "phase2/outputs/phase2c_probe/semantic_heavy_cem/headphones_ear_tight/existence_probe/seed_00/candidates/cand_023_g02_m07/perturbed_edited.png",
  "perturbed_clip_positive_margin": 0.018472522497177124,
  "perturbed_semantic_success_score": 0.018472522497177124,
  "phase": "phase2c_probe",
  "phase2_final_score": 0.09926097049091048,
  "phase2_output_disruption": 0.09720963055983335,
  "phase2_score_formula": "8.0*max(0,semantic_drop)+0.25*output_disruption-3.0*input_damage_penalty-0.75*geometry_excess_penalty",
  "prompt": "add headphones",
  "prompt_priority": 1,
  "prompt_slug": "add_headphones",
  "region_count": 2,
  "region_key": "headphones_ear_tight",
  "right_crop_clean_margin": 0.021481528878211975,
  "right_crop_perturbed_margin": 0.021337255835533142,
  "right_crop_semantic_drop": 0.000144273042678833,
  "scale_factor": 0.46120530366897583,
  "seed": 24202,
  "semantic_drop": 0.009369820356369019,
  "semantic_drop_weight": 8.0,
  "target_input_ssim": 0.86,
  "top_crop_clean_margin": 0.007498979568481445,
  "top_crop_perturbed_margin": -0.0022726356983184814,
  "top_crop_semantic_drop": 0.009771615266799927,
  "tps_size": 4
}
