{
  "budget": "strong",
  "budget_max_disp_px": 8.0,
  "candidate_folder_abs": "/home/interns/Desktop/mat/phase4/outputs/phase4a_existence_probe/cases/face_006/igs_1p50/add_black_sunglasses/strong/seed_00/candidates/cand_044_g03_m04",
  "candidate_index": 44,
  "candidate_name": "cand_044_g03_m04",
  "case_id": "face_006__add_black_sunglasses__igs_1p50",
  "elapsed_seconds": 2.770342556759715,
  "face_id": "face_006",
  "generation": 3,
  "geometry_method": "landmark_piecewise_affine",
  "guidance_scale": 7.5,
  "image_guidance_scale": 1.5,
  "initial_candidate": false,
  "input_l2": 0.03101201165354423,
  "input_max_abs": 0.4941176772117615,
  "input_mean_abs": 0.012446950189769268,
  "input_psnr": 30.16940123010826,
  "input_ssim": 0.9019439816474915,
  "max_disp_px": 7.992001056671143,
  "max_disp_px_budget": 8.0,
  "mean_disp_px": 0.9659184217453003,
  "member": 4,
  "output_l2": 0.03467301714768575,
  "output_max_abs": 0.8588235378265381,
  "output_mean_abs": 0.013752677477896214,
  "output_psnr": 29.200167312485725,
  "output_ssim": 0.906300961971283,
  "p95_disp_px": 3.7232275009155273,
  "phase": "phase4a_existence_probe",
  "prompt": "add black sunglasses",
  "prompt_slug": "add_black_sunglasses",
  "prompt_type": "glasses",
  "seed": 43001,
  "target_input_ssim": 0.88,
  "theta_names": [
    "scale_logit",
    "action_eye_spread",
    "action_eye_compress",
    "action_eye_squint",
    "action_eye_raise_left",
    "action_eye_raise_right",
    "action_nose_bridge_shift_x",
    "action_asymmetry_twist"
  ],
  "theta_values": [
    2.232675075531006,
    0.1304028183221817,
    -0.5462836027145386,
    1.4656500816345215,
    -2.3942646980285645,
    0.2616254687309265,
    -1.468265414237976,
    -0.09720288217067719
  ]
}
