{
  "budget": "strong",
  "budget_max_disp_px": 8.0,
  "candidate_folder_abs": "/home/interns/Desktop/mat/phase4/outputs/phase4a_existence_probe/cases/face_006/igs_1p50/add_black_sunglasses/strong/seed_00/candidates/cand_031_g02_m11",
  "candidate_index": 31,
  "candidate_name": "cand_031_g02_m11",
  "case_id": "face_006__add_black_sunglasses__igs_1p50",
  "elapsed_seconds": 3.352660456672311,
  "face_id": "face_006",
  "generation": 2,
  "geometry_method": "landmark_semantic_tps",
  "guidance_scale": 7.5,
  "image_guidance_scale": 1.5,
  "initial_candidate": false,
  "input_l2": 0.053829936936863464,
  "input_max_abs": 0.8313725590705872,
  "input_mean_abs": 0.026800179854035378,
  "input_psnr": 25.379522579420314,
  "input_ssim": 0.7794660925865173,
  "max_disp_px": 7.992001056671143,
  "max_disp_px_budget": 8.0,
  "mean_disp_px": 2.6970138549804688,
  "member": 11,
  "output_l2": 0.06536388290772166,
  "output_max_abs": 0.9725490212440491,
  "output_mean_abs": 0.028962625190615654,
  "output_psnr": 23.69324313339635,
  "output_ssim": 0.7855017185211182,
  "p95_disp_px": 6.003357410430908,
  "phase": "phase4a_existence_probe",
  "prompt": "add black sunglasses",
  "prompt_slug": "add_black_sunglasses",
  "prompt_type": "glasses",
  "seed": 43001,
  "target_input_ssim": 0.88,
  "theta_names": [
    "scale_logit",
    "action_eye_spread",
    "action_eye_compress",
    "action_eye_squint",
    "action_eye_raise_left",
    "action_eye_raise_right",
    "action_nose_bridge_shift_x",
    "action_asymmetry_twist"
  ],
  "theta_values": [
    1.765397071838379,
    0.6127567291259766,
    -1.1608164310455322,
    0.7120655179023743,
    -0.5171790719032288,
    1.6324642896652222,
    -0.6536409258842468,
    -1.0215444564819336
  ]
}
