{
  "budget": "medium",
  "budget_max_disp_px": 4.0,
  "candidate_folder_abs": "/home/interns/Desktop/mat/phase3/outputs/breadth_probe/cases/face_003/igs_1p50/add_headphones/medium/seed_00/candidates/cand_012_g02_m04",
  "candidate_index": 12,
  "candidate_name": "cand_012_g02_m04",
  "dct_modes": [
    [
      1,
      0
    ],
    [
      0,
      1
    ],
    [
      1,
      1
    ],
    [
      2,
      0
    ],
    [
      0,
      2
    ],
    [
      2,
      1
    ]
  ],
  "elapsed_seconds": 5.092104010283947,
  "generation": 2,
  "geometry_method": "region_local_tps",
  "initial_candidate": false,
  "input_l2": 0.02011317067181656,
  "input_max_abs": 0.4431372880935669,
  "input_mean_abs": 0.007099829614162445,
  "input_psnr": 33.930389222842365,
  "input_ssim": 0.9321613907814026,
  "max_disp_px": 2.608344316482544,
  "max_disp_px_budget": 4.0,
  "mean_disp_px": 0.4977063834667206,
  "member": 4,
  "mesh_size": 4,
  "output_l2": 0.03247758247525601,
  "output_max_abs": 0.8588235378265381,
  "output_mean_abs": 0.012690051458775997,
  "output_psnr": 29.76832611369817,
  "output_ssim": 0.9126940369606018,
  "p95_disp_px": 1.8868701457977295,
  "phase": "phase3_breadth_probe",
  "prompt": "add headphones",
  "prompt_priority": 1,
  "prompt_slug": "add_headphones",
  "region_count": 3,
  "region_key": "headphones",
  "scale_factor": 0.6653939485549927,
  "seed": 38001,
  "target_input_ssim": 0.94,
  "tps_size": 4
}
