{
  "clean_clip_positive_margin": 0.027842342853546143,
  "clean_semantic_success_score": 0.027842342853546143,
  "clip_available": true,
  "clip_semantic_drop": 0.013209223747253418,
  "clip_warning": null,
  "crop_clip_available": true,
  "crop_clip_warning": null,
  "decision_label": "metric_only_candidate",
  "decision_reasons": [
    "semantic_drop_small:0.0132",
    "semantic_drop_small:0.0132"
  ],
  "edit_failure_score": 0.013209223747253418,
  "final_attack_score": 0.12437202991099244,
  "full_image_semantic_drop": 0.013209223747253418,
  "geometry_excess_penalty": 0.0,
  "geometry_excess_penalty_weight": 0.75,
  "identity_or_face_health_available": false,
  "input_damage_penalty": 0.0,
  "input_damage_penalty_weight": 3.0,
  "input_l2": 0.007341328395468568,
  "input_max_abs": 0.6784313917160034,
  "input_mean_abs": 0.0014797634212300181,
  "input_preservation_score": 0.8761588335037231,
  "input_psnr": 42.684506968918456,
  "input_ssim": 0.9876158833503723,
  "left_crop_clean_margin": 0.02535329759120941,
  "left_crop_perturbed_margin": 0.025475189089775085,
  "left_crop_semantic_drop": -0.00012189149856567383,
  "max_disp_px_budget": 6.0,
  "mean_crop_margin": 0.016127869486808777,
  "mean_crop_semantic_drop": 0.001983399192492167,
  "min_crop_margin": 0.003886878490447998,
  "min_crop_semantic_drop": -0.00012189149856567383,
  "output_disruption_score": 0.07479295973186043,
  "output_disruption_weight": 0.25,
  "output_l2": 0.01283652545065767,
  "output_max_abs": 0.7607843279838562,
  "output_mean_abs": 0.005276867654174566,
  "output_psnr": 37.83105027582719,
  "output_ssim": 0.9765531420707703,
  "perturbed_clip_positive_margin": 0.014633119106292725,
  "perturbed_semantic_success_score": 0.014633119106292725,
  "phase2_final_score": 0.12437202991099244,
  "phase2_output_disruption": 0.07479295973186043,
  "phase2_score_formula": "8.0*max(0,semantic_drop)+0.25*output_disruption-3.0*input_damage_penalty-0.75*geometry_excess_penalty",
  "right_crop_clean_margin": 0.021481528878211975,
  "right_crop_perturbed_margin": 0.019021540880203247,
  "right_crop_semantic_drop": 0.002459987998008728,
  "semantic_drop": 0.013209223747253418,
  "semantic_drop_weight": 8.0,
  "target_input_ssim": 0.9,
  "top_crop_clean_margin": 0.007498979568481445,
  "top_crop_perturbed_margin": 0.003886878490447998,
  "top_crop_semantic_drop": 0.0036121010780334473
}
