{
  "displacement": {
    "budget_max_disp_px": 8.0,
    "max_disp_px": 1.245939016342163,
    "max_disp_px_budget": 8.0,
    "mean_disp_px": 0.24800562858581543,
    "p95_disp_px": 0.9981570839881897,
    "target_input_ssim": 0.86
  },
  "input": {
    "l2": 0.010385098374610194,
    "max_abs": 0.7254902124404907,
    "mean_abs": 0.00349955796264112,
    "psnr": 39.67178770362143,
    "ssim": 0.9772598147392273
  },
  "output": {
    "l2": 0.019111345483131693,
    "max_abs": 0.5882353186607361,
    "mean_abs": 0.008684241212904453,
    "psnr": 34.374174730558764,
    "ssim": 0.9530544877052307
  }
}
