{
  "clean": {
    "l2": 0.08202067091254926,
    "max_abs": 0.8313725590705872,
    "mean_abs": 0.04648350179195404,
    "psnr": 21.721533651854298,
    "ssim": 0.8290511965751648
  },
  "clean_clip_margin": 0.014970958232879639
}
