{
  "clean_clip_positive_margin": 0.020921379327774048,
  "clean_semantic_success_score": 0.020921379327774048,
  "clip_available": true,
  "clip_semantic_drop": 0.0011503994464874268,
  "clip_warning": null,
  "crop_clip_available": false,
  "crop_clip_warning": null,
  "decision_label": "metric_only_candidate",
  "decision_reasons": [
    "semantic_drop_small:0.0012",
    "semantic_drop_small:0.0012",
    "semantic_drop_small:0.0012"
  ],
  "edit_failure_score": 0.0011503994464874268,
  "final_attack_score": 0.18554020236449045,
  "full_image_semantic_drop": 0.0011503994464874268,
  "geometry_excess_penalty": 0.0,
  "geometry_excess_penalty_weight": 0.75,
  "identity_or_face_health_available": false,
  "input_damage_penalty": 0.0,
  "input_damage_penalty_weight": 3.0,
  "input_l2": 0.03686997559987161,
  "input_max_abs": 0.9215686321258545,
  "input_mean_abs": 0.016780301928520203,
  "input_preservation_score": 0.28664294156161213,
  "input_psnr": 28.66654299609824,
  "input_ssim": 0.8430614471435547,
  "max_disp_px_budget": 14.0,
  "output_disruption_score": 0.3526740135851821,
  "output_disruption_weight": 0.5,
  "output_l2": 0.04791957294204137,
  "output_max_abs": 0.9725490212440491,
  "output_mean_abs": 0.02251693606376648,
  "output_psnr": 26.38974122044724,
  "output_ssim": 0.8390042781829834,
  "perturbed_clip_positive_margin": 0.01977097988128662,
  "perturbed_semantic_success_score": 0.01977097988128662,
  "phase2_final_score": 0.18554020236449045,
  "phase2_output_disruption": 0.3526740135851821,
  "phase2_score_formula": "8.0*max(0,semantic_drop)+0.5*output_disruption-3.0*input_damage_penalty-0.75*geometry_excess_penalty",
  "phase4_budget_name": "existence_probe",
  "phase4_final_score": 0.18554020236449045,
  "phase4_score_formula": "8.0*max(0,semantic_drop)+0.5*output_disruption-3.0*input_damage_penalty-0.75*geometry_excess_penalty",
  "semantic_drop": 0.0011503994464874268,
  "semantic_drop_weight": 8.0,
  "target_input_ssim": 0.78
}
