{
  "displacement": {
    "budget_max_disp_px": 4.0,
    "max_disp_px": 3.0774004459381104,
    "max_disp_px_budget": 4.0,
    "mean_disp_px": 0.2085990309715271,
    "p95_disp_px": 1.8452955484390259,
    "target_input_ssim": 0.94
  },
  "input": {
    "l2": 0.01817603373710835,
    "max_abs": 0.8784313797950745,
    "mean_abs": 0.0036211947444826365,
    "psnr": 34.810017597213374,
    "ssim": 0.96881502866745
  },
  "output": {
    "l2": 0.022546408611425355,
    "max_abs": 0.7568627595901489,
    "mean_abs": 0.00666472502052784,
    "psnr": 32.93845252978397,
    "ssim": 0.9604360461235046
  }
}
