{
  "displacement": {
    "budget_max_disp_px": 8.0,
    "max_disp_px": 2.1350836753845215,
    "max_disp_px_budget": 8.0,
    "mean_disp_px": 0.4838244915008545,
    "p95_disp_px": 1.2658590078353882,
    "target_input_ssim": 0.88
  },
  "input": {
    "l2": 0.02287857871385345,
    "max_abs": 0.6431372165679932,
    "mean_abs": 0.010290578007698059,
    "psnr": 32.81141917441871,
    "ssim": 0.9352266192436218
  },
  "output": {
    "l2": 0.05159132650183687,
    "max_abs": 0.8627451062202454,
    "mean_abs": 0.021908381953835487,
    "psnr": 25.748466110484305,
    "ssim": 0.9096648693084717
  }
}
