{
  "displacement": {
    "budget_max_disp_px": 6.0,
    "max_disp_px": 1.3557660579681396,
    "max_disp_px_budget": 6.0,
    "mean_disp_px": 0.12292782962322235,
    "p95_disp_px": 0.6429183483123779,
    "target_input_ssim": 0.9
  },
  "input": {
    "l2": 0.006066668269238411,
    "max_abs": 0.20392155647277832,
    "mean_abs": 0.0016487921820953488,
    "psnr": 44.340995040225906,
    "ssim": 0.9938520789146423
  },
  "output": {
    "l2": 0.022735585462324664,
    "max_abs": 0.8039215803146362,
    "mean_abs": 0.007824352942407131,
    "psnr": 32.86587715661693,
    "ssim": 0.9660223126411438
  }
}
