{
  "displacement": {
    "budget_max_disp_px": 6.0,
    "max_disp_px": 1.5355048179626465,
    "max_disp_px_budget": 6.0,
    "mean_disp_px": 0.1382162868976593,
    "p95_disp_px": 1.1128908395767212,
    "target_input_ssim": 0.9
  },
  "input": {
    "l2": 0.00741139231607128,
    "max_abs": 0.8196078538894653,
    "mean_abs": 0.0014634424587711692,
    "psnr": 42.60200394193668,
    "ssim": 0.9869135022163391
  },
  "output": {
    "l2": 0.012466479106421418,
    "max_abs": 0.7176470756530762,
    "mean_abs": 0.005252684000879526,
    "psnr": 38.08512373005043,
    "ssim": 0.9772047996520996
  }
}
