{
  "displacement": {
    "budget_max_disp_px": 6.0,
    "max_disp_px": 3.752476215362549,
    "max_disp_px_budget": 6.0,
    "mean_disp_px": 0.25443965196609497,
    "p95_disp_px": 2.4598796367645264,
    "target_input_ssim": 0.9
  },
  "input": {
    "l2": 0.020201636920633727,
    "max_abs": 0.8509804010391235,
    "mean_abs": 0.003994451370090246,
    "psnr": 33.892268772655896,
    "ssim": 0.9676234722137451
  },
  "output": {
    "l2": 0.0196553911871403,
    "max_abs": 0.6235294342041016,
    "mean_abs": 0.00716329226270318,
    "psnr": 34.13036616613166,
    "ssim": 0.9655833840370178
  }
}
