{
  "displacement": {
    "budget_max_disp_px": 6.0,
    "max_disp_px": 3.8330256938934326,
    "max_disp_px_budget": 6.0,
    "mean_disp_px": 0.5131486058235168,
    "p95_disp_px": 2.7944886684417725,
    "target_input_ssim": 0.9
  },
  "input": {
    "l2": 0.022895333762716453,
    "max_abs": 0.5568627715110779,
    "mean_abs": 0.007078308146446943,
    "psnr": 32.805060420974655,
    "ssim": 0.9377551674842834
  },
  "output": {
    "l2": 0.04270383057079447,
    "max_abs": 0.7411764860153198,
    "mean_abs": 0.015168682672083378,
    "psnr": 27.390663332687648,
    "ssim": 0.927638828754425
  }
}
