{
  "displacement": {
    "budget_max_disp_px": 4.0,
    "max_disp_px": 3.307612657546997,
    "max_disp_px_budget": 4.0,
    "mean_disp_px": 0.49605926871299744,
    "p95_disp_px": 2.1935017108917236,
    "target_input_ssim": 0.94
  },
  "input": {
    "l2": 0.01735364443763921,
    "max_abs": 0.48235297203063965,
    "mean_abs": 0.005724375601857901,
    "psnr": 35.212186102825676,
    "ssim": 0.9439823031425476
  },
  "output": {
    "l2": 0.024116590934813543,
    "max_abs": 0.5607843399047852,
    "mean_abs": 0.011631418950855732,
    "psnr": 32.35368166101643,
    "ssim": 0.9300892949104309
  }
}
