{
  "clean": {
    "l2": 0.1633365270598784,
    "max_abs": 0.95686274766922,
    "mean_abs": 0.06227751076221466,
    "psnr": 15.738333656567269,
    "ssim": 0.8252061009407043
  },
  "clean_clip_margin": 0.04672309756278992
}
