{
  "best_folder": "phase2/outputs/phase2c_probe/semantic_heavy_cem/headphones_ear_tight/existence_probe/seed_00/candidates/cand_060_g04_m12",
  "budget": "existence_probe",
  "budget_max_disp_px": 8.0,
  "candidate_folder": "phase2/outputs/phase2c_probe/semantic_heavy_cem/headphones_ear_tight/existence_probe/seed_00/candidates/cand_060_g04_m12",
  "candidate_index": 60,
  "candidate_name": "cand_060_g04_m12",
  "clean_clip_positive_margin": 0.027842342853546143,
  "clean_semantic_success_score": 0.027842342853546143,
  "clip_available": true,
  "clip_semantic_drop": 0.008677631616592407,
  "clip_warning": null,
  "crop_clip_available": true,
  "crop_clip_warning": null,
  "dct_modes": [
    [
      1,
      0
    ],
    [
      0,
      1
    ],
    [
      1,
      1
    ],
    [
      2,
      0
    ],
    [
      0,
      2
    ],
    [
      2,
      1
    ]
  ],
  "decision_label": "metric_only_candidate",
  "decision_reasons": [
    "semantic_drop_small:0.0087",
    "semantic_drop_small:0.0087"
  ],
  "edit_failure_score": 0.008677631616592407,
  "elapsed_seconds": 5.366410290822387,
  "final_attack_score": 0.09423644856935685,
  "full_image_semantic_drop": 0.008677631616592407,
  "generation": 4,
  "geometry_excess_penalty": 0.0,
  "geometry_excess_penalty_weight": 0.75,
  "geometry_method": "combined_all",
  "identity_or_face_health_available": false,
  "initial_candidate": false,
  "input_damage_penalty": 0.0,
  "input_damage_penalty_weight": 3.0,
  "input_l2": 0.010324080146124555,
  "input_max_abs": 0.7411764860153198,
  "input_mean_abs": 0.0018998143495991826,
  "input_preservation_score": 0.8794270413262504,
  "input_psnr": 39.722972653496086,
  "input_ssim": 0.983119785785675,
  "left_crop_clean_margin": 0.02535329759120941,
  "left_crop_perturbed_margin": 0.024677351117134094,
  "left_crop_semantic_drop": 0.0006759464740753174,
  "max_disp_px": 3.2111659049987793,
  "max_disp_px_budget": 8.0,
  "mean_crop_margin": 0.016515950361887615,
  "mean_crop_semantic_drop": 0.00159531831741333,
  "mean_disp_px": 0.21679705381393433,
  "member": 12,
  "mesh_size": 4,
  "min_crop_margin": 0.003658980131149292,
  "min_crop_semantic_drop": 0.00027000904083251953,
  "output_disruption_score": 0.09926158254647037,
  "output_disruption_weight": 0.25,
  "output_l2": 0.017346412105619363,
  "output_max_abs": 0.800000011920929,
  "output_mean_abs": 0.00649131229147315,
  "output_psnr": 35.215806802324046,
  "output_ssim": 0.9701240658760071,
  "p95_disp_px": 1.68971848487854,
  "path_flow": "phase2/outputs/phase2c_probe/semantic_heavy_cem/headphones_ear_tight/existence_probe/seed_00/candidates/cand_060_g04_m12/flow.png",
  "path_original": "phase2/outputs/phase2c_probe/semantic_heavy_cem/headphones_ear_tight/existence_probe/seed_00/candidates/cand_060_g04_m12/original.png",
  "path_original_edited": "phase2/outputs/phase2c_probe/semantic_heavy_cem/headphones_ear_tight/existence_probe/seed_00/candidates/cand_060_g04_m12/original_edited.png",
  "path_perturbed": "phase2/outputs/phase2c_probe/semantic_heavy_cem/headphones_ear_tight/existence_probe/seed_00/candidates/cand_060_g04_m12/perturbed.png",
  "path_perturbed_edited": "phase2/outputs/phase2c_probe/semantic_heavy_cem/headphones_ear_tight/existence_probe/seed_00/candidates/cand_060_g04_m12/perturbed_edited.png",
  "perturbed_clip_positive_margin": 0.019164711236953735,
  "perturbed_semantic_success_score": 0.019164711236953735,
  "phase": "phase2c_probe",
  "phase2_final_score": 0.09423644856935685,
  "phase2_output_disruption": 0.09926158254647037,
  "phase2_score_formula": "8.0*max(0,semantic_drop)+0.25*output_disruption-3.0*input_damage_penalty-0.75*geometry_excess_penalty",
  "prompt": "add headphones",
  "prompt_priority": 1,
  "prompt_slug": "add_headphones",
  "region_count": 2,
  "region_key": "headphones_ear_tight",
  "right_crop_clean_margin": 0.021481528878211975,
  "right_crop_perturbed_margin": 0.021211519837379456,
  "right_crop_semantic_drop": 0.00027000904083251953,
  "scale_factor": 0.45164909958839417,
  "seed": 24202,
  "semantic_drop": 0.008677631616592407,
  "semantic_drop_weight": 8.0,
  "target_input_ssim": 0.86,
  "top_crop_clean_margin": 0.007498979568481445,
  "top_crop_perturbed_margin": 0.003658980131149292,
  "top_crop_semantic_drop": 0.0038399994373321533,
  "tps_size": 4
}
