{
  "displacement": {
    "budget_max_disp_px": 8.0,
    "max_disp_px": 1.691360592842102,
    "max_disp_px_budget": 8.0,
    "mean_disp_px": 0.33061403036117554,
    "p95_disp_px": 1.1161072254180908,
    "target_input_ssim": 0.88
  },
  "input": {
    "l2": 0.012560818608218156,
    "max_abs": 0.27450981736183167,
    "mean_abs": 0.005319578107446432,
    "psnr": 38.019641120500445,
    "ssim": 0.9652976989746094
  },
  "output": {
    "l2": 0.03595513560267561,
    "max_abs": 0.686274528503418,
    "mean_abs": 0.016235316172242165,
    "psnr": 28.884781379830493,
    "ssim": 0.936745822429657
  }
}
