{
  "budget": "strong",
  "budget_max_disp_px": 6.0,
  "candidate_folder_abs": "/home/interns/Desktop/mat/phase2/outputs/phase2a_probe/add_black_sunglasses/strong/seed_00/candidates/cand_013_g02_m01",
  "candidate_index": 13,
  "candidate_name": "cand_013_g02_m01",
  "dct_modes": [
    [
      1,
      0
    ],
    [
      0,
      1
    ],
    [
      1,
      1
    ],
    [
      2,
      0
    ],
    [
      0,
      2
    ],
    [
      2,
      1
    ]
  ],
  "elapsed_seconds": 5.007200917229056,
  "generation": 2,
  "geometry_method": "region_local_mesh",
  "initial_candidate": false,
  "input_l2": 0.01779376569794087,
  "input_max_abs": 0.6666666865348816,
  "input_mean_abs": 0.0035094565246254206,
  "input_psnr": 34.99464264734712,
  "input_ssim": 0.9709901809692383,
  "max_disp_px": 3.6492998600006104,
  "max_disp_px_budget": 6.0,
  "mean_disp_px": 0.2047078013420105,
  "member": 1,
  "mesh_size": 4,
  "output_l2": 0.01711496227218533,
  "output_max_abs": 0.5764706134796143,
  "output_mean_abs": 0.005919224116951227,
  "output_psnr": 35.332481077468955,
  "output_ssim": 0.9689667820930481,
  "p95_disp_px": 1.8854883909225464,
  "phase": "phase2a_probe",
  "prompt": "add black sunglasses",
  "prompt_priority": 2,
  "prompt_slug": "add_black_sunglasses",
  "region_count": 1,
  "region_key": "glasses",
  "scale_factor": 0.9324773550033569,
  "seed": 23101,
  "target_input_ssim": 0.9,
  "tps_size": 4
}
