{
  "clean_clip_positive_margin": 0.03148290514945984,
  "clean_semantic_success_score": 0.03148290514945984,
  "clip_available": true,
  "clip_semantic_drop": -0.00012159347534179688,
  "clip_warning": null,
  "decision_label": "metric_only_candidate",
  "decision_reasons": [
    "semantic_drop_nonpositive:-0.0001",
    "semantic_drop_nonpositive:-0.0001"
  ],
  "edit_failure_score": 0.0,
  "final_attack_score": 0.09949306699569323,
  "geometry_excess_penalty": 0.0,
  "geometry_excess_penalty_weight": 1.0,
  "identity_or_face_health_available": false,
  "input_damage_penalty": 0.0,
  "input_damage_penalty_weight": 3.0,
  "input_l2": 0.01779376569794087,
  "input_max_abs": 0.6666666865348816,
  "input_mean_abs": 0.0035094565246254206,
  "input_preservation_score": 0.7099018096923827,
  "input_psnr": 34.99464264734712,
  "input_ssim": 0.9709901809692383,
  "max_disp_px_budget": 6.0,
  "output_disruption_score": 0.09949306699569323,
  "output_disruption_weight": 1.0,
  "output_l2": 0.01711496227218533,
  "output_max_abs": 0.5764706134796143,
  "output_mean_abs": 0.005919224116951227,
  "output_psnr": 35.332481077468955,
  "output_ssim": 0.9689667820930481,
  "perturbed_clip_positive_margin": 0.031604498624801636,
  "perturbed_semantic_success_score": 0.031604498624801636,
  "phase2_final_score": 0.09949306699569323,
  "phase2_output_disruption": 0.09949306699569323,
  "phase2_score_formula": "4*max(0,semantic_drop)+1*output_disruption-3*input_damage_penalty-1*geometry_excess_penalty",
  "semantic_drop": -0.00012159347534179688,
  "semantic_drop_weight": 4.0,
  "target_input_ssim": 0.9
}
