{
  "clean_clip_positive_margin": 0.02052225172519684,
  "clean_semantic_success_score": 0.02052225172519684,
  "clip_available": true,
  "clip_semantic_drop": 0.0030406564474105835,
  "clip_warning": null,
  "crop_clip_available": false,
  "crop_clip_warning": null,
  "decision_label": "metric_only_candidate",
  "decision_reasons": [
    "semantic_drop_small:0.0030",
    "semantic_drop_small:0.0030"
  ],
  "edit_failure_score": 0.0030406564474105835,
  "final_attack_score": 0.1306389177055846,
  "full_image_semantic_drop": 0.0030406564474105835,
  "geometry_excess_penalty": 0.0,
  "geometry_excess_penalty_weight": 1.0,
  "identity_or_face_health_available": false,
  "input_damage_penalty": 0.0,
  "input_damage_penalty_weight": 3.0,
  "input_l2": 0.015121177031702316,
  "input_max_abs": 0.3647059202194214,
  "input_mean_abs": 0.003368526929989457,
  "input_preservation_score": 0.6614152193069457,
  "input_psnr": 36.408288041143635,
  "input_ssim": 0.9661415219306946,
  "max_disp_px_budget": 6.0,
  "output_disruption_score": 0.11847629191594228,
  "output_disruption_weight": 1.0,
  "output_l2": 0.022473206227314732,
  "output_max_abs": 0.6666666865348816,
  "output_mean_abs": 0.00854747835546732,
  "output_psnr": 32.96669925700561,
  "output_ssim": 0.9714165329933167,
  "perturbed_clip_positive_margin": 0.017481595277786255,
  "perturbed_semantic_success_score": 0.017481595277786255,
  "phase2_final_score": 0.1306389177055846,
  "phase2_output_disruption": 0.11847629191594228,
  "phase2_score_formula": "4.0*max(0,semantic_drop)+1.0*output_disruption-3.0*input_damage_penalty-1.0*geometry_excess_penalty",
  "semantic_drop": 0.0030406564474105835,
  "semantic_drop_weight": 4.0,
  "target_input_ssim": 0.9
}
