{
  "displacement": {
    "foldover_fraction_det_below_0": 0.0,
    "jacobian_det_mean": 1.0,
    "jacobian_det_min": 0.8779197931289673,
    "low_det_fraction_below_0p2": 0.0,
    "max_disp_px": 4.896228313446045,
    "mean_disp_px": 0.5685629844665527,
    "p95_disp_px": 2.72369647026062
  },
  "input": {
    "l2": 0.019535191704445763,
    "max_abs": 0.8274509906768799,
    "mean_abs": 0.007135331630706787,
    "psnr": 34.18364645123652,
    "ssim": 0.930260181427002
  },
  "output": {
    "l2": 0.022561684413253572,
    "max_abs": 0.41960787773132324,
    "mean_abs": 0.012237552553415298,
    "psnr": 32.9325695972551,
    "ssim": 0.919197142124176
  }
}
