{
  "budget": "existence_probe",
  "budget_max_disp_px": 8.0,
  "candidate_folder_abs": "/home/interns/Desktop/mat/phase2/outputs/phase2a_probe/add_black_sunglasses/existence_probe/seed_00/candidates/cand_001_g01_m01",
  "candidate_index": 1,
  "candidate_name": "cand_001_g01_m01",
  "dct_modes": [
    [
      1,
      0
    ],
    [
      0,
      1
    ],
    [
      1,
      1
    ],
    [
      2,
      0
    ],
    [
      0,
      2
    ],
    [
      2,
      1
    ]
  ],
  "elapsed_seconds": 5.312019437551498,
  "generation": 1,
  "geometry_method": "region_local_dct",
  "initial_candidate": false,
  "input_l2": 0.018625589007436404,
  "input_max_abs": 0.8941176533699036,
  "input_mean_abs": 0.0033972046803683043,
  "input_psnr": 34.59779968849573,
  "input_ssim": 0.9723065495491028,
  "max_disp_px": 2.4970898628234863,
  "max_disp_px_budget": 8.0,
  "mean_disp_px": 0.18980668485164642,
  "member": 1,
  "mesh_size": 4,
  "output_l2": 0.01905435670953221,
  "output_max_abs": 0.6196078658103943,
  "output_mean_abs": 0.007419152185320854,
  "output_psnr": 34.400114175533865,
  "output_ssim": 0.9688873887062073,
  "p95_disp_px": 1.7726713418960571,
  "phase": "phase2a_probe",
  "prompt": "add black sunglasses",
  "prompt_priority": 2,
  "prompt_slug": "add_black_sunglasses",
  "region_count": 1,
  "region_key": "glasses",
  "scale_factor": 0.8238706588745117,
  "seed": 23201,
  "target_input_ssim": 0.86,
  "tps_size": 4
}
