{
  "displacement": {
    "budget_max_disp_px": 8.0,
    "max_disp_px": 4.571574687957764,
    "max_disp_px_budget": 8.0,
    "mean_disp_px": 1.0254229307174683,
    "p95_disp_px": 2.6753954887390137,
    "target_input_ssim": 0.88
  },
  "input": {
    "l2": 0.032248670046481846,
    "max_abs": 0.7960784435272217,
    "mean_abs": 0.01473246794193983,
    "psnr": 29.8297638242233,
    "ssim": 0.9069197773933411
  },
  "output": {
    "l2": 0.04731226169010903,
    "max_abs": 0.9058823585510254,
    "mean_abs": 0.020884135738015175,
    "psnr": 26.500525813471082,
    "ssim": 0.8763852715492249
  }
}
