{
  "displacement": {
    "budget_max_disp_px": 6.0,
    "max_disp_px": 4.113317012786865,
    "max_disp_px_budget": 6.0,
    "mean_disp_px": 0.25710758566856384,
    "p95_disp_px": 2.242971897125244,
    "target_input_ssim": 0.9
  },
  "input": {
    "l2": 0.01450840657108674,
    "max_abs": 0.5529412031173706,
    "mean_abs": 0.002920253202319145,
    "psnr": 36.76760565253319,
    "ssim": 0.9723541140556335
  },
  "output": {
    "l2": 0.01952247720629642,
    "max_abs": 0.4588235318660736,
    "mean_abs": 0.004981930833309889,
    "psnr": 34.18930151129051,
    "ssim": 0.9689569473266602
  }
}
