{
  "clean": {
    "l2": 0.04413104148442241,
    "max_abs": 0.6117647290229797,
    "mean_abs": 0.031167933717370033,
    "psnr": 27.105116463247235,
    "ssim": 0.8083394169807434
  },
  "clean_clip_margin": 0.021747857332229614
}
