{
  "geometry_info": {
    "action_names": [
      "eye_spread",
      "eye_compress",
      "eye_squint",
      "eye_raise_left",
      "eye_raise_right",
      "nose_bridge_shift_x",
      "asymmetry_twist"
    ],
    "action_strength": 0.72,
    "action_values": {
      "asymmetry_twist": -0.5190981961390561,
      "eye_compress": -0.37141990701002403,
      "eye_raise_left": 0.4540088076299437,
      "eye_raise_right": -0.411342246380014,
      "eye_spread": -0.46431990040126664,
      "eye_squint": -0.45421764437303774,
      "nose_bridge_shift_x": -0.20317692085268294
    },
    "active_actions": {
      "asymmetry_twist": -0.5190981961390561,
      "eye_compress": -0.37141990701002403,
      "eye_raise_left": 0.4540088076299437,
      "eye_raise_right": -0.411342246380014,
      "eye_spread": -0.46431990040126664,
      "eye_squint": -0.45421764437303774,
      "nose_bridge_shift_x": -0.20317692085268294
    },
    "active_anchor_count": 13,
    "control_point_count": 21,
    "geometry_method": "landmark_piecewise_affine",
    "max_disp_px_budget": 8.0,
    "scale_factor": 0.583049714760957,
    "source_control_points": [
      [
        212.48001098632812,
        217.60000610351562
      ],
      [
        184.32000732421875,
        217.60000610351562
      ],
      [
        299.5199890136719,
        217.60000610351562
      ],
      [
        327.67999267578125,
        217.60000610351562
      ],
      [
        212.48001098632812,
        199.67999267578125
      ],
      [
        212.48001098632812,
        235.52000427246094
      ],
      [
        299.5199890136719,
        199.67999267578125
      ],
      [
        299.5199890136719,
        235.52000427246094
      ],
      [
        256.0,
        263.67999267578125
      ],
      [
        112.63999938964844,
        248.3199920654297
      ],
      [
        174.0800018310547,
        394.239990234375
      ],
      [
        399.3599853515625,
        248.3199920654297
      ],
      [
        337.9200134277344,
        394.239990234375
      ],
      [
        0.0,
        0.0
      ],
      [
        511.0,
        0.0
      ],
      [
        0.0,
        511.0
      ],
      [
        511.0,
        511.0
      ],
      [
        256.0,
        0.0
      ],
      [
        256.0,
        511.0
      ],
      [
        0.0,
        256.0
      ],
      [
        511.0,
        256.0
      ]
    ],
    "target_control_points": [
      [
        213.01512145996094,
        214.9849090576172
      ],
      [
        184.85511779785156,
        217.60000610351562
      ],
      [
        298.9848937988281,
        219.96932983398438
      ],
      [
        327.1448974609375,
        217.60000610351562
      ],
      [
        212.48001098632812,
        194.4486083984375
      ],
      [
        212.48001098632812,
        236.82875061035156
      ],
      [
        299.5199890136719,
        199.4330291748047
      ],
      [
        299.5199890136719,
        239.3209686279297
      ],
      [
        254.82969665527344,
        263.67999267578125
      ],
      [
        112.63999938964844,
        251.30999755859375
      ],
      [
        174.0800018310547,
        395.7349853515625
      ],
      [
        399.3599853515625,
        245.32998657226562
      ],
      [
        337.9200134277344,
        392.7449951171875
      ],
      [
        0.0,
        0.0
      ],
      [
        511.0,
        0.0
      ],
      [
        0.0,
        511.0
      ],
      [
        511.0,
        511.0
      ],
      [
        256.0,
        0.0
      ],
      [
        256.0,
        511.0
      ],
      [
        0.0,
        256.0
      ],
      [
        511.0,
        256.0
      ]
    ],
    "tps_regularization": 0.0001
  },
  "names": [
    "scale_logit",
    "action_eye_spread",
    "action_eye_compress",
    "action_eye_squint",
    "action_eye_raise_left",
    "action_eye_raise_right",
    "action_nose_bridge_shift_x",
    "action_asymmetry_twist"
  ],
  "values": [
    -0.04240110516548157,
    -1.0885933637619019,
    -0.7531586289405823,
    -1.0429176092147827,
    1.0420070886611938,
    -0.878169596195221,
    -0.3637043237686157,
    -1.423445463180542
  ]
}
