{
  "budget": "strong",
  "budget_max_disp_px": 8.0,
  "candidate_folder_abs": "/home/interns/Desktop/mat/phase4/outputs/phase4a_existence_probe/cases/face_006/igs_1p50/add_black_sunglasses/strong/seed_00/candidates/cand_011_g01_m11",
  "candidate_index": 11,
  "candidate_name": "cand_011_g01_m11",
  "case_id": "face_006__add_black_sunglasses__igs_1p50",
  "elapsed_seconds": 2.6221599224954844,
  "face_id": "face_006",
  "generation": 1,
  "geometry_method": "landmark_piecewise_affine",
  "guidance_scale": 7.5,
  "image_guidance_scale": 1.5,
  "initial_candidate": false,
  "input_l2": 0.026586245168463255,
  "input_max_abs": 0.5921568870544434,
  "input_mean_abs": 0.011356429196894169,
  "input_psnr": 31.50685989328235,
  "input_ssim": 0.9189353585243225,
  "max_disp_px": 5.261947154998779,
  "max_disp_px_budget": 8.0,
  "mean_disp_px": 0.9222644567489624,
  "member": 11,
  "output_l2": 0.02956174091918061,
  "output_max_abs": 0.7607843279838562,
  "output_mean_abs": 0.013342153280973434,
  "output_psnr": 30.58539987013811,
  "output_ssim": 0.913679838180542,
  "p95_disp_px": 2.612826347351074,
  "phase": "phase4a_existence_probe",
  "prompt": "add black sunglasses",
  "prompt_slug": "add_black_sunglasses",
  "prompt_type": "glasses",
  "seed": 43001,
  "target_input_ssim": 0.88,
  "theta_names": [
    "scale_logit",
    "action_eye_spread",
    "action_eye_compress",
    "action_eye_squint",
    "action_eye_raise_left",
    "action_eye_raise_right",
    "action_nose_bridge_shift_x",
    "action_asymmetry_twist"
  ],
  "theta_values": [
    -0.04240110516548157,
    -1.0885933637619019,
    -0.7531586289405823,
    -1.0429176092147827,
    1.0420070886611938,
    -0.878169596195221,
    -0.3637043237686157,
    -1.423445463180542
  ]
}
