{
  "best_folder": "phase2/outputs/phase2c_probe/semantic_heavy_cem/headphones_ear_tight/existence_probe/seed_00/candidates/cand_009_g01_m09",
  "budget": "existence_probe",
  "budget_max_disp_px": 8.0,
  "candidate_folder": "phase2/outputs/phase2c_probe/semantic_heavy_cem/headphones_ear_tight/existence_probe/seed_00/candidates/cand_009_g01_m09",
  "candidate_index": 9,
  "candidate_name": "cand_009_g01_m09",
  "clean_clip_positive_margin": 0.027842342853546143,
  "clean_semantic_success_score": 0.027842342853546143,
  "clip_available": true,
  "clip_semantic_drop": -0.005008280277252197,
  "clip_warning": null,
  "crop_clip_available": true,
  "crop_clip_warning": null,
  "dct_modes": [
    [
      1,
      0
    ],
    [
      0,
      1
    ],
    [
      1,
      1
    ],
    [
      2,
      0
    ],
    [
      0,
      2
    ],
    [
      2,
      1
    ]
  ],
  "decision_label": "metric_only_candidate",
  "decision_reasons": [
    "semantic_drop_nonpositive:-0.0050",
    "semantic_drop_nonpositive:-0.0050"
  ],
  "edit_failure_score": 0.0,
  "elapsed_seconds": 4.992159429937601,
  "final_attack_score": 0.026517579182865878,
  "full_image_semantic_drop": -0.005008280277252197,
  "generation": 1,
  "geometry_excess_penalty": 0.0,
  "geometry_excess_penalty_weight": 0.75,
  "geometry_method": "region_local_tps",
  "identity_or_face_health_available": false,
  "initial_candidate": false,
  "input_damage_penalty": 0.0,
  "input_damage_penalty_weight": 3.0,
  "input_l2": 0.01007903225043945,
  "input_max_abs": 0.8745098114013672,
  "input_mean_abs": 0.001954571111127734,
  "input_preservation_score": 0.8722059386117118,
  "input_psnr": 39.931623303188026,
  "input_ssim": 0.9821088314056396,
  "left_crop_clean_margin": 0.02535329759120941,
  "left_crop_perturbed_margin": 0.0247708261013031,
  "left_crop_semantic_drop": 0.000582471489906311,
  "max_disp_px": 3.0555708408355713,
  "max_disp_px_budget": 8.0,
  "mean_crop_margin": 0.015137538313865662,
  "mean_crop_semantic_drop": 0.0029737303654352822,
  "mean_disp_px": 0.23897068202495575,
  "member": 9,
  "mesh_size": 4,
  "min_crop_margin": -0.002261638641357422,
  "min_crop_semantic_drop": -0.001421898603439331,
  "output_disruption_score": 0.10607031673146351,
  "output_disruption_weight": 0.25,
  "output_l2": 0.018275493606808444,
  "output_max_abs": 0.6352941393852234,
  "output_mean_abs": 0.005990913603454828,
  "output_psnr": 34.76261768513871,
  "output_ssim": 0.9670316576957703,
  "p95_disp_px": 1.7857129573822021,
  "path_flow": "phase2/outputs/phase2c_probe/semantic_heavy_cem/headphones_ear_tight/existence_probe/seed_00/candidates/cand_009_g01_m09/flow.png",
  "path_original": "phase2/outputs/phase2c_probe/semantic_heavy_cem/headphones_ear_tight/existence_probe/seed_00/candidates/cand_009_g01_m09/original.png",
  "path_original_edited": "phase2/outputs/phase2c_probe/semantic_heavy_cem/headphones_ear_tight/existence_probe/seed_00/candidates/cand_009_g01_m09/original_edited.png",
  "path_perturbed": "phase2/outputs/phase2c_probe/semantic_heavy_cem/headphones_ear_tight/existence_probe/seed_00/candidates/cand_009_g01_m09/perturbed.png",
  "path_perturbed_edited": "phase2/outputs/phase2c_probe/semantic_heavy_cem/headphones_ear_tight/existence_probe/seed_00/candidates/cand_009_g01_m09/perturbed_edited.png",
  "perturbed_clip_positive_margin": 0.03285062313079834,
  "perturbed_semantic_success_score": 0.03285062313079834,
  "phase": "phase2c_probe",
  "phase2_final_score": 0.026517579182865878,
  "phase2_output_disruption": 0.10607031673146351,
  "phase2_score_formula": "8.0*max(0,semantic_drop)+0.25*output_disruption-3.0*input_damage_penalty-0.75*geometry_excess_penalty",
  "prompt": "add headphones",
  "prompt_priority": 1,
  "prompt_slug": "add_headphones",
  "region_count": 2,
  "region_key": "headphones_ear_tight",
  "right_crop_clean_margin": 0.021481528878211975,
  "right_crop_perturbed_margin": 0.022903427481651306,
  "right_crop_semantic_drop": -0.001421898603439331,
  "scale_factor": 0.40849655866622925,
  "seed": 24202,
  "semantic_drop": -0.005008280277252197,
  "semantic_drop_weight": 8.0,
  "target_input_ssim": 0.86,
  "top_crop_clean_margin": 0.007498979568481445,
  "top_crop_perturbed_margin": -0.002261638641357422,
  "top_crop_semantic_drop": 0.009760618209838867,
  "tps_size": 4
}
