{
  "displacement": {
    "budget_max_disp_px": 14.0,
    "max_disp_px": 13.986000061035156,
    "max_disp_px_budget": 14.0,
    "mean_disp_px": 3.741061210632324,
    "p95_disp_px": 10.54609203338623,
    "target_input_ssim": 0.78
  },
  "input": {
    "l2": 0.06071119353346294,
    "max_abs": 0.8196078538894653,
    "mean_abs": 0.02482171170413494,
    "psnr": 24.334624583225665,
    "ssim": 0.8065254092216492
  },
  "output": {
    "l2": 0.08524520224396234,
    "max_abs": 0.9764705896377563,
    "mean_abs": 0.03696414455771446,
    "psnr": 21.386601090722685,
    "ssim": 0.7640015482902527
  }
}
