{
  "best_folder": "phase4/outputs/phase4a_existence_probe/cases/face_003/igs_1p50/add_headphones/existence_probe/seed_00/candidates/cand_054_g03_m14",
  "budget": "existence_probe",
  "budget_max_disp_px": 14.0,
  "candidate_folder": "phase4/outputs/phase4a_existence_probe/cases/face_003/igs_1p50/add_headphones/existence_probe/seed_00/candidates/cand_054_g03_m14",
  "candidate_index": 54,
  "candidate_name": "cand_054_g03_m14",
  "case_id": "face_003__add_headphones__igs_1p50",
  "clean_clip_positive_margin": 0.04772844910621643,
  "clean_semantic_success_score": 0.04772844910621643,
  "clip_available": true,
  "clip_semantic_drop": 0.0014832913875579834,
  "clip_warning": null,
  "crop_clip_available": true,
  "crop_clip_warning": null,
  "decision_label": "metric_only_candidate",
  "decision_reasons": [
    "semantic_drop_small:0.0015",
    "semantic_drop_small:0.0015",
    "semantic_drop_small:0.0015"
  ],
  "edit_failure_score": 0.0014832913875579834,
  "elapsed_seconds": 2.534478647634387,
  "face_id": "face_003",
  "final_attack_score": 0.20706056794766148,
  "full_image_semantic_drop": 0.0014832913875579834,
  "generation": 3,
  "geometry_excess_penalty": 0.0,
  "geometry_excess_penalty_weight": 0.75,
  "geometry_method": "landmark_piecewise_affine",
  "guidance_scale": 7.5,
  "identity_or_face_health_available": false,
  "image_guidance_scale": 1.5,
  "initial_candidate": false,
  "input_damage_penalty": 0.0,
  "input_damage_penalty_weight": 3.0,
  "input_l2": 0.031867251251977105,
  "input_max_abs": 0.5411764979362488,
  "input_mean_abs": 0.016130128875374794,
  "input_preservation_score": 0.3812504139813509,
  "input_psnr": 29.933107910055856,
  "input_ssim": 0.8638750910758972,
  "left_crop_clean_margin": 0.018402695655822754,
  "left_crop_perturbed_margin": 0.015259921550750732,
  "left_crop_semantic_drop": 0.0031427741050720215,
  "max_disp_px": 5.242993354797363,
  "max_disp_px_budget": 14.0,
  "mean_crop_margin": 0.00836782157421112,
  "mean_crop_semantic_drop": 0.006966084241867065,
  "mean_disp_px": 1.3173277378082275,
  "member": 14,
  "min_crop_margin": -0.01133030652999878,
  "min_crop_semantic_drop": 0.0031427741050720215,
  "output_disruption_score": 0.3903884736943952,
  "output_disruption_weight": 0.5,
  "output_l2": 0.0530024729234157,
  "output_max_abs": 0.9019607901573181,
  "output_mean_abs": 0.025500662624835968,
  "output_psnr": 25.514077343101548,
  "output_ssim": 0.8216214179992676,
  "p95_disp_px": 3.4035520553588867,
  "path_clean_edit": "phase4/outputs/phase4a_existence_probe/cases/face_003/igs_1p50/add_headphones/existence_probe/seed_00/candidates/cand_054_g03_m14/clean_edit.png",
  "path_flow": "phase4/outputs/phase4a_existence_probe/cases/face_003/igs_1p50/add_headphones/existence_probe/seed_00/candidates/cand_054_g03_m14/flow.png",
  "path_landmarks_overlay_original": "phase4/outputs/phase4a_existence_probe/cases/face_003/igs_1p50/add_headphones/existence_probe/seed_00/candidates/cand_054_g03_m14/landmarks_overlay_original.jpg",
  "path_landmarks_overlay_perturbed": "phase4/outputs/phase4a_existence_probe/cases/face_003/igs_1p50/add_headphones/existence_probe/seed_00/candidates/cand_054_g03_m14/landmarks_overlay_perturbed.jpg",
  "path_original": "phase4/outputs/phase4a_existence_probe/cases/face_003/igs_1p50/add_headphones/existence_probe/seed_00/candidates/cand_054_g03_m14/original.png",
  "path_perturbed": "phase4/outputs/phase4a_existence_probe/cases/face_003/igs_1p50/add_headphones/existence_probe/seed_00/candidates/cand_054_g03_m14/perturbed.png",
  "path_perturbed_edit": "phase4/outputs/phase4a_existence_probe/cases/face_003/igs_1p50/add_headphones/existence_probe/seed_00/candidates/cand_054_g03_m14/perturbed_edit.png",
  "perturbed_clip_positive_margin": 0.04624515771865845,
  "perturbed_semantic_success_score": 0.04624515771865845,
  "phase": "phase4a_existence_probe",
  "phase2_final_score": 0.20706056794766148,
  "phase2_output_disruption": 0.3903884736943952,
  "phase2_score_formula": "8.0*max(0,semantic_drop)+0.5*output_disruption-3.0*input_damage_penalty-0.75*geometry_excess_penalty",
  "phase4_budget_name": "existence_probe",
  "phase4_final_score": 0.20706056794766148,
  "phase4_score_formula": "8.0*max(0,semantic_drop)+0.5*output_disruption-3.0*input_damage_penalty-0.75*geometry_excess_penalty",
  "prompt": "add headphones",
  "prompt_slug": "add_headphones",
  "prompt_type": "headphones",
  "right_crop_clean_margin": 0.026048898696899414,
  "right_crop_perturbed_margin": 0.02117384970188141,
  "right_crop_semantic_drop": 0.004875048995018005,
  "seed": 46101,
  "semantic_drop": 0.0014832913875579834,
  "semantic_drop_weight": 8.0,
  "target_input_ssim": 0.78,
  "theta_names": [
    "scale_logit",
    "action_face_side_push_left",
    "action_face_side_push_right",
    "action_head_top_raise",
    "action_head_top_lower",
    "action_jaw_expand",
    "action_jaw_compress",
    "action_asymmetry_twist"
  ],
  "theta_values": [
    -0.3808755576610565,
    1.325545072555542,
    -0.2716374397277832,
    0.2824958860874176,
    -0.46744686365127563,
    0.809807300567627,
    1.1597586870193481,
    0.9499307870864868
  ],
  "top_crop_clean_margin": 0.0015501230955123901,
  "top_crop_perturbed_margin": -0.01133030652999878,
  "top_crop_semantic_drop": 0.01288042962551117
}
