{
  "geometry_info": {
    "action_names": [
      "eye_spread",
      "eye_compress",
      "eye_squint",
      "eye_raise_left",
      "eye_raise_right",
      "nose_bridge_shift_x",
      "asymmetry_twist"
    ],
    "action_strength": 0.72,
    "action_values": {
      "asymmetry_twist": 0.49913266478776147,
      "eye_compress": 0.6450377665321405,
      "eye_raise_left": 0.35697604838456515,
      "eye_raise_right": -0.13488037042844503,
      "eye_spread": -0.8226069197072855,
      "eye_squint": -0.19112441161693644,
      "nose_bridge_shift_x": 0.20934858632913708
    },
    "active_actions": {
      "asymmetry_twist": 0.49913266478776147,
      "eye_compress": 0.6450377665321405,
      "eye_raise_left": 0.35697604838456515,
      "eye_raise_right": -0.13488037042844503,
      "eye_spread": -0.8226069197072855,
      "eye_squint": -0.19112441161693644,
      "nose_bridge_shift_x": 0.20934858632913708
    },
    "active_anchor_count": 13,
    "control_point_count": 21,
    "geometry_method": "landmark_piecewise_affine",
    "max_disp_px_budget": 14.0,
    "scale_factor": 0.8337674826409498,
    "source_control_points": [
      [
        212.48001098632812,
        217.60000610351562
      ],
      [
        184.32000732421875,
        217.60000610351562
      ],
      [
        299.5199890136719,
        217.60000610351562
      ],
      [
        327.67999267578125,
        217.60000610351562
      ],
      [
        212.48001098632812,
        199.67999267578125
      ],
      [
        212.48001098632812,
        235.52000427246094
      ],
      [
        299.5199890136719,
        199.67999267578125
      ],
      [
        299.5199890136719,
        235.52000427246094
      ],
      [
        256.0,
        263.67999267578125
      ],
      [
        112.63999938964844,
        248.3199920654297
      ],
      [
        174.0800018310547,
        394.239990234375
      ],
      [
        399.3599853515625,
        248.3199920654297
      ],
      [
        337.9200134277344,
        394.239990234375
      ],
      [
        0.0,
        0.0
      ],
      [
        511.0,
        0.0
      ],
      [
        0.0,
        511.0
      ],
      [
        511.0,
        511.0
      ],
      [
        256.0,
        0.0
      ],
      [
        256.0,
        511.0
      ],
      [
        0.0,
        256.0
      ],
      [
        511.0,
        256.0
      ]
    ],
    "target_control_points": [
      [
        227.27386474609375,
        214.00169372558594
      ],
      [
        199.11386108398438,
        217.60000610351562
      ],
      [
        284.72613525390625,
        218.9595947265625
      ],
      [
        312.8861389160156,
        217.60000610351562
      ],
      [
        212.48001098632812,
        194.15513610839844
      ],
      [
        212.48001098632812,
        235.6473846435547
      ],
      [
        299.5199890136719,
        199.11305236816406
      ],
      [
        299.5199890136719,
        238.1263427734375
      ],
      [
        258.1102294921875,
        263.67999267578125
      ],
      [
        112.63999938964844,
        243.2887420654297
      ],
      [
        174.0800018310547,
        391.724365234375
      ],
      [
        399.3599853515625,
        253.3512420654297
      ],
      [
        337.9200134277344,
        396.755615234375
      ],
      [
        0.0,
        0.0
      ],
      [
        511.0,
        0.0
      ],
      [
        0.0,
        511.0
      ],
      [
        511.0,
        511.0
      ],
      [
        256.0,
        0.0
      ],
      [
        256.0,
        511.0
      ],
      [
        0.0,
        256.0
      ],
      [
        511.0,
        256.0
      ]
    ],
    "tps_regularization": 0.0001
  },
  "names": [
    "scale_logit",
    "action_eye_spread",
    "action_eye_compress",
    "action_eye_squint",
    "action_eye_raise_left",
    "action_eye_raise_right",
    "action_nose_bridge_shift_x",
    "action_asymmetry_twist"
  ],
  "values": [
    0.6691473126411438,
    -2.5,
    1.029336929321289,
    -0.23337647318840027,
    0.4576270282268524,
    -0.16320595145225525,
    0.2565731406211853,
    0.6910362839698792
  ]
}
