{
  "displacement": {
    "budget_max_disp_px": 6.0,
    "max_disp_px": 5.2502827644348145,
    "max_disp_px_budget": 6.0,
    "mean_disp_px": 1.2307243347167969,
    "p95_disp_px": 4.533881664276123,
    "target_input_ssim": 0.9
  },
  "input": {
    "l2": 0.031622547265870646,
    "max_abs": 0.8784313797950745,
    "mean_abs": 0.010328644886612892,
    "psnr": 30.00006299234287,
    "ssim": 0.9026945233345032
  },
  "output": {
    "l2": 0.03987156765268326,
    "max_abs": 0.9058823585510254,
    "mean_abs": 0.015935983508825302,
    "psnr": 27.986733772066607,
    "ssim": 0.8907262682914734
  }
}
