{
  "action_names": [
    "face_side_push_left",
    "face_side_push_right",
    "head_top_raise",
    "head_top_lower",
    "jaw_expand",
    "jaw_compress",
    "asymmetry_twist"
  ],
  "action_strength": 0.72,
  "action_values": {
    "asymmetry_twist": -0.29147510118162834,
    "face_side_push_left": -0.28639623966384936,
    "face_side_push_right": 0.10960756259718551,
    "head_top_lower": -0.4074805363299273,
    "head_top_raise": 0.39879412008587856,
    "jaw_compress": -0.35602455464133115,
    "jaw_expand": -0.4611487605548335
  },
  "active_actions": {
    "asymmetry_twist": -0.29147510118162834,
    "face_side_push_left": -0.28639623966384936,
    "face_side_push_right": 0.10960756259718551,
    "head_top_lower": -0.4074805363299273,
    "head_top_raise": 0.39879412008587856,
    "jaw_compress": -0.35602455464133115,
    "jaw_expand": -0.4611487605548335
  },
  "active_anchor_count": 7,
  "control_point_count": 15,
  "geometry_method": "landmark_piecewise_affine",
  "max_disp_px_budget": 8.0,
  "scale_factor": 0.48512348478187167,
  "source_control_points": [
    [
      112.63999938964844,
      248.3199920654297
    ],
    [
      112.63999938964844,
      253.44000244140625
    ],
    [
      399.3599853515625,
      248.3199920654297
    ],
    [
      399.3599853515625,
      253.44000244140625
    ],
    [
      256.0,
      87.04000091552734
    ],
    [
      174.0800018310547,
      394.239990234375
    ],
    [
      337.9200134277344,
      394.239990234375
    ],
    [
      0.0,
      0.0
    ],
    [
      511.0,
      0.0
    ],
    [
      0.0,
      511.0
    ],
    [
      511.0,
      511.0
    ],
    [
      256.0,
      0.0
    ],
    [
      256.0,
      511.0
    ],
    [
      0.0,
      256.0
    ],
    [
      511.0,
      256.0
    ]
  ],
  "target_control_points": [
    [
      114.28964233398438,
      249.99888610839844
    ],
    [
      113.87722778320312,
      253.44000244140625
    ],
    [
      399.9913330078125,
      246.64109802246094
    ],
    [
      399.83349609375,
      253.44000244140625
    ],
    [
      256.0,
      82.39585876464844
    ],
    [
      174.68551635742188,
      395.0794372558594
    ],
    [
      337.3144836425781,
      393.4005432128906
    ],
    [
      0.0,
      0.0
    ],
    [
      511.0,
      0.0
    ],
    [
      0.0,
      511.0
    ],
    [
      511.0,
      511.0
    ],
    [
      256.0,
      0.0
    ],
    [
      256.0,
      511.0
    ],
    [
      0.0,
      256.0
    ],
    [
      511.0,
      256.0
    ]
  ],
  "tps_regularization": 0.0001
}
