{
  "displacement": {
    "budget_max_disp_px": 6.0,
    "max_disp_px": 1.4757269620895386,
    "max_disp_px_budget": 6.0,
    "mean_disp_px": 0.1308518797159195,
    "p95_disp_px": 1.1838715076446533,
    "target_input_ssim": 0.9
  },
  "input": {
    "l2": 0.008276236495811898,
    "max_abs": 0.2588235139846802,
    "mean_abs": 0.0018351984908804297,
    "psnr": 41.64334215481282,
    "ssim": 0.9863203167915344
  },
  "output": {
    "l2": 0.009435692049329819,
    "max_abs": 0.5372549295425415,
    "mean_abs": 0.0029715141281485558,
    "psnr": 40.504524830631716,
    "ssim": 0.9836940765380859
  }
}
