{
  "best_folder": "phase2/outputs/phase2c_probe/semantic_heavy_cem/headphones_sides_only/existence_probe/seed_00/candidates/cand_049_g04_m01",
  "budget": "existence_probe",
  "budget_max_disp_px": 8.0,
  "candidate_folder": "phase2/outputs/phase2c_probe/semantic_heavy_cem/headphones_sides_only/existence_probe/seed_00/candidates/cand_049_g04_m01",
  "candidate_index": 49,
  "candidate_name": "cand_049_g04_m01",
  "clean_clip_positive_margin": 0.027842342853546143,
  "clean_semantic_success_score": 0.027842342853546143,
  "clip_available": true,
  "clip_semantic_drop": 0.020516932010650635,
  "clip_warning": null,
  "crop_clip_available": true,
  "crop_clip_warning": null,
  "dct_modes": [
    [
      1,
      0
    ],
    [
      0,
      1
    ],
    [
      1,
      1
    ],
    [
      2,
      0
    ],
    [
      0,
      2
    ],
    [
      2,
      1
    ]
  ],
  "decision_label": "weak_candidate",
  "decision_reasons": [],
  "edit_failure_score": 0.020516932010650635,
  "elapsed_seconds": 4.887572692707181,
  "final_attack_score": 0.1970830583073882,
  "full_image_semantic_drop": 0.020516932010650635,
  "generation": 4,
  "geometry_excess_penalty": 0.0,
  "geometry_excess_penalty_weight": 0.75,
  "geometry_method": "region_local_tps",
  "identity_or_face_health_available": false,
  "initial_candidate": false,
  "input_damage_penalty": 0.0,
  "input_damage_penalty_weight": 3.0,
  "input_l2": 0.011649650135913278,
  "input_max_abs": 0.7215686440467834,
  "input_mean_abs": 0.0033336468040943146,
  "input_preservation_score": 0.7952627284186227,
  "input_psnr": 38.67374234481737,
  "input_ssim": 0.9713367819786072,
  "left_crop_clean_margin": 0.02535329759120941,
  "left_crop_perturbed_margin": 0.025139719247817993,
  "left_crop_semantic_drop": 0.00021357834339141846,
  "max_disp_px": 2.4042837619781494,
  "max_disp_px_budget": 8.0,
  "mean_crop_margin": 0.01398758590221405,
  "mean_crop_semantic_drop": 0.004123682777086894,
  "mean_disp_px": 0.3080255687236786,
  "member": 1,
  "mesh_size": 4,
  "min_crop_margin": -0.002019926905632019,
  "min_crop_semantic_drop": 0.00021357834339141846,
  "output_disruption_score": 0.1317904088887325,
  "output_disruption_weight": 0.25,
  "output_l2": 0.021192180464485066,
  "output_max_abs": 0.7098039388656616,
  "output_mean_abs": 0.008821165189146996,
  "output_psnr": 33.476487128195046,
  "output_ssim": 0.9529783129692078,
  "p95_disp_px": 1.643451452255249,
  "path_flow": "phase2/outputs/phase2c_probe/semantic_heavy_cem/headphones_sides_only/existence_probe/seed_00/candidates/cand_049_g04_m01/flow.png",
  "path_original": "phase2/outputs/phase2c_probe/semantic_heavy_cem/headphones_sides_only/existence_probe/seed_00/candidates/cand_049_g04_m01/original.png",
  "path_original_edited": "phase2/outputs/phase2c_probe/semantic_heavy_cem/headphones_sides_only/existence_probe/seed_00/candidates/cand_049_g04_m01/original_edited.png",
  "path_perturbed": "phase2/outputs/phase2c_probe/semantic_heavy_cem/headphones_sides_only/existence_probe/seed_00/candidates/cand_049_g04_m01/perturbed.png",
  "path_perturbed_edited": "phase2/outputs/phase2c_probe/semantic_heavy_cem/headphones_sides_only/existence_probe/seed_00/candidates/cand_049_g04_m01/perturbed_edited.png",
  "perturbed_clip_positive_margin": 0.007325410842895508,
  "perturbed_semantic_success_score": 0.007325410842895508,
  "phase": "phase2c_probe",
  "phase2_final_score": 0.1970830583073882,
  "phase2_output_disruption": 0.1317904088887325,
  "phase2_score_formula": "8.0*max(0,semantic_drop)+0.25*output_disruption-3.0*input_damage_penalty-0.75*geometry_excess_penalty",
  "prompt": "add headphones",
  "prompt_priority": 1,
  "prompt_slug": "add_headphones",
  "region_count": 2,
  "region_key": "headphones_sides_only",
  "right_crop_clean_margin": 0.021481528878211975,
  "right_crop_perturbed_margin": 0.018842965364456177,
  "right_crop_semantic_drop": 0.0026385635137557983,
  "scale_factor": 0.30666884779930115,
  "seed": 24102,
  "semantic_drop": 0.020516932010650635,
  "semantic_drop_weight": 8.0,
  "target_input_ssim": 0.86,
  "top_crop_clean_margin": 0.007498979568481445,
  "top_crop_perturbed_margin": -0.002019926905632019,
  "top_crop_semantic_drop": 0.009518906474113464,
  "tps_size": 4
}
