{
  "clean_clip_positive_margin": 0.026591509580612183,
  "clean_semantic_success_score": 0.026591509580612183,
  "clip_available": true,
  "clip_semantic_drop": -0.001925826072692871,
  "clip_warning": null,
  "decision_label": "metric_only_candidate",
  "decision_reasons": [
    "semantic_drop_nonpositive:-0.0019",
    "semantic_drop_nonpositive:-0.0019"
  ],
  "edit_failure_score": 0.0,
  "final_attack_score": 0.14565744375555273,
  "geometry_excess_penalty": 0.0,
  "geometry_excess_penalty_weight": 1.0,
  "identity_or_face_health_available": false,
  "input_damage_penalty": 0.0,
  "input_damage_penalty_weight": 3.0,
  "input_l2": 0.013754570621113661,
  "input_max_abs": 0.5647059082984924,
  "input_mean_abs": 0.0029155462980270386,
  "input_preservation_score": 0.8224450009209769,
  "input_psnr": 37.231059250221094,
  "input_ssim": 0.9751423001289368,
  "max_disp_px_budget": 8.0,
  "output_disruption_score": 0.14565744375555273,
  "output_disruption_weight": 1.0,
  "output_l2": 0.023698827563148134,
  "output_max_abs": 0.611764669418335,
  "output_mean_abs": 0.007861337624490261,
  "output_psnr": 32.50546278059976,
  "output_ssim": 0.9491378664970398,
  "perturbed_clip_positive_margin": 0.028517335653305054,
  "perturbed_semantic_success_score": 0.028517335653305054,
  "phase2_final_score": 0.14565744375555273,
  "phase2_output_disruption": 0.14565744375555273,
  "phase2_score_formula": "4*max(0,semantic_drop)+1*output_disruption-3*input_damage_penalty-1*geometry_excess_penalty",
  "semantic_drop": -0.001925826072692871,
  "semantic_drop_weight": 4.0,
  "target_input_ssim": 0.86
}
