{
  "clean_clip_positive_margin": 0.04682642221450806,
  "clean_semantic_success_score": 0.04682642221450806,
  "clip_available": true,
  "clip_semantic_drop": 0.0010551810264587402,
  "clip_warning": null,
  "crop_clip_available": true,
  "crop_clip_warning": null,
  "decision_label": "metric_only_candidate",
  "decision_reasons": [
    "semantic_drop_small:0.0011",
    "semantic_drop_small:0.0011",
    "semantic_drop_small:0.0011"
  ],
  "edit_failure_score": 0.0010551810264587402,
  "final_attack_score": 0.12239297218885566,
  "full_image_semantic_drop": 0.0010551810264587402,
  "geometry_excess_penalty": 0.0,
  "geometry_excess_penalty_weight": 0.75,
  "identity_or_face_health_available": false,
  "input_damage_penalty": 0.0,
  "input_damage_penalty_weight": 3.0,
  "input_l2": 0.01786387335463108,
  "input_max_abs": 0.32156866788864136,
  "input_mean_abs": 0.009067895822227001,
  "input_preservation_score": 0.542116622130076,
  "input_psnr": 34.960487376855795,
  "input_ssim": 0.9450539946556091,
  "left_crop_clean_margin": 0.01800447702407837,
  "left_crop_perturbed_margin": 0.022789090871810913,
  "left_crop_semantic_drop": -0.004784613847732544,
  "max_disp_px_budget": 8.0,
  "mean_crop_margin": 0.01541633407274882,
  "mean_crop_semantic_drop": -0.0012458662192026775,
  "min_crop_margin": -0.0016222447156906128,
  "min_crop_semantic_drop": -0.004784613847732544,
  "output_disruption_score": 0.22790304795437147,
  "output_disruption_weight": 0.5,
  "output_l2": 0.03294646237177921,
  "output_max_abs": 0.6705882549285889,
  "output_mean_abs": 0.01721280626952648,
  "output_psnr": 29.643824219212114,
  "output_ssim": 0.9038828015327454,
  "perturbed_clip_positive_margin": 0.045771241188049316,
  "perturbed_semantic_success_score": 0.045771241188049316,
  "phase2_final_score": 0.12239297218885566,
  "phase2_output_disruption": 0.22790304795437147,
  "phase2_score_formula": "8.0*max(0,semantic_drop)+0.5*output_disruption-3.0*input_damage_penalty-0.75*geometry_excess_penalty",
  "phase4_budget_name": "strong",
  "phase4_final_score": 0.12239297218885566,
  "phase4_score_formula": "8.0*max(0,semantic_drop)+0.5*output_disruption-3.0*input_damage_penalty-0.75*geometry_excess_penalty",
  "right_crop_clean_margin": 0.02526278793811798,
  "right_crop_perturbed_margin": 0.02508215606212616,
  "right_crop_semantic_drop": 0.0001806318759918213,
  "semantic_drop": 0.0010551810264587402,
  "semantic_drop_weight": 8.0,
  "target_input_ssim": 0.88,
  "top_crop_clean_margin": -0.0007558614015579224,
  "top_crop_perturbed_margin": -0.0016222447156906128,
  "top_crop_semantic_drop": 0.0008663833141326904
}
