{
  "displacement": {
    "budget_max_disp_px": 6.0,
    "max_disp_px": 2.1086490154266357,
    "max_disp_px_budget": 6.0,
    "mean_disp_px": 0.19774329662322998,
    "p95_disp_px": 1.1515132188796997,
    "target_input_ssim": 0.9
  },
  "input": {
    "l2": 0.010357750986140722,
    "max_abs": 0.4274510145187378,
    "mean_abs": 0.002459996147081256,
    "psnr": 39.69469068398167,
    "ssim": 0.9862514138221741
  },
  "output": {
    "l2": 0.05051499265200659,
    "max_abs": 0.886274516582489,
    "mean_abs": 0.02272752672433853,
    "psnr": 25.931594116958752,
    "ssim": 0.9362738132476807
  }
}
