{
  "displacement": {
    "budget_max_disp_px": 6.0,
    "max_disp_px": 3.471566677093506,
    "max_disp_px_budget": 6.0,
    "mean_disp_px": 0.6719257235527039,
    "p95_disp_px": 2.9411816596984863,
    "target_input_ssim": 0.9
  },
  "input": {
    "l2": 0.02271507027932108,
    "max_abs": 0.5176470875740051,
    "mean_abs": 0.007994464598596096,
    "psnr": 32.87371830322605,
    "ssim": 0.92329341173172
  },
  "output": {
    "l2": 0.04505740587448731,
    "max_abs": 0.7372549176216125,
    "mean_abs": 0.01956898905336857,
    "psnr": 26.92467631741315,
    "ssim": 0.9118857383728027
  }
}
