{
  "clean_clip_positive_margin": 0.04772844910621643,
  "clean_semantic_success_score": 0.04772844910621643,
  "clip_available": true,
  "clip_semantic_drop": 0.00013023614883422852,
  "clip_warning": null,
  "crop_clip_available": true,
  "crop_clip_warning": null,
  "decision_label": "reject_input_damage",
  "decision_reasons": [
    "input_ssim_below_target:0.6017<0.7800",
    "semantic_drop_small:0.0001"
  ],
  "edit_failure_score": 0.00013023614883422852,
  "final_attack_score": -3.825674170263737,
  "full_image_semantic_drop": 0.00013023614883422852,
  "geometry_excess_penalty": 0.0,
  "geometry_excess_penalty_weight": 0.75,
  "identity_or_face_health_available": false,
  "input_damage_penalty": 1.4261228942871096,
  "input_damage_penalty_weight": 3.0,
  "input_l2": 0.08957008998126187,
  "input_max_abs": 0.7529411911964417,
  "input_mean_abs": 0.04994724690914154,
  "input_preservation_score": 0.0,
  "input_psnr": 20.956739789944116,
  "input_ssim": 0.6017346382141113,
  "left_crop_clean_margin": 0.018402695655822754,
  "left_crop_perturbed_margin": 0.015407979488372803,
  "left_crop_semantic_drop": 0.002994716167449951,
  "max_disp_px_budget": 14.0,
  "mean_crop_margin": 0.0085267573595047,
  "mean_crop_semantic_drop": 0.006807148456573486,
  "min_crop_margin": -0.010830044746398926,
  "min_crop_semantic_drop": 0.002994716167449951,
  "output_disruption_score": 0.9033052468138355,
  "output_disruption_weight": 0.5,
  "output_l2": 0.10998547434403047,
  "output_max_abs": 0.9098039269447327,
  "output_mean_abs": 0.06143602356314659,
  "output_psnr": 19.173293356615073,
  "output_ssim": 0.5366366505622864,
  "perturbed_clip_positive_margin": 0.0475982129573822,
  "perturbed_semantic_success_score": 0.0475982129573822,
  "phase2_final_score": -3.825674170263737,
  "phase2_output_disruption": 0.9033052468138355,
  "phase2_score_formula": "8.0*max(0,semantic_drop)+0.5*output_disruption-3.0*input_damage_penalty-0.75*geometry_excess_penalty",
  "phase4_budget_name": "existence_probe",
  "phase4_final_score": -3.825674170263737,
  "phase4_score_formula": "8.0*max(0,semantic_drop)+0.5*output_disruption-3.0*input_damage_penalty-0.75*geometry_excess_penalty",
  "right_crop_clean_margin": 0.026048898696899414,
  "right_crop_perturbed_margin": 0.021002337336540222,
  "right_crop_semantic_drop": 0.005046561360359192,
  "semantic_drop": 0.00013023614883422852,
  "semantic_drop_weight": 8.0,
  "target_input_ssim": 0.78,
  "top_crop_clean_margin": 0.0015501230955123901,
  "top_crop_perturbed_margin": -0.010830044746398926,
  "top_crop_semantic_drop": 0.012380167841911316
}
