{
  "displacement": {
    "foldover_fraction_det_below_0": 0.0,
    "jacobian_det_mean": 1.0,
    "jacobian_det_min": 0.9540135264396667,
    "low_det_fraction_below_0p2": 0.0,
    "max_disp_px": 1.8866013288497925,
    "mean_disp_px": 0.194647878408432,
    "p95_disp_px": 0.6887026429176331
  },
  "input": {
    "l2": 0.010119361551800194,
    "max_abs": 0.250980406999588,
    "mean_abs": 0.0034524204675108194,
    "psnr": 39.89693774059008,
    "ssim": 0.9751322269439697
  },
  "output": {
    "l2": 0.02260083191070264,
    "max_abs": 0.6000000238418579,
    "mean_abs": 0.014477704651653767,
    "psnr": 32.91751149353154,
    "ssim": 0.9472095966339111
  }
}
