{
  "budget": "existence_probe",
  "budget_max_disp_px": 14.0,
  "candidate_folder_abs": "/home/interns/Desktop/mat/phase4/outputs/phase4a_existence_probe/cases/face_002/igs_1p50/add_headphones/existence_probe/seed_00/candidates/cand_033_g02_m13",
  "candidate_index": 33,
  "candidate_name": "cand_033_g02_m13",
  "case_id": "face_002__add_headphones__igs_1p50",
  "elapsed_seconds": 2.7778907380998135,
  "face_id": "face_002",
  "generation": 2,
  "geometry_method": "landmark_semantic_tps",
  "guidance_scale": 7.5,
  "image_guidance_scale": 1.5,
  "initial_candidate": false,
  "input_l2": 0.03977087236147183,
  "input_max_abs": 0.8196078538894653,
  "input_mean_abs": 0.018816988915205002,
  "input_psnr": 28.008697655956375,
  "input_ssim": 0.8546608090400696,
  "max_disp_px": 3.48030686378479,
  "max_disp_px_budget": 14.0,
  "mean_disp_px": 1.0972219705581665,
  "member": 13,
  "output_l2": 0.05709980769715855,
  "output_max_abs": 0.8784313797950745,
  "output_mean_abs": 0.027322672307491302,
  "output_psnr": 24.86730708769373,
  "output_ssim": 0.8145041465759277,
  "p95_disp_px": 2.599588394165039,
  "phase": "phase4a_existence_probe",
  "prompt": "add headphones",
  "prompt_slug": "add_headphones",
  "prompt_type": "headphones",
  "seed": 51101,
  "target_input_ssim": 0.78,
  "theta_names": [
    "scale_logit",
    "action_face_side_push_left",
    "action_face_side_push_right",
    "action_head_top_raise",
    "action_head_top_lower",
    "action_jaw_expand",
    "action_jaw_compress",
    "action_asymmetry_twist"
  ],
  "theta_values": [
    -1.1420906782150269,
    -0.772748589515686,
    1.244530439376831,
    0.5115662217140198,
    -0.09692425280809402,
    -0.17557162046432495,
    -0.5565236210823059,
    0.02440139651298523
  ]
}
