{
  "clean_clip_positive_margin": 0.055569812655448914,
  "clean_semantic_success_score": 0.055569812655448914,
  "clip_available": true,
  "clip_semantic_drop": 0.001766696572303772,
  "clip_warning": null,
  "crop_clip_available": true,
  "crop_clip_warning": null,
  "decision_label": "reject_input_damage",
  "decision_reasons": [
    "input_ssim_below_target:0.7435<0.8800",
    "semantic_drop_small:0.0018"
  ],
  "edit_failure_score": 0.001766696572303772,
  "final_attack_score": -2.9544934466638875,
  "full_image_semantic_drop": 0.001766696572303772,
  "geometry_excess_penalty": 0.0,
  "geometry_excess_penalty_weight": 0.75,
  "identity_or_face_health_available": false,
  "input_damage_penalty": 1.09202054977417,
  "input_damage_penalty_weight": 3.0,
  "input_l2": 0.06383123348235496,
  "input_max_abs": 0.8235294222831726,
  "input_mean_abs": 0.0345892496407032,
  "input_preservation_score": 0.0,
  "input_psnr": 23.8993352626167,
  "input_ssim": 0.7434974312782288,
  "left_crop_clean_margin": 0.027460142970085144,
  "left_crop_perturbed_margin": 0.0259539932012558,
  "left_crop_semantic_drop": 0.0015061497688293457,
  "max_disp_px_budget": 8.0,
  "mean_crop_margin": 0.016748011112213135,
  "mean_crop_semantic_drop": 0.00022225578625996908,
  "min_crop_margin": -0.0028223395347595215,
  "min_crop_semantic_drop": -0.0017543882131576538,
  "output_disruption_score": 0.6148692601603848,
  "output_disruption_weight": 0.5,
  "output_l2": 0.07972725316093818,
  "output_max_abs": 0.9098039269447327,
  "output_mean_abs": 0.04290248081088066,
  "output_psnr": 21.967863967498744,
  "output_ssim": 0.7040397524833679,
  "perturbed_clip_positive_margin": 0.05380311608314514,
  "perturbed_semantic_success_score": 0.05380311608314514,
  "phase2_final_score": -2.9544934466638875,
  "phase2_output_disruption": 0.6148692601603848,
  "phase2_score_formula": "8.0*max(0,semantic_drop)+0.5*output_disruption-3.0*input_damage_penalty-0.75*geometry_excess_penalty",
  "phase4_budget_name": "strong",
  "phase4_final_score": -2.9544934466638875,
  "phase4_score_formula": "8.0*max(0,semantic_drop)+0.5*output_disruption-3.0*input_damage_penalty-0.75*geometry_excess_penalty",
  "right_crop_clean_margin": 0.025357991456985474,
  "right_crop_perturbed_margin": 0.027112379670143127,
  "right_crop_semantic_drop": -0.0017543882131576538,
  "semantic_drop": 0.001766696572303772,
  "semantic_drop_weight": 8.0,
  "target_input_ssim": 0.88,
  "top_crop_clean_margin": -0.0019073337316513062,
  "top_crop_perturbed_margin": -0.0028223395347595215,
  "top_crop_semantic_drop": 0.0009150058031082153
}
