{
  "budget": "medium",
  "budget_max_disp_px": 4.0,
  "candidate_folder_abs": "/home/interns/Desktop/mat/phase3/outputs/breadth_probe/cases/face_002/igs_1p00/add_headphones/medium/seed_00/candidates/cand_010_g02_m02",
  "candidate_index": 10,
  "candidate_name": "cand_010_g02_m02",
  "dct_modes": [
    [
      1,
      0
    ],
    [
      0,
      1
    ],
    [
      1,
      1
    ],
    [
      2,
      0
    ],
    [
      0,
      2
    ],
    [
      2,
      1
    ]
  ],
  "elapsed_seconds": 4.9473195150494576,
  "generation": 2,
  "geometry_method": "region_local_dct",
  "initial_candidate": false,
  "input_l2": 0.01237140905583251,
  "input_max_abs": 0.3921568691730499,
  "input_mean_abs": 0.004090786445885897,
  "input_psnr": 38.15161666170646,
  "input_ssim": 0.9821710586547852,
  "max_disp_px": 0.9197002053260803,
  "max_disp_px_budget": 4.0,
  "mean_disp_px": 0.1965297907590866,
  "member": 2,
  "mesh_size": 4,
  "output_l2": 0.03539637674398339,
  "output_max_abs": 0.7843137383460999,
  "output_mean_abs": 0.01120233628898859,
  "output_psnr": 29.020823821986184,
  "output_ssim": 0.9568312764167786,
  "p95_disp_px": 0.7987433075904846,
  "phase": "phase3_breadth_probe",
  "prompt": "add headphones",
  "prompt_priority": 1,
  "prompt_slug": "add_headphones",
  "region_count": 3,
  "region_key": "headphones",
  "scale_factor": 0.5083314180374146,
  "seed": 33001,
  "target_input_ssim": 0.94,
  "tps_size": 4
}
