{
  "clean_clip_positive_margin": 0.02973318099975586,
  "clean_semantic_success_score": 0.02973318099975586,
  "clip_available": true,
  "clip_semantic_drop": -0.0007975101470947266,
  "clip_warning": null,
  "decision_label": "metric_only_candidate",
  "decision_reasons": [
    "semantic_drop_nonpositive:-0.0008",
    "semantic_drop_nonpositive:-0.0008"
  ],
  "edit_failure_score": 0.0,
  "final_attack_score": 0.1267476188554672,
  "geometry_excess_penalty": 0.0,
  "geometry_excess_penalty_weight": 1.0,
  "identity_or_face_health_available": false,
  "input_damage_penalty": 0.0,
  "input_damage_penalty_weight": 3.0,
  "input_l2": 0.015727604989059018,
  "input_max_abs": 0.7607843279838562,
  "input_mean_abs": 0.0031110576819628477,
  "input_preservation_score": 0.7451430559158324,
  "input_psnr": 36.06674814032305,
  "input_ssim": 0.9745143055915833,
  "max_disp_px_budget": 6.0,
  "output_disruption_score": 0.1267476188554672,
  "output_disruption_weight": 1.0,
  "output_l2": 0.022117662117240523,
  "output_max_abs": 0.8470588326454163,
  "output_mean_abs": 0.006452848669141531,
  "output_psnr": 33.10521561537672,
  "output_ssim": 0.9617230296134949,
  "perturbed_clip_positive_margin": 0.030530691146850586,
  "perturbed_semantic_success_score": 0.030530691146850586,
  "phase2_final_score": 0.1267476188554672,
  "phase2_output_disruption": 0.1267476188554672,
  "phase2_score_formula": "4*max(0,semantic_drop)+1*output_disruption-3*input_damage_penalty-1*geometry_excess_penalty",
  "semantic_drop": -0.0007975101470947266,
  "semantic_drop_weight": 4.0,
  "target_input_ssim": 0.9
}
