{
  "displacement": {
    "budget_max_disp_px": 6.0,
    "max_disp_px": 2.0237362384796143,
    "max_disp_px_budget": 6.0,
    "mean_disp_px": 0.37898626923561096,
    "p95_disp_px": 1.4418715238571167,
    "target_input_ssim": 0.9
  },
  "input": {
    "l2": 0.015341838373587009,
    "max_abs": 0.34509801864624023,
    "mean_abs": 0.005326698999851942,
    "psnr": 36.282451937248254,
    "ssim": 0.9494316577911377
  },
  "output": {
    "l2": 0.022656559376824065,
    "max_abs": 0.501960813999176,
    "mean_abs": 0.010988974012434483,
    "psnr": 32.89612082776817,
    "ssim": 0.9334642291069031
  }
}
