{
  "best_candidate_this_generation": "cand_020_g02_m08",
  "best_score_this_generation": 0.23350301159924672,
  "budget": "existence_probe",
  "cem_state": {
    "mean_abs": 0.38939860463142395,
    "method_probs": [
      0.2352857142857143,
      0.04957142857142857,
      0.30028571428571427,
      0.11457142857142857,
      0.30028571428571427
    ],
    "methods": [
      "region_local_tps",
      "region_local_dct",
      "region_local_mesh",
      "combined_tps_dct",
      "combined_all"
    ],
    "std_max": 0.6499999761581421,
    "std_mean": 0.39857375621795654,
    "std_min": 0.1338672786951065
  },
  "decision_counts": {
    "metric_only_candidate": 12
  },
  "elapsed_seconds": 62.83935919031501,
  "elite": 3,
  "elite_candidate_names": [
    "cand_020_g02_m08",
    "cand_024_g02_m12",
    "cand_014_g02_m02"
  ],
  "generation": 2,
  "population": 12,
  "prompt": "add a small beard"
}
