{
  "clean_clip_positive_margin": 0.045783042907714844,
  "clean_semantic_success_score": 0.045783042907714844,
  "clip_available": true,
  "clip_semantic_drop": 0.0021448135375976562,
  "clip_warning": null,
  "crop_clip_available": true,
  "crop_clip_warning": null,
  "decision_label": "metric_only_candidate",
  "decision_reasons": [
    "semantic_drop_small:0.0021",
    "semantic_drop_small:0.0021"
  ],
  "edit_failure_score": 0.0021448135375976562,
  "final_attack_score": 0.20415559473773004,
  "full_image_semantic_drop": 0.0021448135375976562,
  "geometry_excess_penalty": 0.0,
  "geometry_excess_penalty_weight": 1.0,
  "identity_or_face_health_available": false,
  "input_damage_penalty": 0.0,
  "input_damage_penalty_weight": 3.0,
  "input_l2": 0.007935448286192628,
  "input_max_abs": 0.2196078598499298,
  "input_mean_abs": 0.0023548996541649103,
  "input_preservation_score": 0.8405536015828452,
  "input_psnr": 42.00857068449509,
  "input_ssim": 0.9904332160949707,
  "left_crop_clean_margin": 0.01863802969455719,
  "left_crop_perturbed_margin": 0.014228075742721558,
  "left_crop_semantic_drop": 0.004409953951835632,
  "max_disp_px_budget": 4.0,
  "mean_crop_margin": 0.006755431493123372,
  "mean_crop_semantic_drop": 0.00224168598651886,
  "min_crop_margin": -0.01353570818901062,
  "min_crop_semantic_drop": -0.0016220808029174805,
  "output_disruption_score": 0.19557634058733941,
  "output_disruption_weight": 1.0,
  "output_l2": 0.037331454612662796,
  "output_max_abs": 0.6823529601097107,
  "output_mean_abs": 0.014668349176645279,
  "output_psnr": 28.55850175092744,
  "output_ssim": 0.9537494778633118,
  "perturbed_clip_positive_margin": 0.04363822937011719,
  "perturbed_semantic_success_score": 0.04363822937011719,
  "phase2_final_score": 0.20415559473773004,
  "phase2_output_disruption": 0.19557634058733941,
  "phase2_score_formula": "4.0*max(0,semantic_drop)+1.0*output_disruption-3.0*input_damage_penalty-1.0*geometry_excess_penalty",
  "right_crop_clean_margin": 0.0179518461227417,
  "right_crop_perturbed_margin": 0.01957392692565918,
  "right_crop_semantic_drop": -0.0016220808029174805,
  "semantic_drop": 0.0021448135375976562,
  "semantic_drop_weight": 4.0,
  "target_input_ssim": 0.94,
  "top_crop_clean_margin": -0.009598523378372192,
  "top_crop_perturbed_margin": -0.01353570818901062,
  "top_crop_semantic_drop": 0.003937184810638428
}
