{
  "action_names": [
    "eye_spread",
    "eye_compress",
    "eye_squint",
    "eye_raise_left",
    "eye_raise_right",
    "nose_bridge_shift_x",
    "asymmetry_twist"
  ],
  "action_strength": 0.72,
  "action_values": {
    "asymmetry_twist": -0.646517584382917,
    "eye_compress": -0.22191686322357695,
    "eye_raise_left": 0.7491794434448338,
    "eye_raise_right": -0.5832437231565432,
    "eye_spread": -0.7054580457177386,
    "eye_squint": 0.6810169008992228,
    "nose_bridge_shift_x": 0.6104773033427007
  },
  "active_actions": {
    "asymmetry_twist": -0.646517584382917,
    "eye_compress": -0.22191686322357695,
    "eye_raise_left": 0.7491794434448338,
    "eye_raise_right": -0.5832437231565432,
    "eye_spread": -0.7054580457177386,
    "eye_squint": 0.6810169008992228,
    "nose_bridge_shift_x": 0.6104773033427007
  },
  "active_anchor_count": 13,
  "control_point_count": 21,
  "geometry_method": "landmark_semantic_tps",
  "landmark_count": 478,
  "landmark_detector": "mediapipe_python_solutions_face_mesh",
  "max_disp_px_budget": 14.0,
  "require_real_landmarks": true,
  "scale_factor": 0.8693130686131381,
  "source_control_points": [
    [
      196.52999877929688,
      189.3992919921875
    ],
    [
      173.06689453125,
      189.3992919921875
    ],
    [
      299.720458984375,
      172.67965698242188
    ],
    [
      323.55364990234375,
      172.67965698242188
    ],
    [
      196.52999877929688,
      180.7253875732422
    ],
    [
      196.52999877929688,
      198.07318115234375
    ],
    [
      299.720458984375,
      163.08763122558594
    ],
    [
      299.720458984375,
      182.27169799804688
    ],
    [
      241.4825439453125,
      200.3087615966797
    ],
    [
      145.79103088378906,
      230.60910034179688
    ],
    [
      185.86373901367188,
      332.8659362792969
    ],
    [
      383.8033447265625,
      230.60910034179688
    ],
    [
      370.30474853515625,
      332.8659362792969
    ],
    [
      0.0,
      0.0
    ],
    [
      511.0,
      0.0
    ],
    [
      0.0,
      511.0
    ],
    [
      511.0,
      511.0
    ],
    [
      256.0,
      0.0
    ],
    [
      256.0,
      511.0
    ],
    [
      0.0,
      256.0
    ],
    [
      511.0,
      256.0
    ]
  ],
  "target_control_points": [
    [
      201.4040985107422,
      181.84756469726562
    ],
    [
      177.9409942626953,
      189.3992919921875
    ],
    [
      294.84637451171875,
      178.55874633789062
    ],
    [
      318.6795654296875,
      172.67965698242188
    ],
    [
      196.52999877929688,
      180.03831481933594
    ],
    [
      196.52999877929688,
      187.4326629638672
    ],
    [
      299.720458984375,
      175.8313751220703
    ],
    [
      299.720458984375,
      178.3466033935547
    ],
    [
      247.6361541748047,
      200.3087615966797
    ],
    [
      145.79103088378906,
      237.12599182128906
    ],
    [
      185.86373901367188,
      336.1243896484375
    ],
    [
      383.8033447265625,
      224.0922088623047
    ],
    [
      370.30474853515625,
      329.60748291015625
    ],
    [
      0.0,
      0.0
    ],
    [
      511.0,
      0.0
    ],
    [
      0.0,
      511.0
    ],
    [
      511.0,
      511.0
    ],
    [
      256.0,
      0.0
    ],
    [
      256.0,
      511.0
    ],
    [
      0.0,
      256.0
    ],
    [
      511.0,
      256.0
    ]
  ],
  "tps_regularization": 0.0001
}
