{
  "clean_clip_positive_margin": 0.035206615924835205,
  "clean_semantic_success_score": 0.035206615924835205,
  "clip_available": true,
  "clip_semantic_drop": 2.8833746910095215e-05,
  "clip_warning": null,
  "crop_clip_available": false,
  "crop_clip_warning": null,
  "decision_label": "metric_only_candidate",
  "decision_reasons": [
    "semantic_drop_small:0.0000",
    "semantic_drop_small:0.0000"
  ],
  "edit_failure_score": 2.8833746910095215e-05,
  "final_attack_score": 0.1860228431339755,
  "full_image_semantic_drop": 2.8833746910095215e-05,
  "geometry_excess_penalty": 0.0,
  "geometry_excess_penalty_weight": 1.0,
  "identity_or_face_health_available": false,
  "input_damage_penalty": 0.0,
  "input_damage_penalty_weight": 3.0,
  "input_l2": 0.013615930144240881,
  "input_max_abs": 0.5254902243614197,
  "input_mean_abs": 0.0023745622020214796,
  "input_preservation_score": 0.8454833030700684,
  "input_psnr": 37.31905370754071,
  "input_ssim": 0.9845483303070068,
  "max_disp_px_budget": 6.0,
  "output_disruption_score": 0.1859075081463351,
  "output_disruption_weight": 1.0,
  "output_l2": 0.031238487663758155,
  "output_max_abs": 0.7490196228027344,
  "output_mean_abs": 0.010970141738653183,
  "output_psnr": 30.106199992170698,
  "output_ssim": 0.9390464425086975,
  "perturbed_clip_positive_margin": 0.03517778217792511,
  "perturbed_semantic_success_score": 0.03517778217792511,
  "phase2_final_score": 0.1860228431339755,
  "phase2_output_disruption": 0.1859075081463351,
  "phase2_score_formula": "4.0*max(0,semantic_drop)+1.0*output_disruption-3.0*input_damage_penalty-1.0*geometry_excess_penalty",
  "semantic_drop": 2.8833746910095215e-05,
  "semantic_drop_weight": 4.0,
  "target_input_ssim": 0.9
}
