{
  "displacement": {
    "budget_max_disp_px": 14.0,
    "max_disp_px": 13.986001968383789,
    "max_disp_px_budget": 14.0,
    "mean_disp_px": 10.1956148147583,
    "p95_disp_px": 13.986001014709473,
    "target_input_ssim": 0.78
  },
  "input": {
    "l2": 0.10466528752945425,
    "max_abs": 0.9098039269447327,
    "mean_abs": 0.06440865248441696,
    "psnr": 19.6039465830488,
    "ssim": 0.6213492751121521
  },
  "output": {
    "l2": 0.11938613469561644,
    "max_abs": 0.8352941274642944,
    "mean_abs": 0.0742313489317894,
    "psnr": 18.460922170136488,
    "ssim": 0.5601628422737122
  }
}
