{
  "clean_clip_positive_margin": 0.05116361379623413,
  "clean_semantic_success_score": 0.05116361379623413,
  "clip_available": true,
  "clip_semantic_drop": 0.002779453992843628,
  "clip_warning": null,
  "crop_clip_available": true,
  "crop_clip_warning": null,
  "decision_label": "reject_input_damage",
  "decision_reasons": [
    "input_ssim_below_target:0.7586<0.8800",
    "semantic_drop_small:0.0028"
  ],
  "edit_failure_score": 0.002779453992843628,
  "final_attack_score": -2.6594372246640137,
  "full_image_semantic_drop": 0.002779453992843628,
  "geometry_excess_penalty": 0.0,
  "geometry_excess_penalty_weight": 0.75,
  "identity_or_face_health_available": false,
  "input_damage_penalty": 0.9714403533935547,
  "input_damage_penalty_weight": 3.0,
  "input_l2": 0.04684996681539807,
  "input_max_abs": 0.7843137383460999,
  "input_mean_abs": 0.025384046137332916,
  "input_preservation_score": 0.0,
  "input_psnr": 26.58581424788035,
  "input_ssim": 0.7585699558258057,
  "left_crop_clean_margin": 0.024231508374214172,
  "left_crop_perturbed_margin": 0.022207826375961304,
  "left_crop_semantic_drop": 0.0020236819982528687,
  "max_disp_px_budget": 8.0,
  "mean_crop_margin": 0.012382939457893372,
  "mean_crop_semantic_drop": -0.000259468952814738,
  "min_crop_margin": -0.007704898715019226,
  "min_crop_semantic_drop": -0.0055876225233078,
  "output_disruption_score": 0.46529640714780274,
  "output_disruption_weight": 0.5,
  "output_l2": 0.06604396293673859,
  "output_max_abs": 0.8588235378265381,
  "output_mean_abs": 0.030645614489912987,
  "output_psnr": 23.60333749985044,
  "output_ssim": 0.7988794445991516,
  "perturbed_clip_positive_margin": 0.0483841598033905,
  "perturbed_semantic_success_score": 0.0483841598033905,
  "phase2_final_score": -2.6594372246640137,
  "phase2_output_disruption": 0.46529640714780274,
  "phase2_score_formula": "8.0*max(0,semantic_drop)+0.5*output_disruption-3.0*input_damage_penalty-0.75*geometry_excess_penalty",
  "phase4_budget_name": "strong",
  "phase4_final_score": -2.6594372246640137,
  "phase4_score_formula": "8.0*max(0,semantic_drop)+0.5*output_disruption-3.0*input_damage_penalty-0.75*geometry_excess_penalty",
  "right_crop_clean_margin": 0.025431424379348755,
  "right_crop_perturbed_margin": 0.022645890712738037,
  "right_crop_semantic_drop": 0.0027855336666107178,
  "semantic_drop": 0.002779453992843628,
  "semantic_drop_weight": 8.0,
  "target_input_ssim": 0.88,
  "top_crop_clean_margin": -0.013292521238327026,
  "top_crop_perturbed_margin": -0.007704898715019226,
  "top_crop_semantic_drop": -0.0055876225233078
}
