{
  "clean_clip_positive_margin": 0.04772844910621643,
  "clean_semantic_success_score": 0.04772844910621643,
  "clip_available": true,
  "clip_semantic_drop": 0.0017299354076385498,
  "clip_warning": null,
  "crop_clip_available": true,
  "crop_clip_warning": null,
  "decision_label": "reject_input_damage",
  "decision_reasons": [
    "input_ssim_below_target:0.7374<0.7800",
    "semantic_drop_small:0.0017"
  ],
  "edit_failure_score": 0.0017299354076385498,
  "final_attack_score": -0.7127500978457373,
  "full_image_semantic_drop": 0.0017299354076385498,
  "geometry_excess_penalty": 0.0,
  "geometry_excess_penalty_weight": 0.75,
  "identity_or_face_health_available": false,
  "input_damage_penalty": 0.34042238235473654,
  "input_damage_penalty_weight": 3.0,
  "input_l2": 0.04957079429106754,
  "input_max_abs": 0.572549045085907,
  "input_mean_abs": 0.027318060398101807,
  "input_preservation_score": 0.0,
  "input_psnr": 26.095482443577854,
  "input_ssim": 0.737447202205658,
  "left_crop_clean_margin": 0.018402695655822754,
  "left_crop_perturbed_margin": 0.018076956272125244,
  "left_crop_semantic_drop": 0.00032573938369750977,
  "max_disp_px_budget": 14.0,
  "mean_crop_margin": 0.011133407553037008,
  "mean_crop_semantic_drop": 0.004200498263041179,
  "min_crop_margin": -0.005962163209915161,
  "min_crop_semantic_drop": 0.00032573938369750977,
  "output_disruption_score": 0.5893551319147279,
  "output_disruption_weight": 0.5,
  "output_l2": 0.07067898435655064,
  "output_max_abs": 0.8274509906768799,
  "output_mean_abs": 0.03704379126429558,
  "output_psnr": 23.014193996976893,
  "output_ssim": 0.6933608055114746,
  "perturbed_clip_positive_margin": 0.04599851369857788,
  "perturbed_semantic_success_score": 0.04599851369857788,
  "phase2_final_score": -0.7127500978457373,
  "phase2_output_disruption": 0.5893551319147279,
  "phase2_score_formula": "8.0*max(0,semantic_drop)+0.5*output_disruption-3.0*input_damage_penalty-0.75*geometry_excess_penalty",
  "phase4_budget_name": "existence_probe",
  "phase4_final_score": -0.7127500978457373,
  "phase4_score_formula": "8.0*max(0,semantic_drop)+0.5*output_disruption-3.0*input_damage_penalty-0.75*geometry_excess_penalty",
  "right_crop_clean_margin": 0.026048898696899414,
  "right_crop_perturbed_margin": 0.02128542959690094,
  "right_crop_semantic_drop": 0.004763469099998474,
  "semantic_drop": 0.0017299354076385498,
  "semantic_drop_weight": 8.0,
  "target_input_ssim": 0.78,
  "top_crop_clean_margin": 0.0015501230955123901,
  "top_crop_perturbed_margin": -0.005962163209915161,
  "top_crop_semantic_drop": 0.007512286305427551
}
