{
  "clean_clip_positive_margin": 0.027842342853546143,
  "clean_semantic_success_score": 0.027842342853546143,
  "clip_available": true,
  "clip_semantic_drop": 0.019696444272994995,
  "clip_warning": null,
  "crop_clip_available": true,
  "crop_clip_warning": null,
  "decision_label": "weak_candidate",
  "decision_reasons": [
    "semantic_drop_small:0.0197"
  ],
  "edit_failure_score": 0.019696444272994995,
  "final_attack_score": 0.1935022369795903,
  "full_image_semantic_drop": 0.019696444272994995,
  "geometry_excess_penalty": 0.0,
  "geometry_excess_penalty_weight": 0.75,
  "identity_or_face_health_available": false,
  "input_damage_penalty": 0.0,
  "input_damage_penalty_weight": 3.0,
  "input_l2": 0.015214502439569809,
  "input_max_abs": 0.35686275362968445,
  "input_mean_abs": 0.005087893921881914,
  "input_preservation_score": 0.656260439327785,
  "input_psnr": 36.354844916438424,
  "input_ssim": 0.9518764615058899,
  "left_crop_clean_margin": 0.02535329759120941,
  "left_crop_perturbed_margin": 0.02376580238342285,
  "left_crop_semantic_drop": 0.00158749520778656,
  "max_disp_px_budget": 8.0,
  "mean_crop_margin": 0.014598707358042399,
  "mean_crop_semantic_drop": 0.003512561321258545,
  "min_crop_margin": 0.0024440735578536987,
  "min_crop_semantic_drop": 0.00158749520778656,
  "output_disruption_score": 0.14372273118252127,
  "output_disruption_weight": 0.25,
  "output_l2": 0.021257390158758983,
  "output_max_abs": 0.6627451181411743,
  "output_mean_abs": 0.009198633022606373,
  "output_psnr": 33.44980112666354,
  "output_ssim": 0.9413068294525146,
  "perturbed_clip_positive_margin": 0.008145898580551147,
  "perturbed_semantic_success_score": 0.008145898580551147,
  "phase2_final_score": 0.1935022369795903,
  "phase2_output_disruption": 0.14372273118252127,
  "phase2_score_formula": "8.0*max(0,semantic_drop)+0.25*output_disruption-3.0*input_damage_penalty-0.75*geometry_excess_penalty",
  "right_crop_clean_margin": 0.021481528878211975,
  "right_crop_perturbed_margin": 0.017586246132850647,
  "right_crop_semantic_drop": 0.003895282745361328,
  "semantic_drop": 0.019696444272994995,
  "semantic_drop_weight": 8.0,
  "target_input_ssim": 0.86,
  "top_crop_clean_margin": 0.007498979568481445,
  "top_crop_perturbed_margin": 0.0024440735578536987,
  "top_crop_semantic_drop": 0.005054906010627747
}
