{
  "action_names": [
    "face_side_push_left",
    "face_side_push_right",
    "head_top_raise",
    "head_top_lower",
    "jaw_expand",
    "jaw_compress",
    "asymmetry_twist"
  ],
  "action_strength": 0.72,
  "action_values": {
    "asymmetry_twist": 0.4123138086103176,
    "face_side_push_left": 0.13560489477485996,
    "face_side_push_right": 0.46078622694203075,
    "head_top_lower": 0.5022452461676182,
    "head_top_raise": 0.49260300676517643,
    "jaw_compress": 0.40850194739037493,
    "jaw_expand": -0.04032277495880258
  },
  "active_actions": {
    "asymmetry_twist": 0.4123138086103176,
    "face_side_push_left": 0.13560489477485996,
    "face_side_push_right": 0.46078622694203075,
    "head_top_lower": 0.5022452461676182,
    "head_top_raise": 0.49260300676517643,
    "jaw_compress": 0.40850194739037493,
    "jaw_expand": -0.04032277495880258
  },
  "active_anchor_count": 7,
  "control_point_count": 15,
  "geometry_method": "landmark_piecewise_affine",
  "max_disp_px_budget": 8.0,
  "scale_factor": 0.5659676589451632,
  "source_control_points": [
    [
      112.63999938964844,
      248.3199920654297
    ],
    [
      112.63999938964844,
      253.44000244140625
    ],
    [
      399.3599853515625,
      248.3199920654297
    ],
    [
      399.3599853515625,
      253.44000244140625
    ],
    [
      256.0,
      87.04000091552734
    ],
    [
      174.0800018310547,
      394.239990234375
    ],
    [
      337.9200134277344,
      394.239990234375
    ],
    [
      0.0,
      0.0
    ],
    [
      511.0,
      0.0
    ],
    [
      0.0,
      511.0
    ],
    [
      511.0,
      511.0
    ],
    [
      256.0,
      0.0
    ],
    [
      256.0,
      511.0
    ],
    [
      0.0,
      256.0
    ],
    [
      511.0,
      256.0
    ]
  ],
  "target_control_points": [
    [
      111.85891723632812,
      245.945068359375
    ],
    [
      112.05418395996094,
      253.44000244140625
    ],
    [
      402.01409912109375,
      250.69491577148438
    ],
    [
      401.3505859375,
      253.44000244140625
    ],
    [
      256.0,
      87.09554290771484
    ],
    [
      176.6652374267578,
      393.0525207519531
    ],
    [
      335.33477783203125,
      395.4274597167969
    ],
    [
      0.0,
      0.0
    ],
    [
      511.0,
      0.0
    ],
    [
      0.0,
      511.0
    ],
    [
      511.0,
      511.0
    ],
    [
      256.0,
      0.0
    ],
    [
      256.0,
      511.0
    ],
    [
      0.0,
      256.0
    ],
    [
      511.0,
      256.0
    ]
  ],
  "tps_regularization": 0.0001
}
