{
  "displacement": {
    "budget_max_disp_px": 8.0,
    "max_disp_px": 3.582132339477539,
    "max_disp_px_budget": 8.0,
    "mean_disp_px": 0.9453439116477966,
    "p95_disp_px": 2.2605462074279785,
    "target_input_ssim": 0.88
  },
  "input": {
    "l2": 0.025023877905707714,
    "max_abs": 0.7098039388656616,
    "mean_abs": 0.011944823898375034,
    "psnr": 32.032907751726185,
    "ssim": 0.9271316528320312
  },
  "output": {
    "l2": 0.03689011151258554,
    "max_abs": 0.7529411911964417,
    "mean_abs": 0.017682785168290138,
    "psnr": 28.66180063944476,
    "ssim": 0.892585277557373
  }
}
