{
  "best_folder": "phase2/outputs/phase2c_probe/semantic_heavy_cem/headphones_sides_only/strong/seed_00/candidates/cand_024_g02_m08",
  "budget": "strong",
  "budget_max_disp_px": 6.0,
  "candidate_folder": "phase2/outputs/phase2c_probe/semantic_heavy_cem/headphones_sides_only/strong/seed_00/candidates/cand_024_g02_m08",
  "candidate_index": 24,
  "candidate_name": "cand_024_g02_m08",
  "clean_clip_positive_margin": 0.027842342853546143,
  "clean_semantic_success_score": 0.027842342853546143,
  "clip_available": true,
  "clip_semantic_drop": 0.005920708179473877,
  "clip_warning": null,
  "crop_clip_available": true,
  "crop_clip_warning": null,
  "dct_modes": [
    [
      1,
      0
    ],
    [
      0,
      1
    ],
    [
      1,
      1
    ],
    [
      2,
      0
    ],
    [
      0,
      2
    ],
    [
      2,
      1
    ]
  ],
  "decision_label": "metric_only_candidate",
  "decision_reasons": [
    "semantic_drop_small:0.0059",
    "semantic_drop_small:0.0059"
  ],
  "edit_failure_score": 0.005920708179473877,
  "elapsed_seconds": 5.1083957105875015,
  "final_attack_score": 0.07487245984698973,
  "full_image_semantic_drop": 0.005920708179473877,
  "generation": 2,
  "geometry_excess_penalty": 0.0,
  "geometry_excess_penalty_weight": 0.75,
  "geometry_method": "region_local_tps",
  "identity_or_face_health_available": false,
  "initial_candidate": false,
  "input_damage_penalty": 0.0,
  "input_damage_penalty_weight": 3.0,
  "input_l2": 0.010450183353732715,
  "input_max_abs": 0.6549019813537598,
  "input_mean_abs": 0.0030874062795192003,
  "input_preservation_score": 0.7522592544555664,
  "input_psnr": 39.61752179141112,
  "input_ssim": 0.9752259254455566,
  "left_crop_clean_margin": 0.02535329759120941,
  "left_crop_perturbed_margin": 0.026518449187278748,
  "left_crop_semantic_drop": -0.001165151596069336,
  "max_disp_px": 1.6202099323272705,
  "max_disp_px_budget": 6.0,
  "mean_crop_margin": 0.016459802786509197,
  "mean_crop_semantic_drop": 0.001651465892791748,
  "mean_disp_px": 0.2691972851753235,
  "member": 8,
  "mesh_size": 4,
  "min_crop_margin": 0.0037021785974502563,
  "min_crop_semantic_drop": -0.001165151596069336,
  "output_disruption_score": 0.11002717764479486,
  "output_disruption_weight": 0.25,
  "output_l2": 0.017752598601834396,
  "output_max_abs": 0.6705882549285889,
  "output_mean_abs": 0.006948908790946007,
  "output_psnr": 35.01476133011029,
  "output_ssim": 0.9609832167625427,
  "p95_disp_px": 1.3071144819259644,
  "path_flow": "phase2/outputs/phase2c_probe/semantic_heavy_cem/headphones_sides_only/strong/seed_00/candidates/cand_024_g02_m08/flow.png",
  "path_original": "phase2/outputs/phase2c_probe/semantic_heavy_cem/headphones_sides_only/strong/seed_00/candidates/cand_024_g02_m08/original.png",
  "path_original_edited": "phase2/outputs/phase2c_probe/semantic_heavy_cem/headphones_sides_only/strong/seed_00/candidates/cand_024_g02_m08/original_edited.png",
  "path_perturbed": "phase2/outputs/phase2c_probe/semantic_heavy_cem/headphones_sides_only/strong/seed_00/candidates/cand_024_g02_m08/perturbed.png",
  "path_perturbed_edited": "phase2/outputs/phase2c_probe/semantic_heavy_cem/headphones_sides_only/strong/seed_00/candidates/cand_024_g02_m08/perturbed_edited.png",
  "perturbed_clip_positive_margin": 0.021921634674072266,
  "perturbed_semantic_success_score": 0.021921634674072266,
  "phase": "phase2c_probe",
  "phase2_final_score": 0.07487245984698973,
  "phase2_output_disruption": 0.11002717764479486,
  "phase2_score_formula": "8.0*max(0,semantic_drop)+0.25*output_disruption-3.0*input_damage_penalty-0.75*geometry_excess_penalty",
  "prompt": "add headphones",
  "prompt_priority": 1,
  "prompt_slug": "add_headphones",
  "region_count": 2,
  "region_key": "headphones_sides_only",
  "right_crop_clean_margin": 0.021481528878211975,
  "right_crop_perturbed_margin": 0.019158780574798584,
  "right_crop_semantic_drop": 0.002322748303413391,
  "scale_factor": 0.2755458950996399,
  "seed": 24101,
  "semantic_drop": 0.005920708179473877,
  "semantic_drop_weight": 8.0,
  "target_input_ssim": 0.9,
  "top_crop_clean_margin": 0.007498979568481445,
  "top_crop_perturbed_margin": 0.0037021785974502563,
  "top_crop_semantic_drop": 0.003796800971031189,
  "tps_size": 4
}
