{
  "displacement": {
    "budget_max_disp_px": 14.0,
    "max_disp_px": 3.5793163776397705,
    "max_disp_px_budget": 14.0,
    "mean_disp_px": 0.990410566329956,
    "p95_disp_px": 2.613168954849243,
    "target_input_ssim": 0.78
  },
  "input": {
    "l2": 0.02634461085369796,
    "max_abs": 0.4549019932746887,
    "mean_abs": 0.012959812767803669,
    "psnr": 31.58616424346731,
    "ssim": 0.8903291821479797
  },
  "output": {
    "l2": 0.03129905895499154,
    "max_abs": 0.7568627595901489,
    "mean_abs": 0.01508332323282957,
    "psnr": 30.089374397184912,
    "ssim": 0.8815084099769592
  }
}
