{
  "clean": {
    "l2": 0.10011085795362021,
    "max_abs": 0.9607843160629272,
    "mean_abs": 0.04893568158149719,
    "psnr": 19.990376333808197,
    "ssim": 0.7961211204528809
  },
  "clean_clip_margin": 0.032210588455200195
}
