{
  "budget": "strong",
  "budget_max_disp_px": 8.0,
  "candidate_folder_abs": "/home/interns/Desktop/mat/phase4/outputs/phase4a_existence_probe/cases/face_003/igs_1p50/add_headphones/strong/seed_00/candidates/cand_044_g03_m04",
  "candidate_index": 44,
  "candidate_name": "cand_044_g03_m04",
  "case_id": "face_003__add_headphones__igs_1p50",
  "elapsed_seconds": 3.0325856506824493,
  "face_id": "face_003",
  "generation": 3,
  "geometry_method": "landmark_semantic_tps",
  "guidance_scale": 7.5,
  "image_guidance_scale": 1.5,
  "initial_candidate": false,
  "input_l2": 0.028940950448203856,
  "input_max_abs": 0.4862745404243469,
  "input_mean_abs": 0.015497877262532711,
  "input_psnr": 30.76974420681907,
  "input_ssim": 0.8656962513923645,
  "max_disp_px": 3.073915719985962,
  "max_disp_px_budget": 8.0,
  "mean_disp_px": 1.0253859758377075,
  "member": 4,
  "output_l2": 0.04003564744434558,
  "output_max_abs": 0.6392157077789307,
  "output_mean_abs": 0.021580204367637634,
  "output_psnr": 27.95106287642808,
  "output_ssim": 0.8368184566497803,
  "p95_disp_px": 2.2305428981781006,
  "phase": "phase4a_existence_probe",
  "prompt": "add headphones",
  "prompt_slug": "add_headphones",
  "prompt_type": "headphones",
  "seed": 46001,
  "target_input_ssim": 0.88,
  "theta_names": [
    "scale_logit",
    "action_face_side_push_left",
    "action_face_side_push_right",
    "action_head_top_raise",
    "action_head_top_lower",
    "action_jaw_expand",
    "action_jaw_compress",
    "action_asymmetry_twist"
  ],
  "theta_values": [
    -0.9564581513404846,
    -0.20784887671470642,
    1.737378478050232,
    -0.9116275310516357,
    -1.3981597423553467,
    -0.10683880001306534,
    -2.1275475025177,
    -0.30404388904571533
  ]
}
