{
  "best_folder": "phase4/outputs/phase4a_existence_probe/cases/face_003/igs_1p50/add_headphones/strong/seed_00/candidates/cand_021_g02_m01",
  "budget": "strong",
  "budget_max_disp_px": 8.0,
  "candidate_folder": "phase4/outputs/phase4a_existence_probe/cases/face_003/igs_1p50/add_headphones/strong/seed_00/candidates/cand_021_g02_m01",
  "candidate_index": 21,
  "candidate_name": "cand_021_g02_m01",
  "case_id": "face_003__add_headphones__igs_1p50",
  "clean_clip_positive_margin": 0.04772844910621643,
  "clean_semantic_success_score": 0.04772844910621643,
  "clip_available": true,
  "clip_semantic_drop": -0.0015084147453308105,
  "clip_warning": null,
  "crop_clip_available": true,
  "crop_clip_warning": null,
  "decision_label": "reject_input_damage",
  "decision_reasons": [
    "input_ssim_below_target:0.7684<0.8800",
    "semantic_drop_nonpositive:-0.0015"
  ],
  "edit_failure_score": 0.0,
  "elapsed_seconds": 2.9930768813937902,
  "face_id": "face_003",
  "final_attack_score": -2.4241317388467936,
  "full_image_semantic_drop": -0.0015084147453308105,
  "generation": 2,
  "geometry_excess_penalty": 0.0,
  "geometry_excess_penalty_weight": 0.75,
  "geometry_method": "landmark_semantic_tps",
  "guidance_scale": 7.5,
  "identity_or_face_health_available": false,
  "image_guidance_scale": 1.5,
  "initial_candidate": false,
  "input_damage_penalty": 0.8929276847839356,
  "input_damage_penalty_weight": 3.0,
  "input_l2": 0.04472394283818688,
  "input_max_abs": 0.5490196347236633,
  "input_mean_abs": 0.02472197264432907,
  "input_preservation_score": 0.0,
  "input_psnr": 26.9891983254267,
  "input_ssim": 0.7683840394020081,
  "left_crop_clean_margin": 0.018402695655822754,
  "left_crop_perturbed_margin": 0.014221757650375366,
  "left_crop_semantic_drop": 0.004180938005447388,
  "max_disp_px": 5.622951030731201,
  "max_disp_px_budget": 8.0,
  "mean_crop_margin": 0.008496304353078207,
  "mean_crop_semantic_drop": 0.00683760146299998,
  "mean_disp_px": 2.0715105533599854,
  "member": 1,
  "min_crop_margin": -0.009657666087150574,
  "min_crop_semantic_drop": 0.004180938005447388,
  "output_disruption_score": 0.5093026310100266,
  "output_disruption_weight": 0.5,
  "output_l2": 0.061131719497196584,
  "output_max_abs": 0.7372549176216125,
  "output_mean_abs": 0.03316635265946388,
  "output_psnr": 24.274667766310863,
  "output_ssim": 0.7352242469787598,
  "p95_disp_px": 4.414764881134033,
  "path_clean_edit": "phase4/outputs/phase4a_existence_probe/cases/face_003/igs_1p50/add_headphones/strong/seed_00/candidates/cand_021_g02_m01/clean_edit.png",
  "path_flow": "phase4/outputs/phase4a_existence_probe/cases/face_003/igs_1p50/add_headphones/strong/seed_00/candidates/cand_021_g02_m01/flow.png",
  "path_landmarks_overlay_original": "phase4/outputs/phase4a_existence_probe/cases/face_003/igs_1p50/add_headphones/strong/seed_00/candidates/cand_021_g02_m01/landmarks_overlay_original.jpg",
  "path_landmarks_overlay_perturbed": "phase4/outputs/phase4a_existence_probe/cases/face_003/igs_1p50/add_headphones/strong/seed_00/candidates/cand_021_g02_m01/landmarks_overlay_perturbed.jpg",
  "path_original": "phase4/outputs/phase4a_existence_probe/cases/face_003/igs_1p50/add_headphones/strong/seed_00/candidates/cand_021_g02_m01/original.png",
  "path_perturbed": "phase4/outputs/phase4a_existence_probe/cases/face_003/igs_1p50/add_headphones/strong/seed_00/candidates/cand_021_g02_m01/perturbed.png",
  "path_perturbed_edit": "phase4/outputs/phase4a_existence_probe/cases/face_003/igs_1p50/add_headphones/strong/seed_00/candidates/cand_021_g02_m01/perturbed_edit.png",
  "perturbed_clip_positive_margin": 0.04923686385154724,
  "perturbed_semantic_success_score": 0.04923686385154724,
  "phase": "phase4a_existence_probe",
  "phase2_final_score": -2.4241317388467936,
  "phase2_output_disruption": 0.5093026310100266,
  "phase2_score_formula": "8.0*max(0,semantic_drop)+0.5*output_disruption-3.0*input_damage_penalty-0.75*geometry_excess_penalty",
  "phase4_budget_name": "strong",
  "phase4_final_score": -2.4241317388467936,
  "phase4_score_formula": "8.0*max(0,semantic_drop)+0.5*output_disruption-3.0*input_damage_penalty-0.75*geometry_excess_penalty",
  "prompt": "add headphones",
  "prompt_slug": "add_headphones",
  "prompt_type": "headphones",
  "right_crop_clean_margin": 0.026048898696899414,
  "right_crop_perturbed_margin": 0.020924821496009827,
  "right_crop_semantic_drop": 0.005124077200889587,
  "seed": 46001,
  "semantic_drop": -0.0015084147453308105,
  "semantic_drop_weight": 8.0,
  "target_input_ssim": 0.88,
  "theta_names": [
    "scale_logit",
    "action_face_side_push_left",
    "action_face_side_push_right",
    "action_head_top_raise",
    "action_head_top_lower",
    "action_jaw_expand",
    "action_jaw_compress",
    "action_asymmetry_twist"
  ],
  "theta_values": [
    -0.590883195400238,
    -1.477003574371338,
    0.7144196629524231,
    -1.2453194856643677,
    -0.5433719158172607,
    0.2653476893901825,
    -1.4470473527908325,
    -0.6173350811004639
  ],
  "top_crop_clean_margin": 0.0015501230955123901,
  "top_crop_perturbed_margin": -0.009657666087150574,
  "top_crop_semantic_drop": 0.011207789182662964
}
