{
  "displacement": {
    "budget_max_disp_px": 8.0,
    "max_disp_px": 2.953599452972412,
    "max_disp_px_budget": 8.0,
    "mean_disp_px": 0.7595722675323486,
    "p95_disp_px": 1.9745819568634033,
    "target_input_ssim": 0.88
  },
  "input": {
    "l2": 0.02244642166993074,
    "max_abs": 0.48235294222831726,
    "mean_abs": 0.01062502060085535,
    "psnr": 32.9770576570149,
    "ssim": 0.9282504916191101
  },
  "output": {
    "l2": 0.026474615743967696,
    "max_abs": 0.5647059082984924,
    "mean_abs": 0.012844201177358627,
    "psnr": 31.54340669163185,
    "ssim": 0.9189311861991882
  }
}
