{
  "attack_score": 0.1944866709761136,
  "input_damage_penalty": 9.5367431640625e-07,
  "normalized_output_l2": 0.10015522766632967,
  "output_disruption": 0.19448762465043
}
