{
  "clean_clip_positive_margin": 0.02662569284439087,
  "clean_semantic_success_score": 0.02662569284439087,
  "clip_available": true,
  "clip_semantic_drop": 0.0007764101028442383,
  "clip_warning": null,
  "decision_label": "metric_only_candidate",
  "decision_reasons": [
    "semantic_drop_small:0.0008"
  ],
  "edit_failure_score": 0.0007764101028442383,
  "final_attack_score": 0.19604032564682894,
  "geometry_excess_penalty": 1.1920928955078125e-07,
  "identity_or_face_health_available": false,
  "input_damage_penalty": 0.0,
  "input_preservation_score": 0.1291274627049772,
  "max_disp_px_budget": 4.0,
  "output_disruption_score": 0.19448762465043,
  "perturbed_clip_positive_margin": 0.02584928274154663,
  "perturbed_semantic_success_score": 0.02584928274154663,
  "semantic_drop": 0.0007764101028442383,
  "target_input_ssim": 0.94
}
