{
  "displacement": {
    "budget_max_disp_px": 14.0,
    "max_disp_px": 9.037821769714355,
    "max_disp_px_budget": 14.0,
    "mean_disp_px": 1.8090522289276123,
    "p95_disp_px": 5.300378799438477,
    "target_input_ssim": 0.78
  },
  "input": {
    "l2": 0.03425873233480235,
    "max_abs": 0.5254902243614197,
    "mean_abs": 0.018414177000522614,
    "psnr": 29.304574222731734,
    "ssim": 0.8353158831596375
  },
  "output": {
    "l2": 0.06449149535747539,
    "max_abs": 0.8313725590705872,
    "mean_abs": 0.02984144352376461,
    "psnr": 23.809951060114724,
    "ssim": 0.8408021330833435
  }
}
