{
  "budget": "strong",
  "budget_max_disp_px": 8.0,
  "candidate_folder_abs": "/home/interns/Desktop/mat/phase4/outputs/phase4a_existence_probe/cases/face_007/igs_1p00/make_the_person_smile_slightly/strong/seed_00/candidates/cand_022_g02_m02",
  "candidate_index": 22,
  "candidate_name": "cand_022_g02_m02",
  "case_id": "face_007__make_the_person_smile_slightly__igs_1p00",
  "elapsed_seconds": 2.2743175253272057,
  "face_id": "face_007",
  "generation": 2,
  "geometry_method": "landmark_piecewise_affine",
  "guidance_scale": 7.5,
  "image_guidance_scale": 1.0,
  "initial_candidate": false,
  "input_l2": 0.021736261508745993,
  "input_max_abs": 0.41568630933761597,
  "input_mean_abs": 0.008683477528393269,
  "input_psnr": 33.256302991322855,
  "input_ssim": 0.9309253692626953,
  "max_disp_px": 2.58648681640625,
  "max_disp_px_budget": 8.0,
  "mean_disp_px": 0.5101560950279236,
  "member": 2,
  "output_l2": 0.027659657271474018,
  "output_max_abs": 0.800000011920929,
  "output_mean_abs": 0.012506481260061264,
  "output_psnr": 31.163064110007618,
  "output_ssim": 0.9497408866882324,
  "p95_disp_px": 1.5019594430923462,
  "phase": "phase4a_existence_probe",
  "prompt": "make the person smile slightly",
  "prompt_slug": "make_the_person_smile_slightly",
  "prompt_type": "smile",
  "seed": 50001,
  "target_input_ssim": 0.88,
  "theta_names": [
    "scale_logit",
    "action_mouth_corner_raise",
    "action_mouth_corner_lower",
    "action_mouth_width_expand",
    "action_mouth_width_compress",
    "action_chin_raise",
    "action_chin_lower"
  ],
  "theta_values": [
    -0.5405449867248535,
    0.6847532987594604,
    0.31444692611694336,
    0.9041712880134583,
    0.1259106546640396,
    0.564477264881134,
    -0.6945066452026367
  ]
}
