{
  "displacement": {
    "budget_max_disp_px": 8.0,
    "max_disp_px": 2.58648681640625,
    "max_disp_px_budget": 8.0,
    "mean_disp_px": 0.5101560950279236,
    "p95_disp_px": 1.5019594430923462,
    "target_input_ssim": 0.88
  },
  "input": {
    "l2": 0.021736261508745993,
    "max_abs": 0.41568630933761597,
    "mean_abs": 0.008683477528393269,
    "psnr": 33.256302991322855,
    "ssim": 0.9309253692626953
  },
  "output": {
    "l2": 0.027659657271474018,
    "max_abs": 0.800000011920929,
    "mean_abs": 0.012506481260061264,
    "psnr": 31.163064110007618,
    "ssim": 0.9497408866882324
  }
}
