{
  "budget": "strong",
  "budget_max_disp_px": 8.0,
  "candidate_folder_abs": "/home/interns/Desktop/mat/phase4/outputs/phase4a_existence_probe/cases/face_004/igs_1p00/add_a_small_beard/strong/seed_00/candidates/cand_076_g04_m16",
  "candidate_index": 76,
  "candidate_name": "cand_076_g04_m16",
  "case_id": "face_004__add_a_small_beard__igs_1p00",
  "elapsed_seconds": 2.7825720235705376,
  "face_id": "face_004",
  "generation": 4,
  "geometry_method": "landmark_semantic_tps",
  "guidance_scale": 7.5,
  "image_guidance_scale": 1.0,
  "initial_candidate": false,
  "input_l2": 0.047193288523058756,
  "input_max_abs": 0.7764706015586853,
  "input_mean_abs": 0.015234059654176235,
  "input_psnr": 26.522395181830404,
  "input_ssim": 0.8912463784217834,
  "max_disp_px": 3.2846529483795166,
  "max_disp_px_budget": 8.0,
  "mean_disp_px": 0.9559280872344971,
  "member": 16,
  "output_l2": 0.02974418554334576,
  "output_max_abs": 0.49803924560546875,
  "output_mean_abs": 0.01653425395488739,
  "output_psnr": 30.53195836895302,
  "output_ssim": 0.8847717642784119,
  "p95_disp_px": 2.5205647945404053,
  "phase": "phase4a_existence_probe",
  "prompt": "add a small beard",
  "prompt_slug": "add_a_small_beard",
  "prompt_type": "beard",
  "seed": 47001,
  "target_input_ssim": 0.88,
  "theta_names": [
    "scale_logit",
    "action_jaw_expand",
    "action_jaw_compress",
    "action_chin_raise",
    "action_chin_lower",
    "action_mouth_width_expand",
    "action_lower_face_shift"
  ],
  "theta_values": [
    -0.04397403821349144,
    0.023667410016059875,
    -0.46851712465286255,
    -0.17821072041988373,
    0.5210181474685669,
    0.9143564105033875,
    -0.6598044037818909
  ]
}
