{
  "displacement": {
    "budget_max_disp_px": 8.0,
    "max_disp_px": 2.916534423828125,
    "max_disp_px_budget": 8.0,
    "mean_disp_px": 0.7397238612174988,
    "p95_disp_px": 2.161980390548706,
    "target_input_ssim": 0.88
  },
  "input": {
    "l2": 0.0199116213265383,
    "max_abs": 0.458823561668396,
    "mean_abs": 0.008952085860073566,
    "psnr": 34.01786751215824,
    "ssim": 0.9462887644767761
  },
  "output": {
    "l2": 0.02817430656959049,
    "max_abs": 0.5176470875740051,
    "mean_abs": 0.015417219139635563,
    "psnr": 31.002935281471306,
    "ssim": 0.8898696303367615
  }
}
