{
  "budget": "existence_probe",
  "budget_max_disp_px": 8.0,
  "candidate_folder_abs": "/home/interns/Desktop/mat/phase2/outputs/phase2c_probe/semantic_heavy_cem/headphones_top_only/existence_probe/seed_00/candidates/cand_064_g04_m16",
  "candidate_index": 64,
  "candidate_name": "cand_064_g04_m16",
  "dct_modes": [
    [
      1,
      0
    ],
    [
      0,
      1
    ],
    [
      1,
      1
    ],
    [
      2,
      0
    ],
    [
      0,
      2
    ],
    [
      2,
      1
    ]
  ],
  "elapsed_seconds": 5.472360540181398,
  "generation": 4,
  "geometry_method": "region_local_tps",
  "initial_candidate": false,
  "input_l2": 0.014559541615759721,
  "input_max_abs": 0.40392160415649414,
  "input_mean_abs": 0.0033704321831464767,
  "input_psnr": 36.737045957712205,
  "input_ssim": 0.9608554840087891,
  "max_disp_px": 3.22029972076416,
  "max_disp_px_budget": 8.0,
  "mean_disp_px": 0.2370452582836151,
  "member": 16,
  "mesh_size": 4,
  "output_l2": 0.01905482867362804,
  "output_max_abs": 0.501960813999176,
  "output_mean_abs": 0.007455598562955856,
  "output_psnr": 34.39989903432796,
  "output_ssim": 0.952747106552124,
  "p95_disp_px": 1.720656156539917,
  "phase": "phase2c_probe",
  "prompt": "add headphones",
  "prompt_priority": 1,
  "prompt_slug": "add_headphones",
  "region_count": 1,
  "region_key": "headphones_top_only",
  "scale_factor": 0.46402862668037415,
  "seed": 24302,
  "target_input_ssim": 0.86,
  "tps_size": 4
}
