{
  "displacement": {
    "budget_max_disp_px": 4.0,
    "max_disp_px": 1.8325653076171875,
    "max_disp_px_budget": 4.0,
    "mean_disp_px": 0.08975773304700851,
    "p95_disp_px": 0.7664014101028442,
    "target_input_ssim": 0.94
  },
  "input": {
    "l2": 0.00923269398963415,
    "max_abs": 0.4470588266849518,
    "mean_abs": 0.0018621011404320598,
    "psnr": 40.69343117098333,
    "ssim": 0.9882380366325378
  },
  "output": {
    "l2": 0.01751298889644126,
    "max_abs": 0.7568627595901489,
    "mean_abs": 0.005916430149227381,
    "psnr": 35.132794553537536,
    "ssim": 0.9766181111335754
  }
}
