{
  "best_candidate_this_generation": "cand_021_g02_m01",
  "best_score_this_generation": 0.17816099906025545,
  "budget": "strong",
  "cem_state": {
    "mean_abs": 0.4741942882537842,
    "method_probs": [
      0.2369047619047619,
      0.763095238095238
    ],
    "methods": [
      "landmark_semantic_tps",
      "landmark_piecewise_affine"
    ],
    "std_max": 0.7575891613960266,
    "std_mean": 0.528113842010498,
    "std_min": 0.2794029116630554
  },
  "decision_counts": {
    "metric_only_candidate": 18,
    "reject_input_damage": 2
  },
  "elapsed_seconds": 61.388989916071296,
  "elite": 4,
  "elite_candidate_names": [
    "cand_021_g02_m01",
    "cand_028_g02_m08",
    "cand_023_g02_m03",
    "cand_037_g02_m17"
  ],
  "face_id": "face_002",
  "generation": 2,
  "population": 20,
  "prompt": "add headphones"
}
