{
  "displacement": {
    "budget_max_disp_px": 8.0,
    "max_disp_px": 5.156673908233643,
    "max_disp_px_budget": 8.0,
    "mean_disp_px": 0.6848323941230774,
    "p95_disp_px": 3.5784237384796143,
    "target_input_ssim": 0.86
  },
  "input": {
    "l2": 0.021057034920745305,
    "max_abs": 0.529411792755127,
    "mean_abs": 0.006441159173846245,
    "psnr": 33.53205565277075,
    "ssim": 0.9381301403045654
  },
  "output": {
    "l2": 0.029477983213575747,
    "max_abs": 0.6274510025978088,
    "mean_abs": 0.014437385834753513,
    "psnr": 30.61004465586415,
    "ssim": 0.9173354506492615
  }
}
