{
  "clean_clip_positive_margin": 0.055569812655448914,
  "clean_semantic_success_score": 0.055569812655448914,
  "clip_available": true,
  "clip_semantic_drop": 0.0032217800617218018,
  "clip_warning": null,
  "crop_clip_available": true,
  "crop_clip_warning": null,
  "decision_label": "metric_only_candidate",
  "decision_reasons": [
    "semantic_drop_small:0.0032",
    "semantic_drop_small:0.0032",
    "semantic_drop_small:0.0032"
  ],
  "edit_failure_score": 0.0032217800617218018,
  "final_attack_score": 0.21652601056696902,
  "full_image_semantic_drop": 0.0032217800617218018,
  "geometry_excess_penalty": 0.0,
  "geometry_excess_penalty_weight": 0.75,
  "identity_or_face_health_available": false,
  "input_damage_penalty": 0.0,
  "input_damage_penalty_weight": 3.0,
  "input_l2": 0.03518845652540864,
  "input_max_abs": 0.7490196228027344,
  "input_mean_abs": 0.01911783404648304,
  "input_preservation_score": 0.38302229751240113,
  "input_psnr": 29.0719956449381,
  "input_ssim": 0.8642649054527283,
  "left_crop_clean_margin": 0.027460142970085144,
  "left_crop_perturbed_margin": 0.02663867175579071,
  "left_crop_semantic_drop": 0.0008214712142944336,
  "max_disp_px_budget": 14.0,
  "mean_crop_margin": 0.015213251113891602,
  "mean_crop_semantic_drop": 0.0017570157845815022,
  "min_crop_margin": -0.0032532811164855957,
  "min_crop_semantic_drop": 0.0008214712142944336,
  "output_disruption_score": 0.3815035401463892,
  "output_disruption_weight": 0.5,
  "output_l2": 0.05137557235063081,
  "output_max_abs": 0.8941176533699036,
  "output_mean_abs": 0.026476344093680382,
  "output_psnr": 25.78486653644456,
  "output_ssim": 0.823998749256134,
  "perturbed_clip_positive_margin": 0.05234803259372711,
  "perturbed_semantic_success_score": 0.05234803259372711,
  "phase2_final_score": 0.21652601056696902,
  "phase2_output_disruption": 0.3815035401463892,
  "phase2_score_formula": "8.0*max(0,semantic_drop)+0.5*output_disruption-3.0*input_damage_penalty-0.75*geometry_excess_penalty",
  "phase4_budget_name": "existence_probe",
  "phase4_final_score": 0.21652601056696902,
  "phase4_score_formula": "8.0*max(0,semantic_drop)+0.5*output_disruption-3.0*input_damage_penalty-0.75*geometry_excess_penalty",
  "right_crop_clean_margin": 0.025357991456985474,
  "right_crop_perturbed_margin": 0.02225436270236969,
  "right_crop_semantic_drop": 0.0031036287546157837,
  "semantic_drop": 0.0032217800617218018,
  "semantic_drop_weight": 8.0,
  "target_input_ssim": 0.78,
  "top_crop_clean_margin": -0.0019073337316513062,
  "top_crop_perturbed_margin": -0.0032532811164855957,
  "top_crop_semantic_drop": 0.0013459473848342896
}
