{
  "budget": "existence_probe",
  "budget_max_disp_px": 14.0,
  "candidate_folder_abs": "/home/interns/Desktop/mat/phase4/outputs/phase4a_existence_probe/cases/face_005/igs_1p50/add_a_small_beard/existence_probe/seed_00/candidates/cand_017_g01_m17",
  "candidate_index": 17,
  "candidate_name": "cand_017_g01_m17",
  "case_id": "face_005__add_a_small_beard__igs_1p50",
  "elapsed_seconds": 3.0761599838733673,
  "face_id": "face_005",
  "generation": 1,
  "geometry_method": "landmark_semantic_tps",
  "guidance_scale": 7.5,
  "image_guidance_scale": 1.5,
  "initial_candidate": false,
  "input_l2": 0.05248081433246662,
  "input_max_abs": 0.8784313797950745,
  "input_mean_abs": 0.027295053005218506,
  "input_psnr": 25.59998869469333,
  "input_ssim": 0.8130844235420227,
  "max_disp_px": 10.673789978027344,
  "max_disp_px_budget": 14.0,
  "mean_disp_px": 2.9718446731567383,
  "member": 17,
  "output_l2": 0.06540444584657888,
  "output_max_abs": 0.8039215803146362,
  "output_mean_abs": 0.037220846861600876,
  "output_psnr": 23.687854592838164,
  "output_ssim": 0.7369015216827393,
  "p95_disp_px": 8.709568977355957,
  "phase": "phase4a_existence_probe",
  "prompt": "add a small beard",
  "prompt_slug": "add_a_small_beard",
  "prompt_type": "beard",
  "seed": 48101,
  "target_input_ssim": 0.78,
  "theta_names": [
    "scale_logit",
    "action_jaw_expand",
    "action_jaw_compress",
    "action_chin_raise",
    "action_chin_lower",
    "action_mouth_width_expand",
    "action_lower_face_shift"
  ],
  "theta_values": [
    -0.1811472624540329,
    -0.90789395570755,
    1.8475141525268555,
    1.5296180248260498,
    -0.47185975313186646,
    0.8602477312088013,
    0.20761968195438385
  ]
}
