{
  "displacement": {
    "budget_max_disp_px": 8.0,
    "max_disp_px": 4.168060302734375,
    "max_disp_px_budget": 8.0,
    "mean_disp_px": 0.7198593616485596,
    "p95_disp_px": 2.173955202102661,
    "target_input_ssim": 0.88
  },
  "input": {
    "l2": 0.027675837667820943,
    "max_abs": 0.6313725709915161,
    "mean_abs": 0.011372893117368221,
    "psnr": 31.15798450816691,
    "ssim": 0.9233813285827637
  },
  "output": {
    "l2": 0.032547678450736646,
    "max_abs": 0.8823529481887817,
    "mean_abs": 0.01495352853089571,
    "psnr": 29.74959966387661,
    "ssim": 0.9092836380004883
  }
}
