{
  "clean_clip_positive_margin": 0.04853600263595581,
  "clean_semantic_success_score": 0.04853600263595581,
  "clip_available": true,
  "clip_semantic_drop": 0.0023160576820373535,
  "clip_warning": null,
  "crop_clip_available": false,
  "crop_clip_warning": null,
  "decision_label": "metric_only_candidate",
  "decision_reasons": [
    "semantic_drop_small:0.0023",
    "semantic_drop_small:0.0023",
    "semantic_drop_small:0.0023"
  ],
  "edit_failure_score": 0.0023160576820373535,
  "final_attack_score": 0.12898199935752797,
  "full_image_semantic_drop": 0.0023160576820373535,
  "geometry_excess_penalty": 0.0,
  "geometry_excess_penalty_weight": 0.75,
  "identity_or_face_health_available": false,
  "input_damage_penalty": 0.0,
  "input_damage_penalty_weight": 3.0,
  "input_l2": 0.027675837667820943,
  "input_max_abs": 0.6313725709915161,
  "input_mean_abs": 0.011372893117368221,
  "input_preservation_score": 0.3615110715230306,
  "input_psnr": 31.15798450816691,
  "input_ssim": 0.9233813285827637,
  "max_disp_px_budget": 8.0,
  "output_disruption_score": 0.2209070758024583,
  "output_disruption_weight": 0.5,
  "output_l2": 0.032547678450736646,
  "output_max_abs": 0.8823529481887817,
  "output_mean_abs": 0.01495352853089571,
  "output_psnr": 29.74959966387661,
  "output_ssim": 0.9092836380004883,
  "perturbed_clip_positive_margin": 0.04621994495391846,
  "perturbed_semantic_success_score": 0.04621994495391846,
  "phase2_final_score": 0.12898199935752797,
  "phase2_output_disruption": 0.2209070758024583,
  "phase2_score_formula": "8.0*max(0,semantic_drop)+0.5*output_disruption-3.0*input_damage_penalty-0.75*geometry_excess_penalty",
  "phase4_budget_name": "strong",
  "phase4_final_score": 0.12898199935752797,
  "phase4_score_formula": "8.0*max(0,semantic_drop)+0.5*output_disruption-3.0*input_damage_penalty-0.75*geometry_excess_penalty",
  "semantic_drop": 0.0023160576820373535,
  "semantic_drop_weight": 8.0,
  "target_input_ssim": 0.88
}
