{
  "clean_clip_positive_margin": 0.045523494482040405,
  "clean_semantic_success_score": 0.045523494482040405,
  "clip_available": true,
  "clip_semantic_drop": -0.0006300210952758789,
  "clip_warning": null,
  "crop_clip_available": false,
  "crop_clip_warning": null,
  "decision_label": "metric_only_candidate",
  "decision_reasons": [
    "semantic_drop_nonpositive:-0.0006",
    "semantic_drop_nonpositive:-0.0006",
    "semantic_drop_nonpositive:-0.0006"
  ],
  "edit_failure_score": 0.0,
  "final_attack_score": 0.05402904367005142,
  "full_image_semantic_drop": -0.0006300210952758789,
  "geometry_excess_penalty": 0.0,
  "geometry_excess_penalty_weight": 0.75,
  "identity_or_face_health_available": false,
  "input_damage_penalty": 0.0,
  "input_damage_penalty_weight": 3.0,
  "input_l2": 0.009373011213568826,
  "input_max_abs": 0.23137253522872925,
  "input_mean_abs": 0.003912956919521093,
  "input_preservation_score": 0.8873591423034668,
  "input_psnr": 40.56241726794977,
  "input_ssim": 0.986483097076416,
  "max_disp_px_budget": 8.0,
  "output_disruption_score": 0.10805808734010285,
  "output_disruption_weight": 0.5,
  "output_l2": 0.0181654225565757,
  "output_max_abs": 0.6745098233222961,
  "output_mean_abs": 0.007669387385249138,
  "output_psnr": 34.815089906088986,
  "output_ssim": 0.9646036028862,
  "perturbed_clip_positive_margin": 0.046153515577316284,
  "perturbed_semantic_success_score": 0.046153515577316284,
  "phase2_final_score": 0.05402904367005142,
  "phase2_output_disruption": 0.10805808734010285,
  "phase2_score_formula": "8.0*max(0,semantic_drop)+0.5*output_disruption-3.0*input_damage_penalty-0.75*geometry_excess_penalty",
  "phase4_budget_name": "strong",
  "phase4_final_score": 0.05402904367005142,
  "phase4_score_formula": "8.0*max(0,semantic_drop)+0.5*output_disruption-3.0*input_damage_penalty-0.75*geometry_excess_penalty",
  "semantic_drop": -0.0006300210952758789,
  "semantic_drop_weight": 8.0,
  "target_input_ssim": 0.88
}
