{
  "best_folder": "phase2/outputs/phase2c_probe/semantic_heavy_cem/headphones_top_only/strong/seed_00/candidates/cand_000_initial",
  "budget": "strong",
  "budget_max_disp_px": 6.0,
  "candidate_folder": "phase2/outputs/phase2c_probe/semantic_heavy_cem/headphones_top_only/strong/seed_00/candidates/cand_000_initial",
  "candidate_index": 0,
  "candidate_name": "cand_000_initial",
  "clean_clip_positive_margin": 0.027842342853546143,
  "clean_semantic_success_score": 0.027842342853546143,
  "clip_available": true,
  "clip_semantic_drop": 0.01953798532485962,
  "clip_warning": null,
  "crop_clip_available": true,
  "crop_clip_warning": null,
  "dct_modes": [
    [
      1,
      0
    ],
    [
      0,
      1
    ],
    [
      1,
      1
    ],
    [
      2,
      0
    ],
    [
      0,
      2
    ],
    [
      2,
      1
    ]
  ],
  "decision_label": "weak_candidate",
  "decision_reasons": [
    "semantic_drop_small:0.0195"
  ],
  "edit_failure_score": 0.01953798532485962,
  "elapsed_seconds": 5.087781056761742,
  "final_attack_score": 0.1838924761356887,
  "full_image_semantic_drop": 0.01953798532485962,
  "generation": 0,
  "geometry_excess_penalty": 0.0,
  "geometry_excess_penalty_weight": 0.75,
  "geometry_method": "region_local_tps",
  "identity_or_face_health_available": false,
  "initial_candidate": true,
  "input_damage_penalty": 0.0,
  "input_damage_penalty_weight": 3.0,
  "input_l2": 0.01102159455890055,
  "input_max_abs": 0.30588239431381226,
  "input_mean_abs": 0.0026593124493956566,
  "input_preservation_score": 0.7075623273849486,
  "input_psnr": 39.15511138003939,
  "input_ssim": 0.9707562327384949,
  "left_crop_clean_margin": 0.02535329759120941,
  "left_crop_perturbed_margin": 0.027745768427848816,
  "left_crop_semantic_drop": -0.0023924708366394043,
  "max_disp_px": 1.7773751020431519,
  "max_disp_px_budget": 6.0,
  "mean_crop_margin": 0.01709269980589549,
  "mean_crop_semantic_drop": 0.0010185688734054565,
  "mean_disp_px": 0.15045689046382904,
  "member": 0,
  "mesh_size": 4,
  "min_crop_margin": 0.002428114414215088,
  "min_crop_semantic_drop": -0.0023924708366394043,
  "output_disruption_score": 0.11035437414724708,
  "output_disruption_weight": 0.25,
  "output_l2": 0.01709364610334009,
  "output_max_abs": 0.4784314036369324,
  "output_mean_abs": 0.007207407150417566,
  "output_psnr": 35.343305833157764,
  "output_ssim": 0.9580202102661133,
  "p95_disp_px": 1.1753935813903809,
  "path_flow": "phase2/outputs/phase2c_probe/semantic_heavy_cem/headphones_top_only/strong/seed_00/candidates/cand_000_initial/flow.png",
  "path_original": "phase2/outputs/phase2c_probe/semantic_heavy_cem/headphones_top_only/strong/seed_00/candidates/cand_000_initial/original.png",
  "path_original_edited": "phase2/outputs/phase2c_probe/semantic_heavy_cem/headphones_top_only/strong/seed_00/candidates/cand_000_initial/original_edited.png",
  "path_perturbed": "phase2/outputs/phase2c_probe/semantic_heavy_cem/headphones_top_only/strong/seed_00/candidates/cand_000_initial/perturbed.png",
  "path_perturbed_edited": "phase2/outputs/phase2c_probe/semantic_heavy_cem/headphones_top_only/strong/seed_00/candidates/cand_000_initial/perturbed_edited.png",
  "perturbed_clip_positive_margin": 0.008304357528686523,
  "perturbed_semantic_success_score": 0.008304357528686523,
  "phase": "phase2c_probe",
  "phase2_final_score": 0.1838924761356887,
  "phase2_output_disruption": 0.11035437414724708,
  "phase2_score_formula": "8.0*max(0,semantic_drop)+0.25*output_disruption-3.0*input_damage_penalty-0.75*geometry_excess_penalty",
  "prompt": "add headphones",
  "prompt_priority": 1,
  "prompt_slug": "add_headphones",
  "region_count": 1,
  "region_key": "headphones_top_only",
  "right_crop_clean_margin": 0.021481528878211975,
  "right_crop_perturbed_margin": 0.02110421657562256,
  "right_crop_semantic_drop": 0.0003773123025894165,
  "scale_factor": 0.4161372184753418,
  "seed": 24301,
  "semantic_drop": 0.01953798532485962,
  "semantic_drop_weight": 8.0,
  "target_input_ssim": 0.9,
  "top_crop_clean_margin": 0.007498979568481445,
  "top_crop_perturbed_margin": 0.002428114414215088,
  "top_crop_semantic_drop": 0.005070865154266357,
  "tps_size": 4
}
