{
  "budget": "existence_probe",
  "budget_max_disp_px": 14.0,
  "candidate_folder_abs": "/home/interns/Desktop/mat/phase4/outputs/phase4a_existence_probe/cases/face_005/igs_1p00/add_black_sunglasses/existence_probe/seed_00/candidates/cand_067_g04_m07",
  "candidate_index": 67,
  "candidate_name": "cand_067_g04_m07",
  "case_id": "face_005__add_black_sunglasses__igs_1p00",
  "elapsed_seconds": 3.1973028481006622,
  "face_id": "face_005",
  "generation": 4,
  "geometry_method": "landmark_semantic_tps",
  "guidance_scale": 7.5,
  "image_guidance_scale": 1.0,
  "initial_candidate": false,
  "input_l2": 0.05434965828746583,
  "input_max_abs": 0.8274509906768799,
  "input_mean_abs": 0.026958083733916283,
  "input_psnr": 25.296063642164412,
  "input_ssim": 0.8215351104736328,
  "max_disp_px": 8.001532554626465,
  "max_disp_px_budget": 14.0,
  "mean_disp_px": 2.930337905883789,
  "member": 7,
  "output_l2": 0.08713632463959561,
  "output_max_abs": 0.8078431487083435,
  "output_mean_abs": 0.03816578537225723,
  "output_psnr": 21.196015246142853,
  "output_ssim": 0.8255268931388855,
  "p95_disp_px": 6.5779290199279785,
  "phase": "phase4a_existence_probe",
  "prompt": "add black sunglasses",
  "prompt_slug": "add_black_sunglasses",
  "prompt_type": "glasses",
  "seed": 41101,
  "target_input_ssim": 0.78,
  "theta_names": [
    "scale_logit",
    "action_eye_spread",
    "action_eye_compress",
    "action_eye_squint",
    "action_eye_raise_left",
    "action_eye_raise_right",
    "action_nose_bridge_shift_x",
    "action_asymmetry_twist"
  ],
  "theta_values": [
    0.011068915016949177,
    0.42487195134162903,
    -0.6850007176399231,
    0.9577960968017578,
    0.2537308633327484,
    0.5085436701774597,
    -1.3050644397735596,
    -0.7816864848136902
  ]
}
