{
  "budget": "existence_probe",
  "budget_max_disp_px": 14.0,
  "candidate_folder_abs": "/home/interns/Desktop/mat/phase4/outputs/phase4c_real_landmark_sanity/cases/face_003/igs_1p50/add_black_sunglasses/existence_probe/seed_00/candidates/cand_023_g02_m11",
  "candidate_index": 23,
  "candidate_name": "cand_023_g02_m11",
  "case_id": "face_003__add_black_sunglasses__igs_1p50",
  "elapsed_seconds": 12.575008157640696,
  "face_id": "face_003",
  "generation": 2,
  "geometry_method": "landmark_semantic_tps",
  "guidance_scale": 7.5,
  "image_guidance_scale": 1.5,
  "initial_candidate": false,
  "input_l2": 0.0631188547393692,
  "input_max_abs": 0.6509804129600525,
  "input_mean_abs": 0.034614648669958115,
  "input_psnr": 23.99681779574605,
  "input_ssim": 0.7054839730262756,
  "landmark_count": 478,
  "landmark_detector": "mediapipe_python_solutions_face_mesh",
  "max_disp_px": 13.535818099975586,
  "max_disp_px_budget": 14.0,
  "mean_disp_px": 4.354592800140381,
  "member": 11,
  "output_l2": 0.06829790007830626,
  "output_max_abs": 0.7882353067398071,
  "output_mean_abs": 0.035729505121707916,
  "output_psnr": 23.311852983008894,
  "output_ssim": 0.6945595741271973,
  "p95_disp_px": 10.615447044372559,
  "phase": "phase4c_real_landmark_sanity",
  "prompt": "add black sunglasses",
  "prompt_slug": "add_black_sunglasses",
  "prompt_type": "glasses",
  "real_landmarks": true,
  "seed": 46101,
  "target_input_ssim": 0.78,
  "theta_names": [
    "scale_logit",
    "action_eye_spread",
    "action_eye_compress",
    "action_eye_squint",
    "action_eye_raise_left",
    "action_eye_raise_right",
    "action_nose_bridge_shift_x",
    "action_asymmetry_twist"
  ],
  "theta_values": [
    0.573369562625885,
    0.7042058706283569,
    -1.6286317110061646,
    0.4719638228416443,
    -0.24557851254940033,
    0.030614210292696953,
    0.4684840738773346,
    -1.1432424783706665
  ]
}
