{
  "geometry_info": {
    "action_names": [
      "jaw_expand",
      "jaw_compress",
      "chin_raise",
      "chin_lower",
      "mouth_width_expand",
      "lower_face_shift"
    ],
    "action_strength": 0.72,
    "action_values": {
      "chin_lower": -0.8371949489628914,
      "chin_raise": -0.24228633292082838,
      "jaw_compress": 0.3877153288422018,
      "jaw_expand": 0.701456590487615,
      "lower_face_shift": 0.7440782607831923,
      "mouth_width_expand": 0.02873043722362295
    },
    "active_actions": {
      "chin_lower": -0.8371949489628914,
      "chin_raise": -0.24228633292082838,
      "jaw_compress": 0.3877153288422018,
      "jaw_expand": 0.701456590487615,
      "lower_face_shift": 0.7440782607831923,
      "mouth_width_expand": 0.02873043722362295
    },
    "active_anchor_count": 6,
    "control_point_count": 14,
    "geometry_method": "landmark_piecewise_affine",
    "max_disp_px_budget": 14.0,
    "scale_factor": 0.9726889157762422,
    "source_control_points": [
      [
        174.0800018310547,
        394.239990234375
      ],
      [
        337.9200134277344,
        394.239990234375
      ],
      [
        256.0,
        419.8399963378906
      ],
      [
        256.0,
        376.32000732421875
      ],
      [
        204.8000030517578,
        335.3599853515625
      ],
      [
        307.20001220703125,
        335.3599853515625
      ],
      [
        0.0,
        0.0
      ],
      [
        511.0,
        0.0
      ],
      [
        0.0,
        511.0
      ],
      [
        511.0,
        511.0
      ],
      [
        256.0,
        0.0
      ],
      [
        256.0,
        511.0
      ],
      [
        0.0,
        256.0
      ],
      [
        511.0,
        256.0
      ]
    ],
    "target_control_points": [
      [
        170.91749572753906,
        394.239990234375
      ],
      [
        341.08251953125,
        394.239990234375
      ],
      [
        261.625244140625,
        413.84332275390625
      ],
      [
        263.50030517578125,
        373.3216552734375
      ],
      [
        204.51040649414062,
        335.3599853515625
      ],
      [
        307.4896240234375,
        335.3599853515625
      ],
      [
        0.0,
        0.0
      ],
      [
        511.0,
        0.0
      ],
      [
        0.0,
        511.0
      ],
      [
        511.0,
        511.0
      ],
      [
        256.0,
        0.0
      ],
      [
        256.0,
        511.0
      ],
      [
        0.0,
        256.0
      ],
      [
        511.0,
        256.0
      ]
    ],
    "tps_regularization": 0.0001
  },
  "names": [
    "scale_logit",
    "action_jaw_expand",
    "action_jaw_compress",
    "action_chin_raise",
    "action_chin_lower",
    "action_mouth_width_expand",
    "action_lower_face_shift"
  ],
  "values": [
    1.6712919473648071,
    0.9100412130355835,
    0.4219852387905121,
    -0.2544415593147278,
    -1.2960454225540161,
    0.029545722529292107,
    1.0080889463424683
  ]
}
