{
  "clean_clip_positive_margin": 0.05116361379623413,
  "clean_semantic_success_score": 0.05116361379623413,
  "clip_available": true,
  "clip_semantic_drop": 0.008012235164642334,
  "clip_warning": null,
  "crop_clip_available": true,
  "crop_clip_warning": null,
  "decision_label": "reject_input_damage",
  "decision_reasons": [
    "input_ssim_below_target:0.8534<0.8800",
    "semantic_drop_small:0.0080"
  ],
  "edit_failure_score": 0.008012235164642334,
  "final_attack_score": -0.3769000786105568,
  "full_image_semantic_drop": 0.008012235164642334,
  "geometry_excess_penalty": 0.0,
  "geometry_excess_penalty_weight": 0.75,
  "identity_or_face_health_available": false,
  "input_damage_penalty": 0.21242622375488285,
  "input_damage_penalty_weight": 3.0,
  "input_l2": 0.03510596400962453,
  "input_max_abs": 0.6313725709915161,
  "input_mean_abs": 0.017687970772385597,
  "input_preservation_score": 0.0,
  "input_psnr": 29.092381934818214,
  "input_ssim": 0.8534467220306396,
  "left_crop_clean_margin": 0.024231508374214172,
  "left_crop_perturbed_margin": 0.01899823546409607,
  "left_crop_semantic_drop": 0.005233272910118103,
  "max_disp_px_budget": 8.0,
  "mean_crop_margin": 0.007608667016029358,
  "mean_crop_semantic_drop": 0.004514803489049275,
  "min_crop_margin": -0.017259180545806885,
  "min_crop_semantic_drop": 0.003966659307479858,
  "output_disruption_score": 0.39256142267390615,
  "output_disruption_weight": 0.5,
  "output_l2": 0.06328278454344602,
  "output_max_abs": 0.9098039269447327,
  "output_mean_abs": 0.026368243619799614,
  "output_psnr": 23.974288388802094,
  "output_ssim": 0.8605697154998779,
  "perturbed_clip_positive_margin": 0.0431513786315918,
  "perturbed_semantic_success_score": 0.0431513786315918,
  "phase2_final_score": -0.3769000786105568,
  "phase2_output_disruption": 0.39256142267390615,
  "phase2_score_formula": "8.0*max(0,semantic_drop)+0.5*output_disruption-3.0*input_damage_penalty-0.75*geometry_excess_penalty",
  "phase4_budget_name": "strong",
  "phase4_final_score": -0.3769000786105568,
  "phase4_score_formula": "8.0*max(0,semantic_drop)+0.5*output_disruption-3.0*input_damage_penalty-0.75*geometry_excess_penalty",
  "right_crop_clean_margin": 0.025431424379348755,
  "right_crop_perturbed_margin": 0.02108694612979889,
  "right_crop_semantic_drop": 0.004344478249549866,
  "semantic_drop": 0.008012235164642334,
  "semantic_drop_weight": 8.0,
  "target_input_ssim": 0.88,
  "top_crop_clean_margin": -0.013292521238327026,
  "top_crop_perturbed_margin": -0.017259180545806885,
  "top_crop_semantic_drop": 0.003966659307479858
}
