{
  "budget": "strong",
  "budget_max_disp_px": 8.0,
  "candidate_folder_abs": "/home/interns/Desktop/mat/phase4/outputs/phase4a_existence_probe/cases/face_002/igs_1p50/add_black_sunglasses/strong/seed_00/candidates/cand_050_g03_m10",
  "candidate_index": 50,
  "candidate_name": "cand_050_g03_m10",
  "case_id": "face_002__add_black_sunglasses__igs_1p50",
  "elapsed_seconds": 2.3938147388398647,
  "face_id": "face_002",
  "generation": 3,
  "geometry_method": "landmark_piecewise_affine",
  "guidance_scale": 7.5,
  "image_guidance_scale": 1.5,
  "initial_candidate": false,
  "input_l2": 0.028425448005317034,
  "input_max_abs": 0.6549019813537598,
  "input_mean_abs": 0.011693584732711315,
  "input_psnr": 30.925853635915338,
  "input_ssim": 0.9193558692932129,
  "max_disp_px": 4.9622802734375,
  "max_disp_px_budget": 8.0,
  "mean_disp_px": 0.8233535289764404,
  "member": 10,
  "output_l2": 0.038056796491821074,
  "output_max_abs": 0.9882352948188782,
  "output_mean_abs": 0.016181103885173798,
  "output_psnr": 28.39135544261923,
  "output_ssim": 0.9025459289550781,
  "p95_disp_px": 2.3292341232299805,
  "phase": "phase4a_existence_probe",
  "prompt": "add black sunglasses",
  "prompt_slug": "add_black_sunglasses",
  "prompt_type": "glasses",
  "seed": 42001,
  "target_input_ssim": 0.88,
  "theta_names": [
    "scale_logit",
    "action_eye_spread",
    "action_eye_compress",
    "action_eye_squint",
    "action_eye_raise_left",
    "action_eye_raise_right",
    "action_nose_bridge_shift_x",
    "action_asymmetry_twist"
  ],
  "theta_values": [
    -0.04548363760113716,
    -0.9050339460372925,
    -0.4349013566970825,
    -0.9123014807701111,
    -0.9112520813941956,
    0.9798411130905151,
    -0.6118831634521484,
    0.9341772794723511
  ]
}
