{
  "displacement": {
    "budget_max_disp_px": 14.0,
    "max_disp_px": 5.277305603027344,
    "max_disp_px_budget": 14.0,
    "mean_disp_px": 0.9383295774459839,
    "p95_disp_px": 2.426546096801758,
    "target_input_ssim": 0.78
  },
  "input": {
    "l2": 0.024041075647446394,
    "max_abs": 0.8313725590705872,
    "mean_abs": 0.010540693998336792,
    "psnr": 32.38092210002514,
    "ssim": 0.9342235922813416
  },
  "output": {
    "l2": 0.06909095103147116,
    "max_abs": 0.9803921580314636,
    "mean_abs": 0.034363847225904465,
    "psnr": 23.211576584916024,
    "ssim": 0.8704009056091309
  }
}
