{
  "clean_clip_positive_margin": 0.027842342853546143,
  "clean_semantic_success_score": 0.027842342853546143,
  "clip_available": true,
  "clip_semantic_drop": 0.0013402104377746582,
  "clip_warning": null,
  "crop_clip_available": true,
  "crop_clip_warning": null,
  "decision_label": "metric_only_candidate",
  "decision_reasons": [
    "semantic_drop_small:0.0013",
    "semantic_drop_small:0.0013"
  ],
  "edit_failure_score": 0.0013402104377746582,
  "final_attack_score": 0.04047213873676364,
  "full_image_semantic_drop": 0.0013402104377746582,
  "geometry_excess_penalty": 0.0,
  "geometry_excess_penalty_weight": 0.75,
  "identity_or_face_health_available": false,
  "input_damage_penalty": 0.0,
  "input_damage_penalty_weight": 3.0,
  "input_l2": 0.00928530853092046,
  "input_max_abs": 0.3215686082839966,
  "input_mean_abs": 0.0025154713075608015,
  "input_preservation_score": 0.874239308493478,
  "input_psnr": 40.64407322017476,
  "input_ssim": 0.9823935031890869,
  "left_crop_clean_margin": 0.02535329759120941,
  "left_crop_perturbed_margin": 0.02773459255695343,
  "left_crop_semantic_drop": -0.0023812949657440186,
  "max_disp_px_budget": 8.0,
  "mean_crop_margin": 0.016316066185633343,
  "mean_crop_semantic_drop": 0.0017952024936676025,
  "min_crop_margin": -0.0003699362277984619,
  "min_crop_semantic_drop": -0.0023812949657440186,
  "output_disruption_score": 0.1190018209382655,
  "output_disruption_weight": 0.25,
  "output_l2": 0.019761014793434784,
  "output_max_abs": 0.6470588445663452,
  "output_mean_abs": 0.008054555393755436,
  "output_psnr": 34.083815134368,
  "output_ssim": 0.9600422382354736,
  "perturbed_clip_positive_margin": 0.026502132415771484,
  "perturbed_semantic_success_score": 0.026502132415771484,
  "phase2_final_score": 0.04047213873676364,
  "phase2_output_disruption": 0.1190018209382655,
  "phase2_score_formula": "8.0*max(0,semantic_drop)+0.25*output_disruption-3.0*input_damage_penalty-0.75*geometry_excess_penalty",
  "right_crop_clean_margin": 0.021481528878211975,
  "right_crop_perturbed_margin": 0.021583542227745056,
  "right_crop_semantic_drop": -0.00010201334953308105,
  "semantic_drop": 0.0013402104377746582,
  "semantic_drop_weight": 8.0,
  "target_input_ssim": 0.86,
  "top_crop_clean_margin": 0.007498979568481445,
  "top_crop_perturbed_margin": -0.0003699362277984619,
  "top_crop_semantic_drop": 0.007868915796279907
}
