{
  "best_folder": "phase4/outputs/phase4a_existence_probe/cases/face_002/igs_1p00/add_headphones/strong/seed_00/candidates/cand_064_g04_m04",
  "budget": "strong",
  "budget_max_disp_px": 8.0,
  "candidate_folder": "phase4/outputs/phase4a_existence_probe/cases/face_002/igs_1p00/add_headphones/strong/seed_00/candidates/cand_064_g04_m04",
  "candidate_index": 64,
  "candidate_name": "cand_064_g04_m04",
  "case_id": "face_002__add_headphones__igs_1p00",
  "clean_clip_positive_margin": 0.05116361379623413,
  "clean_semantic_success_score": 0.05116361379623413,
  "clip_available": true,
  "clip_semantic_drop": 0.0025850534439086914,
  "clip_warning": null,
  "crop_clip_available": true,
  "crop_clip_warning": null,
  "decision_label": "reject_input_damage",
  "decision_reasons": [
    "input_ssim_below_target:0.8665<0.8800",
    "semantic_drop_small:0.0026"
  ],
  "edit_failure_score": 0.0025850534439086914,
  "elapsed_seconds": 2.45414786785841,
  "face_id": "face_002",
  "final_attack_score": -0.13919961027780078,
  "full_image_semantic_drop": 0.0025850534439086914,
  "generation": 4,
  "geometry_excess_penalty": 0.0,
  "geometry_excess_penalty_weight": 0.75,
  "geometry_method": "landmark_piecewise_affine",
  "guidance_scale": 7.5,
  "identity_or_face_health_available": false,
  "image_guidance_scale": 1.0,
  "initial_candidate": false,
  "input_damage_penalty": 0.10822443008422855,
  "input_damage_penalty_weight": 3.0,
  "input_l2": 0.03668804882602069,
  "input_max_abs": 0.6313725709915161,
  "input_mean_abs": 0.01634121499955654,
  "input_preservation_score": 0.0,
  "input_psnr": 28.709507692722518,
  "input_ssim": 0.8664719462394714,
  "left_crop_clean_margin": 0.024231508374214172,
  "left_crop_perturbed_margin": 0.023437127470970154,
  "left_crop_semantic_drop": 0.0007943809032440186,
  "max_disp_px": 5.508598327636719,
  "max_disp_px_budget": 8.0,
  "mean_crop_margin": 0.012564053138097128,
  "mean_crop_semantic_drop": -0.00044058263301849365,
  "mean_disp_px": 1.0106470584869385,
  "member": 4,
  "min_crop_margin": -0.01156914234161377,
  "min_crop_semantic_drop": -0.0017233788967132568,
  "output_disruption_score": 0.3295865048472307,
  "output_disruption_weight": 0.5,
  "output_l2": 0.05257923875014538,
  "output_max_abs": 0.8666666746139526,
  "output_mean_abs": 0.02194368652999401,
  "output_psnr": 25.58371411925439,
  "output_ssim": 0.8807304501533508,
  "p95_disp_px": 3.4967846870422363,
  "path_clean_edit": "phase4/outputs/phase4a_existence_probe/cases/face_002/igs_1p00/add_headphones/strong/seed_00/candidates/cand_064_g04_m04/clean_edit.png",
  "path_flow": "phase4/outputs/phase4a_existence_probe/cases/face_002/igs_1p00/add_headphones/strong/seed_00/candidates/cand_064_g04_m04/flow.png",
  "path_landmarks_overlay_original": "phase4/outputs/phase4a_existence_probe/cases/face_002/igs_1p00/add_headphones/strong/seed_00/candidates/cand_064_g04_m04/landmarks_overlay_original.jpg",
  "path_landmarks_overlay_perturbed": "phase4/outputs/phase4a_existence_probe/cases/face_002/igs_1p00/add_headphones/strong/seed_00/candidates/cand_064_g04_m04/landmarks_overlay_perturbed.jpg",
  "path_original": "phase4/outputs/phase4a_existence_probe/cases/face_002/igs_1p00/add_headphones/strong/seed_00/candidates/cand_064_g04_m04/original.png",
  "path_perturbed": "phase4/outputs/phase4a_existence_probe/cases/face_002/igs_1p00/add_headphones/strong/seed_00/candidates/cand_064_g04_m04/perturbed.png",
  "path_perturbed_edit": "phase4/outputs/phase4a_existence_probe/cases/face_002/igs_1p00/add_headphones/strong/seed_00/candidates/cand_064_g04_m04/perturbed_edit.png",
  "perturbed_clip_positive_margin": 0.04857856035232544,
  "perturbed_semantic_success_score": 0.04857856035232544,
  "phase": "phase4a_existence_probe",
  "phase2_final_score": -0.13919961027780078,
  "phase2_output_disruption": 0.3295865048472307,
  "phase2_score_formula": "8.0*max(0,semantic_drop)+0.5*output_disruption-3.0*input_damage_penalty-0.75*geometry_excess_penalty",
  "phase4_budget_name": "strong",
  "phase4_final_score": -0.13919961027780078,
  "phase4_score_formula": "8.0*max(0,semantic_drop)+0.5*output_disruption-3.0*input_damage_penalty-0.75*geometry_excess_penalty",
  "prompt": "add headphones",
  "prompt_slug": "add_headphones",
  "prompt_type": "headphones",
  "right_crop_clean_margin": 0.025431424379348755,
  "right_crop_perturbed_margin": 0.025824174284934998,
  "right_crop_semantic_drop": -0.0003927499055862427,
  "seed": 45001,
  "semantic_drop": 0.0025850534439086914,
  "semantic_drop_weight": 8.0,
  "target_input_ssim": 0.88,
  "theta_names": [
    "scale_logit",
    "action_face_side_push_left",
    "action_face_side_push_right",
    "action_head_top_raise",
    "action_head_top_lower",
    "action_jaw_expand",
    "action_jaw_compress",
    "action_asymmetry_twist"
  ],
  "theta_values": [
    -0.17340107262134552,
    -0.946681559085846,
    0.10644389688968658,
    1.45150887966156,
    -1.443034291267395,
    -0.9898010492324829,
    -0.5429635643959045,
    -0.08377977460622787
  ],
  "top_crop_clean_margin": -0.013292521238327026,
  "top_crop_perturbed_margin": -0.01156914234161377,
  "top_crop_semantic_drop": -0.0017233788967132568
}
