{
  "clean_clip_positive_margin": 0.02052225172519684,
  "clean_semantic_success_score": 0.02052225172519684,
  "clip_available": true,
  "clip_semantic_drop": 0.0008658617734909058,
  "clip_warning": null,
  "crop_clip_available": false,
  "crop_clip_warning": null,
  "decision_label": "metric_only_candidate",
  "decision_reasons": [
    "semantic_drop_small:0.0009",
    "semantic_drop_small:0.0009",
    "semantic_drop_small:0.0009"
  ],
  "edit_failure_score": 0.0008658617734909058,
  "final_attack_score": 0.0835108930066776,
  "full_image_semantic_drop": 0.0008658617734909058,
  "geometry_excess_penalty": 0.0,
  "geometry_excess_penalty_weight": 0.75,
  "identity_or_face_health_available": false,
  "input_damage_penalty": 0.0,
  "input_damage_penalty_weight": 3.0,
  "input_l2": 0.013266709266361594,
  "input_max_abs": 0.24313727021217346,
  "input_mean_abs": 0.005137858912348747,
  "input_preservation_score": 0.8743244192816995,
  "input_psnr": 37.544735762292255,
  "input_ssim": 0.9723513722419739,
  "max_disp_px_budget": 14.0,
  "output_disruption_score": 0.15316799763750072,
  "output_disruption_weight": 0.5,
  "output_l2": 0.02801906437653064,
  "output_max_abs": 0.7843137383460999,
  "output_mean_abs": 0.011716914363205433,
  "output_psnr": 31.050927418759397,
  "output_ssim": 0.9589082598686218,
  "perturbed_clip_positive_margin": 0.019656389951705933,
  "perturbed_semantic_success_score": 0.019656389951705933,
  "phase2_final_score": 0.0835108930066776,
  "phase2_output_disruption": 0.15316799763750072,
  "phase2_score_formula": "8.0*max(0,semantic_drop)+0.5*output_disruption-3.0*input_damage_penalty-0.75*geometry_excess_penalty",
  "phase4_budget_name": "existence_probe",
  "phase4_final_score": 0.0835108930066776,
  "phase4_score_formula": "8.0*max(0,semantic_drop)+0.5*output_disruption-3.0*input_damage_penalty-0.75*geometry_excess_penalty",
  "semantic_drop": 0.0008658617734909058,
  "semantic_drop_weight": 8.0,
  "target_input_ssim": 0.78
}
