{
  "action_names": [
    "eye_spread",
    "eye_compress",
    "eye_squint",
    "eye_raise_left",
    "eye_raise_right",
    "nose_bridge_shift_x",
    "asymmetry_twist"
  ],
  "action_strength": 0.72,
  "action_values": {
    "asymmetry_twist": -0.7934866002671895,
    "eye_compress": 0.11633309741792157,
    "eye_raise_left": 0.6138454390838769,
    "eye_raise_right": -0.2771322432371195,
    "eye_spread": 0.6379548945804031,
    "eye_squint": 0.07847368046545725,
    "nose_bridge_shift_x": 0.47741663533428497
  },
  "active_actions": {
    "asymmetry_twist": -0.7934866002671895,
    "eye_compress": 0.11633309741792157,
    "eye_raise_left": 0.6138454390838769,
    "eye_raise_right": -0.2771322432371195,
    "eye_spread": 0.6379548945804031,
    "eye_squint": 0.07847368046545725,
    "nose_bridge_shift_x": 0.47741663533428497
  },
  "active_anchor_count": 13,
  "control_point_count": 21,
  "geometry_method": "landmark_piecewise_affine",
  "max_disp_px_budget": 14.0,
  "scale_factor": 0.9849266006511321,
  "source_control_points": [
    [
      212.48001098632812,
      217.60000610351562
    ],
    [
      184.32000732421875,
      217.60000610351562
    ],
    [
      299.5199890136719,
      217.60000610351562
    ],
    [
      327.67999267578125,
      217.60000610351562
    ],
    [
      212.48001098632812,
      199.67999267578125
    ],
    [
      212.48001098632812,
      235.52000427246094
    ],
    [
      299.5199890136719,
      199.67999267578125
    ],
    [
      299.5199890136719,
      235.52000427246094
    ],
    [
      256.0,
      263.67999267578125
    ],
    [
      112.63999938964844,
      248.3199920654297
    ],
    [
      174.0800018310547,
      394.239990234375
    ],
    [
      399.3599853515625,
      248.3199920654297
    ],
    [
      337.9200134277344,
      394.239990234375
    ],
    [
      0.0,
      0.0
    ],
    [
      511.0,
      0.0
    ],
    [
      0.0,
      511.0
    ],
    [
      511.0,
      511.0
    ],
    [
      256.0,
      0.0
    ],
    [
      256.0,
      511.0
    ],
    [
      0.0,
      256.0
    ],
    [
      511.0,
      256.0
    ]
  ],
  "target_control_points": [
    [
      207.22206115722656,
      211.41244506835938
    ],
    [
      179.0620574951172,
      217.60000610351562
    ],
    [
      304.7779235839844,
      220.39349365234375
    ],
    [
      332.93792724609375,
      217.60000610351562
    ],
    [
      212.48001098632812,
      194.283447265625
    ],
    [
      212.48001098632812,
      231.6352081298828
    ],
    [
      299.5199890136719,
      203.26449584960938
    ],
    [
      299.5199890136719,
      236.125732421875
    ],
    [
      260.8123474121094,
      263.67999267578125
    ],
    [
      112.63999938964844,
      256.3183288574219
    ],
    [
      174.0800018310547,
      398.2391662597656
    ],
    [
      399.3599853515625,
      240.32164001464844
    ],
    [
      337.9200134277344,
      390.2408142089844
    ],
    [
      0.0,
      0.0
    ],
    [
      511.0,
      0.0
    ],
    [
      0.0,
      511.0
    ],
    [
      511.0,
      511.0
    ],
    [
      256.0,
      0.0
    ],
    [
      256.0,
      511.0
    ],
    [
      0.0,
      256.0
    ],
    [
      511.0,
      256.0
    ]
  ],
  "tps_regularization": 0.0001
}
