{
  "clean_clip_positive_margin": 0.04772844910621643,
  "clean_semantic_success_score": 0.04772844910621643,
  "clip_available": true,
  "clip_semantic_drop": 0.001322418451309204,
  "clip_warning": null,
  "crop_clip_available": true,
  "crop_clip_warning": null,
  "decision_label": "metric_only_candidate",
  "decision_reasons": [
    "semantic_drop_small:0.0013",
    "semantic_drop_small:0.0013",
    "semantic_drop_small:0.0013"
  ],
  "edit_failure_score": 0.001322418451309204,
  "final_attack_score": 0.1219340713917536,
  "full_image_semantic_drop": 0.001322418451309204,
  "geometry_excess_penalty": 0.0,
  "geometry_excess_penalty_weight": 0.75,
  "identity_or_face_health_available": false,
  "input_damage_penalty": 0.0,
  "input_damage_penalty_weight": 3.0,
  "input_l2": 0.017312380598896785,
  "input_max_abs": 0.37254902720451355,
  "input_mean_abs": 0.008385875262320042,
  "input_preservation_score": 0.511412779490153,
  "input_psnr": 35.2328641770068,
  "input_ssim": 0.9413695335388184,
  "left_crop_clean_margin": 0.018402695655822754,
  "left_crop_perturbed_margin": 0.017115071415901184,
  "left_crop_semantic_drop": 0.0012876242399215698,
  "max_disp_px_budget": 8.0,
  "mean_crop_margin": 0.01302353541056315,
  "mean_crop_semantic_drop": 0.002310370405515035,
  "min_crop_margin": -0.0028449594974517822,
  "min_crop_semantic_drop": 0.0012484043836593628,
  "output_disruption_score": 0.22270944756255995,
  "output_disruption_weight": 0.5,
  "output_l2": 0.03172815601524326,
  "output_max_abs": 0.7098039388656616,
  "output_mean_abs": 0.01514565572142601,
  "output_psnr": 29.971103351988354,
  "output_ssim": 0.9042031764984131,
  "perturbed_clip_positive_margin": 0.04640603065490723,
  "perturbed_semantic_success_score": 0.04640603065490723,
  "phase2_final_score": 0.1219340713917536,
  "phase2_output_disruption": 0.22270944756255995,
  "phase2_score_formula": "8.0*max(0,semantic_drop)+0.5*output_disruption-3.0*input_damage_penalty-0.75*geometry_excess_penalty",
  "phase4_budget_name": "strong",
  "phase4_final_score": 0.1219340713917536,
  "phase4_score_formula": "8.0*max(0,semantic_drop)+0.5*output_disruption-3.0*input_damage_penalty-0.75*geometry_excess_penalty",
  "right_crop_clean_margin": 0.026048898696899414,
  "right_crop_perturbed_margin": 0.02480049431324005,
  "right_crop_semantic_drop": 0.0012484043836593628,
  "semantic_drop": 0.001322418451309204,
  "semantic_drop_weight": 8.0,
  "target_input_ssim": 0.88,
  "top_crop_clean_margin": 0.0015501230955123901,
  "top_crop_perturbed_margin": -0.0028449594974517822,
  "top_crop_semantic_drop": 0.004395082592964172
}
