{
  "displacement": {
    "budget_max_disp_px": 4.0,
    "max_disp_px": 2.645217180252075,
    "max_disp_px_budget": 4.0,
    "mean_disp_px": 0.15691855549812317,
    "p95_disp_px": 1.5024733543395996,
    "target_input_ssim": 0.94
  },
  "input": {
    "l2": 0.014861583212485497,
    "max_abs": 0.7921568751335144,
    "mean_abs": 0.002894766628742218,
    "psnr": 36.558698449704465,
    "ssim": 0.976565420627594
  },
  "output": {
    "l2": 0.02039187661687842,
    "max_abs": 0.8705882430076599,
    "mean_abs": 0.005843526218086481,
    "psnr": 33.81085610547465,
    "ssim": 0.9631178379058838
  }
}
