{
  "displacement": {
    "budget_max_disp_px": 6.0,
    "max_disp_px": 2.2067935466766357,
    "max_disp_px_budget": 6.0,
    "mean_disp_px": 0.183497354388237,
    "p95_disp_px": 1.8445717096328735,
    "target_input_ssim": 0.9
  },
  "input": {
    "l2": 0.016276066501916375,
    "max_abs": 0.5058823823928833,
    "mean_abs": 0.0031974443700164557,
    "psnr": 35.76901088687356,
    "ssim": 0.9755184054374695
  },
  "output": {
    "l2": 0.023435459693872427,
    "max_abs": 0.7647058963775635,
    "mean_abs": 0.00885961577296257,
    "psnr": 32.60253046476224,
    "ssim": 0.9660491943359375
  }
}
