{
  "budget": "strong",
  "budget_max_disp_px": 8.0,
  "candidate_folder_abs": "/home/interns/Desktop/mat/phase4/outputs/phase4a_existence_probe/cases/face_007/igs_1p00/make_the_person_smile_slightly/strong/seed_00/candidates/cand_056_g03_m16",
  "candidate_index": 56,
  "candidate_name": "cand_056_g03_m16",
  "case_id": "face_007__make_the_person_smile_slightly__igs_1p00",
  "elapsed_seconds": 2.7835684344172478,
  "face_id": "face_007",
  "generation": 3,
  "geometry_method": "landmark_semantic_tps",
  "guidance_scale": 7.5,
  "image_guidance_scale": 1.0,
  "initial_candidate": false,
  "input_l2": 0.0274327110364833,
  "input_max_abs": 0.5176470279693604,
  "input_mean_abs": 0.012392972595989704,
  "input_psnr": 31.234625422823484,
  "input_ssim": 0.9053526520729065,
  "max_disp_px": 1.8981099128723145,
  "max_disp_px_budget": 8.0,
  "mean_disp_px": 0.8036438226699829,
  "member": 16,
  "output_l2": 0.04450339818286268,
  "output_max_abs": 0.8117647171020508,
  "output_mean_abs": 0.01868852600455284,
  "output_psnr": 27.032136519383876,
  "output_ssim": 0.915191113948822,
  "p95_disp_px": 1.678363561630249,
  "phase": "phase4a_existence_probe",
  "prompt": "make the person smile slightly",
  "prompt_slug": "make_the_person_smile_slightly",
  "prompt_type": "smile",
  "seed": 50001,
  "target_input_ssim": 0.88,
  "theta_names": [
    "scale_logit",
    "action_mouth_corner_raise",
    "action_mouth_corner_lower",
    "action_mouth_width_expand",
    "action_mouth_width_compress",
    "action_chin_raise",
    "action_chin_lower"
  ],
  "theta_values": [
    -1.9236819744110107,
    0.8885443210601807,
    1.3195158243179321,
    1.2962610721588135,
    -0.44308024644851685,
    0.4762684404850006,
    -1.3852322101593018
  ]
}
