{
  "clean": {
    "l2": 0.04094424877566445,
    "max_abs": 0.7882353067398071,
    "mean_abs": 0.021858036518096924,
    "psnr": 27.756141853849563,
    "ssim": 0.8104012608528137
  },
  "clean_clip_margin": 0.009448021650314331
}
