{
  "displacement": {
    "budget_max_disp_px": 8.0,
    "max_disp_px": 5.610291957855225,
    "max_disp_px_budget": 8.0,
    "mean_disp_px": 1.7463489770889282,
    "p95_disp_px": 3.998176097869873,
    "target_input_ssim": 0.88
  },
  "input": {
    "l2": 0.049657555241142105,
    "max_abs": 0.7568627595901489,
    "mean_abs": 0.026699699461460114,
    "psnr": 26.080293311987226,
    "ssim": 0.7421565055847168
  },
  "output": {
    "l2": 0.08407548187746884,
    "max_abs": 0.9019607901573181,
    "mean_abs": 0.04071100801229477,
    "psnr": 21.506612697066792,
    "ssim": 0.7562416195869446
  }
}
