{
  "clean": {
    "l2": 0.1859168429881117,
    "max_abs": 0.8980392217636108,
    "mean_abs": 0.13110069930553436,
    "psnr": 14.61362527767169,
    "ssim": 0.5543939471244812
  },
  "clean_clip_margin": 0.024750113487243652
}
