{
  "displacement": {
    "budget_max_disp_px": 8.0,
    "max_disp_px": 7.992001056671143,
    "max_disp_px_budget": 8.0,
    "mean_disp_px": 1.5867270231246948,
    "p95_disp_px": 4.447988510131836,
    "target_input_ssim": 0.88
  },
  "input": {
    "l2": 0.04476867602554706,
    "max_abs": 0.6784313917160034,
    "mean_abs": 0.019241536036133766,
    "psnr": 26.9805149822446,
    "ssim": 0.8520324230194092
  },
  "output": {
    "l2": 0.05283877846157308,
    "max_abs": 0.9450980424880981,
    "mean_abs": 0.02110670506954193,
    "psnr": 25.540944621123863,
    "ssim": 0.8537119030952454
  }
}
