{
  "best_candidate_this_generation": "cand_002_g01_m02",
  "best_score_this_generation": 0.23380000861880879,
  "budget": "medium",
  "cem_state": {
    "mean_abs": 0.3929053544998169,
    "method_probs": [
      0.35600000000000004,
      0.096,
      0.096,
      0.35600000000000004,
      0.096
    ],
    "methods": [
      "region_local_tps",
      "region_local_dct",
      "region_local_mesh",
      "combined_tps_dct",
      "combined_all"
    ],
    "std_max": 0.6499999761581421,
    "std_mean": 0.42530980706214905,
    "std_min": 0.2282392382621765
  },
  "decision_counts": {
    "metric_only_candidate": 8
  },
  "elapsed_seconds": 43.780708292499185,
  "elite": 2,
  "elite_candidate_names": [
    "cand_002_g01_m02",
    "cand_008_g01_m08"
  ],
  "generation": 1,
  "population": 8,
  "prompt": "add a hoodie"
}
