{
  "displacement": {
    "budget_max_disp_px": 8.0,
    "max_disp_px": 6.043156623840332,
    "max_disp_px_budget": 8.0,
    "mean_disp_px": 1.761601448059082,
    "p95_disp_px": 4.876357555389404,
    "target_input_ssim": 0.88
  },
  "input": {
    "l2": 0.042233218922036055,
    "max_abs": 0.7490196228027344,
    "mean_abs": 0.01990160346031189,
    "psnr": 27.48691632707756,
    "ssim": 0.8547475934028625
  },
  "output": {
    "l2": 0.05567564969176734,
    "max_abs": 0.6941176652908325,
    "mean_abs": 0.03122490830719471,
    "psnr": 25.08669412767347,
    "ssim": 0.7707288861274719
  }
}
