{
  "clean_clip_positive_margin": 0.03089107573032379,
  "clean_semantic_success_score": 0.03089107573032379,
  "clip_available": true,
  "clip_semantic_drop": 0.002977237105369568,
  "clip_warning": null,
  "crop_clip_available": false,
  "crop_clip_warning": null,
  "decision_label": "reject_input_damage",
  "decision_reasons": [
    "input_ssim_below_target:0.7521<0.7800",
    "semantic_drop_small:0.0030"
  ],
  "edit_failure_score": 0.002977237105369568,
  "final_attack_score": -0.311425942465384,
  "full_image_semantic_drop": 0.002977237105369568,
  "geometry_excess_penalty": 0.0,
  "geometry_excess_penalty_weight": 0.75,
  "identity_or_face_health_available": false,
  "input_damage_penalty": 0.2229864501953127,
  "input_damage_penalty_weight": 3.0,
  "input_l2": 0.06774101897371182,
  "input_max_abs": 0.9019607901573181,
  "input_mean_abs": 0.03663467988371849,
  "input_preservation_score": 0.0,
  "input_psnr": 23.382965497987236,
  "input_ssim": 0.7521266937255859,
  "max_disp_px_budget": 14.0,
  "output_disruption_score": 0.6674310225551952,
  "output_disruption_weight": 0.5,
  "output_l2": 0.08160894260569485,
  "output_max_abs": 0.8392156958580017,
  "output_mean_abs": 0.05042694881558418,
  "output_psnr": 21.765244983865788,
  "output_ssim": 0.6590047478675842,
  "perturbed_clip_positive_margin": 0.027913838624954224,
  "perturbed_semantic_success_score": 0.027913838624954224,
  "phase2_final_score": -0.311425942465384,
  "phase2_output_disruption": 0.6674310225551952,
  "phase2_score_formula": "8.0*max(0,semantic_drop)+0.5*output_disruption-3.0*input_damage_penalty-0.75*geometry_excess_penalty",
  "phase4_budget_name": "existence_probe",
  "phase4_final_score": -0.311425942465384,
  "phase4_score_formula": "8.0*max(0,semantic_drop)+0.5*output_disruption-3.0*input_damage_penalty-0.75*geometry_excess_penalty",
  "semantic_drop": 0.002977237105369568,
  "semantic_drop_weight": 8.0,
  "target_input_ssim": 0.78
}
