{
  "best_row": {
    "attack_score": 0.0809352937928971,
    "best_folder": "phase1/outputs/phase1a_screening/add_round_glasses/unet_prediction/strong/start_02/best",
    "budget": "strong",
    "elapsed_seconds": 230.58573104441166,
    "foldover_fraction_det_below_0": 0.0,
    "input_damage_penalty": 0.0,
    "input_l2": 0.004476727651464137,
    "input_psnr": 46.98078651556568,
    "input_ssim": 0.995233952999115,
    "iter": 0,
    "jacobian_det_mean": 1.0,
    "jacobian_det_min": 0.9801590442657471,
    "low_det_fraction_below_0p2": 0.0,
    "max_disp_px": 0.4334917962551117,
    "mean_disp_px": 0.0929630696773529,
    "normalized_output_l2": 0.050010198711567755,
    "objective": "unet_prediction",
    "objective_scale_used": 3.0,
    "output_disruption": 0.0809352937928971,
    "output_l2": 0.012502549677891939,
    "output_psnr": 38.06002822284208,
    "output_ssim": 0.9690749049186707,
    "p95_disp_px": 0.3493506610393524,
    "path_flow": "phase1/outputs/phase1a_screening/add_round_glasses/unet_prediction/strong/start_02/checkpoints/iter_000/flow.png",
    "path_perturbed": "phase1/outputs/phase1a_screening/add_round_glasses/unet_prediction/strong/start_02/checkpoints/iter_000/perturbed.png",
    "path_perturbed_edited": "phase1/outputs/phase1a_screening/add_round_glasses/unet_prediction/strong/start_02/checkpoints/iter_000/perturbed_edited.png",
    "prompt": "add round glasses",
    "prompt_slug": "add_round_glasses",
    "start": 2,
    "target_input_ssim": 0.9
  },
  "checkpoint_rows": [
    {
      "attack_score": 0.0809352937928971,
      "budget": "strong",
      "foldover_fraction_det_below_0": 0.0,
      "input_damage_penalty": 0.0,
      "input_l2": 0.004476727651464137,
      "input_psnr": 46.98078651556568,
      "input_ssim": 0.995233952999115,
      "iter": 0,
      "jacobian_det_mean": 1.0,
      "jacobian_det_min": 0.9801590442657471,
      "low_det_fraction_below_0p2": 0.0,
      "max_disp_px": 0.4334917962551117,
      "mean_disp_px": 0.0929630696773529,
      "normalized_output_l2": 0.050010198711567755,
      "objective": "unet_prediction",
      "output_disruption": 0.0809352937928971,
      "output_l2": 0.012502549677891939,
      "output_psnr": 38.06002822284208,
      "output_ssim": 0.9690749049186707,
      "p95_disp_px": 0.3493506610393524,
      "path_flow": "phase1/outputs/phase1a_screening/add_round_glasses/unet_prediction/strong/start_02/checkpoints/iter_000/flow.png",
      "path_perturbed": "phase1/outputs/phase1a_screening/add_round_glasses/unet_prediction/strong/start_02/checkpoints/iter_000/perturbed.png",
      "path_perturbed_edited": "phase1/outputs/phase1a_screening/add_round_glasses/unet_prediction/strong/start_02/checkpoints/iter_000/perturbed_edited.png",
      "prompt": "add round glasses",
      "prompt_slug": "add_round_glasses",
      "start": 2,
      "target_input_ssim": 0.9
    },
    {
      "attack_score": 0.018231639690675358,
      "budget": "strong",
      "foldover_fraction_det_below_0": 0.0,
      "input_damage_penalty": 0.0,
      "input_l2": 0.0005894521237309786,
      "input_psnr": 64.59102926494269,
      "input_ssim": 0.9999554753303528,
      "iter": 50,
      "jacobian_det_mean": 1.0,
      "jacobian_det_min": 0.9991747736930847,
      "low_det_fraction_below_0p2": 0.0,
      "max_disp_px": 0.044551678001880646,
      "mean_disp_px": 0.009518790990114212,
      "normalized_output_l2": 0.01602036697415314,
      "objective": "unet_prediction",
      "output_disruption": 0.018231639690675358,
      "output_l2": 0.004005091743538285,
      "output_psnr": 47.94775062402394,
      "output_ssim": 0.9977887272834778,
      "p95_disp_px": 0.03510848060250282,
      "path_flow": "phase1/outputs/phase1a_screening/add_round_glasses/unet_prediction/strong/start_02/checkpoints/iter_050/flow.png",
      "path_perturbed": "phase1/outputs/phase1a_screening/add_round_glasses/unet_prediction/strong/start_02/checkpoints/iter_050/perturbed.png",
      "path_perturbed_edited": "phase1/outputs/phase1a_screening/add_round_glasses/unet_prediction/strong/start_02/checkpoints/iter_050/perturbed_edited.png",
      "prompt": "add round glasses",
      "prompt_slug": "add_round_glasses",
      "start": 2,
      "target_input_ssim": 0.9
    },
    {
      "attack_score": 0.005736852998541292,
      "budget": "strong",
      "foldover_fraction_det_below_0": 0.0,
      "input_damage_penalty": 0.0,
      "input_l2": 4.574262826520508e-05,
      "input_psnr": 86.79357770919728,
      "input_ssim": 0.9999998211860657,
      "iter": 100,
      "jacobian_det_mean": 0.9999999403953552,
      "jacobian_det_min": 0.9993383288383484,
      "low_det_fraction_below_0p2": 0.0,
      "max_disp_px": 0.013450098223984241,
      "mean_disp_px": 0.002132491208612919,
      "normalized_output_l2": 0.0051343692491516435,
      "objective": "unet_prediction",
      "output_disruption": 0.005736852998541292,
      "output_l2": 0.0012835923122879109,
      "output_psnr": 57.8314578530473,
      "output_ssim": 0.9993975162506104,
      "p95_disp_px": 0.008449677377939224,
      "path_flow": "phase1/outputs/phase1a_screening/add_round_glasses/unet_prediction/strong/start_02/checkpoints/iter_100/flow.png",
      "path_perturbed": "phase1/outputs/phase1a_screening/add_round_glasses/unet_prediction/strong/start_02/checkpoints/iter_100/perturbed.png",
      "path_perturbed_edited": "phase1/outputs/phase1a_screening/add_round_glasses/unet_prediction/strong/start_02/checkpoints/iter_100/perturbed_edited.png",
      "prompt": "add round glasses",
      "prompt_slug": "add_round_glasses",
      "start": 2,
      "target_input_ssim": 0.9
    },
    {
      "attack_score": 0.008774155294247387,
      "budget": "strong",
      "foldover_fraction_det_below_0": 0.0,
      "input_damage_penalty": 0.0,
      "input_l2": 0.00012358188356620758,
      "input_psnr": 78.16090379592998,
      "input_ssim": 0.9999985098838806,
      "iter": 150,
      "jacobian_det_mean": 1.0,
      "jacobian_det_min": 0.9987219572067261,
      "low_det_fraction_below_0p2": 0.0,
      "max_disp_px": 0.019395481795072556,
      "mean_disp_px": 0.003855721326544881,
      "normalized_output_l2": 0.008010202562161206,
      "objective": "unet_prediction",
      "output_disruption": 0.008774155294247387,
      "output_l2": 0.0020025506405403014,
      "output_psnr": 53.96832985314782,
      "output_ssim": 0.9992360472679138,
      "p95_disp_px": 0.013403116725385189,
      "path_flow": "phase1/outputs/phase1a_screening/add_round_glasses/unet_prediction/strong/start_02/checkpoints/iter_150/flow.png",
      "path_perturbed": "phase1/outputs/phase1a_screening/add_round_glasses/unet_prediction/strong/start_02/checkpoints/iter_150/perturbed.png",
      "path_perturbed_edited": "phase1/outputs/phase1a_screening/add_round_glasses/unet_prediction/strong/start_02/checkpoints/iter_150/perturbed_edited.png",
      "prompt": "add round glasses",
      "prompt_slug": "add_round_glasses",
      "start": 2,
      "target_input_ssim": 0.9
    }
  ]
}
