{
  "clean_clip_positive_margin": 0.05116361379623413,
  "clean_semantic_success_score": 0.05116361379623413,
  "clip_available": true,
  "clip_semantic_drop": 0.0005405247211456299,
  "clip_warning": null,
  "crop_clip_available": true,
  "crop_clip_warning": null,
  "decision_label": "metric_only_candidate",
  "decision_reasons": [
    "semantic_drop_small:0.0005",
    "semantic_drop_small:0.0005",
    "semantic_drop_small:0.0005"
  ],
  "edit_failure_score": 0.0005405247211456299,
  "final_attack_score": 0.12599278337403885,
  "full_image_semantic_drop": 0.0005405247211456299,
  "geometry_excess_penalty": 0.0,
  "geometry_excess_penalty_weight": 0.75,
  "identity_or_face_health_available": false,
  "input_damage_penalty": 0.0,
  "input_damage_penalty_weight": 3.0,
  "input_l2": 0.019581140931696578,
  "input_max_abs": 0.5215686559677124,
  "input_mean_abs": 0.00949315819889307,
  "input_preservation_score": 0.5217998822530111,
  "input_psnr": 34.16324013635308,
  "input_ssim": 0.9426159858703613,
  "left_crop_clean_margin": 0.024231508374214172,
  "left_crop_perturbed_margin": 0.024834156036376953,
  "left_crop_semantic_drop": -0.0006026476621627808,
  "max_disp_px_budget": 8.0,
  "mean_crop_margin": 0.0119503786166509,
  "mean_crop_semantic_drop": 0.00017309188842773438,
  "min_crop_margin": -0.013006478548049927,
  "min_crop_semantic_drop": -0.0006026476621627808,
  "output_disruption_score": 0.24333717120974763,
  "output_disruption_weight": 0.5,
  "output_l2": 0.03972684267483528,
  "output_max_abs": 0.686274528503418,
  "output_mean_abs": 0.01735907793045044,
  "output_psnr": 28.018318990050144,
  "output_ssim": 0.9155701994895935,
  "perturbed_clip_positive_margin": 0.0506230890750885,
  "perturbed_semantic_success_score": 0.0506230890750885,
  "phase2_final_score": 0.12599278337403885,
  "phase2_output_disruption": 0.24333717120974763,
  "phase2_score_formula": "8.0*max(0,semantic_drop)+0.5*output_disruption-3.0*input_damage_penalty-0.75*geometry_excess_penalty",
  "phase4_budget_name": "strong",
  "phase4_final_score": 0.12599278337403885,
  "phase4_score_formula": "8.0*max(0,semantic_drop)+0.5*output_disruption-3.0*input_damage_penalty-0.75*geometry_excess_penalty",
  "right_crop_clean_margin": 0.025431424379348755,
  "right_crop_perturbed_margin": 0.02402345836162567,
  "right_crop_semantic_drop": 0.0014079660177230835,
  "semantic_drop": 0.0005405247211456299,
  "semantic_drop_weight": 8.0,
  "target_input_ssim": 0.88,
  "top_crop_clean_margin": -0.013292521238327026,
  "top_crop_perturbed_margin": -0.013006478548049927,
  "top_crop_semantic_drop": -0.0002860426902770996
}
