{
  "best_row": {
    "attack_score": 0.2101455644790911,
    "attack_score_gain_from_initial": 0.13286598307195743,
    "best_folder": "phase1/outputs/phase1a_screening/add_black_sunglasses/vae_conditioning/strong/start_01/best",
    "budget": "strong",
    "budget_admissible": true,
    "elapsed_seconds": 106.85218372754753,
    "foldover_fraction_det_below_0": 0.0,
    "initial_attack_score": 0.07727958140713367,
    "input_damage_penalty": 0.0,
    "input_l2": 0.02264365224166982,
    "input_psnr": 32.9010704715125,
    "input_ssim": 0.9235523343086243,
    "iter": 150,
    "jacobian_det_mean": 1.0,
    "jacobian_det_min": 0.8734627366065979,
    "low_det_fraction_below_0p2": 0.0,
    "max_disp_px": 4.398487091064453,
    "mean_disp_px": 0.5510384440422058,
    "normalized_output_l2": 0.11864152709887262,
    "objective": "vae_conditioning",
    "objective_scale_used": 0.013351167757666238,
    "output_disruption": 0.2101455644790911,
    "output_l2": 0.029660381774718154,
    "output_psnr": 30.55646526467846,
    "output_ssim": 0.9084959626197815,
    "p95_disp_px": 2.736956834793091,
    "path_flow": "phase1/outputs/phase1a_screening/add_black_sunglasses/vae_conditioning/strong/start_01/checkpoints/iter_150/flow.png",
    "path_perturbed": "phase1/outputs/phase1a_screening/add_black_sunglasses/vae_conditioning/strong/start_01/checkpoints/iter_150/perturbed.png",
    "path_perturbed_edited": "phase1/outputs/phase1a_screening/add_black_sunglasses/vae_conditioning/strong/start_01/checkpoints/iter_150/perturbed_edited.png",
    "prompt": "add black sunglasses",
    "prompt_slug": "add_black_sunglasses",
    "start": 1,
    "target_input_ssim": 0.9
  },
  "checkpoint_rows": [
    {
      "attack_score": 0.07727958140713367,
      "budget": "strong",
      "foldover_fraction_det_below_0": 0.0,
      "input_damage_penalty": 0.0,
      "input_l2": 0.004826571059900058,
      "input_psnr": 46.327225909252476,
      "input_ssim": 0.9947774410247803,
      "iter": 0,
      "jacobian_det_mean": 1.0,
      "jacobian_det_min": 0.973564624786377,
      "low_det_fraction_below_0p2": 0.0,
      "max_disp_px": 0.4440590441226959,
      "mean_disp_px": 0.08835211396217346,
      "normalized_output_l2": 0.047375871518675415,
      "objective": "vae_conditioning",
      "output_disruption": 0.07727958140713367,
      "output_l2": 0.011843967879668854,
      "output_psnr": 38.5300555813817,
      "output_ssim": 0.9700962901115417,
      "p95_disp_px": 0.32608750462532043,
      "path_flow": "phase1/outputs/phase1a_screening/add_black_sunglasses/vae_conditioning/strong/start_01/checkpoints/iter_000/flow.png",
      "path_perturbed": "phase1/outputs/phase1a_screening/add_black_sunglasses/vae_conditioning/strong/start_01/checkpoints/iter_000/perturbed.png",
      "path_perturbed_edited": "phase1/outputs/phase1a_screening/add_black_sunglasses/vae_conditioning/strong/start_01/checkpoints/iter_000/perturbed_edited.png",
      "prompt": "add black sunglasses",
      "prompt_slug": "add_black_sunglasses",
      "start": 1,
      "target_input_ssim": 0.9
    },
    {
      "attack_score": 0.1485005681015736,
      "budget": "strong",
      "foldover_fraction_det_below_0": 0.0,
      "input_damage_penalty": 0.0,
      "input_l2": 0.01520402283044468,
      "input_psnr": 36.36082973858902,
      "input_ssim": 0.9529250264167786,
      "iter": 50,
      "jacobian_det_mean": 1.0,
      "jacobian_det_min": 0.8938204050064087,
      "low_det_fraction_below_0p2": 0.0,
      "max_disp_px": 2.565263271331787,
      "mean_disp_px": 0.32131338119506836,
      "normalized_output_l2": 0.08245176715629163,
      "objective": "vae_conditioning",
      "output_disruption": 0.1485005681015736,
      "output_l2": 0.020612941789072907,
      "output_psnr": 33.71720046369764,
      "output_ssim": 0.933951199054718,
      "p95_disp_px": 1.2867826223373413,
      "path_flow": "phase1/outputs/phase1a_screening/add_black_sunglasses/vae_conditioning/strong/start_01/checkpoints/iter_050/flow.png",
      "path_perturbed": "phase1/outputs/phase1a_screening/add_black_sunglasses/vae_conditioning/strong/start_01/checkpoints/iter_050/perturbed.png",
      "path_perturbed_edited": "phase1/outputs/phase1a_screening/add_black_sunglasses/vae_conditioning/strong/start_01/checkpoints/iter_050/perturbed_edited.png",
      "prompt": "add black sunglasses",
      "prompt_slug": "add_black_sunglasses",
      "start": 1,
      "target_input_ssim": 0.9
    },
    {
      "attack_score": 0.18933604452349914,
      "budget": "strong",
      "foldover_fraction_det_below_0": 0.0,
      "input_damage_penalty": 0.0,
      "input_l2": 0.019916900108266706,
      "input_psnr": 34.015565095993495,
      "input_ssim": 0.9269847869873047,
      "iter": 100,
      "jacobian_det_mean": 1.0,
      "jacobian_det_min": 0.7730894088745117,
      "low_det_fraction_below_0p2": 0.0,
      "max_disp_px": 4.344110488891602,
      "mean_disp_px": 0.5481799840927124,
      "normalized_output_l2": 0.10455457660891784,
      "objective": "vae_conditioning",
      "output_disruption": 0.18933604452349914,
      "output_l2": 0.02613864415222946,
      "output_psnr": 31.654338872582084,
      "output_ssim": 0.9152185320854187,
      "p95_disp_px": 2.7310221195220947,
      "path_flow": "phase1/outputs/phase1a_screening/add_black_sunglasses/vae_conditioning/strong/start_01/checkpoints/iter_100/flow.png",
      "path_perturbed": "phase1/outputs/phase1a_screening/add_black_sunglasses/vae_conditioning/strong/start_01/checkpoints/iter_100/perturbed.png",
      "path_perturbed_edited": "phase1/outputs/phase1a_screening/add_black_sunglasses/vae_conditioning/strong/start_01/checkpoints/iter_100/perturbed_edited.png",
      "prompt": "add black sunglasses",
      "prompt_slug": "add_black_sunglasses",
      "start": 1,
      "target_input_ssim": 0.9
    },
    {
      "attack_score": 0.2101455644790911,
      "budget": "strong",
      "foldover_fraction_det_below_0": 0.0,
      "input_damage_penalty": 0.0,
      "input_l2": 0.02264365224166982,
      "input_psnr": 32.9010704715125,
      "input_ssim": 0.9235523343086243,
      "iter": 150,
      "jacobian_det_mean": 1.0,
      "jacobian_det_min": 0.8734627366065979,
      "low_det_fraction_below_0p2": 0.0,
      "max_disp_px": 4.398487091064453,
      "mean_disp_px": 0.5510384440422058,
      "normalized_output_l2": 0.11864152709887262,
      "objective": "vae_conditioning",
      "output_disruption": 0.2101455644790911,
      "output_l2": 0.029660381774718154,
      "output_psnr": 30.55646526467846,
      "output_ssim": 0.9084959626197815,
      "p95_disp_px": 2.736956834793091,
      "path_flow": "phase1/outputs/phase1a_screening/add_black_sunglasses/vae_conditioning/strong/start_01/checkpoints/iter_150/flow.png",
      "path_perturbed": "phase1/outputs/phase1a_screening/add_black_sunglasses/vae_conditioning/strong/start_01/checkpoints/iter_150/perturbed.png",
      "path_perturbed_edited": "phase1/outputs/phase1a_screening/add_black_sunglasses/vae_conditioning/strong/start_01/checkpoints/iter_150/perturbed_edited.png",
      "prompt": "add black sunglasses",
      "prompt_slug": "add_black_sunglasses",
      "start": 1,
      "target_input_ssim": 0.9
    }
  ]
}
