{
  "clean_clip_positive_margin": 0.05089488625526428,
  "clean_semantic_success_score": 0.05089488625526428,
  "clip_available": true,
  "clip_semantic_drop": 0.002552807331085205,
  "clip_warning": null,
  "crop_clip_available": false,
  "crop_clip_warning": null,
  "decision_label": "metric_only_candidate",
  "decision_reasons": [
    "semantic_drop_small:0.0026",
    "semantic_drop_small:0.0026"
  ],
  "edit_failure_score": 0.002552807331085205,
  "final_attack_score": 0.24851911990806141,
  "full_image_semantic_drop": 0.002552807331085205,
  "geometry_excess_penalty": 0.0,
  "geometry_excess_penalty_weight": 1.0,
  "identity_or_face_health_available": false,
  "input_damage_penalty": 0.0,
  "input_damage_penalty_weight": 3.0,
  "input_l2": 0.016899663429547667,
  "input_max_abs": 0.7019608020782471,
  "input_mean_abs": 0.0032985263969749212,
  "input_preservation_score": 0.6648599704106651,
  "input_psnr": 35.44243889251442,
  "input_ssim": 0.9798915982246399,
  "max_disp_px_budget": 4.0,
  "output_disruption_score": 0.2383078905837206,
  "output_disruption_weight": 1.0,
  "output_l2": 0.0448632531587399,
  "output_max_abs": 0.7921568751335144,
  "output_mean_abs": 0.01730300299823284,
  "output_psnr": 26.962184754310158,
  "output_ssim": 0.941145122051239,
  "perturbed_clip_positive_margin": 0.04834207892417908,
  "perturbed_semantic_success_score": 0.04834207892417908,
  "phase2_final_score": 0.24851911990806141,
  "phase2_output_disruption": 0.2383078905837206,
  "phase2_score_formula": "4.0*max(0,semantic_drop)+1.0*output_disruption-3.0*input_damage_penalty-1.0*geometry_excess_penalty",
  "semantic_drop": 0.002552807331085205,
  "semantic_drop_weight": 4.0,
  "target_input_ssim": 0.94
}
