{
  "budget": "strong",
  "budget_max_disp_px": 8.0,
  "candidate_folder_abs": "/home/interns/Desktop/mat/phase4/outputs/phase4a_existence_probe/cases/face_005/igs_1p00/add_black_sunglasses/strong/seed_00/candidates/cand_067_g04_m07",
  "candidate_index": 67,
  "candidate_name": "cand_067_g04_m07",
  "case_id": "face_005__add_black_sunglasses__igs_1p00",
  "elapsed_seconds": 2.824128644540906,
  "face_id": "face_005",
  "generation": 4,
  "geometry_method": "landmark_piecewise_affine",
  "guidance_scale": 7.5,
  "image_guidance_scale": 1.0,
  "initial_candidate": false,
  "input_l2": 0.034767751079549374,
  "input_max_abs": 0.8352941274642944,
  "input_mean_abs": 0.012260106392204762,
  "input_psnr": 29.17646800705933,
  "input_ssim": 0.9160540103912354,
  "max_disp_px": 6.062652587890625,
  "max_disp_px_budget": 8.0,
  "mean_disp_px": 0.9654791951179504,
  "member": 7,
  "output_l2": 0.053643160017695445,
  "output_max_abs": 0.8196078538894653,
  "output_mean_abs": 0.01945575885474682,
  "output_psnr": 25.409712931910285,
  "output_ssim": 0.925462007522583,
  "p95_disp_px": 3.7855794429779053,
  "phase": "phase4a_existence_probe",
  "prompt": "add black sunglasses",
  "prompt_slug": "add_black_sunglasses",
  "prompt_type": "glasses",
  "seed": 41001,
  "target_input_ssim": 0.88,
  "theta_names": [
    "scale_logit",
    "action_eye_spread",
    "action_eye_compress",
    "action_eye_squint",
    "action_eye_raise_left",
    "action_eye_raise_right",
    "action_nose_bridge_shift_x",
    "action_asymmetry_twist"
  ],
  "theta_values": [
    1.1371747255325317,
    0.2587774395942688,
    -0.2123858779668808,
    -1.1971206665039062,
    0.3185158371925354,
    0.1944694072008133,
    0.6003210544586182,
    0.10242786258459091
  ]
}
