{
  "displacement": {
    "budget_max_disp_px": 6.0,
    "max_disp_px": 2.5396108627319336,
    "max_disp_px_budget": 6.0,
    "mean_disp_px": 0.5056762099266052,
    "p95_disp_px": 2.1315157413482666,
    "target_input_ssim": 0.9
  },
  "input": {
    "l2": 0.026922048053971224,
    "max_abs": 0.5529412031173706,
    "mean_abs": 0.008276303298771381,
    "psnr": 31.397838097946817,
    "ssim": 0.9219456315040588
  },
  "output": {
    "l2": 0.0568124696450315,
    "max_abs": 0.8549019694328308,
    "mean_abs": 0.023579983040690422,
    "psnr": 24.911126629558822,
    "ssim": 0.9016276001930237
  }
}
