{
  "action_names": [
    "jaw_expand",
    "jaw_compress",
    "chin_raise",
    "chin_lower",
    "mouth_width_expand",
    "lower_face_shift"
  ],
  "action_strength": 0.72,
  "action_values": {
    "chin_lower": -0.6255326383708323,
    "chin_raise": 0.5509667242369188,
    "jaw_compress": -0.37704094817739325,
    "jaw_expand": 0.48744953505532473,
    "lower_face_shift": 0.6010559562812521,
    "mouth_width_expand": 0.6572305044097811
  },
  "active_actions": {
    "chin_lower": -0.6255326383708323,
    "chin_raise": 0.5509667242369188,
    "jaw_compress": -0.37704094817739325,
    "jaw_expand": 0.48744953505532473,
    "lower_face_shift": 0.6010559562812521,
    "mouth_width_expand": 0.6572305044097811
  },
  "active_anchor_count": 6,
  "control_point_count": 14,
  "geometry_method": "landmark_semantic_tps",
  "max_disp_px_budget": 8.0,
  "scale_factor": 0.692156891730537,
  "source_control_points": [
    [
      174.0800018310547,
      394.239990234375
    ],
    [
      337.9200134277344,
      394.239990234375
    ],
    [
      256.0,
      419.8399963378906
    ],
    [
      256.0,
      376.32000732421875
    ],
    [
      204.8000030517578,
      335.3599853515625
    ],
    [
      307.20001220703125,
      335.3599853515625
    ],
    [
      0.0,
      0.0
    ],
    [
      511.0,
      0.0
    ],
    [
      0.0,
      511.0
    ],
    [
      511.0,
      511.0
    ],
    [
      256.0,
      0.0
    ],
    [
      256.0,
      511.0
    ],
    [
      0.0,
      256.0
    ],
    [
      511.0,
      256.0
    ]
  ],
  "target_control_points": [
    [
      169.1005401611328,
      394.239990234375
    ],
    [
      342.89947509765625,
      394.239990234375
    ],
    [
      258.5965576171875,
      413.0633544921875
    ],
    [
      259.46209716796875,
      372.93170166015625
    ],
    [
      201.0143585205078,
      335.3599853515625
    ],
    [
      310.98565673828125,
      335.3599853515625
    ],
    [
      0.0,
      0.0
    ],
    [
      511.0,
      0.0
    ],
    [
      0.0,
      511.0
    ],
    [
      511.0,
      511.0
    ],
    [
      256.0,
      0.0
    ],
    [
      256.0,
      511.0
    ],
    [
      0.0,
      256.0
    ],
    [
      511.0,
      256.0
    ]
  ],
  "tps_regularization": 0.0001
}
