{
  "geometry_info": {
    "action_names": [
      "face_side_push_left",
      "face_side_push_right",
      "head_top_raise",
      "head_top_lower",
      "jaw_expand",
      "jaw_compress",
      "asymmetry_twist"
    ],
    "action_strength": 0.72,
    "action_values": {
      "asymmetry_twist": -0.11913567726213642,
      "face_side_push_left": -0.1822458256253286,
      "face_side_push_right": 0.10123503333830038,
      "head_top_lower": -0.09672279054075916,
      "head_top_raise": 0.17468142333013925,
      "jaw_compress": -0.23015909219377853,
      "jaw_expand": -0.2870515911871762
    },
    "active_actions": {
      "asymmetry_twist": -0.11913567726213642,
      "face_side_push_left": -0.1822458256253286,
      "face_side_push_right": 0.10123503333830038,
      "head_top_lower": -0.09672279054075916,
      "head_top_raise": 0.17468142333013925,
      "jaw_compress": -0.23015909219377853,
      "jaw_expand": -0.2870515911871762
    },
    "active_anchor_count": 7,
    "control_point_count": 15,
    "geometry_method": "landmark_piecewise_affine",
    "max_disp_px_budget": 8.0,
    "scale_factor": 0.2948411769783819,
    "source_control_points": [
      [
        112.63999938964844,
        248.3199920654297
      ],
      [
        112.63999938964844,
        253.44000244140625
      ],
      [
        399.3599853515625,
        248.3199920654297
      ],
      [
        399.3599853515625,
        253.44000244140625
      ],
      [
        256.0,
        87.04000091552734
      ],
      [
        174.0800018310547,
        394.239990234375
      ],
      [
        337.9200134277344,
        394.239990234375
      ],
      [
        0.0,
        0.0
      ],
      [
        511.0,
        0.0
      ],
      [
        0.0,
        511.0
      ],
      [
        511.0,
        511.0
      ],
      [
        256.0,
        0.0
      ],
      [
        256.0,
        511.0
      ],
      [
        0.0,
        256.0
      ],
      [
        511.0,
        256.0
      ]
    ],
    "target_control_points": [
      [
        113.68973541259766,
        249.00621032714844
      ],
      [
        113.42729949951172,
        253.44000244140625
      ],
      [
        399.9430847167969,
        247.63377380371094
      ],
      [
        399.7973327636719,
        253.44000244140625
      ],
      [
        256.0,
        85.47671508789062
      ],
      [
        174.40769958496094,
        394.5830993652344
      ],
      [
        337.5923156738281,
        393.8968811035156
      ],
      [
        0.0,
        0.0
      ],
      [
        511.0,
        0.0
      ],
      [
        0.0,
        511.0
      ],
      [
        511.0,
        511.0
      ],
      [
        256.0,
        0.0
      ],
      [
        256.0,
        511.0
      ],
      [
        0.0,
        256.0
      ],
      [
        511.0,
        256.0
      ]
    ],
    "tps_regularization": 0.0001
  },
  "names": [
    "scale_logit",
    "action_face_side_push_left",
    "action_face_side_push_right",
    "action_head_top_raise",
    "action_head_top_lower",
    "action_jaw_expand",
    "action_jaw_compress",
    "action_asymmetry_twist"
  ],
  "values": [
    -1.0031096935272217,
    -0.7219492197036743,
    0.35789036750793457,
    0.6814471483230591,
    -0.3406420648097992,
    -2.1567492485046387,
    -1.04695725440979,
    -0.42850038409233093
  ]
}
