{
  "budget": "medium",
  "budget_max_disp_px": 4.0,
  "candidate_folder_abs": "/home/interns/Desktop/mat/phase3/outputs/breadth_probe/cases/face_003/igs_1p00/add_headphones/medium/seed_00/candidates/cand_008_g01_m08",
  "candidate_index": 8,
  "candidate_name": "cand_008_g01_m08",
  "dct_modes": [
    [
      1,
      0
    ],
    [
      0,
      1
    ],
    [
      1,
      1
    ],
    [
      2,
      0
    ],
    [
      0,
      2
    ],
    [
      2,
      1
    ]
  ],
  "elapsed_seconds": 4.803621897473931,
  "generation": 1,
  "geometry_method": "region_local_tps",
  "initial_candidate": false,
  "input_l2": 0.015580898777705594,
  "input_max_abs": 0.43137258291244507,
  "input_mean_abs": 0.005205945577472448,
  "input_psnr": 36.14814987686389,
  "input_ssim": 0.9555466771125793,
  "max_disp_px": 2.2196457386016846,
  "max_disp_px_budget": 4.0,
  "mean_disp_px": 0.3583516478538513,
  "member": 8,
  "mesh_size": 4,
  "output_l2": 0.042004554335831466,
  "output_max_abs": 0.7019608020782471,
  "output_mean_abs": 0.014511181972920895,
  "output_psnr": 27.53407237504746,
  "output_ssim": 0.9439992904663086,
  "p95_disp_px": 1.5805542469024658,
  "phase": "phase3_breadth_probe",
  "prompt": "add headphones",
  "prompt_priority": 1,
  "prompt_slug": "add_headphones",
  "region_count": 3,
  "region_key": "headphones",
  "scale_factor": 0.566236138343811,
  "seed": 37001,
  "target_input_ssim": 0.94,
  "tps_size": 4
}
