{
  "displacement": {
    "budget_max_disp_px": 14.0,
    "max_disp_px": 10.799812316894531,
    "max_disp_px_budget": 14.0,
    "mean_disp_px": 1.2500793933868408,
    "p95_disp_px": 5.078322410583496,
    "target_input_ssim": 0.78
  },
  "input": {
    "l2": 0.036747293778832124,
    "max_abs": 0.800000011920929,
    "mean_abs": 0.01431837398558855,
    "psnr": 28.695492772518605,
    "ssim": 0.908817708492279
  },
  "output": {
    "l2": 0.04365440215520967,
    "max_abs": 0.7137255072593689,
    "mean_abs": 0.02204803191125393,
    "psnr": 27.199439100878536,
    "ssim": 0.9192255139350891
  }
}
