{
  "clean_clip_positive_margin": 0.020921379327774048,
  "clean_semantic_success_score": 0.020921379327774048,
  "clip_available": true,
  "clip_semantic_drop": 0.001521080732345581,
  "clip_warning": null,
  "crop_clip_available": false,
  "crop_clip_warning": null,
  "decision_label": "metric_only_candidate",
  "decision_reasons": [
    "semantic_drop_small:0.0015",
    "semantic_drop_small:0.0015",
    "semantic_drop_small:0.0015"
  ],
  "edit_failure_score": 0.001521080732345581,
  "final_attack_score": 0.10755172431837443,
  "full_image_semantic_drop": 0.001521080732345581,
  "geometry_excess_penalty": 0.0,
  "geometry_excess_penalty_weight": 0.75,
  "identity_or_face_health_available": false,
  "input_damage_penalty": 0.0,
  "input_damage_penalty_weight": 3.0,
  "input_l2": 0.017633387667148993,
  "input_max_abs": 0.7450980544090271,
  "input_mean_abs": 0.00729737663641572,
  "input_preservation_score": 0.5616897940635681,
  "input_psnr": 35.07328488978787,
  "input_ssim": 0.9474027752876282,
  "max_disp_px_budget": 8.0,
  "output_disruption_score": 0.19076615691921955,
  "output_disruption_weight": 0.5,
  "output_l2": 0.02796053916400136,
  "output_max_abs": 0.7490196228027344,
  "output_mean_abs": 0.013675174675881863,
  "output_psnr": 31.069089166615107,
  "output_ssim": 0.9210759997367859,
  "perturbed_clip_positive_margin": 0.019400298595428467,
  "perturbed_semantic_success_score": 0.019400298595428467,
  "phase2_final_score": 0.10755172431837443,
  "phase2_output_disruption": 0.19076615691921955,
  "phase2_score_formula": "8.0*max(0,semantic_drop)+0.5*output_disruption-3.0*input_damage_penalty-0.75*geometry_excess_penalty",
  "phase4_budget_name": "strong",
  "phase4_final_score": 0.10755172431837443,
  "phase4_score_formula": "8.0*max(0,semantic_drop)+0.5*output_disruption-3.0*input_damage_penalty-0.75*geometry_excess_penalty",
  "semantic_drop": 0.001521080732345581,
  "semantic_drop_weight": 8.0,
  "target_input_ssim": 0.88
}
