{
  "displacement": {
    "budget_max_disp_px": 8.0,
    "max_disp_px": 1.4574482440948486,
    "max_disp_px_budget": 8.0,
    "mean_disp_px": 0.3135242164134979,
    "p95_disp_px": 0.8539775609970093,
    "target_input_ssim": 0.88
  },
  "input": {
    "l2": 0.012827340867167794,
    "max_abs": 0.3176470696926117,
    "mean_abs": 0.005086332093924284,
    "psnr": 37.837267287791214,
    "ssim": 0.9748544096946716
  },
  "output": {
    "l2": 0.02207562703839222,
    "max_abs": 0.5686274766921997,
    "mean_abs": 0.010846826247870922,
    "psnr": 33.121739036596864,
    "ssim": 0.9610373973846436
  }
}
