{
  "displacement": {
    "budget_max_disp_px": 8.0,
    "max_disp_px": 1.6001794338226318,
    "max_disp_px_budget": 8.0,
    "mean_disp_px": 0.34919482469558716,
    "p95_disp_px": 1.2980237007141113,
    "target_input_ssim": 0.86
  },
  "input": {
    "l2": 0.015564732906613149,
    "max_abs": 0.3529411852359772,
    "mean_abs": 0.005291977431625128,
    "psnr": 36.15716654965094,
    "ssim": 0.949215829372406
  },
  "output": {
    "l2": 0.021273406887881725,
    "max_abs": 0.6941176652908325,
    "mean_abs": 0.009977800771594048,
    "psnr": 33.443259065015965,
    "ssim": 0.9378981590270996
  }
}
