{
  "geometry_info": {
    "action_names": [
      "eye_spread",
      "eye_compress",
      "eye_squint",
      "eye_raise_left",
      "eye_raise_right",
      "nose_bridge_shift_x",
      "asymmetry_twist"
    ],
    "action_strength": 0.72,
    "action_values": {
      "asymmetry_twist": -0.5357255538813102,
      "eye_compress": 0.2762932039742626,
      "eye_raise_left": -0.3430384583135395,
      "eye_raise_right": 0.34348248368123735,
      "eye_spread": 0.11092473113431761,
      "eye_squint": 0.43004756020726953,
      "nose_bridge_shift_x": -0.6234977297398149
    },
    "active_actions": {
      "asymmetry_twist": -0.5357255538813102,
      "eye_compress": 0.2762932039742626,
      "eye_raise_left": -0.3430384583135395,
      "eye_raise_right": 0.34348248368123735,
      "eye_spread": 0.11092473113431761,
      "eye_squint": 0.43004756020726953,
      "nose_bridge_shift_x": -0.6234977297398149
    },
    "active_anchor_count": 13,
    "control_point_count": 21,
    "geometry_method": "landmark_semantic_tps",
    "max_disp_px_budget": 14.0,
    "scale_factor": 0.693162308719955,
    "source_control_points": [
      [
        212.48001098632812,
        217.60000610351562
      ],
      [
        184.32000732421875,
        217.60000610351562
      ],
      [
        299.5199890136719,
        217.60000610351562
      ],
      [
        327.67999267578125,
        217.60000610351562
      ],
      [
        212.48001098632812,
        199.67999267578125
      ],
      [
        212.48001098632812,
        235.52000427246094
      ],
      [
        299.5199890136719,
        199.67999267578125
      ],
      [
        299.5199890136719,
        235.52000427246094
      ],
      [
        256.0,
        263.67999267578125
      ],
      [
        112.63999938964844,
        248.3199920654297
      ],
      [
        174.0800018310547,
        394.239990234375
      ],
      [
        399.3599853515625,
        248.3199920654297
      ],
      [
        337.9200134277344,
        394.239990234375
      ],
      [
        0.0,
        0.0
      ],
      [
        511.0,
        0.0
      ],
      [
        0.0,
        511.0
      ],
      [
        511.0,
        511.0
      ],
      [
        256.0,
        0.0
      ],
      [
        256.0,
        511.0
      ],
      [
        0.0,
        256.0
      ],
      [
        511.0,
        256.0
      ]
    ],
    "target_control_points": [
      [
        214.1469268798828,
        221.05783081054688
      ],
      [
        185.98692321777344,
        217.60000610351562
      ],
      [
        297.85308837890625,
        214.1376953125
      ],
      [
        326.0130920410156,
        217.60000610351562
      ],
      [
        212.48001098632812,
        207.4727020263672
      ],
      [
        212.48001098632812,
        232.91403198242188
      ],
      [
        299.5199890136719,
        200.5525665283203
      ],
      [
        299.5199890136719,
        229.4539794921875
      ],
      [
        249.71514892578125,
        263.67999267578125
      ],
      [
        112.63999938964844,
        253.72010803222656
      ],
      [
        174.0800018310547,
        396.9400329589844
      ],
      [
        399.3599853515625,
        242.9198760986328
      ],
      [
        337.9200134277344,
        391.5399475097656
      ],
      [
        0.0,
        0.0
      ],
      [
        511.0,
        0.0
      ],
      [
        0.0,
        511.0
      ],
      [
        511.0,
        511.0
      ],
      [
        256.0,
        0.0
      ],
      [
        256.0,
        511.0
      ],
      [
        0.0,
        256.0
      ],
      [
        511.0,
        256.0
      ]
    ],
    "tps_regularization": 0.0001
  },
  "names": [
    "scale_logit",
    "action_eye_spread",
    "action_eye_compress",
    "action_eye_squint",
    "action_eye_raise_left",
    "action_eye_raise_right",
    "action_nose_bridge_shift_x",
    "action_asymmetry_twist"
  ],
  "values": [
    0.23725971579551697,
    0.1614144742488861,
    0.42198115587234497,
    0.7256777882575989,
    -0.5425146222114563,
    0.5433633327484131,
    -1.4695807695388794,
    -1.0274205207824707
  ]
}
