{
  "clean_clip_positive_margin": 0.02052225172519684,
  "clean_semantic_success_score": 0.02052225172519684,
  "clip_available": true,
  "clip_semantic_drop": 0.001636996865272522,
  "clip_warning": null,
  "crop_clip_available": false,
  "crop_clip_warning": null,
  "decision_label": "metric_only_candidate",
  "decision_reasons": [
    "semantic_drop_small:0.0016",
    "semantic_drop_small:0.0016"
  ],
  "edit_failure_score": 0.001636996865272522,
  "final_attack_score": 0.11413539636957254,
  "full_image_semantic_drop": 0.001636996865272522,
  "geometry_excess_penalty": 0.0,
  "geometry_excess_penalty_weight": 1.0,
  "identity_or_face_health_available": false,
  "input_damage_penalty": 0.0,
  "input_damage_penalty_weight": 3.0,
  "input_l2": 0.014351976567558863,
  "input_max_abs": 0.40392160415649414,
  "input_mean_abs": 0.0032328141387552023,
  "input_preservation_score": 0.6628594398498534,
  "input_psnr": 36.86176566742133,
  "input_ssim": 0.9662859439849854,
  "max_disp_px_budget": 6.0,
  "output_disruption_score": 0.10758740890848245,
  "output_disruption_weight": 1.0,
  "output_l2": 0.02026166317072413,
  "output_max_abs": 0.6078431606292725,
  "output_mean_abs": 0.007340140640735626,
  "output_psnr": 33.866498172385405,
  "output_ssim": 0.9734592437744141,
  "perturbed_clip_positive_margin": 0.018885254859924316,
  "perturbed_semantic_success_score": 0.018885254859924316,
  "phase2_final_score": 0.11413539636957254,
  "phase2_output_disruption": 0.10758740890848245,
  "phase2_score_formula": "4.0*max(0,semantic_drop)+1.0*output_disruption-3.0*input_damage_penalty-1.0*geometry_excess_penalty",
  "semantic_drop": 0.001636996865272522,
  "semantic_drop_weight": 4.0,
  "target_input_ssim": 0.9
}
