{
  "clean_clip_positive_margin": 0.04381144046783447,
  "clean_semantic_success_score": 0.04381144046783447,
  "clip_available": true,
  "clip_semantic_drop": -0.0058546364307403564,
  "clip_warning": null,
  "crop_clip_available": false,
  "crop_clip_warning": null,
  "decision_label": "metric_only_candidate",
  "decision_reasons": [
    "semantic_drop_nonpositive:-0.0059",
    "semantic_drop_nonpositive:-0.0059"
  ],
  "edit_failure_score": 0.0,
  "final_attack_score": 0.1178046800599382,
  "full_image_semantic_drop": -0.0058546364307403564,
  "geometry_excess_penalty": 0.0,
  "geometry_excess_penalty_weight": 1.0,
  "identity_or_face_health_available": false,
  "input_damage_penalty": 0.0,
  "input_damage_penalty_weight": 3.0,
  "input_l2": 0.01303000691982633,
  "input_max_abs": 0.4470588266849518,
  "input_mean_abs": 0.0024924238678067923,
  "input_preservation_score": 0.6309012174606327,
  "input_psnr": 37.70110707294463,
  "input_ssim": 0.9778540730476379,
  "max_disp_px_budget": 4.0,
  "output_disruption_score": 0.1178046800599382,
  "output_disruption_weight": 1.0,
  "output_l2": 0.021871321844704094,
  "output_max_abs": 0.48235294222831726,
  "output_mean_abs": 0.005285052582621574,
  "output_psnr": 33.202499371242745,
  "output_ssim": 0.9696806073188782,
  "perturbed_clip_positive_margin": 0.04966607689857483,
  "perturbed_semantic_success_score": 0.04966607689857483,
  "phase2_final_score": 0.1178046800599382,
  "phase2_output_disruption": 0.1178046800599382,
  "phase2_score_formula": "4.0*max(0,semantic_drop)+1.0*output_disruption-3.0*input_damage_penalty-1.0*geometry_excess_penalty",
  "semantic_drop": -0.0058546364307403564,
  "semantic_drop_weight": 4.0,
  "target_input_ssim": 0.94
}
