{
  "displacement": {
    "budget_max_disp_px": 14.0,
    "max_disp_px": 12.405871391296387,
    "max_disp_px_budget": 14.0,
    "mean_disp_px": 3.3279504776000977,
    "p95_disp_px": 8.379968643188477,
    "target_input_ssim": 0.78
  },
  "input": {
    "l2": 0.05348798471364567,
    "max_abs": 0.6705882549285889,
    "mean_abs": 0.028934484347701073,
    "psnr": 25.434875297373942,
    "ssim": 0.7364194989204407
  },
  "output": {
    "l2": 0.07137442403350501,
    "max_abs": 0.843137264251709,
    "mean_abs": 0.03373248502612114,
    "psnr": 22.929147666713096,
    "ssim": 0.7193381190299988
  }
}
