{
  "clean_clip_positive_margin": 0.03089107573032379,
  "clean_semantic_success_score": 0.03089107573032379,
  "clip_available": true,
  "clip_semantic_drop": 0.0007702559232711792,
  "clip_warning": null,
  "crop_clip_available": false,
  "crop_clip_warning": null,
  "decision_label": "metric_only_candidate",
  "decision_reasons": [
    "semantic_drop_small:0.0008",
    "semantic_drop_small:0.0008",
    "semantic_drop_small:0.0008"
  ],
  "edit_failure_score": 0.0007702559232711792,
  "final_attack_score": 0.10514719324715033,
  "full_image_semantic_drop": 0.0007702559232711792,
  "geometry_excess_penalty": 0.0,
  "geometry_excess_penalty_weight": 0.75,
  "identity_or_face_health_available": false,
  "input_damage_penalty": 0.0,
  "input_damage_penalty_weight": 3.0,
  "input_l2": 0.015987242868826013,
  "input_max_abs": 0.5058823823928833,
  "input_mean_abs": 0.007080022245645523,
  "input_preservation_score": 0.695269763469696,
  "input_psnr": 35.924528548840314,
  "input_ssim": 0.9634323716163635,
  "max_disp_px_budget": 8.0,
  "output_disruption_score": 0.1979702917219618,
  "output_disruption_weight": 0.5,
  "output_l2": 0.026440893796121547,
  "output_max_abs": 0.4941176772117615,
  "output_mean_abs": 0.015044737607240677,
  "output_psnr": 31.554477364845432,
  "output_ssim": 0.9077932834625244,
  "perturbed_clip_positive_margin": 0.030120819807052612,
  "perturbed_semantic_success_score": 0.030120819807052612,
  "phase2_final_score": 0.10514719324715033,
  "phase2_output_disruption": 0.1979702917219618,
  "phase2_score_formula": "8.0*max(0,semantic_drop)+0.5*output_disruption-3.0*input_damage_penalty-0.75*geometry_excess_penalty",
  "phase4_budget_name": "strong",
  "phase4_final_score": 0.10514719324715033,
  "phase4_score_formula": "8.0*max(0,semantic_drop)+0.5*output_disruption-3.0*input_damage_penalty-0.75*geometry_excess_penalty",
  "semantic_drop": 0.0007702559232711792,
  "semantic_drop_weight": 8.0,
  "target_input_ssim": 0.88
}
