{
  "displacement": {
    "budget_max_disp_px": 8.0,
    "max_disp_px": 3.6761474609375,
    "max_disp_px_budget": 8.0,
    "mean_disp_px": 0.5221927165985107,
    "p95_disp_px": 2.216426134109497,
    "target_input_ssim": 0.88
  },
  "input": {
    "l2": 0.023737898348400087,
    "max_abs": 0.8156862854957581,
    "mean_abs": 0.0074459947645664215,
    "psnr": 32.491154684963334,
    "ssim": 0.9518556594848633
  },
  "output": {
    "l2": 0.054862697570373986,
    "max_abs": 0.7607843279838562,
    "mean_abs": 0.022055506706237793,
    "psnr": 25.214456843442953,
    "ssim": 0.9228086471557617
  }
}
