{
  "budget": "existence_probe",
  "budget_max_disp_px": 14.0,
  "candidate_folder_abs": "/home/interns/Desktop/mat/phase4/outputs/phase4a_existence_probe/cases/face_002/igs_1p50/add_black_sunglasses/existence_probe/seed_00/candidates/cand_059_g03_m19",
  "candidate_index": 59,
  "candidate_name": "cand_059_g03_m19",
  "case_id": "face_002__add_black_sunglasses__igs_1p50",
  "elapsed_seconds": 3.072914257645607,
  "face_id": "face_002",
  "generation": 3,
  "geometry_method": "landmark_semantic_tps",
  "guidance_scale": 7.5,
  "image_guidance_scale": 1.5,
  "initial_candidate": false,
  "input_l2": 0.06340623407495298,
  "input_max_abs": 0.8901960849761963,
  "input_mean_abs": 0.03208877518773079,
  "input_psnr": 23.957360807270373,
  "input_ssim": 0.7311189770698547,
  "max_disp_px": 11.859313011169434,
  "max_disp_px_budget": 14.0,
  "mean_disp_px": 3.566343307495117,
  "member": 19,
  "output_l2": 0.08279679628592697,
  "output_max_abs": 1.0,
  "output_mean_abs": 0.03864552453160286,
  "output_psnr": 21.63972934697426,
  "output_ssim": 0.7148890495300293,
  "p95_disp_px": 7.939069747924805,
  "phase": "phase4a_existence_probe",
  "prompt": "add black sunglasses",
  "prompt_slug": "add_black_sunglasses",
  "prompt_type": "glasses",
  "seed": 42101,
  "target_input_ssim": 0.78,
  "theta_names": [
    "scale_logit",
    "action_eye_spread",
    "action_eye_compress",
    "action_eye_squint",
    "action_eye_raise_left",
    "action_eye_raise_right",
    "action_nose_bridge_shift_x",
    "action_asymmetry_twist"
  ],
  "theta_values": [
    1.018688440322876,
    1.0020544528961182,
    0.1756831854581833,
    -0.7236639857292175,
    -1.3316017389297485,
    0.3348483741283417,
    0.25130075216293335,
    0.689349353313446
  ]
}
