{
  "budget": "strong",
  "budget_max_disp_px": 6.0,
  "candidate_folder_abs": "/home/interns/Desktop/mat/phase2/outputs/phase2c_probe/semantic_heavy_cem/headphones_top_only/strong/seed_00/candidates/cand_029_g02_m13",
  "candidate_index": 29,
  "candidate_name": "cand_029_g02_m13",
  "dct_modes": [
    [
      1,
      0
    ],
    [
      0,
      1
    ],
    [
      1,
      1
    ],
    [
      2,
      0
    ],
    [
      0,
      2
    ],
    [
      2,
      1
    ]
  ],
  "elapsed_seconds": 5.625196319073439,
  "generation": 2,
  "geometry_method": "region_local_tps",
  "initial_candidate": false,
  "input_l2": 0.004506886228880595,
  "input_max_abs": 0.14901959896087646,
  "input_mean_abs": 0.0009689680300652981,
  "input_psnr": 46.92246810102999,
  "input_ssim": 0.9952394366264343,
  "max_disp_px": 0.8448410034179688,
  "max_disp_px_budget": 6.0,
  "mean_disp_px": 0.05441669002175331,
  "member": 13,
  "mesh_size": 4,
  "output_l2": 0.011497780429977619,
  "output_max_abs": 0.3843137323856354,
  "output_mean_abs": 0.005729753524065018,
  "output_psnr": 38.78771978431683,
  "output_ssim": 0.9760844111442566,
  "p95_disp_px": 0.46036988496780396,
  "phase": "phase2c_probe",
  "prompt": "add headphones",
  "prompt_priority": 1,
  "prompt_slug": "add_headphones",
  "region_count": 1,
  "region_key": "headphones_top_only",
  "scale_factor": 0.19369451701641083,
  "seed": 24301,
  "target_input_ssim": 0.9,
  "tps_size": 4
}
