{
  "action_names": [
    "mouth_corner_raise",
    "mouth_corner_lower",
    "mouth_width_expand",
    "mouth_width_compress",
    "chin_raise",
    "chin_lower"
  ],
  "action_strength": 0.72,
  "action_values": {
    "chin_lower": -0.30176624801096913,
    "chin_raise": 0.20993664881565063,
    "mouth_corner_lower": 0.9111465003502631,
    "mouth_corner_raise": 0.7102427205281507,
    "mouth_width_compress": 0.3627850303350408,
    "mouth_width_expand": -0.08610794213806794
  },
  "active_actions": {
    "chin_lower": -0.30176624801096913,
    "chin_raise": 0.20993664881565063,
    "mouth_corner_lower": 0.9111465003502631,
    "mouth_corner_raise": 0.7102427205281507,
    "mouth_width_compress": 0.3627850303350408,
    "mouth_width_expand": -0.08610794213806794
  },
  "active_anchor_count": 4,
  "control_point_count": 12,
  "geometry_method": "landmark_piecewise_affine",
  "landmark_count": 478,
  "landmark_detector": "mediapipe_python_solutions_face_mesh",
  "max_disp_px_budget": 8.0,
  "require_real_landmarks": true,
  "scale_factor": 0.9235083072051891,
  "source_control_points": [
    [
      286.22906494140625,
      372.8896789550781
    ],
    [
      354.9971008300781,
      372.8896789550781
    ],
    [
      314.6207275390625,
      435.9447937011719
    ],
    [
      321.35150146484375,
      389.37811279296875
    ],
    [
      0.0,
      0.0
    ],
    [
      511.0,
      0.0
    ],
    [
      0.0,
      511.0
    ],
    [
      511.0,
      511.0
    ],
    [
      256.0,
      0.0
    ],
    [
      256.0,
      511.0
    ],
    [
      0.0,
      256.0
    ],
    [
      511.0,
      256.0
    ]
  ],
  "target_control_points": [
    [
      288.814697265625,
      374.046875
    ],
    [
      352.4114685058594,
      374.046875
    ],
    [
      314.6207275390625,
      432.99737548828125
    ],
    [
      321.35150146484375,
      387.9044189453125
    ],
    [
      0.0,
      0.0
    ],
    [
      511.0,
      0.0
    ],
    [
      0.0,
      511.0
    ],
    [
      511.0,
      511.0
    ],
    [
      256.0,
      0.0
    ],
    [
      256.0,
      511.0
    ],
    [
      0.0,
      256.0
    ],
    [
      511.0,
      256.0
    ]
  ],
  "tps_regularization": 0.0001
}
