{
  "clean_clip_positive_margin": 0.020921379327774048,
  "clean_semantic_success_score": 0.020921379327774048,
  "clip_available": true,
  "clip_semantic_drop": 0.0027472376823425293,
  "clip_warning": null,
  "crop_clip_available": false,
  "crop_clip_warning": null,
  "decision_label": "metric_only_candidate",
  "decision_reasons": [
    "semantic_drop_small:0.0027",
    "semantic_drop_small:0.0027",
    "semantic_drop_small:0.0027"
  ],
  "edit_failure_score": 0.0027472376823425293,
  "final_attack_score": 0.13458859677045318,
  "full_image_semantic_drop": 0.0027472376823425293,
  "geometry_excess_penalty": 0.0,
  "geometry_excess_penalty_weight": 0.75,
  "identity_or_face_health_available": false,
  "input_damage_penalty": 0.0,
  "input_damage_penalty_weight": 3.0,
  "input_l2": 0.02213370457390532,
  "input_max_abs": 0.7843137383460999,
  "input_mean_abs": 0.009285778738558292,
  "input_preservation_score": 0.3731801708539327,
  "input_psnr": 33.09891782054517,
  "input_ssim": 0.9247816205024719,
  "max_disp_px_budget": 8.0,
  "output_disruption_score": 0.2252213906234259,
  "output_disruption_weight": 0.5,
  "output_l2": 0.03250120458468185,
  "output_max_abs": 0.7960784435272217,
  "output_mean_abs": 0.016300564631819725,
  "output_psnr": 29.76201085132368,
  "output_ssim": 0.9047834277153015,
  "perturbed_clip_positive_margin": 0.01817414164543152,
  "perturbed_semantic_success_score": 0.01817414164543152,
  "phase2_final_score": 0.13458859677045318,
  "phase2_output_disruption": 0.2252213906234259,
  "phase2_score_formula": "8.0*max(0,semantic_drop)+0.5*output_disruption-3.0*input_damage_penalty-0.75*geometry_excess_penalty",
  "phase4_budget_name": "strong",
  "phase4_final_score": 0.13458859677045318,
  "phase4_score_formula": "8.0*max(0,semantic_drop)+0.5*output_disruption-3.0*input_damage_penalty-0.75*geometry_excess_penalty",
  "semantic_drop": 0.0027472376823425293,
  "semantic_drop_weight": 8.0,
  "target_input_ssim": 0.88
}
