{
  "displacement": {
    "budget_max_disp_px": 4.0,
    "max_disp_px": 3.171804428100586,
    "max_disp_px_budget": 4.0,
    "mean_disp_px": 0.5358496308326721,
    "p95_disp_px": 2.345855951309204,
    "target_input_ssim": 0.94
  },
  "input": {
    "l2": 0.01891937634283213,
    "max_abs": 0.7019608020782471,
    "mean_abs": 0.006255752872675657,
    "psnr": 34.46186367510177,
    "ssim": 0.939728319644928
  },
  "output": {
    "l2": 0.026237017468415818,
    "max_abs": 0.7529411911964417,
    "mean_abs": 0.012359336949884892,
    "psnr": 31.621710711101873,
    "ssim": 0.9265437722206116
  }
}
