{
  "clean_clip_positive_margin": 0.027842342853546143,
  "clean_semantic_success_score": 0.027842342853546143,
  "clip_available": true,
  "clip_semantic_drop": 0.004056572914123535,
  "clip_warning": null,
  "decision_label": "metric_only_candidate",
  "decision_reasons": [
    "semantic_drop_small:0.0041",
    "semantic_drop_small:0.0041"
  ],
  "edit_failure_score": 0.004056572914123535,
  "final_attack_score": 0.22787227867073492,
  "geometry_excess_penalty": 0.0,
  "geometry_excess_penalty_weight": 1.0,
  "identity_or_face_health_available": false,
  "input_damage_penalty": 0.0,
  "input_damage_penalty_weight": 3.0,
  "input_l2": 0.026014254094638437,
  "input_max_abs": 0.8039215803146362,
  "input_mean_abs": 0.00837137084454298,
  "input_preservation_score": 0.3966511317661831,
  "input_psnr": 31.695772441852608,
  "input_ssim": 0.9155311584472656,
  "max_disp_px_budget": 8.0,
  "output_disruption_score": 0.21164598701424078,
  "output_disruption_weight": 1.0,
  "output_l2": 0.03007336616026033,
  "output_max_abs": 0.6627451181411743,
  "output_mean_abs": 0.013749250210821629,
  "output_psnr": 30.436359157972003,
  "output_ssim": 0.9086474776268005,
  "perturbed_clip_positive_margin": 0.023785769939422607,
  "perturbed_semantic_success_score": 0.023785769939422607,
  "phase2_final_score": 0.22787227867073492,
  "phase2_output_disruption": 0.21164598701424078,
  "phase2_score_formula": "4*max(0,semantic_drop)+1*output_disruption-3*input_damage_penalty-1*geometry_excess_penalty",
  "semantic_drop": 0.004056572914123535,
  "semantic_drop_weight": 4.0,
  "target_input_ssim": 0.86
}
