{
  "displacement": {
    "budget_max_disp_px": 14.0,
    "max_disp_px": 13.037755012512207,
    "max_disp_px_budget": 14.0,
    "mean_disp_px": 3.24088191986084,
    "p95_disp_px": 10.364228248596191,
    "target_input_ssim": 0.78
  },
  "input": {
    "l2": 0.0554579822572669,
    "max_abs": 0.9333333373069763,
    "mean_abs": 0.021094530820846558,
    "psnr": 25.120718710480823,
    "ssim": 0.8287642598152161
  },
  "output": {
    "l2": 0.08119305611962792,
    "max_abs": 0.8980392217636108,
    "mean_abs": 0.03323875740170479,
    "psnr": 21.809622227462313,
    "ssim": 0.7871912121772766
  }
}
