{
  "budget": "strong",
  "budget_max_disp_px": 8.0,
  "candidate_folder_abs": "/home/interns/Desktop/mat/phase4/outputs/phase4a_existence_probe/cases/face_007/igs_1p00/make_the_person_smile_slightly/strong/seed_00/candidates/cand_050_g03_m10",
  "candidate_index": 50,
  "candidate_name": "cand_050_g03_m10",
  "case_id": "face_007__make_the_person_smile_slightly__igs_1p00",
  "elapsed_seconds": 2.3451336976140738,
  "face_id": "face_007",
  "generation": 3,
  "geometry_method": "landmark_piecewise_affine",
  "guidance_scale": 7.5,
  "image_guidance_scale": 1.0,
  "initial_candidate": false,
  "input_l2": 0.027558474555660104,
  "input_max_abs": 0.5882353186607361,
  "input_mean_abs": 0.011091570369899273,
  "input_psnr": 31.194896512062105,
  "input_ssim": 0.904655933380127,
  "max_disp_px": 2.6757681369781494,
  "max_disp_px_budget": 8.0,
  "mean_disp_px": 0.7025476098060608,
  "member": 10,
  "output_l2": 0.03032869249379927,
  "output_max_abs": 0.8156862854957581,
  "output_mean_abs": 0.012529969215393066,
  "output_psnr": 30.362926244804235,
  "output_ssim": 0.9457630515098572,
  "p95_disp_px": 2.113443613052368,
  "phase": "phase4a_existence_probe",
  "prompt": "make the person smile slightly",
  "prompt_slug": "make_the_person_smile_slightly",
  "prompt_type": "smile",
  "seed": 50001,
  "target_input_ssim": 0.88,
  "theta_names": [
    "scale_logit",
    "action_mouth_corner_raise",
    "action_mouth_corner_lower",
    "action_mouth_width_expand",
    "action_mouth_width_compress",
    "action_chin_raise",
    "action_chin_lower"
  ],
  "theta_values": [
    -0.8877308964729309,
    -0.6747879981994629,
    1.376754879951477,
    -0.28003188967704773,
    -0.2383057177066803,
    0.6669196486473083,
    -0.6459164023399353
  ]
}
