{
  "geometry_info": {
    "action_names": [
      "face_side_push_left",
      "face_side_push_right",
      "head_top_raise",
      "head_top_lower",
      "jaw_expand",
      "jaw_compress",
      "asymmetry_twist"
    ],
    "action_strength": 0.72,
    "action_values": {
      "asymmetry_twist": 0.2361101181774244,
      "face_side_push_left": 0.5678450230411469,
      "face_side_push_right": 0.6318371949879412,
      "head_top_lower": 0.7000244330379023,
      "head_top_raise": -0.1633681108960426,
      "jaw_compress": -0.13801717894849036,
      "jaw_expand": -0.06155673454847799
    },
    "active_actions": {
      "asymmetry_twist": 0.2361101181774244,
      "face_side_push_left": 0.5678450230411469,
      "face_side_push_right": 0.6318371949879412,
      "head_top_lower": 0.7000244330379023,
      "head_top_raise": -0.1633681108960426,
      "jaw_compress": -0.13801717894849036,
      "jaw_expand": -0.06155673454847799
    },
    "active_anchor_count": 7,
    "control_point_count": 15,
    "geometry_method": "landmark_piecewise_affine",
    "max_disp_px_budget": 8.0,
    "scale_factor": 0.7274709956031635,
    "source_control_points": [
      [
        112.63999938964844,
        248.3199920654297
      ],
      [
        112.63999938964844,
        253.44000244140625
      ],
      [
        399.3599853515625,
        248.3199920654297
      ],
      [
        399.3599853515625,
        253.44000244140625
      ],
      [
        256.0,
        87.04000091552734
      ],
      [
        174.0800018310547,
        394.239990234375
      ],
      [
        337.9200134277344,
        394.239990234375
      ],
      [
        0.0,
        0.0
      ],
      [
        511.0,
        0.0
      ],
      [
        0.0,
        511.0
      ],
      [
        511.0,
        511.0
      ],
      [
        256.0,
        0.0
      ],
      [
        256.0,
        511.0
      ],
      [
        0.0,
        256.0
      ],
      [
        511.0,
        256.0
      ]
    ],
    "target_control_points": [
      [
        109.36920928955078,
        246.95999145507812
      ],
      [
        110.1869125366211,
        253.44000244140625
      ],
      [
        402.9993591308594,
        249.67999267578125
      ],
      [
        402.0895080566406,
        253.44000244140625
      ],
      [
        256.0,
        92.01314544677734
      ],
      [
        173.63958740234375,
        393.55999755859375
      ],
      [
        338.36041259765625,
        394.91998291015625
      ],
      [
        0.0,
        0.0
      ],
      [
        511.0,
        0.0
      ],
      [
        0.0,
        511.0
      ],
      [
        511.0,
        511.0
      ],
      [
        256.0,
        0.0
      ],
      [
        256.0,
        511.0
      ],
      [
        0.0,
        256.0
      ],
      [
        511.0,
        256.0
      ]
    ],
    "tps_regularization": 0.0001
  },
  "names": [
    "scale_logit",
    "action_face_side_push_left",
    "action_face_side_push_right",
    "action_head_top_raise",
    "action_head_top_lower",
    "action_jaw_expand",
    "action_jaw_compress",
    "action_asymmetry_twist"
  ],
  "values": [
    0.33017441630363464,
    1.0468382835388184,
    1.3271024227142334,
    -0.22846359014511108,
    1.9757179021835327,
    -0.08482027053833008,
    -0.19204866886138916,
    0.3367389142513275
  ]
}
