{
  "best_folder": "phase4/outputs/phase4a_existence_probe/cases/face_005/igs_1p50/add_headphones/strong/seed_00/candidates/cand_056_g03_m16",
  "budget": "strong",
  "budget_max_disp_px": 8.0,
  "candidate_folder": "phase4/outputs/phase4a_existence_probe/cases/face_005/igs_1p50/add_headphones/strong/seed_00/candidates/cand_056_g03_m16",
  "candidate_index": 56,
  "candidate_name": "cand_056_g03_m16",
  "case_id": "face_005__add_headphones__igs_1p50",
  "clean_clip_positive_margin": 0.055569812655448914,
  "clean_semantic_success_score": 0.055569812655448914,
  "clip_available": true,
  "clip_semantic_drop": 0.004942789673805237,
  "clip_warning": null,
  "crop_clip_available": true,
  "crop_clip_warning": null,
  "decision_label": "metric_only_candidate",
  "decision_reasons": [
    "semantic_drop_small:0.0049",
    "semantic_drop_small:0.0049",
    "semantic_drop_small:0.0049"
  ],
  "edit_failure_score": 0.004942789673805237,
  "elapsed_seconds": 2.8341319244354963,
  "face_id": "face_005",
  "final_attack_score": 0.19775846778801354,
  "full_image_semantic_drop": 0.004942789673805237,
  "generation": 3,
  "geometry_excess_penalty": 0.0,
  "geometry_excess_penalty_weight": 0.75,
  "geometry_method": "landmark_piecewise_affine",
  "guidance_scale": 7.5,
  "identity_or_face_health_available": false,
  "image_guidance_scale": 1.5,
  "initial_candidate": false,
  "input_damage_penalty": 0.0,
  "input_damage_penalty_weight": 3.0,
  "input_l2": 0.03366906351269605,
  "input_max_abs": 0.7686274647712708,
  "input_mean_abs": 0.014874094165861607,
  "input_preservation_score": 0.14578745762507117,
  "input_psnr": 29.455379262333064,
  "input_ssim": 0.8974944949150085,
  "left_crop_clean_margin": 0.027460142970085144,
  "left_crop_perturbed_margin": 0.030972406268119812,
  "left_crop_semantic_drop": -0.003512263298034668,
  "max_disp_px": 4.976982593536377,
  "max_disp_px_budget": 8.0,
  "mean_crop_margin": 0.018552894393603008,
  "mean_crop_semantic_drop": -0.001582627495129903,
  "mean_disp_px": 1.2282562255859375,
  "member": 16,
  "min_crop_margin": -0.0007131248712539673,
  "min_crop_semantic_drop": -0.003512263298034668,
  "output_disruption_score": 0.3164323007951433,
  "output_disruption_weight": 0.5,
  "output_l2": 0.04715991109337047,
  "output_max_abs": 0.9058823585510254,
  "output_mean_abs": 0.020666051656007767,
  "output_psnr": 26.5285404463036,
  "output_ssim": 0.8722073435783386,
  "p95_disp_px": 3.415781259536743,
  "path_clean_edit": "phase4/outputs/phase4a_existence_probe/cases/face_005/igs_1p50/add_headphones/strong/seed_00/candidates/cand_056_g03_m16/clean_edit.png",
  "path_flow": "phase4/outputs/phase4a_existence_probe/cases/face_005/igs_1p50/add_headphones/strong/seed_00/candidates/cand_056_g03_m16/flow.png",
  "path_landmarks_overlay_original": "phase4/outputs/phase4a_existence_probe/cases/face_005/igs_1p50/add_headphones/strong/seed_00/candidates/cand_056_g03_m16/landmarks_overlay_original.jpg",
  "path_landmarks_overlay_perturbed": "phase4/outputs/phase4a_existence_probe/cases/face_005/igs_1p50/add_headphones/strong/seed_00/candidates/cand_056_g03_m16/landmarks_overlay_perturbed.jpg",
  "path_original": "phase4/outputs/phase4a_existence_probe/cases/face_005/igs_1p50/add_headphones/strong/seed_00/candidates/cand_056_g03_m16/original.png",
  "path_perturbed": "phase4/outputs/phase4a_existence_probe/cases/face_005/igs_1p50/add_headphones/strong/seed_00/candidates/cand_056_g03_m16/perturbed.png",
  "path_perturbed_edit": "phase4/outputs/phase4a_existence_probe/cases/face_005/igs_1p50/add_headphones/strong/seed_00/candidates/cand_056_g03_m16/perturbed_edit.png",
  "perturbed_clip_positive_margin": 0.05062702298164368,
  "perturbed_semantic_success_score": 0.05062702298164368,
  "phase": "phase4a_existence_probe",
  "phase2_final_score": 0.19775846778801354,
  "phase2_output_disruption": 0.3164323007951433,
  "phase2_score_formula": "8.0*max(0,semantic_drop)+0.5*output_disruption-3.0*input_damage_penalty-0.75*geometry_excess_penalty",
  "phase4_budget_name": "strong",
  "phase4_final_score": 0.19775846778801354,
  "phase4_score_formula": "8.0*max(0,semantic_drop)+0.5*output_disruption-3.0*input_damage_penalty-0.75*geometry_excess_penalty",
  "prompt": "add headphones",
  "prompt_slug": "add_headphones",
  "prompt_type": "headphones",
  "right_crop_clean_margin": 0.025357991456985474,
  "right_crop_perturbed_margin": 0.025399401783943176,
  "right_crop_semantic_drop": -4.141032695770264e-05,
  "seed": 44001,
  "semantic_drop": 0.004942789673805237,
  "semantic_drop_weight": 8.0,
  "target_input_ssim": 0.88,
  "theta_names": [
    "scale_logit",
    "action_face_side_push_left",
    "action_face_side_push_right",
    "action_head_top_raise",
    "action_head_top_lower",
    "action_jaw_expand",
    "action_jaw_compress",
    "action_asymmetry_twist"
  ],
  "theta_values": [
    0.33017441630363464,
    1.0468382835388184,
    1.3271024227142334,
    -0.22846359014511108,
    1.9757179021835327,
    -0.08482027053833008,
    -0.19204866886138916,
    0.3367389142513275
  ],
  "top_crop_clean_margin": -0.0019073337316513062,
  "top_crop_perturbed_margin": -0.0007131248712539673,
  "top_crop_semantic_drop": -0.0011942088603973389
}
