{
  "budget": "medium",
  "budget_max_disp_px": 4.0,
  "candidate_folder_abs": "/home/interns/Desktop/mat/phase3/outputs/breadth_probe/cases/face_004/igs_1p00/add_a_small_beard/medium/seed_00/candidates/cand_008_g01_m08",
  "candidate_index": 8,
  "candidate_name": "cand_008_g01_m08",
  "dct_modes": [
    [
      1,
      0
    ],
    [
      0,
      1
    ],
    [
      1,
      1
    ],
    [
      2,
      0
    ],
    [
      0,
      2
    ],
    [
      2,
      1
    ]
  ],
  "elapsed_seconds": 4.7817088179290295,
  "generation": 1,
  "geometry_method": "combined_all",
  "initial_candidate": false,
  "input_l2": 0.0094461621568826,
  "input_max_abs": 0.46274513006210327,
  "input_mean_abs": 0.0016061618225649,
  "input_psnr": 40.49489206818903,
  "input_ssim": 0.9905233383178711,
  "max_disp_px": 2.1221563816070557,
  "max_disp_px_budget": 4.0,
  "mean_disp_px": 0.15916360914707184,
  "member": 8,
  "mesh_size": 4,
  "output_l2": 0.020380689800079756,
  "output_max_abs": 0.5333333611488342,
  "output_mean_abs": 0.008782724849879742,
  "output_psnr": 33.81562242101923,
  "output_ssim": 0.9529128074645996,
  "p95_disp_px": 1.307405710220337,
  "phase": "phase3_breadth_probe",
  "prompt": "add a small beard",
  "prompt_priority": 4,
  "prompt_slug": "add_a_small_beard",
  "region_count": 1,
  "region_key": "beard",
  "scale_factor": 0.6718575954437256,
  "seed": 42001,
  "target_input_ssim": 0.94,
  "tps_size": 4
}
