{
  "displacement": {
    "budget_max_disp_px": 14.0,
    "max_disp_px": 10.604689598083496,
    "max_disp_px_budget": 14.0,
    "mean_disp_px": 2.376072645187378,
    "p95_disp_px": 6.119065761566162,
    "target_input_ssim": 0.78
  },
  "input": {
    "l2": 0.04337198395224766,
    "max_abs": 0.5647059082984924,
    "mean_abs": 0.02381664514541626,
    "psnr": 27.255814231773755,
    "ssim": 0.7793722152709961
  },
  "output": {
    "l2": 0.08261894974959641,
    "max_abs": 0.7529411911964417,
    "mean_abs": 0.03907103091478348,
    "psnr": 21.658406601338733,
    "ssim": 0.8000276684761047
  }
}
