{
  "best_folder": "phase4/outputs/phase4a_existence_probe/cases/face_005/igs_1p50/add_headphones/existence_probe/seed_00/candidates/cand_001_g01_m01",
  "budget": "existence_probe",
  "budget_max_disp_px": 14.0,
  "candidate_folder": "phase4/outputs/phase4a_existence_probe/cases/face_005/igs_1p50/add_headphones/existence_probe/seed_00/candidates/cand_001_g01_m01",
  "candidate_index": 1,
  "candidate_name": "cand_001_g01_m01",
  "case_id": "face_005__add_headphones__igs_1p50",
  "clean_clip_positive_margin": 0.055569812655448914,
  "clean_semantic_success_score": 0.055569812655448914,
  "clip_available": true,
  "clip_semantic_drop": 0.004365712404251099,
  "clip_warning": null,
  "crop_clip_available": true,
  "crop_clip_warning": null,
  "decision_label": "reject_input_damage",
  "decision_reasons": [
    "input_ssim_below_target:0.6125<0.7800",
    "semantic_drop_small:0.0044"
  ],
  "edit_failure_score": 0.004365712404251099,
  "elapsed_seconds": 3.0560273863375187,
  "face_id": "face_005",
  "final_attack_score": -3.5103605913769638,
  "full_image_semantic_drop": 0.004365712404251099,
  "generation": 1,
  "geometry_excess_penalty": 0.0,
  "geometry_excess_penalty_weight": 0.75,
  "geometry_method": "landmark_semantic_tps",
  "guidance_scale": 7.5,
  "identity_or_face_health_available": false,
  "image_guidance_scale": 1.5,
  "initial_candidate": false,
  "input_damage_penalty": 1.3401362800598147,
  "input_damage_penalty_weight": 3.0,
  "input_l2": 0.11011356243595777,
  "input_max_abs": 0.8470588326454163,
  "input_mean_abs": 0.06657561659812927,
  "input_preservation_score": 0.0,
  "input_psnr": 19.163183733489905,
  "input_ssim": 0.6124829649925232,
  "left_crop_clean_margin": 0.027460142970085144,
  "left_crop_perturbed_margin": 0.02829621732234955,
  "left_crop_semantic_drop": -0.0008360743522644043,
  "max_disp_px": 13.986001968383789,
  "max_disp_px_budget": 14.0,
  "mean_crop_margin": 0.015755653381347656,
  "mean_crop_semantic_drop": 0.0012146135171254475,
  "mean_disp_px": 9.410628318786621,
  "member": 1,
  "min_crop_margin": -0.0067893266677856445,
  "min_crop_semantic_drop": -0.0008360743522644043,
  "output_disruption_score": 0.9502450991369426,
  "output_disruption_weight": 0.5,
  "output_l2": 0.12659594835582225,
  "output_max_abs": 0.8666666746139526,
  "output_mean_abs": 0.0765916034579277,
  "output_psnr": 17.951603869764494,
  "output_ssim": 0.5561386942863464,
  "p95_disp_px": 13.986001014709473,
  "path_clean_edit": "phase4/outputs/phase4a_existence_probe/cases/face_005/igs_1p50/add_headphones/existence_probe/seed_00/candidates/cand_001_g01_m01/clean_edit.png",
  "path_flow": "phase4/outputs/phase4a_existence_probe/cases/face_005/igs_1p50/add_headphones/existence_probe/seed_00/candidates/cand_001_g01_m01/flow.png",
  "path_landmarks_overlay_original": "phase4/outputs/phase4a_existence_probe/cases/face_005/igs_1p50/add_headphones/existence_probe/seed_00/candidates/cand_001_g01_m01/landmarks_overlay_original.jpg",
  "path_landmarks_overlay_perturbed": "phase4/outputs/phase4a_existence_probe/cases/face_005/igs_1p50/add_headphones/existence_probe/seed_00/candidates/cand_001_g01_m01/landmarks_overlay_perturbed.jpg",
  "path_original": "phase4/outputs/phase4a_existence_probe/cases/face_005/igs_1p50/add_headphones/existence_probe/seed_00/candidates/cand_001_g01_m01/original.png",
  "path_perturbed": "phase4/outputs/phase4a_existence_probe/cases/face_005/igs_1p50/add_headphones/existence_probe/seed_00/candidates/cand_001_g01_m01/perturbed.png",
  "path_perturbed_edit": "phase4/outputs/phase4a_existence_probe/cases/face_005/igs_1p50/add_headphones/existence_probe/seed_00/candidates/cand_001_g01_m01/perturbed_edit.png",
  "perturbed_clip_positive_margin": 0.051204100251197815,
  "perturbed_semantic_success_score": 0.051204100251197815,
  "phase": "phase4a_existence_probe",
  "phase2_final_score": -3.5103605913769638,
  "phase2_output_disruption": 0.9502450991369426,
  "phase2_score_formula": "8.0*max(0,semantic_drop)+0.5*output_disruption-3.0*input_damage_penalty-0.75*geometry_excess_penalty",
  "phase4_budget_name": "existence_probe",
  "phase4_final_score": -3.5103605913769638,
  "phase4_score_formula": "8.0*max(0,semantic_drop)+0.5*output_disruption-3.0*input_damage_penalty-0.75*geometry_excess_penalty",
  "prompt": "add headphones",
  "prompt_slug": "add_headphones",
  "prompt_type": "headphones",
  "right_crop_clean_margin": 0.025357991456985474,
  "right_crop_perturbed_margin": 0.025760069489479065,
  "right_crop_semantic_drop": -0.0004020780324935913,
  "seed": 44101,
  "semantic_drop": 0.004365712404251099,
  "semantic_drop_weight": 8.0,
  "target_input_ssim": 0.78,
  "theta_names": [
    "scale_logit",
    "action_face_side_push_left",
    "action_face_side_push_right",
    "action_head_top_raise",
    "action_head_top_lower",
    "action_jaw_expand",
    "action_jaw_compress",
    "action_asymmetry_twist"
  ],
  "theta_values": [
    1.0356570482254028,
    -0.9990336894989014,
    -1.6681979894638062,
    1.6337565183639526,
    -0.3384014666080475,
    0.47174447774887085,
    -1.2853959798812866,
    0.9097754955291748
  ],
  "top_crop_clean_margin": -0.0019073337316513062,
  "top_crop_perturbed_margin": -0.0067893266677856445,
  "top_crop_semantic_drop": 0.004881992936134338
}
