{
  "geometry_info": {
    "action_names": [
      "jaw_expand",
      "jaw_compress",
      "chin_raise",
      "chin_lower",
      "mouth_width_expand",
      "lower_face_shift"
    ],
    "action_strength": 0.72,
    "action_values": {
      "chin_lower": -0.4502391760783077,
      "chin_raise": 0.8573431986017237,
      "jaw_compress": 0.0845154539407181,
      "jaw_expand": -0.28431588226930515,
      "lower_face_shift": 0.7359893772337295,
      "mouth_width_expand": 0.4936970706792485
    },
    "active_actions": {
      "chin_lower": -0.4502391760783077,
      "chin_raise": 0.8573431986017237,
      "jaw_compress": 0.0845154539407181,
      "jaw_expand": -0.28431588226930515,
      "lower_face_shift": 0.7359893772337295,
      "mouth_width_expand": 0.4936970706792485
    },
    "active_anchor_count": 6,
    "control_point_count": 14,
    "geometry_method": "landmark_piecewise_affine",
    "max_disp_px_budget": 14.0,
    "scale_factor": 0.9689032519008658,
    "source_control_points": [
      [
        174.0800018310547,
        394.239990234375
      ],
      [
        337.9200134277344,
        394.239990234375
      ],
      [
        256.0,
        419.8399963378906
      ],
      [
        256.0,
        376.32000732421875
      ],
      [
        204.8000030517578,
        335.3599853515625
      ],
      [
        307.20001220703125,
        335.3599853515625
      ],
      [
        0.0,
        0.0
      ],
      [
        511.0,
        0.0
      ],
      [
        0.0,
        511.0
      ],
      [
        511.0,
        511.0
      ],
      [
        256.0,
        0.0
      ],
      [
        256.0,
        511.0
      ],
      [
        0.0,
        256.0
      ],
      [
        511.0,
        256.0
      ]
    ],
    "target_control_points": [
      [
        177.79782104492188,
        394.239990234375
      ],
      [
        334.2021789550781,
        394.239990234375
      ],
      [
        261.5640869140625,
        406.6595764160156
      ],
      [
        263.41876220703125,
        369.72979736328125
      ],
      [
        199.8235321044922,
        335.3599853515625
      ],
      [
        312.1764831542969,
        335.3599853515625
      ],
      [
        0.0,
        0.0
      ],
      [
        511.0,
        0.0
      ],
      [
        0.0,
        511.0
      ],
      [
        511.0,
        511.0
      ],
      [
        256.0,
        0.0
      ],
      [
        256.0,
        511.0
      ],
      [
        0.0,
        256.0
      ],
      [
        511.0,
        256.0
      ]
    ],
    "tps_regularization": 0.0001
  },
  "names": [
    "scale_logit",
    "action_jaw_expand",
    "action_jaw_compress",
    "action_chin_raise",
    "action_chin_lower",
    "action_mouth_width_expand",
    "action_lower_face_shift"
  ],
  "values": [
    1.603930950164795,
    -0.3023272752761841,
    0.08745020627975464,
    1.3977274894714355,
    -0.5032758116722107,
    0.5621111989021301,
    0.9952943325042725
  ]
}
