{
  "clean_clip_positive_margin": 0.027842342853546143,
  "clean_semantic_success_score": 0.027842342853546143,
  "clip_available": true,
  "clip_semantic_drop": 0.024986565113067627,
  "clip_warning": null,
  "decision_label": "weak_candidate",
  "decision_reasons": [],
  "edit_failure_score": 0.024986565113067627,
  "final_attack_score": 0.24987254163325456,
  "geometry_excess_penalty": 0.0,
  "geometry_excess_penalty_weight": 1.0,
  "identity_or_face_health_available": false,
  "input_damage_penalty": 0.0,
  "input_damage_penalty_weight": 3.0,
  "input_l2": 0.014413183812719478,
  "input_max_abs": 0.4745098352432251,
  "input_mean_abs": 0.005037220194935799,
  "input_preservation_score": 0.2745121320088711,
  "input_psnr": 36.82480149466189,
  "input_ssim": 0.9564707279205322,
  "max_disp_px_budget": 4.0,
  "output_disruption_score": 0.14992628118098406,
  "output_disruption_weight": 1.0,
  "output_l2": 0.022682854584606057,
  "output_max_abs": 0.7411764860153198,
  "output_mean_abs": 0.009868727065622807,
  "output_psnr": 32.88604582774252,
  "output_ssim": 0.9408051371574402,
  "perturbed_clip_positive_margin": 0.0028557777404785156,
  "perturbed_semantic_success_score": 0.0028557777404785156,
  "phase2_final_score": 0.24987254163325456,
  "phase2_output_disruption": 0.14992628118098406,
  "phase2_score_formula": "4*max(0,semantic_drop)+1*output_disruption-3*input_damage_penalty-1*geometry_excess_penalty",
  "semantic_drop": 0.024986565113067627,
  "semantic_drop_weight": 4.0,
  "target_input_ssim": 0.94
}
