{
  "displacement": {
    "budget_max_disp_px": 8.0,
    "max_disp_px": 4.533817768096924,
    "max_disp_px_budget": 8.0,
    "mean_disp_px": 0.5641407370567322,
    "p95_disp_px": 2.396331787109375,
    "target_input_ssim": 0.88
  },
  "input": {
    "l2": 0.02990378632513576,
    "max_abs": 0.7490196228027344,
    "mean_abs": 0.007873525843024254,
    "psnr": 30.485476383340444,
    "ssim": 0.9406003355979919
  },
  "output": {
    "l2": 0.050688491522166965,
    "max_abs": 0.6274510025978088,
    "mean_abs": 0.027404112741351128,
    "psnr": 25.901812661760818,
    "ssim": 0.8504784107208252
  }
}
