{
  "action_names": [
    "jaw_expand",
    "jaw_compress",
    "chin_raise",
    "chin_lower",
    "mouth_width_expand",
    "lower_face_shift"
  ],
  "action_strength": 0.72,
  "action_values": {
    "chin_lower": -0.7289379445944058,
    "chin_raise": 0.8086223973708317,
    "jaw_compress": 0.19232102622087727,
    "jaw_expand": -0.7204405246524518,
    "lower_face_shift": 0.47836684882549224,
    "mouth_width_expand": -0.17991761142975274
  },
  "active_actions": {
    "chin_lower": -0.7289379445944058,
    "chin_raise": 0.8086223973708317,
    "jaw_compress": 0.19232102622087727,
    "jaw_expand": -0.7204405246524518,
    "lower_face_shift": 0.47836684882549224,
    "mouth_width_expand": -0.17991761142975274
  },
  "active_anchor_count": 6,
  "control_point_count": 14,
  "geometry_method": "landmark_piecewise_affine",
  "max_disp_px_budget": 14.0,
  "scale_factor": 0.9880463354478466,
  "source_control_points": [
    [
      174.0800018310547,
      394.239990234375
    ],
    [
      337.9200134277344,
      394.239990234375
    ],
    [
      256.0,
      419.8399963378906
    ],
    [
      256.0,
      376.32000732421875
    ],
    [
      204.8000030517578,
      335.3599853515625
    ],
    [
      307.20001220703125,
      335.3599853515625
    ],
    [
      0.0,
      0.0
    ],
    [
      511.0,
      0.0
    ],
    [
      0.0,
      511.0
    ],
    [
      511.0,
      511.0
    ],
    [
      256.0,
      0.0
    ],
    [
      256.0,
      511.0
    ],
    [
      0.0,
      256.0
    ],
    [
      511.0,
      256.0
    ]
  ],
  "target_control_points": [
    [
      183.2806396484375,
      394.239990234375
    ],
    [
      328.7193908691406,
      394.239990234375
    ],
    [
      259.616455078125,
      404.3414001464844
    ],
    [
      260.8219299316406,
      368.5707092285156
    ],
    [
      206.6135711669922,
      335.3599853515625
    ],
    [
      305.3864440917969,
      335.3599853515625
    ],
    [
      0.0,
      0.0
    ],
    [
      511.0,
      0.0
    ],
    [
      0.0,
      511.0
    ],
    [
      511.0,
      511.0
    ],
    [
      256.0,
      0.0
    ],
    [
      256.0,
      511.0
    ],
    [
      0.0,
      256.0
    ],
    [
      511.0,
      256.0
    ]
  ],
  "tps_regularization": 0.0001
}
