{
  "best_folder": "phase2/outputs/phase2c_probe/semantic_heavy_cem/headphones_top_only/strong/seed_00/candidates/cand_017_g02_m01",
  "budget": "strong",
  "budget_max_disp_px": 6.0,
  "candidate_folder": "phase2/outputs/phase2c_probe/semantic_heavy_cem/headphones_top_only/strong/seed_00/candidates/cand_017_g02_m01",
  "candidate_index": 17,
  "candidate_name": "cand_017_g02_m01",
  "clean_clip_positive_margin": 0.027842342853546143,
  "clean_semantic_success_score": 0.027842342853546143,
  "clip_available": true,
  "clip_semantic_drop": 0.018433988094329834,
  "clip_warning": null,
  "crop_clip_available": true,
  "crop_clip_warning": null,
  "dct_modes": [
    [
      1,
      0
    ],
    [
      0,
      1
    ],
    [
      1,
      1
    ],
    [
      2,
      0
    ],
    [
      0,
      2
    ],
    [
      2,
      1
    ]
  ],
  "decision_label": "weak_candidate",
  "decision_reasons": [
    "semantic_drop_small:0.0184"
  ],
  "edit_failure_score": 0.018433988094329834,
  "elapsed_seconds": 6.160404667258263,
  "final_attack_score": 0.1733393169940676,
  "full_image_semantic_drop": 0.018433988094329834,
  "generation": 2,
  "geometry_excess_penalty": 0.0,
  "geometry_excess_penalty_weight": 0.75,
  "geometry_method": "combined_tps_dct",
  "identity_or_face_health_available": false,
  "initial_candidate": false,
  "input_damage_penalty": 0.0,
  "input_damage_penalty_weight": 3.0,
  "input_l2": 0.010606607457560834,
  "input_max_abs": 0.32549017667770386,
  "input_mean_abs": 0.0026049846783280373,
  "input_preservation_score": 0.7239810228347777,
  "input_psnr": 39.4884700751582,
  "input_ssim": 0.9723981022834778,
  "left_crop_clean_margin": 0.02535329759120941,
  "left_crop_perturbed_margin": 0.02600221335887909,
  "left_crop_semantic_drop": -0.0006489157676696777,
  "max_disp_px": 2.1429879665374756,
  "max_disp_px_budget": 6.0,
  "mean_crop_margin": 0.017548799514770508,
  "mean_crop_semantic_drop": 0.0005624691645304362,
  "mean_disp_px": 0.1806504875421524,
  "member": 1,
  "mesh_size": 4,
  "min_crop_margin": 0.005589216947555542,
  "min_crop_semantic_drop": -0.0006489157676696777,
  "output_disruption_score": 0.1034696489577157,
  "output_disruption_weight": 0.25,
  "output_l2": 0.015318582207080291,
  "output_max_abs": 0.45098042488098145,
  "output_mean_abs": 0.007747279945760965,
  "output_psnr": 36.29562856891837,
  "output_ssim": 0.9578046798706055,
  "p95_disp_px": 1.4098578691482544,
  "path_flow": "phase2/outputs/phase2c_probe/semantic_heavy_cem/headphones_top_only/strong/seed_00/candidates/cand_017_g02_m01/flow.png",
  "path_original": "phase2/outputs/phase2c_probe/semantic_heavy_cem/headphones_top_only/strong/seed_00/candidates/cand_017_g02_m01/original.png",
  "path_original_edited": "phase2/outputs/phase2c_probe/semantic_heavy_cem/headphones_top_only/strong/seed_00/candidates/cand_017_g02_m01/original_edited.png",
  "path_perturbed": "phase2/outputs/phase2c_probe/semantic_heavy_cem/headphones_top_only/strong/seed_00/candidates/cand_017_g02_m01/perturbed.png",
  "path_perturbed_edited": "phase2/outputs/phase2c_probe/semantic_heavy_cem/headphones_top_only/strong/seed_00/candidates/cand_017_g02_m01/perturbed_edited.png",
  "perturbed_clip_positive_margin": 0.009408354759216309,
  "perturbed_semantic_success_score": 0.009408354759216309,
  "phase": "phase2c_probe",
  "phase2_final_score": 0.1733393169940676,
  "phase2_output_disruption": 0.1034696489577157,
  "phase2_score_formula": "8.0*max(0,semantic_drop)+0.25*output_disruption-3.0*input_damage_penalty-0.75*geometry_excess_penalty",
  "prompt": "add headphones",
  "prompt_priority": 1,
  "prompt_slug": "add_headphones",
  "region_count": 1,
  "region_key": "headphones_top_only",
  "right_crop_clean_margin": 0.021481528878211975,
  "right_crop_perturbed_margin": 0.021054968237876892,
  "right_crop_semantic_drop": 0.000426560640335083,
  "scale_factor": 0.3644537329673767,
  "seed": 24301,
  "semantic_drop": 0.018433988094329834,
  "semantic_drop_weight": 8.0,
  "target_input_ssim": 0.9,
  "top_crop_clean_margin": 0.007498979568481445,
  "top_crop_perturbed_margin": 0.005589216947555542,
  "top_crop_semantic_drop": 0.0019097626209259033,
  "tps_size": 4
}
