{
  "clean_clip_positive_margin": 0.03148290514945984,
  "clean_semantic_success_score": 0.03148290514945984,
  "clip_available": true,
  "clip_semantic_drop": -0.007155686616897583,
  "clip_warning": null,
  "decision_label": "metric_only_candidate",
  "decision_reasons": [
    "semantic_drop_nonpositive:-0.0072",
    "semantic_drop_nonpositive:-0.0072"
  ],
  "edit_failure_score": 0.0,
  "final_attack_score": 0.09468738744193497,
  "geometry_excess_penalty": 0.0,
  "geometry_excess_penalty_weight": 1.0,
  "identity_or_face_health_available": false,
  "input_damage_penalty": 0.0,
  "input_damage_penalty_weight": 3.0,
  "input_l2": 0.017339432726483264,
  "input_max_abs": 0.9176470637321472,
  "input_mean_abs": 0.003193923272192478,
  "input_preservation_score": 0.809127620288304,
  "input_psnr": 35.219302298428005,
  "input_ssim": 0.9732778668403625,
  "max_disp_px_budget": 8.0,
  "output_disruption_score": 0.09468738744193497,
  "output_disruption_weight": 1.0,
  "output_l2": 0.016574468487337686,
  "output_max_abs": 0.6274510025978088,
  "output_mean_abs": 0.0051022982224822044,
  "output_psnr": 35.61120779447278,
  "output_ssim": 0.9716104865074158,
  "perturbed_clip_positive_margin": 0.03863859176635742,
  "perturbed_semantic_success_score": 0.03863859176635742,
  "phase2_final_score": 0.09468738744193497,
  "phase2_output_disruption": 0.09468738744193497,
  "phase2_score_formula": "4*max(0,semantic_drop)+1*output_disruption-3*input_damage_penalty-1*geometry_excess_penalty",
  "semantic_drop": -0.007155686616897583,
  "semantic_drop_weight": 4.0,
  "target_input_ssim": 0.86
}
