{
  "clean_clip_positive_margin": 0.04853600263595581,
  "clean_semantic_success_score": 0.04853600263595581,
  "clip_available": true,
  "clip_semantic_drop": 0.004482090473175049,
  "clip_warning": null,
  "crop_clip_available": false,
  "crop_clip_warning": null,
  "decision_label": "metric_only_candidate",
  "decision_reasons": [
    "semantic_drop_small:0.0045",
    "semantic_drop_small:0.0045",
    "semantic_drop_small:0.0045"
  ],
  "edit_failure_score": 0.004482090473175049,
  "final_attack_score": 0.22359716140567035,
  "full_image_semantic_drop": 0.004482090473175049,
  "geometry_excess_penalty": 0.0,
  "geometry_excess_penalty_weight": 0.75,
  "identity_or_face_health_available": false,
  "input_damage_penalty": 0.0,
  "input_damage_penalty_weight": 3.0,
  "input_l2": 0.03751588574342308,
  "input_max_abs": 0.9372549057006836,
  "input_mean_abs": 0.01955745555460453,
  "input_preservation_score": 0.2780270901593294,
  "input_psnr": 28.515695909538245,
  "input_ssim": 0.8411659598350525,
  "max_disp_px_budget": 14.0,
  "output_disruption_score": 0.3754808752405399,
  "output_disruption_weight": 0.5,
  "output_l2": 0.04811636727719888,
  "output_max_abs": 0.9058823585510254,
  "output_mean_abs": 0.024297356605529785,
  "output_psnr": 26.354143375198046,
  "output_ssim": 0.8169845938682556,
  "perturbed_clip_positive_margin": 0.04405391216278076,
  "perturbed_semantic_success_score": 0.04405391216278076,
  "phase2_final_score": 0.22359716140567035,
  "phase2_output_disruption": 0.3754808752405399,
  "phase2_score_formula": "8.0*max(0,semantic_drop)+0.5*output_disruption-3.0*input_damage_penalty-0.75*geometry_excess_penalty",
  "phase4_budget_name": "existence_probe",
  "phase4_final_score": 0.22359716140567035,
  "phase4_score_formula": "8.0*max(0,semantic_drop)+0.5*output_disruption-3.0*input_damage_penalty-0.75*geometry_excess_penalty",
  "semantic_drop": 0.004482090473175049,
  "semantic_drop_weight": 8.0,
  "target_input_ssim": 0.78
}
