{
  "best_folder": "phase4/outputs/phase4a_existence_probe/cases/face_002/igs_1p50/add_headphones/existence_probe/seed_00/candidates/cand_008_g01_m08",
  "budget": "existence_probe",
  "budget_max_disp_px": 14.0,
  "candidate_folder": "phase4/outputs/phase4a_existence_probe/cases/face_002/igs_1p50/add_headphones/existence_probe/seed_00/candidates/cand_008_g01_m08",
  "candidate_index": 8,
  "candidate_name": "cand_008_g01_m08",
  "case_id": "face_002__add_headphones__igs_1p50",
  "clean_clip_positive_margin": 0.04682642221450806,
  "clean_semantic_success_score": 0.04682642221450806,
  "clip_available": true,
  "clip_semantic_drop": 0.001412510871887207,
  "clip_warning": null,
  "crop_clip_available": true,
  "crop_clip_warning": null,
  "decision_label": "metric_only_candidate",
  "decision_reasons": [
    "semantic_drop_small:0.0014",
    "semantic_drop_small:0.0014",
    "semantic_drop_small:0.0014"
  ],
  "edit_failure_score": 0.001412510871887207,
  "elapsed_seconds": 2.768015444278717,
  "face_id": "face_002",
  "final_attack_score": 0.21263636306992828,
  "full_image_semantic_drop": 0.001412510871887207,
  "generation": 1,
  "geometry_excess_penalty": 0.0,
  "geometry_excess_penalty_weight": 0.75,
  "geometry_method": "landmark_semantic_tps",
  "guidance_scale": 7.5,
  "identity_or_face_health_available": false,
  "image_guidance_scale": 1.5,
  "initial_candidate": false,
  "input_damage_penalty": 0.0,
  "input_damage_penalty_weight": 3.0,
  "input_l2": 0.035479705025675344,
  "input_max_abs": 0.6235294342041016,
  "input_mean_abs": 0.01871524564921856,
  "input_preservation_score": 0.3452009829607876,
  "input_psnr": 29.000399990027212,
  "input_ssim": 0.8559442162513733,
  "left_crop_clean_margin": 0.01800447702407837,
  "left_crop_perturbed_margin": 0.026140257716178894,
  "left_crop_semantic_drop": -0.008135780692100525,
  "max_disp_px": 4.804697036743164,
  "max_disp_px_budget": 14.0,
  "mean_crop_margin": 0.015722999970118206,
  "mean_crop_semantic_drop": -0.0015525321165720622,
  "mean_disp_px": 1.4921367168426514,
  "member": 8,
  "min_crop_margin": -0.00014318525791168213,
  "min_crop_semantic_drop": -0.008135780692100525,
  "output_disruption_score": 0.40267255218966125,
  "output_disruption_weight": 0.5,
  "output_l2": 0.05392481960888535,
  "output_max_abs": 0.8549019694328308,
  "output_mean_abs": 0.027098236605525017,
  "output_psnr": 25.364225980789,
  "output_ssim": 0.8130267262458801,
  "p95_disp_px": 4.160394668579102,
  "path_clean_edit": "phase4/outputs/phase4a_existence_probe/cases/face_002/igs_1p50/add_headphones/existence_probe/seed_00/candidates/cand_008_g01_m08/clean_edit.png",
  "path_flow": "phase4/outputs/phase4a_existence_probe/cases/face_002/igs_1p50/add_headphones/existence_probe/seed_00/candidates/cand_008_g01_m08/flow.png",
  "path_landmarks_overlay_original": "phase4/outputs/phase4a_existence_probe/cases/face_002/igs_1p50/add_headphones/existence_probe/seed_00/candidates/cand_008_g01_m08/landmarks_overlay_original.jpg",
  "path_landmarks_overlay_perturbed": "phase4/outputs/phase4a_existence_probe/cases/face_002/igs_1p50/add_headphones/existence_probe/seed_00/candidates/cand_008_g01_m08/landmarks_overlay_perturbed.jpg",
  "path_original": "phase4/outputs/phase4a_existence_probe/cases/face_002/igs_1p50/add_headphones/existence_probe/seed_00/candidates/cand_008_g01_m08/original.png",
  "path_perturbed": "phase4/outputs/phase4a_existence_probe/cases/face_002/igs_1p50/add_headphones/existence_probe/seed_00/candidates/cand_008_g01_m08/perturbed.png",
  "path_perturbed_edit": "phase4/outputs/phase4a_existence_probe/cases/face_002/igs_1p50/add_headphones/existence_probe/seed_00/candidates/cand_008_g01_m08/perturbed_edit.png",
  "perturbed_clip_positive_margin": 0.04541391134262085,
  "perturbed_semantic_success_score": 0.04541391134262085,
  "phase": "phase4a_existence_probe",
  "phase2_final_score": 0.21263636306992828,
  "phase2_output_disruption": 0.40267255218966125,
  "phase2_score_formula": "8.0*max(0,semantic_drop)+0.5*output_disruption-3.0*input_damage_penalty-0.75*geometry_excess_penalty",
  "phase4_budget_name": "existence_probe",
  "phase4_final_score": 0.21263636306992828,
  "phase4_score_formula": "8.0*max(0,semantic_drop)+0.5*output_disruption-3.0*input_damage_penalty-0.75*geometry_excess_penalty",
  "prompt": "add headphones",
  "prompt_slug": "add_headphones",
  "prompt_type": "headphones",
  "right_crop_clean_margin": 0.02526278793811798,
  "right_crop_perturbed_margin": 0.021171927452087402,
  "right_crop_semantic_drop": 0.004090860486030579,
  "seed": 51101,
  "semantic_drop": 0.001412510871887207,
  "semantic_drop_weight": 8.0,
  "target_input_ssim": 0.78,
  "theta_names": [
    "scale_logit",
    "action_face_side_push_left",
    "action_face_side_push_right",
    "action_head_top_raise",
    "action_head_top_lower",
    "action_jaw_expand",
    "action_jaw_compress",
    "action_asymmetry_twist"
  ],
  "theta_values": [
    -0.10382300615310669,
    0.19780901074409485,
    0.050193075090646744,
    -0.8865842819213867,
    -0.033245377242565155,
    -2.2648730278015137,
    -1.0401979684829712,
    -0.15363892912864685
  ],
  "top_crop_clean_margin": -0.0007558614015579224,
  "top_crop_perturbed_margin": -0.00014318525791168213,
  "top_crop_semantic_drop": -0.0006126761436462402
}
