{
  "clean_clip_positive_margin": 0.055569812655448914,
  "clean_semantic_success_score": 0.055569812655448914,
  "clip_available": true,
  "clip_semantic_drop": 0.002677023410797119,
  "clip_warning": null,
  "crop_clip_available": true,
  "crop_clip_warning": null,
  "decision_label": "metric_only_candidate",
  "decision_reasons": [
    "semantic_drop_small:0.0027",
    "semantic_drop_small:0.0027",
    "semantic_drop_small:0.0027"
  ],
  "edit_failure_score": 0.002677023410797119,
  "final_attack_score": 0.13858894433802565,
  "full_image_semantic_drop": 0.002677023410797119,
  "geometry_excess_penalty": 0.0,
  "geometry_excess_penalty_weight": 0.75,
  "identity_or_face_health_available": false,
  "input_damage_penalty": 0.0,
  "input_damage_penalty_weight": 3.0,
  "input_l2": 0.020633063127636003,
  "input_max_abs": 0.6274510025978088,
  "input_mean_abs": 0.008688579313457012,
  "input_preservation_score": 0.6079221367835999,
  "input_psnr": 33.708725861595134,
  "input_ssim": 0.952950656414032,
  "left_crop_clean_margin": 0.027460142970085144,
  "left_crop_perturbed_margin": 0.026665285229682922,
  "left_crop_semantic_drop": 0.0007948577404022217,
  "max_disp_px_budget": 8.0,
  "mean_crop_margin": 0.015102351705233255,
  "mean_crop_semantic_drop": 0.0018679151932398479,
  "min_crop_margin": -0.004303291440010071,
  "min_crop_semantic_drop": 0.0007948577404022217,
  "output_disruption_score": 0.23434551410329743,
  "output_disruption_weight": 0.5,
  "output_l2": 0.03780344588670235,
  "output_max_abs": 0.7921568751335144,
  "output_mean_abs": 0.015194169245660305,
  "output_psnr": 28.449372224751972,
  "output_ssim": 0.916868269443512,
  "perturbed_clip_positive_margin": 0.052892789244651794,
  "perturbed_semantic_success_score": 0.052892789244651794,
  "phase2_final_score": 0.13858894433802565,
  "phase2_output_disruption": 0.23434551410329743,
  "phase2_score_formula": "8.0*max(0,semantic_drop)+0.5*output_disruption-3.0*input_damage_penalty-0.75*geometry_excess_penalty",
  "phase4_budget_name": "strong",
  "phase4_final_score": 0.13858894433802565,
  "phase4_score_formula": "8.0*max(0,semantic_drop)+0.5*output_disruption-3.0*input_damage_penalty-0.75*geometry_excess_penalty",
  "right_crop_clean_margin": 0.025357991456985474,
  "right_crop_perturbed_margin": 0.022945061326026917,
  "right_crop_semantic_drop": 0.002412930130958557,
  "semantic_drop": 0.002677023410797119,
  "semantic_drop_weight": 8.0,
  "target_input_ssim": 0.88,
  "top_crop_clean_margin": -0.0019073337316513062,
  "top_crop_perturbed_margin": -0.004303291440010071,
  "top_crop_semantic_drop": 0.0023959577083587646
}
