{
  "displacement": {
    "budget_max_disp_px": 14.0,
    "max_disp_px": 11.310897827148438,
    "max_disp_px_budget": 14.0,
    "mean_disp_px": 1.878657579421997,
    "p95_disp_px": 7.222808837890625,
    "target_input_ssim": 0.78
  },
  "input": {
    "l2": 0.04249482624735008,
    "max_abs": 0.7882353067398071,
    "mean_abs": 0.018130334094166756,
    "psnr": 27.43327884323059,
    "ssim": 0.8662891983985901
  },
  "output": {
    "l2": 0.06260916370544689,
    "max_abs": 0.8117647171020508,
    "mean_abs": 0.03548924997448921,
    "psnr": 24.067241944273825,
    "ssim": 0.7859484553337097
  }
}
