{
  "displacement": {
    "budget_max_disp_px": 8.0,
    "max_disp_px": 6.401607036590576,
    "max_disp_px_budget": 8.0,
    "mean_disp_px": 0.42681583762168884,
    "p95_disp_px": 3.817662000656128,
    "target_input_ssim": 0.86
  },
  "input": {
    "l2": 0.026326391882196105,
    "max_abs": 0.8823529481887817,
    "mean_abs": 0.005042456090450287,
    "psnr": 31.592173165791763,
    "ssim": 0.9602758884429932
  },
  "output": {
    "l2": 0.027032923700012867,
    "max_abs": 0.6901960968971252,
    "mean_abs": 0.008753424510359764,
    "psnr": 31.362139627559937,
    "ssim": 0.957400381565094
  }
}
