{
  "best_folder": "phase2/outputs/phase2c_probe/region_ablations/headphones_ear_tight/source_05_cand_096_g06_m16/strong",
  "budget": "strong",
  "budget_max_disp_px": 6.0,
  "candidate_folder": "phase2/outputs/phase2c_probe/region_ablations/headphones_ear_tight/source_05_cand_096_g06_m16/strong",
  "candidate_index": 55,
  "candidate_name": "abl_05_headphones_ear_tight_strong",
  "clean_clip_positive_margin": 0.027842342853546143,
  "clean_semantic_success_score": 0.027842342853546143,
  "clip_available": true,
  "clip_semantic_drop": 0.0006893277168273926,
  "clip_warning": null,
  "crop_clip_available": true,
  "crop_clip_warning": null,
  "dct_modes": [
    [
      1,
      0
    ],
    [
      0,
      1
    ],
    [
      1,
      1
    ],
    [
      2,
      0
    ],
    [
      0,
      2
    ],
    [
      2,
      1
    ]
  ],
  "decision_label": "metric_only_candidate",
  "decision_reasons": [
    "semantic_drop_small:0.0007",
    "semantic_drop_small:0.0007"
  ],
  "edit_failure_score": 0.0006893277168273926,
  "elapsed_seconds": 4.618636017665267,
  "final_attack_score": 0.025602297611612396,
  "full_image_semantic_drop": 0.0006893277168273926,
  "generation": 0,
  "geometry_excess_penalty": 0.0,
  "geometry_excess_penalty_weight": 0.75,
  "geometry_method": "region_local_tps",
  "identity_or_face_health_available": false,
  "initial_candidate": false,
  "input_damage_penalty": 0.0,
  "input_damage_penalty_weight": 3.0,
  "input_l2": 0.008268666729055893,
  "input_max_abs": 0.6117647290229797,
  "input_mean_abs": 0.0017390181310474873,
  "input_preservation_score": 0.8438817262649536,
  "input_psnr": 41.651290241582835,
  "input_ssim": 0.9843881726264954,
  "left_crop_clean_margin": 0.02535329759120941,
  "left_crop_perturbed_margin": 0.0247640460729599,
  "left_crop_semantic_drop": 0.0005892515182495117,
  "max_disp_px": 4.175417423248291,
  "max_disp_px_budget": 6.0,
  "mean_crop_margin": 0.01537985603014628,
  "mean_crop_semantic_drop": 0.002731412649154663,
  "mean_disp_px": 0.29650211334228516,
  "member": 55,
  "mesh_size": 4,
  "min_crop_margin": 0.0032342076301574707,
  "min_crop_semantic_drop": 0.0005892515182495117,
  "output_disruption_score": 0.08035070350797302,
  "output_disruption_weight": 0.25,
  "output_l2": 0.013500215239900663,
  "output_max_abs": 0.5686274766921997,
  "output_mean_abs": 0.005600229371339083,
  "output_psnr": 37.39318614601697,
  "output_ssim": 0.9736501574516296,
  "p95_disp_px": 2.557727813720703,
  "path_flow": "phase2/outputs/phase2c_probe/region_ablations/headphones_ear_tight/source_05_cand_096_g06_m16/strong/flow.png",
  "path_original": "phase2/outputs/phase2c_probe/region_ablations/headphones_ear_tight/source_05_cand_096_g06_m16/strong/original.png",
  "path_original_edited": "phase2/outputs/phase2c_probe/region_ablations/headphones_ear_tight/source_05_cand_096_g06_m16/strong/original_edited.png",
  "path_perturbed": "phase2/outputs/phase2c_probe/region_ablations/headphones_ear_tight/source_05_cand_096_g06_m16/strong/perturbed.png",
  "path_perturbed_edited": "phase2/outputs/phase2c_probe/region_ablations/headphones_ear_tight/source_05_cand_096_g06_m16/strong/perturbed_edited.png",
  "perturbed_clip_positive_margin": 0.02715301513671875,
  "perturbed_semantic_success_score": 0.02715301513671875,
  "phase": "phase2c_probe",
  "phase2_final_score": 0.025602297611612396,
  "phase2_output_disruption": 0.08035070350797302,
  "phase2_score_formula": "8.0*max(0,semantic_drop)+0.25*output_disruption-3.0*input_damage_penalty-0.75*geometry_excess_penalty",
  "phase2c_applied_scale": 1.75,
  "phase2c_geometry_source": "phase2b_theta_region_ablation",
  "phase2c_part": "region_ablations",
  "phase2c_scale_factor": 1.75,
  "prompt": "add headphones",
  "prompt_priority": 1,
  "prompt_slug": "add_headphones",
  "region_count": 2,
  "region_key": "headphones_ear_tight",
  "region_variant": "headphones_ear_tight",
  "right_crop_clean_margin": 0.021481528878211975,
  "right_crop_perturbed_margin": 0.018141314387321472,
  "right_crop_semantic_drop": 0.003340214490890503,
  "scale_factor": 0.4895287752151489,
  "seed": 24011,
  "semantic_drop": 0.0006893277168273926,
  "semantic_drop_weight": 8.0,
  "source_candidate_folder": "phase2/outputs/phase2b_cem/add_headphones/medium/seed_00/candidates/cand_096_g06_m16",
  "source_candidate_name": "cand_096_g06_m16",
  "source_phase2_final_score": "0.24911174780198686",
  "source_semantic_drop": "0.02844548225402832",
  "target_input_ssim": 0.9,
  "top_crop_clean_margin": 0.007498979568481445,
  "top_crop_perturbed_margin": 0.0032342076301574707,
  "top_crop_semantic_drop": 0.004264771938323975,
  "tps_size": 4
}
