{
  "geometry_info": {
    "action_names": [
      "face_side_push_left",
      "face_side_push_right",
      "head_top_raise",
      "head_top_lower",
      "jaw_expand",
      "jaw_compress",
      "asymmetry_twist"
    ],
    "action_strength": 0.72,
    "action_values": {
      "asymmetry_twist": -0.5794674329396572,
      "face_side_push_left": 0.7035195555127256,
      "face_side_push_right": -0.01719663013443844,
      "head_top_lower": -0.3393778076401927,
      "head_top_raise": 0.37601733257662334,
      "jaw_compress": -0.7459655772139724,
      "jaw_expand": -0.4917545649544944
    },
    "active_actions": {
      "asymmetry_twist": -0.5794674329396572,
      "face_side_push_left": 0.7035195555127256,
      "face_side_push_right": -0.01719663013443844,
      "head_top_lower": -0.3393778076401927,
      "head_top_raise": 0.37601733257662334,
      "jaw_compress": -0.7459655772139724,
      "jaw_expand": -0.4917545649544944
    },
    "active_anchor_count": 7,
    "control_point_count": 15,
    "geometry_method": "landmark_piecewise_affine",
    "max_disp_px_budget": 14.0,
    "scale_factor": 0.7566866296952499,
    "source_control_points": [
      [
        112.63999938964844,
        248.3199920654297
      ],
      [
        112.63999938964844,
        253.44000244140625
      ],
      [
        399.3599853515625,
        248.3199920654297
      ],
      [
        399.3599853515625,
        253.44000244140625
      ],
      [
        256.0,
        87.04000091552734
      ],
      [
        174.0800018310547,
        394.239990234375
      ],
      [
        337.9200134277344,
        394.239990234375
      ],
      [
        0.0,
        0.0
      ],
      [
        511.0,
        0.0
      ],
      [
        0.0,
        511.0
      ],
      [
        511.0,
        511.0
      ],
      [
        256.0,
        0.0
      ],
      [
        256.0,
        511.0
      ],
      [
        0.0,
        256.0
      ],
      [
        511.0,
        256.0
      ]
    ],
    "target_control_points": [
      [
        105.54852294921875,
        254.16102600097656
      ],
      [
        107.3213882446289,
        253.44000244140625
      ],
      [
        399.1866455078125,
        242.4789581298828
      ],
      [
        399.22998046875,
        253.44000244140625
      ],
      [
        256.0,
        79.82881927490234
      ],
      [
        171.51754760742188,
        397.1604919433594
      ],
      [
        340.4824523925781,
        391.3194885253906
      ],
      [
        0.0,
        0.0
      ],
      [
        511.0,
        0.0
      ],
      [
        0.0,
        511.0
      ],
      [
        511.0,
        511.0
      ],
      [
        256.0,
        0.0
      ],
      [
        256.0,
        511.0
      ],
      [
        0.0,
        256.0
      ],
      [
        511.0,
        256.0
      ]
    ],
    "tps_regularization": 0.0001
  },
  "names": [
    "scale_logit",
    "action_face_side_push_left",
    "action_face_side_push_right",
    "action_head_top_raise",
    "action_head_top_lower",
    "action_jaw_expand",
    "action_jaw_compress",
    "action_asymmetry_twist"
  ],
  "values": [
    0.4138261377811432,
    1.6564468145370483,
    -0.022730138152837753,
    0.5452159643173218,
    -0.482827365398407,
    -0.7750887870788574,
    -2.471388816833496,
    -1.0100816488265991
  ]
}
