{
  "clean_clip_positive_margin": 0.055569812655448914,
  "clean_semantic_success_score": 0.055569812655448914,
  "clip_available": true,
  "clip_semantic_drop": 0.002998054027557373,
  "clip_warning": null,
  "crop_clip_available": true,
  "crop_clip_warning": null,
  "decision_label": "metric_only_candidate",
  "decision_reasons": [
    "semantic_drop_small:0.0030",
    "semantic_drop_small:0.0030",
    "semantic_drop_small:0.0030"
  ],
  "edit_failure_score": 0.002998054027557373,
  "final_attack_score": 0.26624666163825217,
  "full_image_semantic_drop": 0.002998054027557373,
  "geometry_excess_penalty": 0.0,
  "geometry_excess_penalty_weight": 0.75,
  "identity_or_face_health_available": false,
  "input_damage_penalty": 0.0,
  "input_damage_penalty_weight": 3.0,
  "input_l2": 0.049336884750762526,
  "input_max_abs": 0.7843137383460999,
  "input_mean_abs": 0.026288216933608055,
  "input_preservation_score": 0.14215911518443705,
  "input_psnr": 26.13656552751604,
  "input_ssim": 0.8112750053405762,
  "left_crop_clean_margin": 0.027460142970085144,
  "left_crop_perturbed_margin": 0.02622281014919281,
  "left_crop_semantic_drop": 0.001237332820892334,
  "max_disp_px_budget": 14.0,
  "mean_crop_margin": 0.01615634560585022,
  "mean_crop_semantic_drop": 0.0008139212926228842,
  "min_crop_margin": -0.003922402858734131,
  "min_crop_semantic_drop": -0.0008106380701065063,
  "output_disruption_score": 0.4845244588355864,
  "output_disruption_weight": 0.5,
  "output_l2": 0.06395543371390912,
  "output_max_abs": 0.8823529481887817,
  "output_mean_abs": 0.03375767171382904,
  "output_psnr": 23.882451030988058,
  "output_ssim": 0.77129727602005,
  "perturbed_clip_positive_margin": 0.05257175862789154,
  "perturbed_semantic_success_score": 0.05257175862789154,
  "phase2_final_score": 0.26624666163825217,
  "phase2_output_disruption": 0.4845244588355864,
  "phase2_score_formula": "8.0*max(0,semantic_drop)+0.5*output_disruption-3.0*input_damage_penalty-0.75*geometry_excess_penalty",
  "phase4_budget_name": "existence_probe",
  "phase4_final_score": 0.26624666163825217,
  "phase4_score_formula": "8.0*max(0,semantic_drop)+0.5*output_disruption-3.0*input_damage_penalty-0.75*geometry_excess_penalty",
  "right_crop_clean_margin": 0.025357991456985474,
  "right_crop_perturbed_margin": 0.02616862952709198,
  "right_crop_semantic_drop": -0.0008106380701065063,
  "semantic_drop": 0.002998054027557373,
  "semantic_drop_weight": 8.0,
  "target_input_ssim": 0.78,
  "top_crop_clean_margin": -0.0019073337316513062,
  "top_crop_perturbed_margin": -0.003922402858734131,
  "top_crop_semantic_drop": 0.0020150691270828247
}
