{
  "budget": "existence_probe",
  "budget_max_disp_px": 14.0,
  "candidate_folder_abs": "/home/interns/Desktop/mat/phase4/outputs/phase4a_existence_probe/cases/face_002/igs_1p50/add_headphones/existence_probe/seed_00/candidates/cand_064_g04_m04",
  "candidate_index": 64,
  "candidate_name": "cand_064_g04_m04",
  "case_id": "face_002__add_headphones__igs_1p50",
  "elapsed_seconds": 2.449093507602811,
  "face_id": "face_002",
  "generation": 4,
  "geometry_method": "landmark_piecewise_affine",
  "guidance_scale": 7.5,
  "image_guidance_scale": 1.5,
  "initial_candidate": false,
  "input_l2": 0.054485601878348854,
  "input_max_abs": 0.8901960849761963,
  "input_mean_abs": 0.02976989932358265,
  "input_psnr": 25.274364945626154,
  "input_ssim": 0.720158576965332,
  "max_disp_px": 7.5468854904174805,
  "max_disp_px_budget": 14.0,
  "mean_disp_px": 2.2902610301971436,
  "member": 4,
  "output_l2": 0.07416969485119448,
  "output_max_abs": 0.8901960849761963,
  "output_mean_abs": 0.04206041991710663,
  "output_psnr": 22.595470155159827,
  "output_ssim": 0.6767820715904236,
  "p95_disp_px": 5.696964263916016,
  "phase": "phase4a_existence_probe",
  "prompt": "add headphones",
  "prompt_slug": "add_headphones",
  "prompt_type": "headphones",
  "seed": 51101,
  "target_input_ssim": 0.78,
  "theta_names": [
    "scale_logit",
    "action_face_side_push_left",
    "action_face_side_push_right",
    "action_head_top_raise",
    "action_head_top_lower",
    "action_jaw_expand",
    "action_jaw_compress",
    "action_asymmetry_twist"
  ],
  "theta_values": [
    0.2751999497413635,
    -0.5384723544120789,
    -0.410338431596756,
    -0.800486147403717,
    0.41228532791137695,
    0.21556715667247772,
    0.7283170819282532,
    -1.6981703042984009
  ]
}
