{
  "budget": "strong",
  "budget_max_disp_px": 8.0,
  "candidate_folder_abs": "/home/interns/Desktop/mat/phase4/outputs/phase4c_real_landmark_sanity/cases/face_003/igs_1p50/add_black_sunglasses/strong/seed_00/candidates/cand_001_g01_m01",
  "candidate_index": 1,
  "candidate_name": "cand_001_g01_m01",
  "case_id": "face_003__add_black_sunglasses__igs_1p50",
  "elapsed_seconds": 4.3061441127210855,
  "face_id": "face_003",
  "generation": 1,
  "geometry_method": "landmark_piecewise_affine",
  "guidance_scale": 7.5,
  "image_guidance_scale": 1.5,
  "initial_candidate": false,
  "input_l2": 0.02468628393909875,
  "input_max_abs": 0.5058823823928833,
  "input_mean_abs": 0.009096398018300533,
  "input_psnr": 32.15088560209558,
  "input_ssim": 0.9194149971008301,
  "landmark_count": 478,
  "landmark_detector": "mediapipe_python_solutions_face_mesh",
  "max_disp_px": 5.6606268882751465,
  "max_disp_px_budget": 8.0,
  "mean_disp_px": 0.6652612090110779,
  "member": 1,
  "output_l2": 0.025659213442648654,
  "output_max_abs": 0.7490196228027344,
  "output_mean_abs": 0.0113352807238698,
  "output_psnr": 31.81513321234184,
  "output_ssim": 0.912026584148407,
  "p95_disp_px": 2.998138427734375,
  "phase": "phase4c_real_landmark_sanity",
  "prompt": "add black sunglasses",
  "prompt_slug": "add_black_sunglasses",
  "prompt_type": "glasses",
  "real_landmarks": true,
  "seed": 46001,
  "target_input_ssim": 0.88,
  "theta_names": [
    "scale_logit",
    "action_eye_spread",
    "action_eye_compress",
    "action_eye_squint",
    "action_eye_raise_left",
    "action_eye_raise_right",
    "action_nose_bridge_shift_x",
    "action_asymmetry_twist"
  ],
  "theta_values": [
    -0.20447464287281036,
    -1.475965976715088,
    1.2023582458496094,
    0.4211769104003906,
    -1.2053030729293823,
    -0.44139230251312256,
    -0.2869267463684082,
    -0.19705112278461456
  ]
}
