{
  "clean": {
    "l2": 0.045529291298678436,
    "max_abs": 0.5372549295425415,
    "mean_abs": 0.03049553744494915,
    "psnr": 26.83418219588704,
    "ssim": 0.7637489438056946
  },
  "clean_clip_margin": 0.007421165704727173
}
