{
  "best_folder": "phase4/outputs/phase4a_existence_probe/cases/face_003/igs_1p50/add_headphones/strong/seed_00/candidates/cand_024_g02_m04",
  "budget": "strong",
  "budget_max_disp_px": 8.0,
  "candidate_folder": "phase4/outputs/phase4a_existence_probe/cases/face_003/igs_1p50/add_headphones/strong/seed_00/candidates/cand_024_g02_m04",
  "candidate_index": 24,
  "candidate_name": "cand_024_g02_m04",
  "case_id": "face_003__add_headphones__igs_1p50",
  "clean_clip_positive_margin": 0.04772844910621643,
  "clean_semantic_success_score": 0.04772844910621643,
  "clip_available": true,
  "clip_semantic_drop": 0.0033478736877441406,
  "clip_warning": null,
  "crop_clip_available": true,
  "crop_clip_warning": null,
  "decision_label": "metric_only_candidate",
  "decision_reasons": [
    "semantic_drop_small:0.0033",
    "semantic_drop_small:0.0033",
    "semantic_drop_small:0.0033"
  ],
  "edit_failure_score": 0.0033478736877441406,
  "elapsed_seconds": 2.6028155107051134,
  "face_id": "face_003",
  "final_attack_score": 0.19813158872972714,
  "full_image_semantic_drop": 0.0033478736877441406,
  "generation": 2,
  "geometry_excess_penalty": 0.0,
  "geometry_excess_penalty_weight": 0.75,
  "geometry_method": "landmark_piecewise_affine",
  "guidance_scale": 7.5,
  "identity_or_face_health_available": false,
  "image_guidance_scale": 1.5,
  "initial_candidate": false,
  "input_damage_penalty": 0.0,
  "input_damage_penalty_weight": 3.0,
  "input_l2": 0.0248978554663902,
  "input_max_abs": 0.40392157435417175,
  "input_mean_abs": 0.013332221657037735,
  "input_preservation_score": 0.019295473893483444,
  "input_psnr": 32.07676116991045,
  "input_ssim": 0.882315456867218,
  "left_crop_clean_margin": 0.018402695655822754,
  "left_crop_perturbed_margin": 0.016367405652999878,
  "left_crop_semantic_drop": 0.002035290002822876,
  "max_disp_px": 4.134562969207764,
  "max_disp_px_budget": 8.0,
  "mean_crop_margin": 0.008728409806887308,
  "mean_crop_semantic_drop": 0.006605496009190877,
  "mean_disp_px": 0.9762827157974243,
  "member": 4,
  "min_crop_margin": -0.01225733757019043,
  "min_crop_semantic_drop": 0.002035290002822876,
  "output_disruption_score": 0.342697198455548,
  "output_disruption_weight": 0.5,
  "output_l2": 0.044855444447451764,
  "output_max_abs": 0.7450980544090271,
  "output_mean_abs": 0.02132144570350647,
  "output_psnr": 26.96369671572835,
  "output_ssim": 0.836724579334259,
  "p95_disp_px": 2.30519437789917,
  "path_clean_edit": "phase4/outputs/phase4a_existence_probe/cases/face_003/igs_1p50/add_headphones/strong/seed_00/candidates/cand_024_g02_m04/clean_edit.png",
  "path_flow": "phase4/outputs/phase4a_existence_probe/cases/face_003/igs_1p50/add_headphones/strong/seed_00/candidates/cand_024_g02_m04/flow.png",
  "path_landmarks_overlay_original": "phase4/outputs/phase4a_existence_probe/cases/face_003/igs_1p50/add_headphones/strong/seed_00/candidates/cand_024_g02_m04/landmarks_overlay_original.jpg",
  "path_landmarks_overlay_perturbed": "phase4/outputs/phase4a_existence_probe/cases/face_003/igs_1p50/add_headphones/strong/seed_00/candidates/cand_024_g02_m04/landmarks_overlay_perturbed.jpg",
  "path_original": "phase4/outputs/phase4a_existence_probe/cases/face_003/igs_1p50/add_headphones/strong/seed_00/candidates/cand_024_g02_m04/original.png",
  "path_perturbed": "phase4/outputs/phase4a_existence_probe/cases/face_003/igs_1p50/add_headphones/strong/seed_00/candidates/cand_024_g02_m04/perturbed.png",
  "path_perturbed_edit": "phase4/outputs/phase4a_existence_probe/cases/face_003/igs_1p50/add_headphones/strong/seed_00/candidates/cand_024_g02_m04/perturbed_edit.png",
  "perturbed_clip_positive_margin": 0.04438057541847229,
  "perturbed_semantic_success_score": 0.04438057541847229,
  "phase": "phase4a_existence_probe",
  "phase2_final_score": 0.19813158872972714,
  "phase2_output_disruption": 0.342697198455548,
  "phase2_score_formula": "8.0*max(0,semantic_drop)+0.5*output_disruption-3.0*input_damage_penalty-0.75*geometry_excess_penalty",
  "phase4_budget_name": "strong",
  "phase4_final_score": 0.19813158872972714,
  "phase4_score_formula": "8.0*max(0,semantic_drop)+0.5*output_disruption-3.0*input_damage_penalty-0.75*geometry_excess_penalty",
  "prompt": "add headphones",
  "prompt_slug": "add_headphones",
  "prompt_type": "headphones",
  "right_crop_clean_margin": 0.026048898696899414,
  "right_crop_perturbed_margin": 0.022075161337852478,
  "right_crop_semantic_drop": 0.003973737359046936,
  "seed": 46001,
  "semantic_drop": 0.0033478736877441406,
  "semantic_drop_weight": 8.0,
  "target_input_ssim": 0.88,
  "theta_names": [
    "scale_logit",
    "action_face_side_push_left",
    "action_face_side_push_right",
    "action_head_top_raise",
    "action_head_top_lower",
    "action_jaw_expand",
    "action_jaw_compress",
    "action_asymmetry_twist"
  ],
  "theta_values": [
    0.05488606169819832,
    -0.49790337681770325,
    1.7888288497924805,
    -1.8001090288162231,
    -0.7593987584114075,
    0.2805033326148987,
    -0.024089772254228592,
    -0.711902916431427
  ],
  "top_crop_clean_margin": 0.0015501230955123901,
  "top_crop_perturbed_margin": -0.01225733757019043,
  "top_crop_semantic_drop": 0.01380746066570282
}
