{
  "displacement": {
    "budget_max_disp_px": 8.0,
    "max_disp_px": 3.1266555786132812,
    "max_disp_px_budget": 8.0,
    "mean_disp_px": 0.8004714250564575,
    "p95_disp_px": 2.2278482913970947,
    "target_input_ssim": 0.88
  },
  "input": {
    "l2": 0.025853505579537323,
    "max_abs": 0.529411792755127,
    "mean_abs": 0.012967873364686966,
    "psnr": 31.74961121726036,
    "ssim": 0.887350857257843
  },
  "output": {
    "l2": 0.03900754311109671,
    "max_abs": 0.5764706134796143,
    "mean_abs": 0.0194601621478796,
    "psnr": 28.17702805702772,
    "ssim": 0.8547108173370361
  }
}
