{
  "clean_clip_positive_margin": 0.04772844910621643,
  "clean_semantic_success_score": 0.04772844910621643,
  "clip_available": true,
  "clip_semantic_drop": 0.0025609731674194336,
  "clip_warning": null,
  "crop_clip_available": true,
  "crop_clip_warning": null,
  "decision_label": "metric_only_candidate",
  "decision_reasons": [
    "semantic_drop_small:0.0026",
    "semantic_drop_small:0.0026",
    "semantic_drop_small:0.0026"
  ],
  "edit_failure_score": 0.0025609731674194336,
  "final_attack_score": 0.17114746289303082,
  "full_image_semantic_drop": 0.0025609731674194336,
  "geometry_excess_penalty": 0.0,
  "geometry_excess_penalty_weight": 0.75,
  "identity_or_face_health_available": false,
  "input_damage_penalty": 0.0,
  "input_damage_penalty_weight": 3.0,
  "input_l2": 0.025853505579537323,
  "input_max_abs": 0.529411792755127,
  "input_mean_abs": 0.012967873364686966,
  "input_preservation_score": 0.06125714381535845,
  "input_psnr": 31.74961121726036,
  "input_ssim": 0.887350857257843,
  "left_crop_clean_margin": 0.018402695655822754,
  "left_crop_perturbed_margin": 0.015678465366363525,
  "left_crop_semantic_drop": 0.0027242302894592285,
  "max_disp_px_budget": 8.0,
  "mean_crop_margin": 0.008778979380925497,
  "mean_crop_semantic_drop": 0.00655492643515269,
  "min_crop_margin": -0.011815622448921204,
  "min_crop_semantic_drop": 0.0027242302894592285,
  "output_disruption_score": 0.3013193551073507,
  "output_disruption_weight": 0.5,
  "output_l2": 0.03900754311109671,
  "output_max_abs": 0.5764706134796143,
  "output_mean_abs": 0.0194601621478796,
  "output_psnr": 28.17702805702772,
  "output_ssim": 0.8547108173370361,
  "perturbed_clip_positive_margin": 0.045167475938797,
  "perturbed_semantic_success_score": 0.045167475938797,
  "phase2_final_score": 0.17114746289303082,
  "phase2_output_disruption": 0.3013193551073507,
  "phase2_score_formula": "8.0*max(0,semantic_drop)+0.5*output_disruption-3.0*input_damage_penalty-0.75*geometry_excess_penalty",
  "phase4_budget_name": "strong",
  "phase4_final_score": 0.17114746289303082,
  "phase4_score_formula": "8.0*max(0,semantic_drop)+0.5*output_disruption-3.0*input_damage_penalty-0.75*geometry_excess_penalty",
  "right_crop_clean_margin": 0.026048898696899414,
  "right_crop_perturbed_margin": 0.022474095225334167,
  "right_crop_semantic_drop": 0.0035748034715652466,
  "semantic_drop": 0.0025609731674194336,
  "semantic_drop_weight": 8.0,
  "target_input_ssim": 0.88,
  "top_crop_clean_margin": 0.0015501230955123901,
  "top_crop_perturbed_margin": -0.011815622448921204,
  "top_crop_semantic_drop": 0.013365745544433594
}
