{
  "clean_clip_positive_margin": 0.027842342853546143,
  "clean_semantic_success_score": 0.027842342853546143,
  "clip_available": true,
  "clip_semantic_drop": 0.01919776201248169,
  "clip_warning": null,
  "crop_clip_available": true,
  "crop_clip_warning": null,
  "decision_label": "weak_candidate",
  "decision_reasons": [
    "semantic_drop_small:0.0192"
  ],
  "edit_failure_score": 0.01919776201248169,
  "final_attack_score": 0.18042862134389986,
  "full_image_semantic_drop": 0.01919776201248169,
  "geometry_excess_penalty": 0.0,
  "geometry_excess_penalty_weight": 0.75,
  "identity_or_face_health_available": false,
  "input_damage_penalty": 0.0,
  "input_damage_penalty_weight": 3.0,
  "input_l2": 0.008962009560180237,
  "input_max_abs": 0.20784315466880798,
  "input_mean_abs": 0.002202357165515423,
  "input_preservation_score": 0.8380729130336216,
  "input_psnr": 40.95189194282392,
  "input_ssim": 0.977330207824707,
  "left_crop_clean_margin": 0.02535329759120941,
  "left_crop_perturbed_margin": 0.02592390775680542,
  "left_crop_semantic_drop": -0.0005706101655960083,
  "max_disp_px_budget": 8.0,
  "mean_crop_margin": 0.016355047623316448,
  "mean_crop_semantic_drop": 0.001756221055984497,
  "min_crop_margin": 0.0026112645864486694,
  "min_crop_semantic_drop": -0.0005706101655960083,
  "output_disruption_score": 0.10738610097618545,
  "output_disruption_weight": 0.25,
  "output_l2": 0.016359564832974585,
  "output_max_abs": 0.48235297203063965,
  "output_mean_abs": 0.007569191511720419,
  "output_psnr": 35.7245650562663,
  "output_ssim": 0.9580521583557129,
  "perturbed_clip_positive_margin": 0.008644580841064453,
  "perturbed_semantic_success_score": 0.008644580841064453,
  "phase2_final_score": 0.18042862134389986,
  "phase2_output_disruption": 0.10738610097618545,
  "phase2_score_formula": "8.0*max(0,semantic_drop)+0.25*output_disruption-3.0*input_damage_penalty-0.75*geometry_excess_penalty",
  "right_crop_clean_margin": 0.021481528878211975,
  "right_crop_perturbed_margin": 0.02052997052669525,
  "right_crop_semantic_drop": 0.0009515583515167236,
  "semantic_drop": 0.01919776201248169,
  "semantic_drop_weight": 8.0,
  "target_input_ssim": 0.86,
  "top_crop_clean_margin": 0.007498979568481445,
  "top_crop_perturbed_margin": 0.0026112645864486694,
  "top_crop_semantic_drop": 0.004887714982032776
}
