{
  "budget": "medium",
  "budget_max_disp_px": 4.0,
  "candidate_folder_abs": "/home/interns/Desktop/mat/phase2/outputs/phase2a_probe/add_a_small_beard/medium/seed_00/candidates/cand_020_g02_m08",
  "candidate_index": 20,
  "candidate_name": "cand_020_g02_m08",
  "dct_modes": [
    [
      1,
      0
    ],
    [
      0,
      1
    ],
    [
      1,
      1
    ],
    [
      2,
      0
    ],
    [
      0,
      2
    ],
    [
      2,
      1
    ]
  ],
  "elapsed_seconds": 5.495878079906106,
  "generation": 2,
  "geometry_method": "combined_all",
  "initial_candidate": false,
  "input_l2": 0.010143302624789546,
  "input_max_abs": 0.5803921818733215,
  "input_mean_abs": 0.0023624845780432224,
  "input_psnr": 39.876412343459876,
  "input_ssim": 0.9815471768379211,
  "max_disp_px": 1.9847224950790405,
  "max_disp_px_budget": 4.0,
  "mean_disp_px": 0.18478842079639435,
  "member": 8,
  "mesh_size": 4,
  "output_l2": 0.018553743212914916,
  "output_max_abs": 0.615686297416687,
  "output_mean_abs": 0.0066480753012001514,
  "output_psnr": 34.63136916818669,
  "output_ssim": 0.9573550224304199,
  "p95_disp_px": 1.3775240182876587,
  "phase": "phase2a_probe",
  "prompt": "add a small beard",
  "prompt_priority": 4,
  "prompt_slug": "add_a_small_beard",
  "region_count": 1,
  "region_key": "beard",
  "scale_factor": 0.9508641958236694,
  "seed": 25001,
  "target_input_ssim": 0.94,
  "tps_size": 4
}
