{
  "clean_clip_positive_margin": 0.04682642221450806,
  "clean_semantic_success_score": 0.04682642221450806,
  "clip_available": true,
  "clip_semantic_drop": 0.0004970133304595947,
  "clip_warning": null,
  "crop_clip_available": true,
  "crop_clip_warning": null,
  "decision_label": "metric_only_candidate",
  "decision_reasons": [
    "semantic_drop_small:0.0005",
    "semantic_drop_small:0.0005",
    "semantic_drop_small:0.0005"
  ],
  "edit_failure_score": 0.0004970133304595947,
  "final_attack_score": 0.1266204507204317,
  "full_image_semantic_drop": 0.0004970133304595947,
  "geometry_excess_penalty": 0.0,
  "geometry_excess_penalty_weight": 0.75,
  "identity_or_face_health_available": false,
  "input_damage_penalty": 0.0,
  "input_damage_penalty_weight": 3.0,
  "input_l2": 0.020860968377793943,
  "input_max_abs": 0.45098039507865906,
  "input_mean_abs": 0.010084190405905247,
  "input_preservation_score": 0.4363948702812195,
  "input_psnr": 33.613310704986674,
  "input_ssim": 0.9323673844337463,
  "left_crop_clean_margin": 0.01800447702407837,
  "left_crop_perturbed_margin": 0.018628761172294617,
  "left_crop_semantic_drop": -0.0006242841482162476,
  "max_disp_px_budget": 8.0,
  "mean_crop_margin": 0.013325810432434082,
  "mean_crop_semantic_drop": 0.0008446574211120605,
  "min_crop_margin": 4.521012306213379e-05,
  "min_crop_semantic_drop": -0.0008010715246200562,
  "output_disruption_score": 0.2452886881535099,
  "output_disruption_weight": 0.5,
  "output_l2": 0.03393191551429148,
  "output_max_abs": 0.7450980544090271,
  "output_mean_abs": 0.017381465062499046,
  "output_psnr": 29.387832460027003,
  "output_ssim": 0.890438973903656,
  "perturbed_clip_positive_margin": 0.04632940888404846,
  "perturbed_semantic_success_score": 0.04632940888404846,
  "phase2_final_score": 0.1266204507204317,
  "phase2_output_disruption": 0.2452886881535099,
  "phase2_score_formula": "8.0*max(0,semantic_drop)+0.5*output_disruption-3.0*input_damage_penalty-0.75*geometry_excess_penalty",
  "phase4_budget_name": "strong",
  "phase4_final_score": 0.1266204507204317,
  "phase4_score_formula": "8.0*max(0,semantic_drop)+0.5*output_disruption-3.0*input_damage_penalty-0.75*geometry_excess_penalty",
  "right_crop_clean_margin": 0.02526278793811798,
  "right_crop_perturbed_margin": 0.021303460001945496,
  "right_crop_semantic_drop": 0.003959327936172485,
  "semantic_drop": 0.0004970133304595947,
  "semantic_drop_weight": 8.0,
  "target_input_ssim": 0.88,
  "top_crop_clean_margin": -0.0007558614015579224,
  "top_crop_perturbed_margin": 4.521012306213379e-05,
  "top_crop_semantic_drop": -0.0008010715246200562
}
