{
  "budget": "medium",
  "budget_max_disp_px": 4.0,
  "candidate_folder_abs": "/home/interns/Desktop/mat/phase2/outputs/phase2a_probe/add_headphones/medium/seed_00/candidates/cand_029_g03_m05",
  "candidate_index": 29,
  "candidate_name": "cand_029_g03_m05",
  "dct_modes": [
    [
      1,
      0
    ],
    [
      0,
      1
    ],
    [
      1,
      1
    ],
    [
      2,
      0
    ],
    [
      0,
      2
    ],
    [
      2,
      1
    ]
  ],
  "elapsed_seconds": 5.549252795055509,
  "generation": 3,
  "geometry_method": "region_local_tps",
  "initial_candidate": false,
  "input_l2": 0.018067366342550968,
  "input_max_abs": 0.8470588326454163,
  "input_mean_abs": 0.006075436715036631,
  "input_psnr": 34.86210298780426,
  "input_ssim": 0.9409370422363281,
  "max_disp_px": 2.599485158920288,
  "max_disp_px_budget": 4.0,
  "mean_disp_px": 0.505355954170227,
  "member": 5,
  "mesh_size": 4,
  "output_l2": 0.02309638379245231,
  "output_max_abs": 0.7568627595901489,
  "output_mean_abs": 0.010920197702944279,
  "output_psnr": 32.7291202479785,
  "output_ssim": 0.9299513697624207,
  "p95_disp_px": 1.9887803792953491,
  "phase": "phase2a_probe",
  "prompt": "add headphones",
  "prompt_priority": 1,
  "prompt_slug": "add_headphones",
  "region_count": 3,
  "region_key": "headphones",
  "scale_factor": 0.663133978843689,
  "seed": 22001,
  "target_input_ssim": 0.94,
  "tps_size": 4
}
