{
  "action_names": [
    "eye_spread",
    "eye_compress",
    "eye_squint",
    "eye_raise_left",
    "eye_raise_right",
    "nose_bridge_shift_x",
    "asymmetry_twist"
  ],
  "action_strength": 0.72,
  "action_values": {
    "asymmetry_twist": -0.5246372824991444,
    "eye_compress": -0.044289770341789436,
    "eye_raise_left": 0.7793619960231146,
    "eye_raise_right": 0.29756125682855494,
    "eye_spread": 0.6773351055526634,
    "eye_squint": -0.7517897727636591,
    "nose_bridge_shift_x": 0.01574696588061751
  },
  "active_actions": {
    "asymmetry_twist": -0.5246372824991444,
    "eye_compress": -0.044289770341789436,
    "eye_raise_left": 0.7793619960231146,
    "eye_raise_right": 0.29756125682855494,
    "eye_spread": 0.6773351055526634,
    "eye_squint": -0.7517897727636591,
    "nose_bridge_shift_x": 0.01574696588061751
  },
  "active_anchor_count": 13,
  "control_point_count": 21,
  "geometry_method": "landmark_piecewise_affine",
  "max_disp_px_budget": 8.0,
  "scale_factor": 0.8542863690445361,
  "source_control_points": [
    [
      212.48001098632812,
      217.60000610351562
    ],
    [
      184.32000732421875,
      217.60000610351562
    ],
    [
      299.5199890136719,
      217.60000610351562
    ],
    [
      327.67999267578125,
      217.60000610351562
    ],
    [
      212.48001098632812,
      199.67999267578125
    ],
    [
      212.48001098632812,
      235.52000427246094
    ],
    [
      299.5199890136719,
      199.67999267578125
    ],
    [
      299.5199890136719,
      235.52000427246094
    ],
    [
      256.0,
      263.67999267578125
    ],
    [
      112.63999938964844,
      248.3199920654297
    ],
    [
      174.0800018310547,
      394.239990234375
    ],
    [
      399.3599853515625,
      248.3199920654297
    ],
    [
      337.9200134277344,
      394.239990234375
    ],
    [
      0.0,
      0.0
    ],
    [
      511.0,
      0.0
    ],
    [
      0.0,
      511.0
    ],
    [
      511.0,
      511.0
    ],
    [
      256.0,
      0.0
    ],
    [
      256.0,
      511.0
    ],
    [
      0.0,
      256.0
    ],
    [
      511.0,
      256.0
    ]
  ],
  "target_control_points": [
    [
      208.32345581054688,
      213.1108856201172
    ],
    [
      180.1634521484375,
      217.60000610351562
    ],
    [
      303.6765441894531,
      215.88604736328125
    ],
    [
      331.8365478515625,
      217.60000610351562
    ],
    [
      212.48001098632812,
      190.86056518554688
    ],
    [
      212.48001098632812,
      237.60574340820312
    ],
    [
      299.5199890136719,
      193.63572692871094
    ],
    [
      299.5199890136719,
      238.9933319091797
    ],
    [
      256.0906982421875,
      263.67999267578125
    ],
    [
      112.63999938964844,
      251.34190368652344
    ],
    [
      174.0800018310547,
      395.7509460449219
    ],
    [
      399.3599853515625,
      245.29808044433594
    ],
    [
      337.9200134277344,
      392.7290344238281
    ],
    [
      0.0,
      0.0
    ],
    [
      511.0,
      0.0
    ],
    [
      0.0,
      511.0
    ],
    [
      511.0,
      511.0
    ],
    [
      256.0,
      0.0
    ],
    [
      256.0,
      511.0
    ],
    [
      0.0,
      256.0
    ],
    [
      511.0,
      256.0
    ]
  ],
  "tps_regularization": 0.0001
}
