{
  "displacement": {
    "budget_max_disp_px": 6.0,
    "max_disp_px": 2.121814489364624,
    "max_disp_px_budget": 6.0,
    "mean_disp_px": 0.1460290253162384,
    "p95_disp_px": 1.0305112600326538,
    "target_input_ssim": 0.9
  },
  "input": {
    "l2": 0.01064062365335944,
    "max_abs": 0.5568627715110779,
    "mean_abs": 0.00206698733381927,
    "psnr": 39.46065834067815,
    "ssim": 0.9880223870277405
  },
  "output": {
    "l2": 0.03678309055115273,
    "max_abs": 0.8352941274642944,
    "mean_abs": 0.011877883225679398,
    "psnr": 28.687035674376865,
    "ssim": 0.9442775845527649
  }
}
