{
  "budget": "strong",
  "budget_max_disp_px": 6.0,
  "candidate_folder_abs": "/home/interns/Desktop/mat/phase3/outputs/breadth_probe/cases/face_006/igs_2p00/add_black_sunglasses/strong/seed_00/candidates/cand_015_g02_m07",
  "candidate_index": 15,
  "candidate_name": "cand_015_g02_m07",
  "dct_modes": [
    [
      1,
      0
    ],
    [
      0,
      1
    ],
    [
      1,
      1
    ],
    [
      2,
      0
    ],
    [
      0,
      2
    ],
    [
      2,
      1
    ]
  ],
  "elapsed_seconds": 4.994510289281607,
  "generation": 2,
  "geometry_method": "combined_all",
  "initial_candidate": false,
  "input_l2": 0.021935643042412266,
  "input_max_abs": 0.6470588445663452,
  "input_mean_abs": 0.0046251085586845875,
  "input_psnr": 33.17699259497525,
  "input_ssim": 0.9632792472839355,
  "max_disp_px": 5.217224597930908,
  "max_disp_px_budget": 6.0,
  "mean_disp_px": 0.3481920659542084,
  "member": 7,
  "mesh_size": 4,
  "output_l2": 0.03528861618277022,
  "output_max_abs": 0.9176470637321472,
  "output_mean_abs": 0.007190155331045389,
  "output_psnr": 29.04730743692092,
  "output_ssim": 0.9577062726020813,
  "p95_disp_px": 3.2661306858062744,
  "phase": "phase3_breadth_probe",
  "prompt": "add black sunglasses",
  "prompt_priority": 2,
  "prompt_slug": "add_black_sunglasses",
  "region_count": 1,
  "region_key": "glasses",
  "scale_factor": 0.9560773372650146,
  "seed": 50101,
  "target_input_ssim": 0.9,
  "tps_size": 4
}
