{
  "displacement": {
    "budget_max_disp_px": 8.0,
    "max_disp_px": 6.69578218460083,
    "max_disp_px_budget": 8.0,
    "mean_disp_px": 2.365539312362671,
    "p95_disp_px": 5.621788501739502,
    "target_input_ssim": 0.88
  },
  "input": {
    "l2": 0.05373291952963408,
    "max_abs": 0.8196078538894653,
    "mean_abs": 0.027724632993340492,
    "psnr": 25.395191235838798,
    "ssim": 0.7586304545402527
  },
  "output": {
    "l2": 0.07707579125846703,
    "max_abs": 0.8549019694328308,
    "mean_abs": 0.03548489883542061,
    "psnr": 22.261640162409336,
    "ssim": 0.7888075709342957
  }
}
