{
  "action_names": [
    "eye_spread",
    "eye_compress",
    "eye_squint",
    "eye_raise_left",
    "eye_raise_right",
    "nose_bridge_shift_x",
    "asymmetry_twist"
  ],
  "action_strength": 0.72,
  "action_values": {
    "asymmetry_twist": 0.2546734273810568,
    "eye_compress": -0.2679442112376657,
    "eye_raise_left": 0.3235257384994297,
    "eye_raise_right": -0.308291791866816,
    "eye_spread": 0.1550446399166518,
    "eye_squint": -0.19010236845346842,
    "nose_bridge_shift_x": 0.2272296246092428
  },
  "active_actions": {
    "asymmetry_twist": 0.2546734273810568,
    "eye_compress": -0.2679442112376657,
    "eye_raise_left": 0.3235257384994297,
    "eye_raise_right": -0.308291791866816,
    "eye_spread": 0.1550446399166518,
    "eye_squint": -0.19010236845346842,
    "nose_bridge_shift_x": 0.2272296246092428
  },
  "active_anchor_count": 13,
  "control_point_count": 21,
  "geometry_method": "landmark_piecewise_affine",
  "max_disp_px_budget": 14.0,
  "scale_factor": 0.3402259615653501,
  "source_control_points": [
    [
      212.48001098632812,
      217.60000610351562
    ],
    [
      184.32000732421875,
      217.60000610351562
    ],
    [
      299.5199890136719,
      217.60000610351562
    ],
    [
      327.67999267578125,
      217.60000610351562
    ],
    [
      212.48001098632812,
      199.67999267578125
    ],
    [
      212.48001098632812,
      235.52000427246094
    ],
    [
      299.5199890136719,
      199.67999267578125
    ],
    [
      299.5199890136719,
      235.52000427246094
    ],
    [
      256.0,
      263.67999267578125
    ],
    [
      112.63999938964844,
      248.3199920654297
    ],
    [
      174.0800018310547,
      394.239990234375
    ],
    [
      399.3599853515625,
      248.3199920654297
    ],
    [
      337.9200134277344,
      394.239990234375
    ],
    [
      0.0,
      0.0
    ],
    [
      511.0,
      0.0
    ],
    [
      0.0,
      511.0
    ],
    [
      511.0,
      511.0
    ],
    [
      256.0,
      0.0
    ],
    [
      256.0,
      511.0
    ],
    [
      0.0,
      256.0
    ],
    [
      511.0,
      256.0
    ]
  ],
  "target_control_points": [
    [
      208.21627807617188,
      214.3388671875
    ],
    [
      180.0562744140625,
      217.60000610351562
    ],
    [
      303.7837219238281,
      220.70758056640625
    ],
    [
      331.9437255859375,
      217.60000610351562
    ],
    [
      212.48001098632812,
      194.50262451171875
    ],
    [
      212.48001098632812,
      235.8056640625
    ],
    [
      299.5199890136719,
      200.871337890625
    ],
    [
      299.5199890136719,
      238.99002075195312
    ],
    [
      258.29046630859375,
      263.67999267578125
    ],
    [
      112.63999938964844,
      245.7528839111328
    ],
    [
      174.0800018310547,
      392.9564208984375
    ],
    [
      399.3599853515625,
      250.88710021972656
    ],
    [
      337.9200134277344,
      395.5235595703125
    ],
    [
      0.0,
      0.0
    ],
    [
      511.0,
      0.0
    ],
    [
      0.0,
      511.0
    ],
    [
      511.0,
      511.0
    ],
    [
      256.0,
      0.0
    ],
    [
      256.0,
      511.0
    ],
    [
      0.0,
      256.0
    ],
    [
      511.0,
      256.0
    ]
  ],
  "tps_regularization": 0.0001
}
