{
  "displacement": {
    "budget_max_disp_px": 8.0,
    "max_disp_px": 3.901305675506592,
    "max_disp_px_budget": 8.0,
    "mean_disp_px": 1.5051732063293457,
    "p95_disp_px": 3.4015777111053467,
    "target_input_ssim": 0.88
  },
  "input": {
    "l2": 0.03244775664007894,
    "max_abs": 0.8980392217636108,
    "mean_abs": 0.015119150280952454,
    "psnr": 29.77630647805098,
    "ssim": 0.8610148429870605
  },
  "output": {
    "l2": 0.04361138764006239,
    "max_abs": 0.9647058844566345,
    "mean_abs": 0.020593831315636635,
    "psnr": 27.208001891922756,
    "ssim": 0.8551225662231445
  }
}
