{
  "displacement": {
    "foldover_fraction_det_below_0": 0.0,
    "jacobian_det_mean": 1.0,
    "jacobian_det_min": 0.8027501106262207,
    "low_det_fraction_below_0p2": 0.0,
    "max_disp_px": 4.000000476837158,
    "mean_disp_px": 0.3096020519733429,
    "p95_disp_px": 1.7092688083648682
  },
  "input": {
    "l2": 0.014041350337580027,
    "max_abs": 0.4901960790157318,
    "mean_abs": 0.004602144472301006,
    "psnr": 37.051822493753846,
    "ssim": 0.9571621417999268
  },
  "output": {
    "l2": 0.021933104760357165,
    "max_abs": 0.7960784435272217,
    "mean_abs": 0.009436757303774357,
    "psnr": 33.177997740502754,
    "ssim": 0.9249611496925354
  }
}
