{
  "displacement": {
    "budget_max_disp_px": 8.0,
    "max_disp_px": 7.335076332092285,
    "max_disp_px_budget": 8.0,
    "mean_disp_px": 0.5282821655273438,
    "p95_disp_px": 4.8851399421691895,
    "target_input_ssim": 0.86
  },
  "input": {
    "l2": 0.0306505311203575,
    "max_abs": 0.9333333373069763,
    "mean_abs": 0.006183689460158348,
    "psnr": 30.2712399102575,
    "ssim": 0.9544577598571777
  },
  "output": {
    "l2": 0.03391930651220494,
    "max_abs": 0.6392157077789307,
    "mean_abs": 0.00910505373030901,
    "psnr": 29.391060711444133,
    "ssim": 0.9518237709999084
  }
}
