{
  "action_names": [
    "face_side_push_left",
    "face_side_push_right",
    "head_top_raise",
    "head_top_lower",
    "jaw_expand",
    "jaw_compress",
    "asymmetry_twist"
  ],
  "action_strength": 0.72,
  "action_values": {
    "asymmetry_twist": -0.16620139613233376,
    "face_side_push_left": 0.05883417326426731,
    "face_side_push_right": -0.11251052941902957,
    "head_top_lower": -0.15985641388314467,
    "head_top_raise": -0.31444205736232944,
    "jaw_compress": 0.05915480009469625,
    "jaw_expand": 0.2781595581243928
  },
  "active_actions": {
    "asymmetry_twist": -0.16620139613233376,
    "face_side_push_left": 0.05883417326426731,
    "face_side_push_right": -0.11251052941902957,
    "head_top_lower": -0.15985641388314467,
    "head_top_raise": -0.31444205736232944,
    "jaw_compress": 0.05915480009469625,
    "jaw_expand": 0.2781595581243928
  },
  "active_anchor_count": 7,
  "control_point_count": 15,
  "geometry_method": "landmark_semantic_tps",
  "max_disp_px_budget": 8.0,
  "scale_factor": 0.3390387485291514,
  "source_control_points": [
    [
      112.63999938964844,
      248.3199920654297
    ],
    [
      112.63999938964844,
      253.44000244140625
    ],
    [
      399.3599853515625,
      248.3199920654297
    ],
    [
      399.3599853515625,
      253.44000244140625
    ],
    [
      256.0,
      87.04000091552734
    ],
    [
      174.0800018310547,
      394.239990234375
    ],
    [
      337.9200134277344,
      394.239990234375
    ],
    [
      0.0,
      0.0
    ],
    [
      511.0,
      0.0
    ],
    [
      0.0,
      511.0
    ],
    [
      511.0,
      511.0
    ],
    [
      256.0,
      0.0
    ],
    [
      256.0,
      511.0
    ],
    [
      0.0,
      256.0
    ],
    [
      511.0,
      256.0
    ]
  ],
  "target_control_points": [
    [
      112.30111694335938,
      249.27731323242188
    ],
    [
      112.38583374023438,
      253.44000244140625
    ],
    [
      398.7119140625,
      247.3626708984375
    ],
    [
      398.8739318847656,
      253.44000244140625
    ],
    [
      256.0,
      87.93041229248047
    ],
    [
      172.8185272216797,
      394.7186584472656
    ],
    [
      339.1814880371094,
      393.7613220214844
    ],
    [
      0.0,
      0.0
    ],
    [
      511.0,
      0.0
    ],
    [
      0.0,
      511.0
    ],
    [
      511.0,
      511.0
    ],
    [
      256.0,
      0.0
    ],
    [
      256.0,
      511.0
    ],
    [
      0.0,
      256.0
    ],
    [
      511.0,
      256.0
    ]
  ],
  "tps_regularization": 0.0001
}
