{
  "geometry_info": {
    "action_names": [
      "eye_spread",
      "eye_compress",
      "eye_squint",
      "eye_raise_left",
      "eye_raise_right",
      "nose_bridge_shift_x",
      "asymmetry_twist"
    ],
    "action_strength": 0.72,
    "action_values": {
      "asymmetry_twist": -0.5419412995245335,
      "eye_compress": 0.3782792722661724,
      "eye_raise_left": 0.9287491873489252,
      "eye_raise_right": 0.9224794679311085,
      "eye_spread": 0.748695705300106,
      "eye_squint": -0.7941838768706923,
      "nose_bridge_shift_x": 0.2555197472778422
    },
    "active_actions": {
      "asymmetry_twist": -0.5419412995245335,
      "eye_compress": 0.3782792722661724,
      "eye_raise_left": 0.9287491873489252,
      "eye_raise_right": 0.9224794679311085,
      "eye_spread": 0.748695705300106,
      "eye_squint": -0.7941838768706923,
      "nose_bridge_shift_x": 0.2555197472778422
    },
    "active_anchor_count": 13,
    "control_point_count": 21,
    "geometry_method": "landmark_piecewise_affine",
    "max_disp_px_budget": 8.0,
    "scale_factor": 0.9510586977162436,
    "source_control_points": [
      [
        212.48001098632812,
        217.60000610351562
      ],
      [
        184.32000732421875,
        217.60000610351562
      ],
      [
        299.5199890136719,
        217.60000610351562
      ],
      [
        327.67999267578125,
        217.60000610351562
      ],
      [
        212.48001098632812,
        199.67999267578125
      ],
      [
        212.48001098632812,
        235.52000427246094
      ],
      [
        299.5199890136719,
        199.67999267578125
      ],
      [
        299.5199890136719,
        235.52000427246094
      ],
      [
        256.0,
        263.67999267578125
      ],
      [
        112.63999938964844,
        248.3199920654297
      ],
      [
        174.0800018310547,
        394.239990234375
      ],
      [
        399.3599853515625,
        248.3199920654297
      ],
      [
        337.9200134277344,
        394.239990234375
      ],
      [
        0.0,
        0.0
      ],
      [
        511.0,
        0.0
      ],
      [
        0.0,
        511.0
      ],
      [
        511.0,
        511.0
      ],
      [
        256.0,
        0.0
      ],
      [
        256.0,
        511.0
      ],
      [
        0.0,
        256.0
      ],
      [
        511.0,
        256.0
      ]
    ],
    "target_control_points": [
      [
        210.34640502929688,
        212.2504119873047
      ],
      [
        182.1864013671875,
        217.60000610351562
      ],
      [
        301.6535949707031,
        212.28652954101562
      ],
      [
        329.8135986328125,
        217.60000610351562
      ],
      [
        212.48001098632812,
        189.75588989257812
      ],
      [
        212.48001098632812,
        237.41970825195312
      ],
      [
        299.5199890136719,
        189.79200744628906
      ],
      [
        299.5199890136719,
        237.43775939941406
      ],
      [
        257.4718017578125,
        263.67999267578125
      ],
      [
        112.63999938964844,
        251.4415740966797
      ],
      [
        174.0800018310547,
        395.80078125
      ],
      [
        399.3599853515625,
        245.1984100341797
      ],
      [
        337.9200134277344,
        392.67919921875
      ],
      [
        0.0,
        0.0
      ],
      [
        511.0,
        0.0
      ],
      [
        0.0,
        511.0
      ],
      [
        511.0,
        511.0
      ],
      [
        256.0,
        0.0
      ],
      [
        256.0,
        511.0
      ],
      [
        0.0,
        256.0
      ],
      [
        511.0,
        256.0
      ]
    ],
    "tps_regularization": 0.0001
  },
  "names": [
    "scale_logit",
    "action_eye_spread",
    "action_eye_compress",
    "action_eye_squint",
    "action_eye_raise_left",
    "action_eye_raise_right",
    "action_nose_bridge_shift_x",
    "action_asymmetry_twist"
  ],
  "values": [
    1.3654310703277588,
    1.064087986946106,
    0.42096781730651855,
    -1.2046003341674805,
    2.2169559001922607,
    2.09145188331604,
    0.27542844414711,
    -0.6472703218460083
  ]
}
