{
  "displacement": {
    "foldover_fraction_det_below_0": 0.0,
    "jacobian_det_mean": 1.0,
    "jacobian_det_min": 0.9609272480010986,
    "low_det_fraction_below_0p2": 0.0,
    "max_disp_px": 3.6930298805236816,
    "mean_disp_px": 0.42341089248657227,
    "p95_disp_px": 2.121236801147461
  },
  "input": {
    "l2": 0.015455475120159153,
    "max_abs": 0.3607843220233917,
    "mean_abs": 0.00571740185841918,
    "psnr": 36.21835279306597,
    "ssim": 0.9473521113395691
  },
  "output": {
    "l2": 0.02345776923223342,
    "max_abs": 0.4941176772117615,
    "mean_abs": 0.011760042048990726,
    "psnr": 32.59426580877086,
    "ssim": 0.9048284888267517
  }
}
