{
  "displacement": {
    "budget_max_disp_px": 4.0,
    "max_disp_px": 2.2245495319366455,
    "max_disp_px_budget": 4.0,
    "mean_disp_px": 0.13861507177352905,
    "p95_disp_px": 1.1716140508651733,
    "target_input_ssim": 0.94
  },
  "input": {
    "l2": 0.009173019614533696,
    "max_abs": 0.48627451062202454,
    "mean_abs": 0.001856306567788124,
    "psnr": 40.74975355691741,
    "ssim": 0.9848184585571289
  },
  "output": {
    "l2": 0.010852801317901764,
    "max_abs": 0.3960784375667572,
    "mean_abs": 0.003210194641724229,
    "psnr": 39.28916295081652,
    "ssim": 0.9808006882667542
  }
}
