{
  "geometry_info": {
    "action_names": [
      "face_side_push_left",
      "face_side_push_right",
      "head_top_raise",
      "head_top_lower",
      "jaw_expand",
      "jaw_compress",
      "asymmetry_twist"
    ],
    "action_strength": 0.72,
    "action_values": {
      "asymmetry_twist": -0.012346545003341635,
      "face_side_push_left": 0.11156236237374804,
      "face_side_push_right": -0.127903633272144,
      "head_top_lower": -0.08103122228655295,
      "head_top_raise": -0.2854372393962023,
      "jaw_compress": 0.2900709062238773,
      "jaw_expand": 0.14720251384330116
    },
    "active_actions": {
      "asymmetry_twist": -0.012346545003341635,
      "face_side_push_left": 0.11156236237374804,
      "face_side_push_right": -0.127903633272144,
      "head_top_lower": -0.08103122228655295,
      "head_top_raise": -0.2854372393962023,
      "jaw_compress": 0.2900709062238773,
      "jaw_expand": 0.14720251384330116
    },
    "active_anchor_count": 7,
    "control_point_count": 15,
    "geometry_method": "landmark_piecewise_affine",
    "max_disp_px_budget": 14.0,
    "scale_factor": 0.40568271731775546,
    "source_control_points": [
      [
        112.63999938964844,
        248.3199920654297
      ],
      [
        112.63999938964844,
        253.44000244140625
      ],
      [
        399.3599853515625,
        248.3199920654297
      ],
      [
        399.3599853515625,
        253.44000244140625
      ],
      [
        256.0,
        87.04000091552734
      ],
      [
        174.0800018310547,
        394.239990234375
      ],
      [
        337.9200134277344,
        394.239990234375
      ],
      [
        0.0,
        0.0
      ],
      [
        511.0,
        0.0
      ],
      [
        0.0,
        511.0
      ],
      [
        511.0,
        511.0
      ],
      [
        256.0,
        0.0
      ],
      [
        256.0,
        511.0
      ],
      [
        0.0,
        256.0
      ],
      [
        511.0,
        256.0
      ]
    ],
    "target_control_points": [
      [
        111.51544952392578,
        248.44444274902344
      ],
      [
        111.79658508300781,
        253.44000244140625
      ],
      [
        398.0707092285156,
        248.19554138183594
      ],
      [
        398.3930358886719,
        253.44000244140625
      ],
      [
        256.0,
        89.10041046142578
      ],
      [
        175.52011108398438,
        394.3022155761719
      ],
      [
        336.4798889160156,
        394.1777648925781
      ],
      [
        0.0,
        0.0
      ],
      [
        511.0,
        0.0
      ],
      [
        0.0,
        511.0
      ],
      [
        511.0,
        511.0
      ],
      [
        256.0,
        0.0
      ],
      [
        256.0,
        511.0
      ],
      [
        0.0,
        256.0
      ],
      [
        511.0,
        256.0
      ]
    ],
    "tps_regularization": 0.0001
  },
  "names": [
    "scale_logit",
    "action_face_side_push_left",
    "action_face_side_push_right",
    "action_head_top_raise",
    "action_head_top_lower",
    "action_jaw_expand",
    "action_jaw_compress",
    "action_asymmetry_twist"
  ],
  "values": [
    -0.5305392742156982,
    0.2822638750076294,
    -0.3263973891735077,
    -0.8743890523910522,
    -0.20246213674545288,
    0.3801656663417816,
    0.8973787426948547,
    -0.03044339455664158
  ]
}
