{
  "displacement": {
    "budget_max_disp_px": 14.0,
    "max_disp_px": 2.0607833862304688,
    "max_disp_px_budget": 14.0,
    "mean_disp_px": 0.6521133184432983,
    "p95_disp_px": 1.358718991279602,
    "target_input_ssim": 0.78
  },
  "input": {
    "l2": 0.026540899259214053,
    "max_abs": 0.5058823823928833,
    "mean_abs": 0.013806660659611225,
    "psnr": 31.52168732898088,
    "ssim": 0.9000606536865234
  },
  "output": {
    "l2": 0.04650390529272086,
    "max_abs": 0.8235294222831726,
    "mean_abs": 0.021670853719115257,
    "psnr": 26.65021149021736,
    "ssim": 0.8864824175834656
  }
}
