{
  "best_folder": "phase4/outputs/phase4a_existence_probe/cases/face_003/igs_1p00/add_headphones/strong/seed_00/candidates/cand_047_g03_m07",
  "budget": "strong",
  "budget_max_disp_px": 8.0,
  "candidate_folder": "phase4/outputs/phase4a_existence_probe/cases/face_003/igs_1p00/add_headphones/strong/seed_00/candidates/cand_047_g03_m07",
  "candidate_index": 47,
  "candidate_name": "cand_047_g03_m07",
  "case_id": "face_003__add_headphones__igs_1p00",
  "clean_clip_positive_margin": 0.045783042907714844,
  "clean_semantic_success_score": 0.045783042907714844,
  "clip_available": true,
  "clip_semantic_drop": 0.0012740343809127808,
  "clip_warning": null,
  "crop_clip_available": true,
  "crop_clip_warning": null,
  "decision_label": "metric_only_candidate",
  "decision_reasons": [
    "semantic_drop_small:0.0013",
    "semantic_drop_small:0.0013",
    "semantic_drop_small:0.0013"
  ],
  "edit_failure_score": 0.0012740343809127808,
  "elapsed_seconds": 2.5857797358185053,
  "face_id": "face_003",
  "final_attack_score": 0.1446032115517409,
  "full_image_semantic_drop": 0.0012740343809127808,
  "generation": 3,
  "geometry_excess_penalty": 0.0,
  "geometry_excess_penalty_weight": 0.75,
  "geometry_method": "landmark_piecewise_affine",
  "guidance_scale": 7.5,
  "identity_or_face_health_available": false,
  "image_guidance_scale": 1.0,
  "initial_candidate": false,
  "input_damage_penalty": 0.0,
  "input_damage_penalty_weight": 3.0,
  "input_l2": 0.02064128918733325,
  "input_max_abs": 0.40392160415649414,
  "input_mean_abs": 0.010362084023654461,
  "input_preservation_score": 0.43533291419347125,
  "input_psnr": 33.705263631729615,
  "input_ssim": 0.9322399497032166,
  "left_crop_clean_margin": 0.01863802969455719,
  "left_crop_perturbed_margin": 0.018540263175964355,
  "left_crop_semantic_drop": 9.776651859283447e-05,
  "max_disp_px": 2.6248092651367188,
  "max_disp_px_budget": 8.0,
  "mean_crop_margin": 0.010345414280891418,
  "mean_crop_semantic_drop": -0.0013482968012491863,
  "mean_disp_px": 0.7287420034408569,
  "member": 7,
  "min_crop_margin": -0.009136438369750977,
  "min_crop_semantic_drop": -0.0036805719137191772,
  "output_disruption_score": 0.26882187300887733,
  "output_disruption_weight": 0.5,
  "output_l2": 0.045927206113852634,
  "output_max_abs": 0.6941176652908325,
  "output_mean_abs": 0.02068415842950344,
  "output_psnr": 26.758599463617372,
  "output_ssim": 0.9148869514465332,
  "p95_disp_px": 1.810234546661377,
  "path_clean_edit": "phase4/outputs/phase4a_existence_probe/cases/face_003/igs_1p00/add_headphones/strong/seed_00/candidates/cand_047_g03_m07/clean_edit.png",
  "path_flow": "phase4/outputs/phase4a_existence_probe/cases/face_003/igs_1p00/add_headphones/strong/seed_00/candidates/cand_047_g03_m07/flow.png",
  "path_landmarks_overlay_original": "phase4/outputs/phase4a_existence_probe/cases/face_003/igs_1p00/add_headphones/strong/seed_00/candidates/cand_047_g03_m07/landmarks_overlay_original.jpg",
  "path_landmarks_overlay_perturbed": "phase4/outputs/phase4a_existence_probe/cases/face_003/igs_1p00/add_headphones/strong/seed_00/candidates/cand_047_g03_m07/landmarks_overlay_perturbed.jpg",
  "path_original": "phase4/outputs/phase4a_existence_probe/cases/face_003/igs_1p00/add_headphones/strong/seed_00/candidates/cand_047_g03_m07/original.png",
  "path_perturbed": "phase4/outputs/phase4a_existence_probe/cases/face_003/igs_1p00/add_headphones/strong/seed_00/candidates/cand_047_g03_m07/perturbed.png",
  "path_perturbed_edit": "phase4/outputs/phase4a_existence_probe/cases/face_003/igs_1p00/add_headphones/strong/seed_00/candidates/cand_047_g03_m07/perturbed_edit.png",
  "perturbed_clip_positive_margin": 0.04450900852680206,
  "perturbed_semantic_success_score": 0.04450900852680206,
  "phase": "phase4a_existence_probe",
  "phase2_final_score": 0.1446032115517409,
  "phase2_output_disruption": 0.26882187300887733,
  "phase2_score_formula": "8.0*max(0,semantic_drop)+0.5*output_disruption-3.0*input_damage_penalty-0.75*geometry_excess_penalty",
  "phase4_budget_name": "strong",
  "phase4_final_score": 0.1446032115517409,
  "phase4_score_formula": "8.0*max(0,semantic_drop)+0.5*output_disruption-3.0*input_damage_penalty-0.75*geometry_excess_penalty",
  "prompt": "add headphones",
  "prompt_slug": "add_headphones",
  "prompt_type": "headphones",
  "right_crop_clean_margin": 0.0179518461227417,
  "right_crop_perturbed_margin": 0.021632418036460876,
  "right_crop_semantic_drop": -0.0036805719137191772,
  "seed": 52001,
  "semantic_drop": 0.0012740343809127808,
  "semantic_drop_weight": 8.0,
  "target_input_ssim": 0.88,
  "theta_names": [
    "scale_logit",
    "action_face_side_push_left",
    "action_face_side_push_right",
    "action_head_top_raise",
    "action_head_top_lower",
    "action_jaw_expand",
    "action_jaw_compress",
    "action_asymmetry_twist"
  ],
  "theta_values": [
    -0.7885048985481262,
    -0.36348485946655273,
    0.10748304426670074,
    -1.598989725112915,
    -0.41181862354278564,
    0.7794855833053589,
    -0.783964991569519,
    -0.8473837375640869
  ],
  "top_crop_clean_margin": -0.009598523378372192,
  "top_crop_perturbed_margin": -0.009136438369750977,
  "top_crop_semantic_drop": -0.0004620850086212158
}
