{
  "displacement": {
    "budget_max_disp_px": 14.0,
    "max_disp_px": 4.674588680267334,
    "max_disp_px_budget": 14.0,
    "mean_disp_px": 1.2386876344680786,
    "p95_disp_px": 3.276623010635376,
    "target_input_ssim": 0.78
  },
  "input": {
    "l2": 0.03131939402763373,
    "max_abs": 0.7803921699523926,
    "mean_abs": 0.014538519084453583,
    "psnr": 30.08373298656079,
    "ssim": 0.9037548899650574
  },
  "output": {
    "l2": 0.04385050109139079,
    "max_abs": 0.9058823585510254,
    "mean_abs": 0.020601719617843628,
    "psnr": 27.160508789410333,
    "ssim": 0.8727066516876221
  }
}
