{
  "clean_clip_positive_margin": 0.027842342853546143,
  "clean_semantic_success_score": 0.027842342853546143,
  "clip_available": true,
  "clip_semantic_drop": 0.008707642555236816,
  "clip_warning": null,
  "crop_clip_available": true,
  "crop_clip_warning": null,
  "decision_label": "metric_only_candidate",
  "decision_reasons": [
    "semantic_drop_small:0.0087",
    "semantic_drop_small:0.0087"
  ],
  "edit_failure_score": 0.008707642555236816,
  "final_attack_score": 0.10380483271774076,
  "full_image_semantic_drop": 0.008707642555236816,
  "geometry_excess_penalty": 0.0,
  "geometry_excess_penalty_weight": 0.75,
  "identity_or_face_health_available": false,
  "input_damage_penalty": 0.0,
  "input_damage_penalty_weight": 3.0,
  "input_l2": 0.014087537552540804,
  "input_max_abs": 0.8588235378265381,
  "input_mean_abs": 0.0038392560090869665,
  "input_preservation_score": 0.6764463186264037,
  "input_psnr": 37.02329826528477,
  "input_ssim": 0.9676446318626404,
  "left_crop_clean_margin": 0.02535329759120941,
  "left_crop_perturbed_margin": 0.02515164017677307,
  "left_crop_semantic_drop": 0.00020165741443634033,
  "max_disp_px_budget": 6.0,
  "mean_crop_margin": 0.013644824425379435,
  "mean_crop_semantic_drop": 0.004466444253921509,
  "min_crop_margin": -0.004811808466911316,
  "min_crop_semantic_drop": 0.00020165741443634033,
  "output_disruption_score": 0.1365747691033849,
  "output_disruption_weight": 0.25,
  "output_l2": 0.02162884773906491,
  "output_max_abs": 0.6235294342041016,
  "output_mean_abs": 0.008975808508694172,
  "output_psnr": 33.29933233326658,
  "output_ssim": 0.9499406218528748,
  "perturbed_clip_positive_margin": 0.019134700298309326,
  "perturbed_semantic_success_score": 0.019134700298309326,
  "phase2_final_score": 0.10380483271774076,
  "phase2_output_disruption": 0.1365747691033849,
  "phase2_score_formula": "8.0*max(0,semantic_drop)+0.25*output_disruption-3.0*input_damage_penalty-0.75*geometry_excess_penalty",
  "right_crop_clean_margin": 0.021481528878211975,
  "right_crop_perturbed_margin": 0.02059464156627655,
  "right_crop_semantic_drop": 0.0008868873119354248,
  "semantic_drop": 0.008707642555236816,
  "semantic_drop_weight": 8.0,
  "target_input_ssim": 0.9,
  "top_crop_clean_margin": 0.007498979568481445,
  "top_crop_perturbed_margin": -0.004811808466911316,
  "top_crop_semantic_drop": 0.012310788035392761
}
