{
  "budget": "medium",
  "budget_max_disp_px": 4.0,
  "candidate_folder_abs": "/home/interns/Desktop/mat/phase2/outputs/phase2a_probe/add_round_glasses/medium/seed_00/candidates/cand_009_g01_m09",
  "candidate_index": 9,
  "candidate_name": "cand_009_g01_m09",
  "dct_modes": [
    [
      1,
      0
    ],
    [
      0,
      1
    ],
    [
      1,
      1
    ],
    [
      2,
      0
    ],
    [
      0,
      2
    ],
    [
      2,
      1
    ]
  ],
  "elapsed_seconds": 5.2270198334008455,
  "generation": 1,
  "geometry_method": "region_local_tps",
  "initial_candidate": false,
  "input_l2": 0.00922072420067834,
  "input_max_abs": 0.6313725709915161,
  "input_mean_abs": 0.0017638063291087747,
  "input_psnr": 40.70469935765425,
  "input_ssim": 0.9883019924163818,
  "max_disp_px": 1.3329174518585205,
  "max_disp_px_budget": 4.0,
  "mean_disp_px": 0.08832038938999176,
  "member": 9,
  "mesh_size": 4,
  "output_l2": 0.01725578381894792,
  "output_max_abs": 0.7568627595901489,
  "output_mean_abs": 0.00556508032605052,
  "output_psnr": 35.261306174552175,
  "output_ssim": 0.9697964787483215,
  "p95_disp_px": 0.8406436443328857,
  "phase": "phase2a_probe",
  "prompt": "add round glasses",
  "prompt_priority": 3,
  "prompt_slug": "add_round_glasses",
  "region_count": 1,
  "region_key": "glasses",
  "scale_factor": 0.41858625411987305,
  "seed": 24001,
  "target_input_ssim": 0.94,
  "tps_size": 4
}
