{
  "displacement": {
    "budget_max_disp_px": 4.0,
    "max_disp_px": 1.2460999488830566,
    "max_disp_px_budget": 4.0,
    "mean_disp_px": 0.23439769446849823,
    "p95_disp_px": 0.9756349921226501,
    "target_input_ssim": 0.94
  },
  "input": {
    "l2": 0.010440529194323667,
    "max_abs": 0.23137256503105164,
    "mean_abs": 0.0036730600986629725,
    "psnr": 39.625549757805445,
    "ssim": 0.9716219902038574
  },
  "output": {
    "l2": 0.018772372139708456,
    "max_abs": 0.5490196347236633,
    "mean_abs": 0.01027211919426918,
    "psnr": 34.52961690016473,
    "ssim": 0.9473592638969421
  }
}
