{
  "clean_clip_positive_margin": 0.035206615924835205,
  "clean_semantic_success_score": 0.035206615924835205,
  "clip_available": true,
  "clip_semantic_drop": 0.0021499991416931152,
  "clip_warning": null,
  "crop_clip_available": false,
  "crop_clip_warning": null,
  "decision_label": "metric_only_candidate",
  "decision_reasons": [
    "semantic_drop_small:0.0021",
    "semantic_drop_small:0.0021",
    "semantic_drop_small:0.0021"
  ],
  "edit_failure_score": 0.0021499991416931152,
  "final_attack_score": 0.1674782136726541,
  "full_image_semantic_drop": 0.0021499991416931152,
  "geometry_excess_penalty": 0.0,
  "geometry_excess_penalty_weight": 0.75,
  "identity_or_face_health_available": false,
  "input_damage_penalty": 0.0,
  "input_damage_penalty_weight": 3.0,
  "input_l2": 0.02812405938986291,
  "input_max_abs": 0.6901960968971252,
  "input_mean_abs": 0.008308677934110165,
  "input_preservation_score": 0.5357135931650797,
  "input_psnr": 31.018439872632612,
  "input_ssim": 0.9442856311798096,
  "max_disp_px_budget": 8.0,
  "output_disruption_score": 0.3005564410782184,
  "output_disruption_weight": 0.5,
  "output_l2": 0.04391383129597519,
  "output_max_abs": 0.7137255072593689,
  "output_mean_abs": 0.021900421008467674,
  "output_psnr": 27.147973417732846,
  "output_ssim": 0.8750988841056824,
  "perturbed_clip_positive_margin": 0.03305661678314209,
  "perturbed_semantic_success_score": 0.03305661678314209,
  "phase2_final_score": 0.1674782136726541,
  "phase2_output_disruption": 0.3005564410782184,
  "phase2_score_formula": "8.0*max(0,semantic_drop)+0.5*output_disruption-3.0*input_damage_penalty-0.75*geometry_excess_penalty",
  "phase4_budget_name": "strong",
  "phase4_final_score": 0.1674782136726541,
  "phase4_score_formula": "8.0*max(0,semantic_drop)+0.5*output_disruption-3.0*input_damage_penalty-0.75*geometry_excess_penalty",
  "semantic_drop": 0.0021499991416931152,
  "semantic_drop_weight": 8.0,
  "target_input_ssim": 0.88
}
