{
  "clean_clip_positive_margin": 0.027842342853546143,
  "clean_semantic_success_score": 0.027842342853546143,
  "clip_available": true,
  "clip_semantic_drop": -0.004221141338348389,
  "clip_warning": null,
  "crop_clip_available": true,
  "crop_clip_warning": null,
  "decision_label": "metric_only_candidate",
  "decision_reasons": [
    "semantic_drop_nonpositive:-0.0042",
    "semantic_drop_nonpositive:-0.0042"
  ],
  "edit_failure_score": 0.0,
  "final_attack_score": 0.04022338439191255,
  "full_image_semantic_drop": -0.004221141338348389,
  "geometry_excess_penalty": 0.0,
  "geometry_excess_penalty_weight": 0.75,
  "identity_or_face_health_available": false,
  "input_damage_penalty": 0.0,
  "input_damage_penalty_weight": 3.0,
  "input_l2": 0.018468740101037464,
  "input_max_abs": 0.8352941274642944,
  "input_mean_abs": 0.00476096710190177,
  "input_preservation_score": 0.5815163850784301,
  "input_psnr": 34.67125460427591,
  "input_ssim": 0.958151638507843,
  "left_crop_clean_margin": 0.02535329759120941,
  "left_crop_perturbed_margin": 0.02206704020500183,
  "left_crop_semantic_drop": 0.0032862573862075806,
  "max_disp_px_budget": 6.0,
  "mean_crop_margin": 0.015872026483217876,
  "mean_crop_semantic_drop": 0.002239242196083069,
  "min_crop_margin": 0.004753381013870239,
  "min_crop_semantic_drop": 0.0006858706474304199,
  "output_disruption_score": 0.1608935375676502,
  "output_disruption_weight": 0.25,
  "output_l2": 0.026161411893018814,
  "output_max_abs": 0.7215686440467834,
  "output_mean_abs": 0.010510868392884731,
  "output_psnr": 31.64677642958486,
  "output_ssim": 0.943752110004425,
  "perturbed_clip_positive_margin": 0.03206348419189453,
  "perturbed_semantic_success_score": 0.03206348419189453,
  "phase2_final_score": 0.04022338439191255,
  "phase2_output_disruption": 0.1608935375676502,
  "phase2_score_formula": "8.0*max(0,semantic_drop)+0.25*output_disruption-3.0*input_damage_penalty-0.75*geometry_excess_penalty",
  "right_crop_clean_margin": 0.021481528878211975,
  "right_crop_perturbed_margin": 0.020795658230781555,
  "right_crop_semantic_drop": 0.0006858706474304199,
  "semantic_drop": -0.004221141338348389,
  "semantic_drop_weight": 8.0,
  "target_input_ssim": 0.9,
  "top_crop_clean_margin": 0.007498979568481445,
  "top_crop_perturbed_margin": 0.004753381013870239,
  "top_crop_semantic_drop": 0.002745598554611206
}
