{
  "clean_clip_positive_margin": 0.027842342853546143,
  "clean_semantic_success_score": 0.027842342853546143,
  "clip_available": true,
  "clip_semantic_drop": -0.0015392005443572998,
  "clip_warning": null,
  "crop_clip_available": true,
  "crop_clip_warning": null,
  "decision_label": "metric_only_candidate",
  "decision_reasons": [
    "semantic_drop_nonpositive:-0.0015",
    "semantic_drop_nonpositive:-0.0015"
  ],
  "edit_failure_score": 0.0,
  "final_attack_score": 0.032003296796239686,
  "full_image_semantic_drop": -0.0015392005443572998,
  "geometry_excess_penalty": 0.0,
  "geometry_excess_penalty_weight": 0.75,
  "identity_or_face_health_available": false,
  "input_damage_penalty": 0.0,
  "input_damage_penalty_weight": 3.0,
  "input_l2": 0.01373291015625,
  "input_max_abs": 0.8470588326454163,
  "input_mean_abs": 0.0037481971085071564,
  "input_preservation_score": 0.6890670061111449,
  "input_psnr": 37.24474842368748,
  "input_ssim": 0.9689067006111145,
  "left_crop_clean_margin": 0.02535329759120941,
  "left_crop_perturbed_margin": 0.025562644004821777,
  "left_crop_semantic_drop": -0.00020934641361236572,
  "max_disp_px_budget": 6.0,
  "mean_crop_margin": 0.015738412737846375,
  "mean_crop_semantic_drop": 0.0023728559414545694,
  "min_crop_margin": 0.003346070647239685,
  "min_crop_semantic_drop": -0.00020934641361236572,
  "output_disruption_score": 0.12801318718495874,
  "output_disruption_weight": 0.25,
  "output_l2": 0.020877553407110044,
  "output_max_abs": 0.7333333492279053,
  "output_mean_abs": 0.008203483186662197,
  "output_psnr": 33.606407933364444,
  "output_ssim": 0.9554970264434814,
  "perturbed_clip_positive_margin": 0.029381543397903442,
  "perturbed_semantic_success_score": 0.029381543397903442,
  "phase2_final_score": 0.032003296796239686,
  "phase2_output_disruption": 0.12801318718495874,
  "phase2_score_formula": "8.0*max(0,semantic_drop)+0.25*output_disruption-3.0*input_damage_penalty-0.75*geometry_excess_penalty",
  "right_crop_clean_margin": 0.021481528878211975,
  "right_crop_perturbed_margin": 0.01830652356147766,
  "right_crop_semantic_drop": 0.003175005316734314,
  "semantic_drop": -0.0015392005443572998,
  "semantic_drop_weight": 8.0,
  "target_input_ssim": 0.9,
  "top_crop_clean_margin": 0.007498979568481445,
  "top_crop_perturbed_margin": 0.003346070647239685,
  "top_crop_semantic_drop": 0.00415290892124176
}
