{
  "displacement": {
    "budget_max_disp_px": 14.0,
    "max_disp_px": 12.227691650390625,
    "max_disp_px_budget": 14.0,
    "mean_disp_px": 2.3290250301361084,
    "p95_disp_px": 6.876913547515869,
    "target_input_ssim": 0.78
  },
  "input": {
    "l2": 0.04503502020764456,
    "max_abs": 0.9333333373069763,
    "mean_abs": 0.01806066744029522,
    "psnr": 26.928992760961798,
    "ssim": 0.8454897999763489
  },
  "output": {
    "l2": 0.062492616038445345,
    "max_abs": 0.8941176533699036,
    "mean_abs": 0.02695772983133793,
    "psnr": 24.08342589414397,
    "ssim": 0.8193632960319519
  }
}
