{
  "best_folder": "phase2/outputs/phase2c_probe/semantic_heavy_cem/headphones_ear_tight/strong/seed_00/candidates/cand_036_g03_m04",
  "budget": "strong",
  "budget_max_disp_px": 6.0,
  "candidate_folder": "phase2/outputs/phase2c_probe/semantic_heavy_cem/headphones_ear_tight/strong/seed_00/candidates/cand_036_g03_m04",
  "candidate_index": 36,
  "candidate_name": "cand_036_g03_m04",
  "clean_clip_positive_margin": 0.027842342853546143,
  "clean_semantic_success_score": 0.027842342853546143,
  "clip_available": true,
  "clip_semantic_drop": -0.0015201866626739502,
  "clip_warning": null,
  "crop_clip_available": true,
  "crop_clip_warning": null,
  "dct_modes": [
    [
      1,
      0
    ],
    [
      0,
      1
    ],
    [
      1,
      1
    ],
    [
      2,
      0
    ],
    [
      0,
      2
    ],
    [
      2,
      1
    ]
  ],
  "decision_label": "metric_only_candidate",
  "decision_reasons": [
    "semantic_drop_nonpositive:-0.0015",
    "semantic_drop_nonpositive:-0.0015"
  ],
  "edit_failure_score": 0.0,
  "elapsed_seconds": 4.590282509103417,
  "final_attack_score": 0.02058129451129398,
  "full_image_semantic_drop": -0.0015201866626739502,
  "generation": 3,
  "geometry_excess_penalty": 0.0,
  "geometry_excess_penalty_weight": 0.75,
  "geometry_method": "region_local_tps",
  "identity_or_face_health_available": false,
  "initial_candidate": false,
  "input_damage_penalty": 0.0,
  "input_damage_penalty_weight": 3.0,
  "input_l2": 0.006095238974706892,
  "input_max_abs": 0.6039215326309204,
  "input_mean_abs": 0.0012429727939888835,
  "input_preservation_score": 0.9043244123458862,
  "input_psnr": 44.30018524845277,
  "input_ssim": 0.9904324412345886,
  "left_crop_clean_margin": 0.02535329759120941,
  "left_crop_perturbed_margin": 0.026411965489387512,
  "left_crop_semantic_drop": -0.0010586678981781006,
  "max_disp_px": 2.862311363220215,
  "max_disp_px_budget": 6.0,
  "mean_crop_margin": 0.013739695151646933,
  "mean_crop_semantic_drop": 0.004371573527654012,
  "mean_disp_px": 0.18968746066093445,
  "member": 4,
  "mesh_size": 4,
  "min_crop_margin": -0.006299108266830444,
  "min_crop_semantic_drop": -0.0010586678981781006,
  "output_disruption_score": 0.08232517804517592,
  "output_disruption_weight": 0.25,
  "output_l2": 0.015161697481608003,
  "output_max_abs": 0.7843137383460999,
  "output_mean_abs": 0.005490574985742569,
  "output_psnr": 36.38504346006131,
  "output_ssim": 0.9783216118812561,
  "p95_disp_px": 1.817240834236145,
  "path_flow": "phase2/outputs/phase2c_probe/semantic_heavy_cem/headphones_ear_tight/strong/seed_00/candidates/cand_036_g03_m04/flow.png",
  "path_original": "phase2/outputs/phase2c_probe/semantic_heavy_cem/headphones_ear_tight/strong/seed_00/candidates/cand_036_g03_m04/original.png",
  "path_original_edited": "phase2/outputs/phase2c_probe/semantic_heavy_cem/headphones_ear_tight/strong/seed_00/candidates/cand_036_g03_m04/original_edited.png",
  "path_perturbed": "phase2/outputs/phase2c_probe/semantic_heavy_cem/headphones_ear_tight/strong/seed_00/candidates/cand_036_g03_m04/perturbed.png",
  "path_perturbed_edited": "phase2/outputs/phase2c_probe/semantic_heavy_cem/headphones_ear_tight/strong/seed_00/candidates/cand_036_g03_m04/perturbed_edited.png",
  "perturbed_clip_positive_margin": 0.029362529516220093,
  "perturbed_semantic_success_score": 0.029362529516220093,
  "phase": "phase2c_probe",
  "phase2_final_score": 0.02058129451129398,
  "phase2_output_disruption": 0.08232517804517592,
  "phase2_score_formula": "8.0*max(0,semantic_drop)+0.25*output_disruption-3.0*input_damage_penalty-0.75*geometry_excess_penalty",
  "prompt": "add headphones",
  "prompt_priority": 1,
  "prompt_slug": "add_headphones",
  "region_count": 2,
  "region_key": "headphones_ear_tight",
  "right_crop_clean_margin": 0.021481528878211975,
  "right_crop_perturbed_margin": 0.021106228232383728,
  "right_crop_semantic_drop": 0.00037530064582824707,
  "scale_factor": 0.49005958437919617,
  "seed": 24201,
  "semantic_drop": -0.0015201866626739502,
  "semantic_drop_weight": 8.0,
  "target_input_ssim": 0.9,
  "top_crop_clean_margin": 0.007498979568481445,
  "top_crop_perturbed_margin": -0.006299108266830444,
  "top_crop_semantic_drop": 0.01379808783531189,
  "tps_size": 4
}
