{
  "displacement": {
    "budget_max_disp_px": 14.0,
    "max_disp_px": 2.4196560382843018,
    "max_disp_px_budget": 14.0,
    "mean_disp_px": 0.4658609926700592,
    "p95_disp_px": 1.318381667137146,
    "target_input_ssim": 0.78
  },
  "input": {
    "l2": 0.013949705322420677,
    "max_abs": 0.2666666805744171,
    "mean_abs": 0.006967124063521624,
    "psnr": 37.108699329095614,
    "ssim": 0.9517342448234558
  },
  "output": {
    "l2": 0.028466733037638203,
    "max_abs": 0.5254902243614197,
    "mean_abs": 0.01391521468758583,
    "psnr": 30.913247429198798,
    "ssim": 0.9117546081542969
  }
}
