{
  "best_folder": "phase2/outputs/phase2c_probe/amplification/source_14_cand_009_g01_m09/strong/scale_1p75",
  "budget": "strong",
  "budget_max_disp_px": 6.0,
  "candidate_folder": "phase2/outputs/phase2c_probe/amplification/source_14_cand_009_g01_m09/strong/scale_1p75",
  "candidate_index": 284,
  "candidate_name": "amp_14_cand_009_g01_m09_x1p75_strong",
  "clean_clip_positive_margin": 0.027842342853546143,
  "clean_semantic_success_score": 0.027842342853546143,
  "clip_available": true,
  "clip_semantic_drop": 0.026603788137435913,
  "clip_warning": null,
  "crop_clip_available": true,
  "crop_clip_warning": null,
  "dct_modes": [
    [
      1,
      0
    ],
    [
      0,
      1
    ],
    [
      1,
      1
    ],
    [
      2,
      0
    ],
    [
      0,
      2
    ],
    [
      2,
      1
    ]
  ],
  "decision_label": "weak_candidate",
  "decision_reasons": [],
  "edit_failure_score": 0.026603788137435913,
  "elapsed_seconds": 4.487471537664533,
  "final_attack_score": 0.24630403784586324,
  "full_image_semantic_drop": 0.026603788137435913,
  "generation": 0,
  "geometry_excess_penalty": 0.0,
  "geometry_excess_penalty_weight": 0.75,
  "geometry_method": "combined_tps_dct",
  "identity_or_face_health_available": false,
  "initial_candidate": false,
  "input_damage_penalty": 0.0,
  "input_damage_penalty_weight": 3.0,
  "input_l2": 0.011894325172740661,
  "input_max_abs": 0.3333333134651184,
  "input_mean_abs": 0.004026714712381363,
  "input_preservation_score": 0.6418696641921996,
  "input_psnr": 38.49320385449077,
  "input_ssim": 0.96418696641922,
  "left_crop_clean_margin": 0.02535329759120941,
  "left_crop_perturbed_margin": 0.025718241930007935,
  "left_crop_semantic_drop": -0.00036494433879852295,
  "max_disp_px": 1.686688780784607,
  "max_disp_px_budget": 6.0,
  "mean_crop_margin": 0.014399200677871704,
  "mean_crop_semantic_drop": 0.0037120680014292398,
  "mean_disp_px": 0.30534520745277405,
  "member": 284,
  "mesh_size": 4,
  "min_crop_margin": -0.002234339714050293,
  "min_crop_semantic_drop": -0.00036494433879852295,
  "output_disruption_score": 0.1338949309855037,
  "output_disruption_weight": 0.25,
  "output_l2": 0.02008366850687397,
  "output_max_abs": 0.6784313917160034,
  "output_mean_abs": 0.010843317955732346,
  "output_psnr": 33.943139110645646,
  "output_ssim": 0.9464397430419922,
  "p95_disp_px": 1.3756190538406372,
  "path_flow": "phase2/outputs/phase2c_probe/amplification/source_14_cand_009_g01_m09/strong/scale_1p75/flow.png",
  "path_original": "phase2/outputs/phase2c_probe/amplification/source_14_cand_009_g01_m09/strong/scale_1p75/original.png",
  "path_original_edited": "phase2/outputs/phase2c_probe/amplification/source_14_cand_009_g01_m09/strong/scale_1p75/original_edited.png",
  "path_perturbed": "phase2/outputs/phase2c_probe/amplification/source_14_cand_009_g01_m09/strong/scale_1p75/perturbed.png",
  "path_perturbed_edited": "phase2/outputs/phase2c_probe/amplification/source_14_cand_009_g01_m09/strong/scale_1p75/perturbed_edited.png",
  "perturbed_clip_positive_margin": 0.0012385547161102295,
  "perturbed_semantic_success_score": 0.0012385547161102295,
  "phase": "phase2c_probe",
  "phase2_final_score": 0.24630403784586324,
  "phase2_output_disruption": 0.1338949309855037,
  "phase2_score_formula": "8.0*max(0,semantic_drop)+0.25*output_disruption-3.0*input_damage_penalty-0.75*geometry_excess_penalty",
  "phase2c_applied_scale": 1.75,
  "phase2c_geometry_source": "phase2b_theta_scaled_flow",
  "phase2c_part": "amplification",
  "phase2c_scale_factor": 1.75,
  "prompt": "add headphones",
  "prompt_priority": 1,
  "prompt_slug": "add_headphones",
  "region_count": 3,
  "region_key": "source_regions",
  "region_variant": "source_regions",
  "right_crop_clean_margin": 0.021481528878211975,
  "right_crop_perturbed_margin": 0.01971369981765747,
  "right_crop_semantic_drop": 0.0017678290605545044,
  "scale_factor": 0.24587301909923553,
  "seed": 24001,
  "semantic_drop": 0.026603788137435913,
  "semantic_drop_weight": 8.0,
  "source_candidate_folder": "phase2/outputs/phase2b_cem/add_headphones/medium/seed_00/candidates/cand_009_g01_m09",
  "source_candidate_name": "cand_009_g01_m09",
  "source_phase2_final_score": "0.21736846814040334",
  "source_semantic_drop": "0.025317132472991943",
  "target_input_ssim": 0.9,
  "top_crop_clean_margin": 0.007498979568481445,
  "top_crop_perturbed_margin": -0.002234339714050293,
  "top_crop_semantic_drop": 0.009733319282531738,
  "tps_size": 4
}
