{
  "budget": "existence_probe",
  "budget_max_disp_px": 8.0,
  "candidate_folder_abs": "/home/interns/Desktop/mat/phase2/outputs/phase2a_probe/add_headphones/existence_probe/seed_00/candidates/cand_016_g02_m04",
  "candidate_index": 16,
  "candidate_name": "cand_016_g02_m04",
  "dct_modes": [
    [
      1,
      0
    ],
    [
      0,
      1
    ],
    [
      1,
      1
    ],
    [
      2,
      0
    ],
    [
      0,
      2
    ],
    [
      2,
      1
    ]
  ],
  "elapsed_seconds": 5.305709360167384,
  "generation": 2,
  "geometry_method": "combined_tps_dct",
  "initial_candidate": false,
  "input_l2": 0.02255806834570967,
  "input_max_abs": 0.8196078538894653,
  "input_mean_abs": 0.007466619834303856,
  "input_psnr": 32.93396183731658,
  "input_ssim": 0.9256086349487305,
  "max_disp_px": 5.399842262268066,
  "max_disp_px_budget": 8.0,
  "mean_disp_px": 0.757307767868042,
  "member": 4,
  "mesh_size": 4,
  "output_l2": 0.03220531818213205,
  "output_max_abs": 0.6549019813537598,
  "output_mean_abs": 0.01191923301666975,
  "output_psnr": 29.84144811487709,
  "output_ssim": 0.914128839969635,
  "p95_disp_px": 3.2803151607513428,
  "phase": "phase2a_probe",
  "prompt": "add headphones",
  "prompt_priority": 1,
  "prompt_slug": "add_headphones",
  "region_count": 3,
  "region_key": "headphones",
  "scale_factor": 0.6887553930282593,
  "seed": 22201,
  "target_input_ssim": 0.86,
  "tps_size": 4
}
