{
  "clean_clip_positive_margin": 0.027842342853546143,
  "clean_semantic_success_score": 0.027842342853546143,
  "clip_available": true,
  "clip_semantic_drop": 0.0003446340560913086,
  "clip_warning": null,
  "crop_clip_available": true,
  "crop_clip_warning": null,
  "decision_label": "metric_only_candidate",
  "decision_reasons": [
    "semantic_drop_small:0.0003",
    "semantic_drop_small:0.0003"
  ],
  "edit_failure_score": 0.0003446340560913086,
  "final_attack_score": 0.03105695759640297,
  "full_image_semantic_drop": 0.0003446340560913086,
  "geometry_excess_penalty": 0.0,
  "geometry_excess_penalty_weight": 0.75,
  "identity_or_face_health_available": false,
  "input_damage_penalty": 0.0,
  "input_damage_penalty_weight": 3.0,
  "input_l2": 0.011060961236918498,
  "input_max_abs": 0.6705882549285889,
  "input_mean_abs": 0.0021481337025761604,
  "input_preservation_score": 0.8579706464494978,
  "input_psnr": 39.12414259308644,
  "input_ssim": 0.9801158905029297,
  "left_crop_clean_margin": 0.02535329759120941,
  "left_crop_perturbed_margin": 0.026715576648712158,
  "left_crop_semantic_drop": -0.0013622790575027466,
  "max_disp_px_budget": 8.0,
  "mean_crop_margin": 0.015340268611907959,
  "mean_crop_semantic_drop": 0.002771000067392985,
  "min_crop_margin": -0.0023788362741470337,
  "min_crop_semantic_drop": -0.0013622790575027466,
  "output_disruption_score": 0.11319954059069,
  "output_disruption_weight": 0.25,
  "output_l2": 0.018988164418798293,
  "output_max_abs": 0.7843137383460999,
  "output_mean_abs": 0.007477892562747002,
  "output_psnr": 34.43034032750028,
  "output_ssim": 0.9627531170845032,
  "perturbed_clip_positive_margin": 0.027497708797454834,
  "perturbed_semantic_success_score": 0.027497708797454834,
  "phase2_final_score": 0.03105695759640297,
  "phase2_output_disruption": 0.11319954059069,
  "phase2_score_formula": "8.0*max(0,semantic_drop)+0.25*output_disruption-3.0*input_damage_penalty-0.75*geometry_excess_penalty",
  "right_crop_clean_margin": 0.021481528878211975,
  "right_crop_perturbed_margin": 0.021684065461158752,
  "right_crop_semantic_drop": -0.00020253658294677734,
  "semantic_drop": 0.0003446340560913086,
  "semantic_drop_weight": 8.0,
  "target_input_ssim": 0.86,
  "top_crop_clean_margin": 0.007498979568481445,
  "top_crop_perturbed_margin": -0.0023788362741470337,
  "top_crop_semantic_drop": 0.009877815842628479
}
