{
  "clean_clip_positive_margin": 0.04853600263595581,
  "clean_semantic_success_score": 0.04853600263595581,
  "clip_available": true,
  "clip_semantic_drop": -0.0009933114051818848,
  "clip_warning": null,
  "crop_clip_available": false,
  "crop_clip_warning": null,
  "decision_label": "reject_input_damage",
  "decision_reasons": [
    "input_ssim_below_target:0.7494<0.8800",
    "semantic_drop_nonpositive:-0.0010"
  ],
  "edit_failure_score": 0.0,
  "final_attack_score": -2.8347439219992787,
  "full_image_semantic_drop": -0.0009933114051818848,
  "geometry_excess_penalty": 0.0,
  "geometry_excess_penalty_weight": 0.75,
  "identity_or_face_health_available": false,
  "input_damage_penalty": 1.044586696624756,
  "input_damage_penalty_weight": 3.0,
  "input_l2": 0.06397449624417416,
  "input_max_abs": 0.9450980424880981,
  "input_mean_abs": 0.031358834356069565,
  "input_preservation_score": 0.0,
  "input_psnr": 23.879862504043913,
  "input_ssim": 0.7494266629219055,
  "max_disp_px_budget": 8.0,
  "output_disruption_score": 0.5980323357499779,
  "output_disruption_weight": 0.5,
  "output_l2": 0.08198312926086636,
  "output_max_abs": 0.9725490212440491,
  "output_mean_abs": 0.04025468975305557,
  "output_psnr": 21.725510177382354,
  "output_ssim": 0.7299001812934875,
  "perturbed_clip_positive_margin": 0.049529314041137695,
  "perturbed_semantic_success_score": 0.049529314041137695,
  "phase2_final_score": -2.8347439219992787,
  "phase2_output_disruption": 0.5980323357499779,
  "phase2_score_formula": "8.0*max(0,semantic_drop)+0.5*output_disruption-3.0*input_damage_penalty-0.75*geometry_excess_penalty",
  "phase4_budget_name": "strong",
  "phase4_final_score": -2.8347439219992787,
  "phase4_score_formula": "8.0*max(0,semantic_drop)+0.5*output_disruption-3.0*input_damage_penalty-0.75*geometry_excess_penalty",
  "semantic_drop": -0.0009933114051818848,
  "semantic_drop_weight": 8.0,
  "target_input_ssim": 0.88
}
