{
  "displacement": {
    "budget_max_disp_px": 6.0,
    "max_disp_px": 4.986954689025879,
    "max_disp_px_budget": 6.0,
    "mean_disp_px": 0.3364808261394501,
    "p95_disp_px": 2.9889066219329834,
    "target_input_ssim": 0.9
  },
  "input": {
    "l2": 0.018487768055424236,
    "max_abs": 0.48235297203063965,
    "mean_abs": 0.003970711026340723,
    "psnr": 34.66231032167505,
    "ssim": 0.9649854302406311
  },
  "output": {
    "l2": 0.02408045166254064,
    "max_abs": 0.9607843160629272,
    "mean_abs": 0.004866213072091341,
    "psnr": 32.36670743075146,
    "ssim": 0.9693819880485535
  }
}
