{
  "displacement": {
    "foldover_fraction_det_below_0": 0.0,
    "jacobian_det_mean": 1.0,
    "jacobian_det_min": 0.9730890393257141,
    "low_det_fraction_below_0p2": 0.0,
    "max_disp_px": 0.9767361879348755,
    "mean_disp_px": 0.18356698751449585,
    "p95_disp_px": 0.7364704608917236
  },
  "input": {
    "l2": 0.009849189689719423,
    "max_abs": 0.32941174507141113,
    "mean_abs": 0.0034418145660310984,
    "psnr": 40.13198996417842,
    "ssim": 0.9778451919555664
  },
  "output": {
    "l2": 0.01811533420848842,
    "max_abs": 0.6235294342041016,
    "mean_abs": 0.007890483364462852,
    "psnr": 34.83907298576202,
    "ssim": 0.9451571106910706
  }
}
