{
  "clean_clip_positive_margin": 0.03999415040016174,
  "clean_semantic_success_score": 0.03999415040016174,
  "clip_available": true,
  "clip_semantic_drop": 0.00119057297706604,
  "clip_warning": null,
  "crop_clip_available": false,
  "crop_clip_warning": null,
  "decision_label": "metric_only_candidate",
  "decision_reasons": [
    "semantic_drop_small:0.0012",
    "semantic_drop_small:0.0012"
  ],
  "edit_failure_score": 0.00119057297706604,
  "final_attack_score": 0.17553326541709513,
  "full_image_semantic_drop": 0.00119057297706604,
  "geometry_excess_penalty": 0.0,
  "geometry_excess_penalty_weight": 1.0,
  "identity_or_face_health_available": false,
  "input_damage_penalty": 0.0,
  "input_damage_penalty_weight": 3.0,
  "input_l2": 0.015147702688751414,
  "input_max_abs": 0.3450980484485626,
  "input_mean_abs": 0.003977193031460047,
  "input_preservation_score": 0.5333125193913781,
  "input_psnr": 36.39306455148609,
  "input_ssim": 0.9719987511634827,
  "max_disp_px_budget": 4.0,
  "output_disruption_score": 0.17077097350883097,
  "output_disruption_weight": 1.0,
  "output_l2": 0.030527062849520666,
  "output_max_abs": 0.8196078538894653,
  "output_mean_abs": 0.010043572634458542,
  "output_psnr": 30.306299583603483,
  "output_ssim": 0.9513372778892517,
  "perturbed_clip_positive_margin": 0.0388035774230957,
  "perturbed_semantic_success_score": 0.0388035774230957,
  "phase2_final_score": 0.17553326541709513,
  "phase2_output_disruption": 0.17077097350883097,
  "phase2_score_formula": "4.0*max(0,semantic_drop)+1.0*output_disruption-3.0*input_damage_penalty-1.0*geometry_excess_penalty",
  "semantic_drop": 0.00119057297706604,
  "semantic_drop_weight": 4.0,
  "target_input_ssim": 0.94
}
