{
  "clean_clip_positive_margin": 0.020921379327774048,
  "clean_semantic_success_score": 0.020921379327774048,
  "clip_available": true,
  "clip_semantic_drop": -0.0003587454557418823,
  "clip_warning": null,
  "crop_clip_available": false,
  "crop_clip_warning": null,
  "decision_label": "metric_only_candidate",
  "decision_reasons": [
    "semantic_drop_nonpositive:-0.0004",
    "semantic_drop_nonpositive:-0.0004",
    "semantic_drop_nonpositive:-0.0004"
  ],
  "edit_failure_score": 0.0,
  "final_attack_score": 0.18948184495220827,
  "full_image_semantic_drop": -0.0003587454557418823,
  "geometry_excess_penalty": 0.0,
  "geometry_excess_penalty_weight": 0.75,
  "identity_or_face_health_available": false,
  "input_damage_penalty": 0.0,
  "input_damage_penalty_weight": 3.0,
  "input_l2": 0.04161964435461417,
  "input_max_abs": 0.9098039269447327,
  "input_mean_abs": 0.016600066795945168,
  "input_preservation_score": 0.33230335062200367,
  "input_psnr": 27.61403270425069,
  "input_ssim": 0.8531067371368408,
  "max_disp_px_budget": 14.0,
  "output_disruption_score": 0.37896368990441653,
  "output_disruption_weight": 0.5,
  "output_l2": 0.0542555850995096,
  "output_max_abs": 0.9450980424880981,
  "output_mean_abs": 0.023993633687496185,
  "output_psnr": 25.311110973349592,
  "output_ssim": 0.8380586504936218,
  "perturbed_clip_positive_margin": 0.02128012478351593,
  "perturbed_semantic_success_score": 0.02128012478351593,
  "phase2_final_score": 0.18948184495220827,
  "phase2_output_disruption": 0.37896368990441653,
  "phase2_score_formula": "8.0*max(0,semantic_drop)+0.5*output_disruption-3.0*input_damage_penalty-0.75*geometry_excess_penalty",
  "phase4_budget_name": "existence_probe",
  "phase4_final_score": 0.18948184495220827,
  "phase4_score_formula": "8.0*max(0,semantic_drop)+0.5*output_disruption-3.0*input_damage_penalty-0.75*geometry_excess_penalty",
  "semantic_drop": -0.0003587454557418823,
  "semantic_drop_weight": 8.0,
  "target_input_ssim": 0.78
}
