{
  "budget": "existence_probe",
  "budget_max_disp_px": 14.0,
  "candidate_folder_abs": "/home/interns/Desktop/mat/phase4/outputs/phase4a_existence_probe/cases/face_005/igs_1p50/add_a_small_beard/existence_probe/seed_00/candidates/cand_041_g03_m01",
  "candidate_index": 41,
  "candidate_name": "cand_041_g03_m01",
  "case_id": "face_005__add_a_small_beard__igs_1p50",
  "elapsed_seconds": 2.935993591323495,
  "face_id": "face_005",
  "generation": 3,
  "geometry_method": "landmark_semantic_tps",
  "guidance_scale": 7.5,
  "image_guidance_scale": 1.5,
  "initial_candidate": false,
  "input_l2": 0.06697531507125339,
  "input_max_abs": 0.9137254953384399,
  "input_mean_abs": 0.035595815628767014,
  "input_psnr": 23.481704693361877,
  "input_ssim": 0.7688026428222656,
  "max_disp_px": 13.986001968383789,
  "max_disp_px_budget": 14.0,
  "mean_disp_px": 4.616603851318359,
  "member": 1,
  "output_l2": 0.08223338710435062,
  "output_max_abs": 0.8392156958580017,
  "output_mean_abs": 0.04938973858952522,
  "output_psnr": 21.699036425040738,
  "output_ssim": 0.6874127388000488,
  "p95_disp_px": 13.986000061035156,
  "phase": "phase4a_existence_probe",
  "prompt": "add a small beard",
  "prompt_slug": "add_a_small_beard",
  "prompt_type": "beard",
  "seed": 48101,
  "target_input_ssim": 0.78,
  "theta_names": [
    "scale_logit",
    "action_jaw_expand",
    "action_jaw_compress",
    "action_chin_raise",
    "action_chin_lower",
    "action_mouth_width_expand",
    "action_lower_face_shift"
  ],
  "theta_values": [
    1.1289355754852295,
    -1.1620569229125977,
    1.3458675146102905,
    0.6905999183654785,
    -0.4881695806980133,
    0.09774596989154816,
    -1.154523491859436
  ]
}
