{
  "budget": "strong",
  "budget_max_disp_px": 8.0,
  "candidate_folder_abs": "/home/interns/Desktop/mat/phase4/outputs/phase4a_existence_probe/cases/face_004/igs_1p00/add_a_small_beard/strong/seed_00/candidates/cand_068_g04_m08",
  "candidate_index": 68,
  "candidate_name": "cand_068_g04_m08",
  "case_id": "face_004__add_a_small_beard__igs_1p00",
  "elapsed_seconds": 2.301156248897314,
  "face_id": "face_004",
  "generation": 4,
  "geometry_method": "landmark_piecewise_affine",
  "guidance_scale": 7.5,
  "image_guidance_scale": 1.0,
  "initial_candidate": false,
  "input_l2": 0.02892000569407227,
  "input_max_abs": 0.6823529601097107,
  "input_mean_abs": 0.009054317139089108,
  "input_psnr": 30.77603251738145,
  "input_ssim": 0.9411861300468445,
  "max_disp_px": 3.0720341205596924,
  "max_disp_px_budget": 8.0,
  "mean_disp_px": 0.6065528988838196,
  "member": 8,
  "output_l2": 0.04281171502356083,
  "output_max_abs": 0.6745098233222961,
  "output_mean_abs": 0.021349340677261353,
  "output_psnr": 27.36874748239353,
  "output_ssim": 0.8725719451904297,
  "p95_disp_px": 2.06597638130188,
  "phase": "phase4a_existence_probe",
  "prompt": "add a small beard",
  "prompt_slug": "add_a_small_beard",
  "prompt_type": "beard",
  "seed": 47001,
  "target_input_ssim": 0.88,
  "theta_names": [
    "scale_logit",
    "action_jaw_expand",
    "action_jaw_compress",
    "action_chin_raise",
    "action_chin_lower",
    "action_mouth_width_expand",
    "action_lower_face_shift"
  ],
  "theta_values": [
    0.0324874185025692,
    -0.15379619598388672,
    -0.5121599435806274,
    -0.12350678443908691,
    0.7979822158813477,
    1.1532820463180542,
    0.5463489890098572
  ]
}
