{
  "budget": "strong",
  "budget_max_disp_px": 6.0,
  "candidate_folder_abs": "/home/interns/Desktop/mat/phase2/outputs/phase2a_probe/add_round_glasses/strong/seed_00/candidates/cand_019_g02_m07",
  "candidate_index": 19,
  "candidate_name": "cand_019_g02_m07",
  "dct_modes": [
    [
      1,
      0
    ],
    [
      0,
      1
    ],
    [
      1,
      1
    ],
    [
      2,
      0
    ],
    [
      0,
      2
    ],
    [
      2,
      1
    ]
  ],
  "elapsed_seconds": 5.2018550131469965,
  "generation": 2,
  "geometry_method": "combined_tps_dct",
  "initial_candidate": false,
  "input_l2": 0.021240672841424398,
  "input_max_abs": 0.7176470756530762,
  "input_mean_abs": 0.004039570223540068,
  "input_psnr": 33.456634604269404,
  "input_ssim": 0.9676027297973633,
  "max_disp_px": 4.483901500701904,
  "max_disp_px_budget": 6.0,
  "mean_disp_px": 0.26042094826698303,
  "member": 7,
  "mesh_size": 4,
  "output_l2": 0.02768639894550124,
  "output_max_abs": 0.7686274647712708,
  "output_mean_abs": 0.008156915195286274,
  "output_psnr": 31.154670549082436,
  "output_ssim": 0.9513015747070312,
  "p95_disp_px": 2.4345784187316895,
  "phase": "phase2a_probe",
  "prompt": "add round glasses",
  "prompt_priority": 3,
  "prompt_slug": "add_round_glasses",
  "region_count": 1,
  "region_key": "glasses",
  "scale_factor": 0.7775886058807373,
  "seed": 24101,
  "target_input_ssim": 0.9,
  "tps_size": 4
}
