{
  "displacement": {
    "budget_max_disp_px": 4.0,
    "max_disp_px": 3.0954949855804443,
    "max_disp_px_budget": 4.0,
    "mean_disp_px": 0.39192333817481995,
    "p95_disp_px": 2.8102922439575195,
    "target_input_ssim": 0.94
  },
  "input": {
    "l2": 0.01760566230028083,
    "max_abs": 0.6039215922355652,
    "mean_abs": 0.003971245605498552,
    "psnr": 35.0869526547648,
    "ssim": 0.9658913612365723
  },
  "output": {
    "l2": 0.02417115367293663,
    "max_abs": 0.658823549747467,
    "mean_abs": 0.007927216589450836,
    "psnr": 32.33405241027222,
    "ssim": 0.9442224502563477
  }
}
