{
  "clean_clip_positive_margin": 0.04853600263595581,
  "clean_semantic_success_score": 0.04853600263595581,
  "clip_available": true,
  "clip_semantic_drop": 0.0027376413345336914,
  "clip_warning": null,
  "crop_clip_available": false,
  "crop_clip_warning": null,
  "decision_label": "metric_only_candidate",
  "decision_reasons": [
    "semantic_drop_small:0.0027",
    "semantic_drop_small:0.0027",
    "semantic_drop_small:0.0027"
  ],
  "edit_failure_score": 0.0027376413345336914,
  "final_attack_score": 0.16902827542660337,
  "full_image_semantic_drop": 0.0027376413345336914,
  "geometry_excess_penalty": 0.0,
  "geometry_excess_penalty_weight": 0.75,
  "identity_or_face_health_available": false,
  "input_damage_penalty": 0.0,
  "input_damage_penalty_weight": 3.0,
  "input_l2": 0.0329235858145697,
  "input_max_abs": 0.7607843279838562,
  "input_mean_abs": 0.013929377309978008,
  "input_preservation_score": 0.5650321245193481,
  "input_psnr": 29.649857409248575,
  "input_ssim": 0.9043070673942566,
  "max_disp_px_budget": 14.0,
  "output_disruption_score": 0.2942542895006677,
  "output_disruption_weight": 0.5,
  "output_l2": 0.041461389867651965,
  "output_max_abs": 0.843137264251709,
  "output_mean_abs": 0.01921677216887474,
  "output_psnr": 27.647122871792227,
  "output_ssim": 0.8715912699699402,
  "perturbed_clip_positive_margin": 0.04579836130142212,
  "perturbed_semantic_success_score": 0.04579836130142212,
  "phase2_final_score": 0.16902827542660337,
  "phase2_output_disruption": 0.2942542895006677,
  "phase2_score_formula": "8.0*max(0,semantic_drop)+0.5*output_disruption-3.0*input_damage_penalty-0.75*geometry_excess_penalty",
  "phase4_budget_name": "existence_probe",
  "phase4_final_score": 0.16902827542660337,
  "phase4_score_formula": "8.0*max(0,semantic_drop)+0.5*output_disruption-3.0*input_damage_penalty-0.75*geometry_excess_penalty",
  "semantic_drop": 0.0027376413345336914,
  "semantic_drop_weight": 8.0,
  "target_input_ssim": 0.78
}
