{
  "clean_clip_positive_margin": 0.027842342853546143,
  "clean_semantic_success_score": 0.027842342853546143,
  "clip_available": true,
  "clip_semantic_drop": 0.021158427000045776,
  "clip_warning": null,
  "crop_clip_available": true,
  "crop_clip_warning": null,
  "decision_label": "weak_candidate",
  "decision_reasons": [],
  "edit_failure_score": 0.021158427000045776,
  "final_attack_score": 0.2047677497115809,
  "full_image_semantic_drop": 0.021158427000045776,
  "geometry_excess_penalty": 0.0,
  "geometry_excess_penalty_weight": 0.75,
  "identity_or_face_health_available": false,
  "input_damage_penalty": 0.0,
  "input_damage_penalty_weight": 3.0,
  "input_l2": 0.013277329890150494,
  "input_max_abs": 0.3450980484485626,
  "input_mean_abs": 0.004716906230896711,
  "input_preservation_score": 0.6924502508980888,
  "input_psnr": 37.537785081538914,
  "input_ssim": 0.9569430351257324,
  "left_crop_clean_margin": 0.02535329759120941,
  "left_crop_perturbed_margin": 0.023828446865081787,
  "left_crop_semantic_drop": 0.0015248507261276245,
  "max_disp_px_budget": 8.0,
  "mean_crop_margin": 0.011911347508430481,
  "mean_crop_semantic_drop": 0.006199921170870463,
  "min_crop_margin": -0.007605075836181641,
  "min_crop_semantic_drop": 0.0015248507261276245,
  "output_disruption_score": 0.14200133484485875,
  "output_disruption_weight": 0.25,
  "output_l2": 0.020459682747431422,
  "output_max_abs": 0.5098039507865906,
  "output_mean_abs": 0.009622223675251007,
  "output_psnr": 33.78202209684485,
  "output_ssim": 0.9398373961448669,
  "perturbed_clip_positive_margin": 0.006683915853500366,
  "perturbed_semantic_success_score": 0.006683915853500366,
  "phase2_final_score": 0.2047677497115809,
  "phase2_output_disruption": 0.14200133484485875,
  "phase2_score_formula": "8.0*max(0,semantic_drop)+0.25*output_disruption-3.0*input_damage_penalty-0.75*geometry_excess_penalty",
  "right_crop_clean_margin": 0.021481528878211975,
  "right_crop_perturbed_margin": 0.019510671496391296,
  "right_crop_semantic_drop": 0.0019708573818206787,
  "semantic_drop": 0.021158427000045776,
  "semantic_drop_weight": 8.0,
  "target_input_ssim": 0.86,
  "top_crop_clean_margin": 0.007498979568481445,
  "top_crop_perturbed_margin": -0.007605075836181641,
  "top_crop_semantic_drop": 0.015104055404663086
}
