{
  "clean_clip_positive_margin": 0.04772844910621643,
  "clean_semantic_success_score": 0.04772844910621643,
  "clip_available": true,
  "clip_semantic_drop": -0.0009552240371704102,
  "clip_warning": null,
  "crop_clip_available": true,
  "crop_clip_warning": null,
  "decision_label": "reject_input_damage",
  "decision_reasons": [
    "input_ssim_below_target:0.7537<0.7800",
    "semantic_drop_nonpositive:-0.0010"
  ],
  "edit_failure_score": 0.0,
  "final_attack_score": -0.3519577607081653,
  "full_image_semantic_drop": -0.0009552240371704102,
  "geometry_excess_penalty": 0.0,
  "geometry_excess_penalty_weight": 0.75,
  "identity_or_face_health_available": false,
  "input_damage_penalty": 0.21018861770629904,
  "input_damage_penalty_weight": 3.0,
  "input_l2": 0.050080191856735075,
  "input_max_abs": 0.6509804129600525,
  "input_mean_abs": 0.026278017088770866,
  "input_preservation_score": 0.0,
  "input_psnr": 26.006680320328826,
  "input_ssim": 0.7537264227867126,
  "left_crop_clean_margin": 0.018402695655822754,
  "left_crop_perturbed_margin": 0.017289191484451294,
  "left_crop_semantic_drop": 0.00111350417137146,
  "max_disp_px_budget": 14.0,
  "mean_crop_margin": 0.008381987611452738,
  "mean_crop_semantic_drop": 0.006951918204625447,
  "min_crop_margin": -0.012484848499298096,
  "min_crop_semantic_drop": 0.00111350417137146,
  "output_disruption_score": 0.5572161848214636,
  "output_disruption_weight": 0.5,
  "output_l2": 0.06699830727943208,
  "output_max_abs": 0.6901960968971252,
  "output_mean_abs": 0.035020794719457626,
  "output_psnr": 23.47872339329352,
  "output_ssim": 0.7107770442962646,
  "perturbed_clip_positive_margin": 0.04868367314338684,
  "perturbed_semantic_success_score": 0.04868367314338684,
  "phase2_final_score": -0.3519577607081653,
  "phase2_output_disruption": 0.5572161848214636,
  "phase2_score_formula": "8.0*max(0,semantic_drop)+0.5*output_disruption-3.0*input_damage_penalty-0.75*geometry_excess_penalty",
  "phase4_budget_name": "existence_probe",
  "phase4_final_score": -0.3519577607081653,
  "phase4_score_formula": "8.0*max(0,semantic_drop)+0.5*output_disruption-3.0*input_damage_penalty-0.75*geometry_excess_penalty",
  "right_crop_clean_margin": 0.026048898696899414,
  "right_crop_perturbed_margin": 0.020341619849205017,
  "right_crop_semantic_drop": 0.005707278847694397,
  "semantic_drop": -0.0009552240371704102,
  "semantic_drop_weight": 8.0,
  "target_input_ssim": 0.78,
  "top_crop_clean_margin": 0.0015501230955123901,
  "top_crop_perturbed_margin": -0.012484848499298096,
  "top_crop_semantic_drop": 0.014034971594810486
}
