{
  "displacement": {
    "budget_max_disp_px": 14.0,
    "max_disp_px": 2.9212803840637207,
    "max_disp_px_budget": 14.0,
    "mean_disp_px": 1.049108862876892,
    "p95_disp_px": 2.5357248783111572,
    "target_input_ssim": 0.78
  },
  "input": {
    "l2": 0.0326863118199859,
    "max_abs": 0.6235294342041016,
    "mean_abs": 0.014182415790855885,
    "psnr": 29.71268161078024,
    "ssim": 0.8892979621887207
  },
  "output": {
    "l2": 0.049205776332598095,
    "max_abs": 0.800000011920929,
    "mean_abs": 0.020687298849225044,
    "psnr": 26.15967823647331,
    "ssim": 0.9053435921669006
  }
}
