{
  "attack_score": 0.1204435973452449,
  "input_damage_penalty": 0.0,
  "normalized_output_l2": 0.07743479302395584,
  "output_disruption": 0.1204435973452449
}
