{
  "displacement": {
    "budget_max_disp_px": 8.0,
    "max_disp_px": 5.753602504730225,
    "max_disp_px_budget": 8.0,
    "mean_disp_px": 1.1370702981948853,
    "p95_disp_px": 2.962815284729004,
    "target_input_ssim": 0.88
  },
  "input": {
    "l2": 0.029087830830525834,
    "max_abs": 0.7921568751335144,
    "mean_abs": 0.013542470522224903,
    "psnr": 30.725773284552233,
    "ssim": 0.9227495193481445
  },
  "output": {
    "l2": 0.038782287428068524,
    "max_abs": 0.7176470756530762,
    "mean_abs": 0.02253936231136322,
    "psnr": 28.227331585346974,
    "ssim": 0.8538858294487
  }
}
