{
  "budget": "existence_probe",
  "budget_max_disp_px": 14.0,
  "candidate_folder_abs": "/home/interns/Desktop/mat/phase4/outputs/phase4a_existence_probe/cases/face_003/igs_1p50/add_headphones/existence_probe/seed_00/candidates/cand_068_g04_m08",
  "candidate_index": 68,
  "candidate_name": "cand_068_g04_m08",
  "case_id": "face_003__add_headphones__igs_1p50",
  "elapsed_seconds": 2.4994075037539005,
  "face_id": "face_003",
  "generation": 4,
  "geometry_method": "landmark_piecewise_affine",
  "guidance_scale": 7.5,
  "image_guidance_scale": 1.5,
  "initial_candidate": false,
  "input_l2": 0.05654020080313983,
  "input_max_abs": 0.6196078658103943,
  "input_mean_abs": 0.03133252635598183,
  "input_psnr": 24.952853068843417,
  "input_ssim": 0.7110776305198669,
  "max_disp_px": 9.254157066345215,
  "max_disp_px_budget": 14.0,
  "mean_disp_px": 3.115034580230713,
  "member": 8,
  "output_l2": 0.07722687355542285,
  "output_max_abs": 0.9176470637321472,
  "output_mean_abs": 0.04121127724647522,
  "output_psnr": 22.244630934751907,
  "output_ssim": 0.6578541398048401,
  "p95_disp_px": 6.604989528656006,
  "phase": "phase4a_existence_probe",
  "prompt": "add headphones",
  "prompt_slug": "add_headphones",
  "prompt_type": "headphones",
  "seed": 46101,
  "target_input_ssim": 0.78,
  "theta_names": [
    "scale_logit",
    "action_face_side_push_left",
    "action_face_side_push_right",
    "action_head_top_raise",
    "action_head_top_lower",
    "action_jaw_expand",
    "action_jaw_compress",
    "action_asymmetry_twist"
  ],
  "theta_values": [
    0.14099346101284027,
    -1.0748484134674072,
    0.5584335327148438,
    -0.19502365589141846,
    -1.9879570007324219,
    0.5923330187797546,
    -0.9820449948310852,
    -1.0137454271316528
  ]
}
