{
  "displacement": {
    "budget_max_disp_px": 6.0,
    "max_disp_px": 1.6947590112686157,
    "max_disp_px_budget": 6.0,
    "mean_disp_px": 0.36733224987983704,
    "p95_disp_px": 1.4147931337356567,
    "target_input_ssim": 0.9
  },
  "input": {
    "l2": 0.016253335034828703,
    "max_abs": 0.7215686440467834,
    "mean_abs": 0.005461923778057098,
    "psnr": 35.78115024617595,
    "ssim": 0.9494993686676025
  },
  "output": {
    "l2": 0.02246635050439218,
    "max_abs": 0.7568627595901489,
    "mean_abs": 0.012205836363136768,
    "psnr": 32.96934939677053,
    "ssim": 0.933305561542511
  }
}
