{
  "budget": "strong",
  "budget_max_disp_px": 8.0,
  "candidate_folder_abs": "/home/interns/Desktop/mat/phase4/outputs/phase4a_existence_probe/cases/face_007/igs_1p00/make_the_person_smile_slightly/strong/seed_00/candidates/cand_021_g02_m01",
  "candidate_index": 21,
  "candidate_name": "cand_021_g02_m01",
  "case_id": "face_007__make_the_person_smile_slightly__igs_1p00",
  "elapsed_seconds": 2.4606898073107004,
  "face_id": "face_007",
  "generation": 2,
  "geometry_method": "landmark_piecewise_affine",
  "guidance_scale": 7.5,
  "image_guidance_scale": 1.0,
  "initial_candidate": false,
  "input_l2": 0.03747380746355321,
  "input_max_abs": 0.7607843279838562,
  "input_mean_abs": 0.015211629681289196,
  "input_psnr": 28.525443577993407,
  "input_ssim": 0.8628923296928406,
  "max_disp_px": 4.373262405395508,
  "max_disp_px_budget": 8.0,
  "mean_disp_px": 1.0790187120437622,
  "member": 1,
  "output_l2": 0.0475196787851084,
  "output_max_abs": 0.8235294222831726,
  "output_mean_abs": 0.02081766352057457,
  "output_psnr": 26.462530073637602,
  "output_ssim": 0.9005052447319031,
  "p95_disp_px": 3.1759650707244873,
  "phase": "phase4a_existence_probe",
  "prompt": "make the person smile slightly",
  "prompt_slug": "make_the_person_smile_slightly",
  "prompt_type": "smile",
  "seed": 50001,
  "target_input_ssim": 0.88,
  "theta_names": [
    "scale_logit",
    "action_mouth_corner_raise",
    "action_mouth_corner_lower",
    "action_mouth_width_expand",
    "action_mouth_width_compress",
    "action_chin_raise",
    "action_chin_lower"
  ],
  "theta_values": [
    -0.21163800358772278,
    -0.3132179379463196,
    0.41579875349998474,
    -0.37052595615386963,
    1.783000111579895,
    1.9292857646942139,
    0.18514803051948547
  ]
}
