{
  "geometry_info": {
    "action_names": [
      "jaw_expand",
      "jaw_compress",
      "chin_raise",
      "chin_lower",
      "mouth_width_expand",
      "lower_face_shift"
    ],
    "action_strength": 0.72,
    "action_values": {
      "chin_lower": 0.10698092787501969,
      "chin_raise": -0.1361865258815218,
      "jaw_compress": -0.12631181320414978,
      "jaw_expand": 0.021861271357481782,
      "lower_face_shift": -0.148821803979295,
      "mouth_width_expand": 0.08027844100102342
    },
    "active_actions": {
      "chin_lower": 0.10698092787501969,
      "chin_raise": -0.1361865258815218,
      "jaw_compress": -0.12631181320414978,
      "jaw_expand": 0.021861271357481782,
      "lower_face_shift": -0.148821803979295,
      "mouth_width_expand": 0.08027844100102342
    },
    "active_anchor_count": 6,
    "control_point_count": 14,
    "geometry_method": "landmark_piecewise_affine",
    "max_disp_px_budget": 8.0,
    "scale_factor": 0.23701653994360378,
    "source_control_points": [
      [
        174.0800018310547,
        394.239990234375
      ],
      [
        337.9200134277344,
        394.239990234375
      ],
      [
        256.0,
        419.8399963378906
      ],
      [
        256.0,
        376.32000732421875
      ],
      [
        204.8000030517578,
        335.3599853515625
      ],
      [
        307.20001220703125,
        335.3599853515625
      ],
      [
        0.0,
        0.0
      ],
      [
        511.0,
        0.0
      ],
      [
        0.0,
        511.0
      ],
      [
        511.0,
        511.0
      ],
      [
        256.0,
        0.0
      ],
      [
        256.0,
        511.0
      ],
      [
        0.0,
        256.0
      ],
      [
        511.0,
        256.0
      ]
    ],
    "target_control_points": [
      [
        173.22653198242188,
        394.239990234375
      ],
      [
        338.77349853515625,
        394.239990234375
      ],
      [
        255.35708618164062,
        421.2406311035156
      ],
      [
        255.14279174804688,
        377.02032470703125
      ],
      [
        204.3376007080078,
        335.3599853515625
      ],
      [
        307.66241455078125,
        335.3599853515625
      ],
      [
        0.0,
        0.0
      ],
      [
        511.0,
        0.0
      ],
      [
        0.0,
        511.0
      ],
      [
        511.0,
        511.0
      ],
      [
        256.0,
        0.0
      ],
      [
        256.0,
        511.0
      ],
      [
        0.0,
        256.0
      ],
      [
        511.0,
        256.0
      ]
    ],
    "tps_regularization": 0.0001
  },
  "names": [
    "scale_logit",
    "action_jaw_expand",
    "action_jaw_compress",
    "action_chin_raise",
    "action_chin_lower",
    "action_mouth_width_expand",
    "action_lower_face_shift"
  ],
  "values": [
    -1.512935757637024,
    0.09249811619520187,
    -0.5942202210426331,
    -0.65434330701828,
    0.48641297221183777,
    0.35262781381607056,
    -0.7379356026649475
  ]
}
