{
  "best_folder": "phase4/outputs/phase4c_real_landmark_sanity/cases/face_003/igs_1p50/add_headphones/strong/seed_00/candidates/cand_014_g02_m02",
  "budget": "strong",
  "budget_max_disp_px": 8.0,
  "candidate_folder": "phase4/outputs/phase4c_real_landmark_sanity/cases/face_003/igs_1p50/add_headphones/strong/seed_00/candidates/cand_014_g02_m02",
  "candidate_index": 14,
  "candidate_name": "cand_014_g02_m02",
  "case_id": "face_003__add_headphones__igs_1p50",
  "clean_clip_positive_margin": 0.04772844910621643,
  "clean_semantic_success_score": 0.04772844910621643,
  "clip_available": true,
  "clip_semantic_drop": 0.0044363439083099365,
  "clip_warning": null,
  "crop_clip_available": true,
  "crop_clip_warning": null,
  "decision_label": "metric_only_candidate",
  "decision_reasons": [
    "semantic_drop_small:0.0044",
    "semantic_drop_small:0.0044",
    "semantic_drop_small:0.0044"
  ],
  "edit_failure_score": 0.0044363439083099365,
  "elapsed_seconds": 4.992484459653497,
  "face_id": "face_003",
  "final_attack_score": 0.1281830794141688,
  "full_image_semantic_drop": 0.0044363439083099365,
  "generation": 2,
  "geometry_excess_penalty": 0.0,
  "geometry_excess_penalty_weight": 0.75,
  "geometry_method": "landmark_piecewise_affine",
  "guidance_scale": 7.5,
  "identity_or_face_health_available": false,
  "image_guidance_scale": 1.5,
  "initial_candidate": false,
  "input_damage_penalty": 0.0,
  "input_damage_penalty_weight": 3.0,
  "input_l2": 0.014194975990428032,
  "input_max_abs": 0.35686275362968445,
  "input_mean_abs": 0.006439971271902323,
  "input_preservation_score": 0.6279622117678324,
  "input_psnr": 36.95730675417979,
  "input_ssim": 0.9553554654121399,
  "landmark_count": 478,
  "landmark_detector": "mediapipe_python_solutions_face_mesh",
  "left_crop_clean_margin": 0.018402695655822754,
  "left_crop_perturbed_margin": 0.01708012819290161,
  "left_crop_semantic_drop": 0.0013225674629211426,
  "max_disp_px": 1.8166691064834595,
  "max_disp_px_budget": 8.0,
  "mean_crop_margin": 0.01332305371761322,
  "mean_crop_semantic_drop": 0.002010852098464966,
  "mean_disp_px": 0.38798779249191284,
  "member": 2,
  "min_crop_margin": -0.0008282661437988281,
  "min_crop_semantic_drop": 0.0013225674629211426,
  "output_disruption_score": 0.1853846562953786,
  "output_disruption_weight": 0.5,
  "output_l2": 0.0269978854321439,
  "output_max_abs": 0.6823529601097107,
  "output_mean_abs": 0.011988364160060883,
  "output_psnr": 31.373404999127334,
  "output_ssim": 0.922606885433197,
  "p95_disp_px": 1.0953388214111328,
  "path_clean_edit": "phase4/outputs/phase4c_real_landmark_sanity/cases/face_003/igs_1p50/add_headphones/strong/seed_00/candidates/cand_014_g02_m02/clean_edit.png",
  "path_flow": "phase4/outputs/phase4c_real_landmark_sanity/cases/face_003/igs_1p50/add_headphones/strong/seed_00/candidates/cand_014_g02_m02/flow.png",
  "path_landmarks_overlay_original": "phase4/outputs/phase4c_real_landmark_sanity/cases/face_003/igs_1p50/add_headphones/strong/seed_00/candidates/cand_014_g02_m02/landmarks_overlay_original.jpg",
  "path_landmarks_overlay_perturbed": "phase4/outputs/phase4c_real_landmark_sanity/cases/face_003/igs_1p50/add_headphones/strong/seed_00/candidates/cand_014_g02_m02/landmarks_overlay_perturbed.jpg",
  "path_original": "phase4/outputs/phase4c_real_landmark_sanity/cases/face_003/igs_1p50/add_headphones/strong/seed_00/candidates/cand_014_g02_m02/original.png",
  "path_perturbed": "phase4/outputs/phase4c_real_landmark_sanity/cases/face_003/igs_1p50/add_headphones/strong/seed_00/candidates/cand_014_g02_m02/perturbed.png",
  "path_perturbed_edit": "phase4/outputs/phase4c_real_landmark_sanity/cases/face_003/igs_1p50/add_headphones/strong/seed_00/candidates/cand_014_g02_m02/perturbed_edit.png",
  "path_regions_overlay_original": "phase4/outputs/phase4c_real_landmark_sanity/cases/face_003/igs_1p50/add_headphones/strong/seed_00/candidates/cand_014_g02_m02/regions_overlay_original.jpg",
  "perturbed_clip_positive_margin": 0.043292105197906494,
  "perturbed_semantic_success_score": 0.043292105197906494,
  "phase": "phase4c_real_landmark_sanity",
  "phase2_final_score": 0.1281830794141688,
  "phase2_output_disruption": 0.1853846562953786,
  "phase2_score_formula": "8.0*max(0,semantic_drop)+0.5*output_disruption-3.0*input_damage_penalty-0.75*geometry_excess_penalty",
  "phase4_budget_name": "strong",
  "phase4_final_score": 0.1281830794141688,
  "phase4_score_formula": "8.0*max(0,semantic_drop)+0.5*output_disruption-3.0*input_damage_penalty-0.75*geometry_excess_penalty",
  "prompt": "add headphones",
  "prompt_slug": "add_headphones",
  "prompt_type": "headphones",
  "real_landmarks": true,
  "right_crop_clean_margin": 0.026048898696899414,
  "right_crop_perturbed_margin": 0.023717299103736877,
  "right_crop_semantic_drop": 0.0023315995931625366,
  "seed": 44001,
  "semantic_drop": 0.0044363439083099365,
  "semantic_drop_weight": 8.0,
  "target_input_ssim": 0.88,
  "theta_names": [
    "scale_logit",
    "action_face_side_push_left",
    "action_face_side_push_right",
    "action_head_top_raise",
    "action_head_top_lower",
    "action_jaw_expand",
    "action_jaw_compress",
    "action_asymmetry_twist"
  ],
  "theta_values": [
    -1.2774330377578735,
    -0.824633002281189,
    0.8893418312072754,
    -0.49288901686668396,
    0.8942583203315735,
    0.6211922764778137,
    0.4819859564304352,
    -0.09077868610620499
  ],
  "top_crop_clean_margin": 0.0015501230955123901,
  "top_crop_perturbed_margin": -0.0008282661437988281,
  "top_crop_semantic_drop": 0.0023783892393112183
}
