{
  "clean_clip_positive_margin": 0.026591509580612183,
  "clean_semantic_success_score": 0.026591509580612183,
  "clip_available": true,
  "clip_semantic_drop": -0.0009668171405792236,
  "clip_warning": null,
  "decision_label": "metric_only_candidate",
  "decision_reasons": [
    "semantic_drop_nonpositive:-0.0010",
    "semantic_drop_nonpositive:-0.0010"
  ],
  "edit_failure_score": 0.0,
  "final_attack_score": 0.09484619109214282,
  "geometry_excess_penalty": 0.0,
  "geometry_excess_penalty_weight": 1.0,
  "identity_or_face_health_available": false,
  "input_damage_penalty": 0.0,
  "input_damage_penalty_weight": 3.0,
  "input_l2": 0.006375002871321635,
  "input_max_abs": 0.3647059202194214,
  "input_mean_abs": 0.0014391728909686208,
  "input_preservation_score": 0.8646547396977744,
  "input_psnr": 43.91039230572686,
  "input_ssim": 0.9918792843818665,
  "max_disp_px_budget": 4.0,
  "output_disruption_score": 0.09484619109214282,
  "output_disruption_weight": 1.0,
  "output_l2": 0.015142009179743466,
  "output_max_abs": 0.5215686559677124,
  "output_mean_abs": 0.0056121437810361385,
  "output_psnr": 36.3963298972704,
  "output_ssim": 0.965721845626831,
  "perturbed_clip_positive_margin": 0.027558326721191406,
  "perturbed_semantic_success_score": 0.027558326721191406,
  "phase2_final_score": 0.09484619109214282,
  "phase2_output_disruption": 0.09484619109214282,
  "phase2_score_formula": "4*max(0,semantic_drop)+1*output_disruption-3*input_damage_penalty-1*geometry_excess_penalty",
  "semantic_drop": -0.0009668171405792236,
  "semantic_drop_weight": 4.0,
  "target_input_ssim": 0.94
}
