{
  "clean": {
    "l2": 0.12470084020411677,
    "max_abs": 0.8588235378265381,
    "mean_abs": 0.0786454901099205,
    "psnr": 18.08261240680729,
    "ssim": 0.8286185264587402
  },
  "clean_clip_margin": 0.0158977210521698
}
