{
  "clean_clip_positive_margin": 0.02052225172519684,
  "clean_semantic_success_score": 0.02052225172519684,
  "clip_available": true,
  "clip_semantic_drop": -0.0011678189039230347,
  "clip_warning": null,
  "crop_clip_available": false,
  "crop_clip_warning": null,
  "decision_label": "metric_only_candidate",
  "decision_reasons": [
    "semantic_drop_nonpositive:-0.0012",
    "semantic_drop_nonpositive:-0.0012",
    "semantic_drop_nonpositive:-0.0012"
  ],
  "edit_failure_score": 0.0,
  "final_attack_score": 0.10908594311141026,
  "full_image_semantic_drop": -0.0011678189039230347,
  "geometry_excess_penalty": 0.0,
  "geometry_excess_penalty_weight": 0.75,
  "identity_or_face_health_available": false,
  "input_damage_penalty": 0.0,
  "input_damage_penalty_weight": 3.0,
  "input_l2": 0.023416259946271573,
  "input_max_abs": 0.4588235318660736,
  "input_mean_abs": 0.009630231186747551,
  "input_preservation_score": 0.44014549255371094,
  "input_psnr": 32.60964938801013,
  "input_ssim": 0.9328174591064453,
  "max_disp_px_budget": 8.0,
  "output_disruption_score": 0.21817188622282052,
  "output_disruption_weight": 0.5,
  "output_l2": 0.03762483388614184,
  "output_max_abs": 0.7960784435272217,
  "output_mean_abs": 0.01567072607576847,
  "output_psnr": 28.4905081761301,
  "output_ssim": 0.9323274493217468,
  "perturbed_clip_positive_margin": 0.021690070629119873,
  "perturbed_semantic_success_score": 0.021690070629119873,
  "phase2_final_score": 0.10908594311141026,
  "phase2_output_disruption": 0.21817188622282052,
  "phase2_score_formula": "8.0*max(0,semantic_drop)+0.5*output_disruption-3.0*input_damage_penalty-0.75*geometry_excess_penalty",
  "phase4_budget_name": "strong",
  "phase4_final_score": 0.10908594311141026,
  "phase4_score_formula": "8.0*max(0,semantic_drop)+0.5*output_disruption-3.0*input_damage_penalty-0.75*geometry_excess_penalty",
  "semantic_drop": -0.0011678189039230347,
  "semantic_drop_weight": 8.0,
  "target_input_ssim": 0.88
}
