{
  "displacement": {
    "budget_max_disp_px": 8.0,
    "max_disp_px": 3.5191650390625,
    "max_disp_px_budget": 8.0,
    "mean_disp_px": 0.9196335673332214,
    "p95_disp_px": 2.454770565032959,
    "target_input_ssim": 0.88
  },
  "input": {
    "l2": 0.02885239613042971,
    "max_abs": 0.6941176652908325,
    "mean_abs": 0.01245182752609253,
    "psnr": 30.796362275460357,
    "ssim": 0.913435161113739
  },
  "output": {
    "l2": 0.03162519040234171,
    "max_abs": 0.8274509906768799,
    "mean_abs": 0.014331568963825703,
    "psnr": 29.999337021974736,
    "ssim": 0.903959333896637
  }
}
