{
  "displacement": {
    "budget_max_disp_px": 8.0,
    "max_disp_px": 6.506685256958008,
    "max_disp_px_budget": 8.0,
    "mean_disp_px": 0.8855860233306885,
    "p95_disp_px": 3.8531494140625,
    "target_input_ssim": 0.88
  },
  "input": {
    "l2": 0.031125296687048807,
    "max_abs": 0.8196078538894653,
    "mean_abs": 0.010967138223350048,
    "psnr": 30.13773000342837,
    "ssim": 0.9245622754096985
  },
  "output": {
    "l2": 0.05075673052403897,
    "max_abs": 0.772549033164978,
    "mean_abs": 0.023160787299275398,
    "psnr": 25.890127211885215,
    "ssim": 0.9145001769065857
  }
}
