{
  "budget": "strong",
  "budget_max_disp_px": 6.0,
  "candidate_folder_abs": "/home/interns/Desktop/mat/phase3/outputs/breadth_probe/cases/face_007/igs_1p00/make_the_person_smile_slightly/strong/seed_00/candidates/cand_012_g02_m04",
  "candidate_index": 12,
  "candidate_name": "cand_012_g02_m04",
  "dct_modes": [
    [
      1,
      0
    ],
    [
      0,
      1
    ],
    [
      1,
      1
    ],
    [
      2,
      0
    ],
    [
      0,
      2
    ],
    [
      2,
      1
    ]
  ],
  "elapsed_seconds": 4.59683308750391,
  "generation": 2,
  "geometry_method": "combined_all",
  "initial_candidate": false,
  "input_l2": 0.014432128591853997,
  "input_max_abs": 0.3607843220233917,
  "input_mean_abs": 0.003312224755063653,
  "input_psnr": 36.81339220346533,
  "input_ssim": 0.9633105397224426,
  "max_disp_px": 4.418385982513428,
  "max_disp_px_budget": 6.0,
  "mean_disp_px": 0.22006800770759583,
  "member": 4,
  "mesh_size": 4,
  "output_l2": 0.02325175237789276,
  "output_max_abs": 0.8078431487083435,
  "output_mean_abs": 0.00851619616150856,
  "output_psnr": 32.6708862151623,
  "output_ssim": 0.9699074625968933,
  "p95_disp_px": 1.8896348476409912,
  "phase": "phase3_breadth_probe",
  "prompt": "make the person smile slightly",
  "prompt_priority": 9,
  "prompt_slug": "make_the_person_smile_slightly",
  "region_count": 1,
  "region_key": "smile",
  "scale_factor": 0.7559313774108887,
  "seed": 52101,
  "target_input_ssim": 0.9,
  "tps_size": 4
}
