{
  "budget": "strong",
  "budget_max_disp_px": 8.0,
  "candidate_folder_abs": "/home/interns/Desktop/mat/phase4/outputs/phase4a_existence_probe/cases/face_005/igs_1p00/add_black_sunglasses/strong/seed_00/candidates/cand_037_g02_m17",
  "candidate_index": 37,
  "candidate_name": "cand_037_g02_m17",
  "case_id": "face_005__add_black_sunglasses__igs_1p00",
  "elapsed_seconds": 3.1914168167859316,
  "face_id": "face_005",
  "generation": 2,
  "geometry_method": "landmark_semantic_tps",
  "guidance_scale": 7.5,
  "image_guidance_scale": 1.0,
  "initial_candidate": false,
  "input_l2": 0.04323631126085373,
  "input_max_abs": 0.772549033164978,
  "input_mean_abs": 0.018958134576678276,
  "input_psnr": 27.283027306119394,
  "input_ssim": 0.8755311965942383,
  "max_disp_px": 7.966174125671387,
  "max_disp_px_budget": 8.0,
  "mean_disp_px": 1.8633395433425903,
  "member": 17,
  "output_l2": 0.05272568525137633,
  "output_max_abs": 0.800000011920929,
  "output_mean_abs": 0.021711871027946472,
  "output_psnr": 25.55955534454048,
  "output_ssim": 0.8969343304634094,
  "p95_disp_px": 5.7696733474731445,
  "phase": "phase4a_existence_probe",
  "prompt": "add black sunglasses",
  "prompt_slug": "add_black_sunglasses",
  "prompt_type": "glasses",
  "seed": 41001,
  "target_input_ssim": 0.88,
  "theta_names": [
    "scale_logit",
    "action_eye_spread",
    "action_eye_compress",
    "action_eye_squint",
    "action_eye_raise_left",
    "action_eye_raise_right",
    "action_nose_bridge_shift_x",
    "action_asymmetry_twist"
  ],
  "theta_values": [
    -0.1498640775680542,
    0.31919702887535095,
    -0.46542027592658997,
    -1.7741230726242065,
    0.9271970391273499,
    0.27900251746177673,
    0.32413095235824585,
    -0.6687030792236328
  ]
}
