{
  "action_names": [
    "eye_spread",
    "eye_compress",
    "eye_squint",
    "eye_raise_left",
    "eye_raise_right",
    "nose_bridge_shift_x",
    "asymmetry_twist"
  ],
  "action_strength": 0.72,
  "action_values": {
    "asymmetry_twist": -0.3157196738261673,
    "eye_compress": -0.2348423239324297,
    "eye_raise_left": 0.3941775919121659,
    "eye_raise_right": 0.14700584380590256,
    "eye_spread": 0.1668957009197059,
    "eye_squint": -0.5102633933036685,
    "nose_bridge_shift_x": 0.16930452733113646
  },
  "active_actions": {
    "asymmetry_twist": -0.3157196738261673,
    "eye_compress": -0.2348423239324297,
    "eye_raise_left": 0.3941775919121659,
    "eye_raise_right": 0.14700584380590256,
    "eye_spread": 0.1668957009197059,
    "eye_squint": -0.5102633933036685,
    "nose_bridge_shift_x": 0.16930452733113646
  },
  "active_anchor_count": 13,
  "control_point_count": 21,
  "geometry_method": "landmark_semantic_tps",
  "max_disp_px_budget": 8.0,
  "scale_factor": 0.540499151415408,
  "source_control_points": [
    [
      212.48001098632812,
      217.60000610351562
    ],
    [
      184.32000732421875,
      217.60000610351562
    ],
    [
      299.5199890136719,
      217.60000610351562
    ],
    [
      327.67999267578125,
      217.60000610351562
    ],
    [
      212.48001098632812,
      199.67999267578125
    ],
    [
      212.48001098632812,
      235.52000427246094
    ],
    [
      299.5199890136719,
      199.67999267578125
    ],
    [
      299.5199890136719,
      235.52000427246094
    ],
    [
      256.0,
      263.67999267578125
    ],
    [
      112.63999938964844,
      248.3199920654297
    ],
    [
      174.0800018310547,
      394.239990234375
    ],
    [
      399.3599853515625,
      248.3199920654297
    ],
    [
      337.9200134277344,
      394.239990234375
    ],
    [
      0.0,
      0.0
    ],
    [
      511.0,
      0.0
    ],
    [
      0.0,
      511.0
    ],
    [
      511.0,
      511.0
    ],
    [
      256.0,
      0.0
    ],
    [
      256.0,
      511.0
    ],
    [
      0.0,
      256.0
    ],
    [
      511.0,
      256.0
    ]
  ],
  "target_control_points": [
    [
      210.16600036621094,
      215.3295440673828
    ],
    [
      182.00599670410156,
      217.60000610351562
    ],
    [
      301.8340148925781,
      216.7532501220703
    ],
    [
      329.9940185546875,
      217.60000610351562
    ],
    [
      212.48001098632812,
      194.4704132080078
    ],
    [
      212.48001098632812,
      237.32388305664062
    ],
    [
      299.5199890136719,
      195.8941192626953
    ],
    [
      299.5199890136719,
      238.03575134277344
    ],
    [
      256.9751892089844,
      263.67999267578125
    ],
    [
      112.63999938964844,
      250.13853454589844
    ],
    [
      174.0800018310547,
      395.1492614746094
    ],
    [
      399.3599853515625,
      246.50144958496094
    ],
    [
      337.9200134277344,
      393.3307189941406
    ],
    [
      0.0,
      0.0
    ],
    [
      511.0,
      0.0
    ],
    [
      0.0,
      511.0
    ],
    [
      511.0,
      511.0
    ],
    [
      256.0,
      0.0
    ],
    [
      256.0,
      511.0
    ],
    [
      0.0,
      256.0
    ],
    [
      511.0,
      256.0
    ]
  ],
  "tps_regularization": 0.0001
}
