{
  "clean_clip_positive_margin": 0.026591509580612183,
  "clean_semantic_success_score": 0.026591509580612183,
  "clip_available": true,
  "clip_semantic_drop": 0.001273810863494873,
  "clip_warning": null,
  "decision_label": "metric_only_candidate",
  "decision_reasons": [
    "semantic_drop_small:0.0013",
    "semantic_drop_small:0.0013"
  ],
  "edit_failure_score": 0.001273810863494873,
  "final_attack_score": 0.18045039197221002,
  "geometry_excess_penalty": 0.0,
  "geometry_excess_penalty_weight": 1.0,
  "identity_or_face_health_available": false,
  "input_damage_penalty": 0.0,
  "input_damage_penalty_weight": 3.0,
  "input_l2": 0.019076608783723345,
  "input_max_abs": 0.5882353186607361,
  "input_mean_abs": 0.004272610414773226,
  "input_preservation_score": 0.6619147062301635,
  "input_psnr": 34.38997653122916,
  "input_ssim": 0.9661914706230164,
  "max_disp_px_budget": 6.0,
  "output_disruption_score": 0.17535514851823053,
  "output_disruption_weight": 1.0,
  "output_l2": 0.028232309272921582,
  "output_max_abs": 0.6705882549285889,
  "output_mean_abs": 0.00944917369633913,
  "output_psnr": 30.98507194221964,
  "output_ssim": 0.9375740885734558,
  "perturbed_clip_positive_margin": 0.02531769871711731,
  "perturbed_semantic_success_score": 0.02531769871711731,
  "phase2_final_score": 0.18045039197221002,
  "phase2_output_disruption": 0.17535514851823053,
  "phase2_score_formula": "4*max(0,semantic_drop)+1*output_disruption-3*input_damage_penalty-1*geometry_excess_penalty",
  "semantic_drop": 0.001273810863494873,
  "semantic_drop_weight": 4.0,
  "target_input_ssim": 0.9
}
