{
  "budget": "medium",
  "budget_max_disp_px": 4.0,
  "candidate_folder_abs": "/home/interns/Desktop/mat/phase3/outputs/breadth_probe/cases/face_003/igs_1p50/add_black_sunglasses/medium/seed_00/candidates/cand_008_g01_m08",
  "candidate_index": 8,
  "candidate_name": "cand_008_g01_m08",
  "dct_modes": [
    [
      1,
      0
    ],
    [
      0,
      1
    ],
    [
      1,
      1
    ],
    [
      2,
      0
    ],
    [
      0,
      2
    ],
    [
      2,
      1
    ]
  ],
  "elapsed_seconds": 4.979531742632389,
  "generation": 1,
  "geometry_method": "region_local_tps",
  "initial_candidate": false,
  "input_l2": 0.012703682474079218,
  "input_max_abs": 0.4117647409439087,
  "input_mean_abs": 0.00275193783454597,
  "input_psnr": 37.92140739764473,
  "input_ssim": 0.9775071740150452,
  "max_disp_px": 3.5124499797821045,
  "max_disp_px_budget": 4.0,
  "mean_disp_px": 0.2495226263999939,
  "member": 8,
  "mesh_size": 4,
  "output_l2": 0.012545171786666363,
  "output_max_abs": 0.6705882549285889,
  "output_mean_abs": 0.003948351833969355,
  "output_psnr": 38.03046774638884,
  "output_ssim": 0.9763045907020569,
  "p95_disp_px": 2.3657150268554688,
  "phase": "phase3_breadth_probe",
  "prompt": "add black sunglasses",
  "prompt_priority": 2,
  "prompt_slug": "add_black_sunglasses",
  "region_count": 1,
  "region_key": "glasses",
  "scale_factor": 0.8960331678390503,
  "seed": 39001,
  "target_input_ssim": 0.94,
  "tps_size": 4
}
