{
  "clean_clip_positive_margin": 0.03148290514945984,
  "clean_semantic_success_score": 0.03148290514945984,
  "clip_available": true,
  "clip_semantic_drop": -0.0075034499168396,
  "clip_warning": null,
  "decision_label": "metric_only_candidate",
  "decision_reasons": [
    "semantic_drop_nonpositive:-0.0075",
    "semantic_drop_nonpositive:-0.0075"
  ],
  "edit_failure_score": 0.0,
  "final_attack_score": 0.1690089491785539,
  "geometry_excess_penalty": 0.0,
  "geometry_excess_penalty_weight": 1.0,
  "identity_or_face_health_available": false,
  "input_damage_penalty": 0.0,
  "input_damage_penalty_weight": 3.0,
  "input_l2": 0.02849624204466304,
  "input_max_abs": 0.7215686440467834,
  "input_mean_abs": 0.005756085272878408,
  "input_preservation_score": 0.6940233877726963,
  "input_psnr": 30.904248180093408,
  "input_ssim": 0.9571632742881775,
  "max_disp_px_budget": 8.0,
  "output_disruption_score": 0.1690089491785539,
  "output_disruption_weight": 1.0,
  "output_l2": 0.030236075018370476,
  "output_max_abs": 0.7333333492279053,
  "output_mean_abs": 0.011624758131802082,
  "output_psnr": 30.389491716125914,
  "output_ssim": 0.951935350894928,
  "perturbed_clip_positive_margin": 0.03898635506629944,
  "perturbed_semantic_success_score": 0.03898635506629944,
  "phase2_final_score": 0.1690089491785539,
  "phase2_output_disruption": 0.1690089491785539,
  "phase2_score_formula": "4*max(0,semantic_drop)+1*output_disruption-3*input_damage_penalty-1*geometry_excess_penalty",
  "semantic_drop": -0.0075034499168396,
  "semantic_drop_weight": 4.0,
  "target_input_ssim": 0.86
}
