{
  "clean_clip_positive_margin": 0.055569812655448914,
  "clean_semantic_success_score": 0.055569812655448914,
  "clip_available": true,
  "clip_semantic_drop": -0.0004500150680541992,
  "clip_warning": null,
  "crop_clip_available": true,
  "crop_clip_warning": null,
  "decision_label": "metric_only_candidate",
  "decision_reasons": [
    "semantic_drop_nonpositive:-0.0005",
    "semantic_drop_nonpositive:-0.0005"
  ],
  "edit_failure_score": 0.0,
  "final_attack_score": 0.16459707795340447,
  "full_image_semantic_drop": -0.0004500150680541992,
  "geometry_excess_penalty": 0.0,
  "geometry_excess_penalty_weight": 1.0,
  "identity_or_face_health_available": false,
  "input_damage_penalty": 0.0,
  "input_damage_penalty_weight": 3.0,
  "input_l2": 0.016770081684487747,
  "input_max_abs": 0.6705882549285889,
  "input_mean_abs": 0.005025248043239117,
  "input_preservation_score": 0.7076016664505004,
  "input_psnr": 35.50929644014318,
  "input_ssim": 0.97076016664505,
  "left_crop_clean_margin": 0.027460142970085144,
  "left_crop_perturbed_margin": 0.02640661597251892,
  "left_crop_semantic_drop": 0.0010535269975662231,
  "max_disp_px_budget": 6.0,
  "mean_crop_margin": 0.009108558297157288,
  "mean_crop_semantic_drop": 0.007861708601315817,
  "min_crop_margin": -0.0037645548582077026,
  "min_crop_semantic_drop": 0.0010535269975662231,
  "output_disruption_score": 0.16459707795340447,
  "output_disruption_weight": 1.0,
  "output_l2": 0.027212094214455855,
  "output_max_abs": 0.9176470637321472,
  "output_mean_abs": 0.010214470326900482,
  "output_psnr": 31.304760681652994,
  "output_ssim": 0.944251298904419,
  "perturbed_clip_positive_margin": 0.05601982772350311,
  "perturbed_semantic_success_score": 0.05601982772350311,
  "phase2_final_score": 0.16459707795340447,
  "phase2_output_disruption": 0.16459707795340447,
  "phase2_score_formula": "4.0*max(0,semantic_drop)+1.0*output_disruption-3.0*input_damage_penalty-1.0*geometry_excess_penalty",
  "right_crop_clean_margin": 0.025357991456985474,
  "right_crop_perturbed_margin": 0.0046836137771606445,
  "right_crop_semantic_drop": 0.02067437767982483,
  "semantic_drop": -0.0004500150680541992,
  "semantic_drop_weight": 4.0,
  "target_input_ssim": 0.9,
  "top_crop_clean_margin": -0.0019073337316513062,
  "top_crop_perturbed_margin": -0.0037645548582077026,
  "top_crop_semantic_drop": 0.0018572211265563965
}
