{
  "displacement": {
    "budget_max_disp_px": 6.0,
    "max_disp_px": 4.527646541595459,
    "max_disp_px_budget": 6.0,
    "mean_disp_px": 0.2621968686580658,
    "p95_disp_px": 2.1521754264831543,
    "target_input_ssim": 0.9
  },
  "input": {
    "l2": 0.019642990815615248,
    "max_abs": 0.7921568751335144,
    "mean_abs": 0.0034036177676171064,
    "psnr": 34.13584772830411,
    "ssim": 0.977843701839447
  },
  "output": {
    "l2": 0.021325497252507777,
    "max_abs": 0.364705890417099,
    "mean_abs": 0.009730231948196888,
    "psnr": 33.4220166695605,
    "ssim": 0.9433558583259583
  }
}
