{
  "clean_clip_positive_margin": 0.055569812655448914,
  "clean_semantic_success_score": 0.055569812655448914,
  "clip_available": true,
  "clip_semantic_drop": 0.0033811330795288086,
  "clip_warning": null,
  "crop_clip_available": true,
  "crop_clip_warning": null,
  "decision_label": "reject_input_damage",
  "decision_reasons": [
    "input_ssim_below_target:0.8320<0.8800",
    "semantic_drop_small:0.0034"
  ],
  "edit_failure_score": 0.0033811330795288086,
  "final_attack_score": -0.9014962393280733,
  "full_image_semantic_drop": 0.0033811330795288086,
  "geometry_excess_penalty": 0.0,
  "geometry_excess_penalty_weight": 0.75,
  "identity_or_face_health_available": false,
  "input_damage_penalty": 0.38397888183593754,
  "input_damage_penalty_weight": 3.0,
  "input_l2": 0.049974814792454934,
  "input_max_abs": 0.8078431487083435,
  "input_mean_abs": 0.024800850078463554,
  "input_preservation_score": 0.0,
  "input_psnr": 26.02497613419746,
  "input_ssim": 0.8320026397705078,
  "left_crop_clean_margin": 0.027460142970085144,
  "left_crop_perturbed_margin": 0.02645646035671234,
  "left_crop_semantic_drop": 0.0010036826133728027,
  "max_disp_px_budget": 8.0,
  "mean_crop_margin": 0.010861128568649292,
  "mean_crop_semantic_drop": 0.0061091383298238116,
  "min_crop_margin": -0.0010704398155212402,
  "min_crop_semantic_drop": -0.0008368939161300659,
  "output_disruption_score": 0.4467826830870177,
  "output_disruption_weight": 0.5,
  "output_l2": 0.06160552172676388,
  "output_max_abs": 0.8980392217636108,
  "output_mean_abs": 0.03115747682750225,
  "output_psnr": 24.207607202168763,
  "output_ssim": 0.7996394038200378,
  "perturbed_clip_positive_margin": 0.052188679575920105,
  "perturbed_semantic_success_score": 0.052188679575920105,
  "phase2_final_score": -0.9014962393280733,
  "phase2_output_disruption": 0.4467826830870177,
  "phase2_score_formula": "8.0*max(0,semantic_drop)+0.5*output_disruption-3.0*input_damage_penalty-0.75*geometry_excess_penalty",
  "phase4_budget_name": "strong",
  "phase4_final_score": -0.9014962393280733,
  "phase4_score_formula": "8.0*max(0,semantic_drop)+0.5*output_disruption-3.0*input_damage_penalty-0.75*geometry_excess_penalty",
  "right_crop_clean_margin": 0.025357991456985474,
  "right_crop_perturbed_margin": 0.007197365164756775,
  "right_crop_semantic_drop": 0.0181606262922287,
  "semantic_drop": 0.0033811330795288086,
  "semantic_drop_weight": 8.0,
  "target_input_ssim": 0.88,
  "top_crop_clean_margin": -0.0019073337316513062,
  "top_crop_perturbed_margin": -0.0010704398155212402,
  "top_crop_semantic_drop": -0.0008368939161300659
}
