{
  "budget": "existence_probe",
  "budget_max_disp_px": 14.0,
  "candidate_folder_abs": "/home/interns/Desktop/mat/phase4/outputs/phase4a_existence_probe/cases/face_002/igs_1p50/add_black_sunglasses/existence_probe/seed_00/candidates/cand_071_g04_m11",
  "candidate_index": 71,
  "candidate_name": "cand_071_g04_m11",
  "case_id": "face_002__add_black_sunglasses__igs_1p50",
  "elapsed_seconds": 2.375734904780984,
  "face_id": "face_002",
  "generation": 4,
  "geometry_method": "landmark_piecewise_affine",
  "guidance_scale": 7.5,
  "image_guidance_scale": 1.5,
  "initial_candidate": false,
  "input_l2": 0.036282421339477004,
  "input_max_abs": 0.9450980424880981,
  "input_mean_abs": 0.018260370939970016,
  "input_psnr": 28.806074752368932,
  "input_ssim": 0.8511147499084473,
  "max_disp_px": 8.555188179016113,
  "max_disp_px_budget": 14.0,
  "mean_disp_px": 1.9330031871795654,
  "member": 11,
  "output_l2": 0.0463582327864001,
  "output_max_abs": 0.8784313797950745,
  "output_mean_abs": 0.0236289594322443,
  "output_psnr": 26.67746256104687,
  "output_ssim": 0.8244145512580872,
  "p95_disp_px": 5.5697526931762695,
  "phase": "phase4a_existence_probe",
  "prompt": "add black sunglasses",
  "prompt_slug": "add_black_sunglasses",
  "prompt_type": "glasses",
  "seed": 42101,
  "target_input_ssim": 0.78,
  "theta_names": [
    "scale_logit",
    "action_eye_spread",
    "action_eye_compress",
    "action_eye_squint",
    "action_eye_raise_left",
    "action_eye_raise_right",
    "action_nose_bridge_shift_x",
    "action_asymmetry_twist"
  ],
  "theta_values": [
    1.4613289833068848,
    0.6303301453590393,
    0.36034515500068665,
    0.36820489168167114,
    0.33351930975914,
    -0.11387751996517181,
    1.343721866607666,
    -1.1540873050689697
  ]
}
