{
  "displacement": {
    "budget_max_disp_px": 4.0,
    "max_disp_px": 3.030316114425659,
    "max_disp_px_budget": 4.0,
    "mean_disp_px": 0.20907753705978394,
    "p95_disp_px": 2.051027774810791,
    "target_input_ssim": 0.94
  },
  "input": {
    "l2": 0.012557029108473498,
    "max_abs": 0.4431372880935669,
    "mean_abs": 0.0025172114837914705,
    "psnr": 38.022261980152635,
    "ssim": 0.9793739318847656
  },
  "output": {
    "l2": 0.01825865385784153,
    "max_abs": 0.7372549176216125,
    "mean_abs": 0.004131636582314968,
    "psnr": 34.77062489053796,
    "ssim": 0.9761977195739746
  }
}
