{
  "action_names": [
    "face_side_push_left",
    "face_side_push_right",
    "head_top_raise",
    "head_top_lower",
    "jaw_expand",
    "jaw_compress",
    "asymmetry_twist"
  ],
  "action_strength": 0.72,
  "action_values": {
    "asymmetry_twist": 0.80158408507033,
    "face_side_push_left": -0.8271007168438199,
    "face_side_push_right": -0.2706678867268719,
    "head_top_lower": -0.9615162287240642,
    "head_top_raise": 0.34804719849289334,
    "jaw_compress": -0.11243522319145978,
    "jaw_expand": 0.784193776506421
  },
  "active_actions": {
    "asymmetry_twist": 0.80158408507033,
    "face_side_push_left": -0.8271007168438199,
    "face_side_push_right": -0.2706678867268719,
    "head_top_lower": -0.9615162287240642,
    "head_top_raise": 0.34804719849289334,
    "jaw_compress": -0.11243522319145978,
    "jaw_expand": 0.784193776506421
  },
  "active_anchor_count": 7,
  "control_point_count": 15,
  "geometry_method": "landmark_piecewise_affine",
  "landmark_count": 478,
  "landmark_detector": "mediapipe_python_solutions_face_mesh",
  "max_disp_px_budget": 14.0,
  "require_real_landmarks": true,
  "scale_factor": 0.9745614172890145,
  "source_control_points": [
    [
      145.79103088378906,
      230.60910034179688
    ],
    [
      140.35040283203125,
      227.01690673828125
    ],
    [
      383.8033447265625,
      230.60910034179688
    ],
    [
      383.8033447265625,
      227.01690673828125
    ],
    [
      232.58563232421875,
      83.65425109863281
    ],
    [
      185.86373901367188,
      332.8659362792969
    ],
    [
      370.30474853515625,
      332.8659362792969
    ],
    [
      0.0,
      0.0
    ],
    [
      511.0,
      0.0
    ],
    [
      0.0,
      511.0
    ],
    [
      511.0,
      511.0
    ],
    [
      256.0,
      0.0
    ],
    [
      256.0,
      511.0
    ],
    [
      0.0,
      256.0
    ],
    [
      511.0,
      256.0
    ]
  ],
  "target_control_points": [
    [
      154.12820434570312,
      222.5291290283203
    ],
    [
      146.60328674316406,
      227.01690673828125
    ],
    [
      381.07501220703125,
      238.68907165527344
    ],
    [
      381.7571105957031,
      227.01690673828125
    ],
    [
      232.58563232421875,
      70.45384979248047
    ],
    [
      176.82571411132812,
      328.8259582519531
    ],
    [
      379.3427734375,
      336.9059143066406
    ],
    [
      0.0,
      0.0
    ],
    [
      511.0,
      0.0
    ],
    [
      0.0,
      511.0
    ],
    [
      511.0,
      511.0
    ],
    [
      256.0,
      0.0
    ],
    [
      256.0,
      511.0
    ],
    [
      0.0,
      256.0
    ],
    [
      511.0,
      256.0
    ]
  ],
  "tps_regularization": 0.0001
}
