{
  "geometry_info": {
    "action_names": [
      "jaw_expand",
      "jaw_compress",
      "chin_raise",
      "chin_lower",
      "mouth_width_expand",
      "lower_face_shift"
    ],
    "action_strength": 0.72,
    "action_values": {
      "chin_lower": 0.4972524572779706,
      "chin_raise": -0.3133919124430408,
      "jaw_compress": -0.26746405395785194,
      "jaw_expand": -0.024374117863323136,
      "lower_face_shift": 0.23518990701077122,
      "mouth_width_expand": 0.4563709582896435
    },
    "active_actions": {
      "chin_lower": 0.4972524572779706,
      "chin_raise": -0.3133919124430408,
      "jaw_compress": -0.26746405395785194,
      "jaw_expand": -0.024374117863323136,
      "lower_face_shift": 0.23518990701077122,
      "mouth_width_expand": 0.4563709582896435
    },
    "active_anchor_count": 6,
    "control_point_count": 14,
    "geometry_method": "landmark_semantic_tps",
    "max_disp_px_budget": 8.0,
    "scale_factor": 0.580011344772096,
    "source_control_points": [
      [
        174.0800018310547,
        394.239990234375
      ],
      [
        337.9200134277344,
        394.239990234375
      ],
      [
        256.0,
        419.8399963378906
      ],
      [
        256.0,
        376.32000732421875
      ],
      [
        204.8000030517578,
        335.3599853515625
      ],
      [
        307.20001220703125,
        335.3599853515625
      ],
      [
        0.0,
        0.0
      ],
      [
        511.0,
        0.0
      ],
      [
        0.0,
        511.0
      ],
      [
        511.0,
        511.0
      ],
      [
        256.0,
        0.0
      ],
      [
        256.0,
        511.0
      ],
      [
        0.0,
        256.0
      ],
      [
        511.0,
        256.0
      ]
    ],
    "target_control_points": [
      [
        172.6798095703125,
        394.239990234375
      ],
      [
        339.3202209472656,
        394.239990234375
      ],
      [
        257.0160217285156,
        424.5093078613281
      ],
      [
        257.3547058105469,
        378.6546630859375
      ],
      [
        202.1713104248047,
        335.3599853515625
      ],
      [
        309.8287048339844,
        335.3599853515625
      ],
      [
        0.0,
        0.0
      ],
      [
        511.0,
        0.0
      ],
      [
        0.0,
        511.0
      ],
      [
        511.0,
        511.0
      ],
      [
        256.0,
        0.0
      ],
      [
        256.0,
        511.0
      ],
      [
        0.0,
        256.0
      ],
      [
        511.0,
        256.0
      ]
    ],
    "tps_regularization": 0.0001
  },
  "names": [
    "scale_logit",
    "action_jaw_expand",
    "action_jaw_compress",
    "action_chin_raise",
    "action_chin_lower",
    "action_mouth_width_expand",
    "action_lower_face_shift"
  ],
  "values": [
    -0.05001329630613327,
    -0.04204828292131424,
    -0.49875301122665405,
    -0.604607880115509,
    1.2831240892410278,
    1.0630570650100708,
    0.4302041530609131
  ]
}
