{
  "budget": "strong",
  "budget_max_disp_px": 6.0,
  "candidate_folder_abs": "/home/interns/Desktop/mat/phase2/outputs/phase2c_probe/semantic_heavy_cem/headphones_full/strong/seed_00/candidates/cand_052_g04_m04",
  "candidate_index": 52,
  "candidate_name": "cand_052_g04_m04",
  "dct_modes": [
    [
      1,
      0
    ],
    [
      0,
      1
    ],
    [
      1,
      1
    ],
    [
      2,
      0
    ],
    [
      0,
      2
    ],
    [
      2,
      1
    ]
  ],
  "elapsed_seconds": 5.106423893943429,
  "generation": 4,
  "geometry_method": "region_local_tps",
  "initial_candidate": false,
  "input_l2": 0.01435305028041818,
  "input_max_abs": 0.6000000238418579,
  "input_mean_abs": 0.004793883766978979,
  "input_psnr": 36.86111587521227,
  "input_ssim": 0.9558332562446594,
  "max_disp_px": 1.8937246799468994,
  "max_disp_px_budget": 6.0,
  "mean_disp_px": 0.390006422996521,
  "member": 4,
  "mesh_size": 4,
  "output_l2": 0.022881496724211983,
  "output_max_abs": 0.7607843279838562,
  "output_mean_abs": 0.010271321050822735,
  "output_psnr": 32.810311417679735,
  "output_ssim": 0.9394173622131348,
  "p95_disp_px": 1.6563371419906616,
  "phase": "phase2c_probe",
  "prompt": "add headphones",
  "prompt_priority": 1,
  "prompt_slug": "add_headphones",
  "region_count": 3,
  "region_key": "headphones_full",
  "scale_factor": 0.32206201553344727,
  "seed": 24001,
  "target_input_ssim": 0.9,
  "tps_size": 4
}
