{
  "displacement": {
    "budget_max_disp_px": 14.0,
    "max_disp_px": 6.602433204650879,
    "max_disp_px_budget": 14.0,
    "mean_disp_px": 1.599475622177124,
    "p95_disp_px": 5.168241024017334,
    "target_input_ssim": 0.78
  },
  "input": {
    "l2": 0.03862611231593055,
    "max_abs": 0.886274516582489,
    "mean_abs": 0.014431692659854889,
    "psnr": 28.26238002022752,
    "ssim": 0.8726756572723389
  },
  "output": {
    "l2": 0.052669253141041074,
    "max_abs": 0.8941176533699036,
    "mean_abs": 0.022634660825133324,
    "psnr": 25.568856799368067,
    "ssim": 0.8537294864654541
  }
}
