{
  "attack_score": 0.1181118792769454,
  "input_damage_penalty": 0.0,
  "normalized_output_l2": 0.0649197406050704,
  "output_disruption": 0.1181118792769454
}
