{
  "clean_clip_positive_margin": 0.027842342853546143,
  "clean_semantic_success_score": 0.027842342853546143,
  "clip_available": true,
  "clip_semantic_drop": -0.002927452325820923,
  "clip_warning": null,
  "crop_clip_available": true,
  "crop_clip_warning": null,
  "decision_label": "reject_input_damage",
  "decision_reasons": [
    "input_ssim_below_target:0.9327<0.9400",
    "semantic_drop_nonpositive:-0.0029"
  ],
  "edit_failure_score": 0.0,
  "final_attack_score": -0.12458316686263714,
  "full_image_semantic_drop": -0.002927452325820923,
  "geometry_excess_penalty": 0.0,
  "geometry_excess_penalty_weight": 0.75,
  "identity_or_face_health_available": false,
  "input_damage_penalty": 0.058307189941405824,
  "input_damage_penalty_weight": 3.0,
  "input_l2": 0.022512988492820386,
  "input_max_abs": 0.843137264251709,
  "input_mean_abs": 0.00702574523165822,
  "input_preservation_score": 0.0,
  "input_psnr": 32.9513370126567,
  "input_ssim": 0.9327116012573242,
  "left_crop_clean_margin": 0.02535329759120941,
  "left_crop_perturbed_margin": 0.022105127573013306,
  "left_crop_semantic_drop": 0.003248170018196106,
  "max_disp_px_budget": 4.0,
  "mean_crop_margin": 0.014648422598838806,
  "mean_crop_semantic_drop": 0.0034628460804621377,
  "min_crop_margin": 0.002558186650276184,
  "min_crop_semantic_drop": 0.0021995753049850464,
  "output_disruption_score": 0.20135361184632133,
  "output_disruption_weight": 0.25,
  "output_l2": 0.030327872012941414,
  "output_max_abs": 0.6941176652908325,
  "output_mean_abs": 0.013284831307828426,
  "output_psnr": 30.3631612269942,
  "output_ssim": 0.9199578762054443,
  "perturbed_clip_positive_margin": 0.030769795179367065,
  "perturbed_semantic_success_score": 0.030769795179367065,
  "phase2_final_score": -0.12458316686263714,
  "phase2_output_disruption": 0.20135361184632133,
  "phase2_score_formula": "8.0*max(0,semantic_drop)+0.25*output_disruption-3.0*input_damage_penalty-0.75*geometry_excess_penalty",
  "right_crop_clean_margin": 0.021481528878211975,
  "right_crop_perturbed_margin": 0.01928195357322693,
  "right_crop_semantic_drop": 0.0021995753049850464,
  "semantic_drop": -0.002927452325820923,
  "semantic_drop_weight": 8.0,
  "target_input_ssim": 0.94,
  "top_crop_clean_margin": 0.007498979568481445,
  "top_crop_perturbed_margin": 0.002558186650276184,
  "top_crop_semantic_drop": 0.004940792918205261
}
