{
  "clean_clip_positive_margin": 0.027842342853546143,
  "clean_semantic_success_score": 0.027842342853546143,
  "clip_available": true,
  "clip_semantic_drop": 0.004183739423751831,
  "clip_warning": null,
  "crop_clip_available": true,
  "crop_clip_warning": null,
  "decision_label": "metric_only_candidate",
  "decision_reasons": [
    "semantic_drop_small:0.0042",
    "semantic_drop_small:0.0042"
  ],
  "edit_failure_score": 0.004183739423751831,
  "final_attack_score": 0.05678514991834393,
  "full_image_semantic_drop": 0.004183739423751831,
  "geometry_excess_penalty": 0.0,
  "geometry_excess_penalty_weight": 0.75,
  "identity_or_face_health_available": false,
  "input_damage_penalty": 0.0,
  "input_damage_penalty_weight": 3.0,
  "input_l2": 0.007724190914569281,
  "input_max_abs": 0.18039216101169586,
  "input_mean_abs": 0.0017816131003201008,
  "input_preservation_score": 0.8328119516372681,
  "input_psnr": 42.242940010853154,
  "input_ssim": 0.9832811951637268,
  "left_crop_clean_margin": 0.02535329759120941,
  "left_crop_perturbed_margin": 0.024115338921546936,
  "left_crop_semantic_drop": 0.0012379586696624756,
  "max_disp_px_budget": 6.0,
  "mean_crop_margin": 0.016733333468437195,
  "mean_crop_semantic_drop": 0.0013779352108637493,
  "min_crop_margin": 0.004903420805931091,
  "min_crop_semantic_drop": 0.00030028820037841797,
  "output_disruption_score": 0.09326093811331712,
  "output_disruption_weight": 0.25,
  "output_l2": 0.01491004084184399,
  "output_max_abs": 0.46274513006210327,
  "output_mean_abs": 0.0059221298433840275,
  "output_psnr": 36.53042333836709,
  "output_ssim": 0.9663792252540588,
  "perturbed_clip_positive_margin": 0.02365860342979431,
  "perturbed_semantic_success_score": 0.02365860342979431,
  "phase2_final_score": 0.05678514991834393,
  "phase2_output_disruption": 0.09326093811331712,
  "phase2_score_formula": "8.0*max(0,semantic_drop)+0.25*output_disruption-3.0*input_damage_penalty-0.75*geometry_excess_penalty",
  "right_crop_clean_margin": 0.021481528878211975,
  "right_crop_perturbed_margin": 0.021181240677833557,
  "right_crop_semantic_drop": 0.00030028820037841797,
  "semantic_drop": 0.004183739423751831,
  "semantic_drop_weight": 8.0,
  "target_input_ssim": 0.9,
  "top_crop_clean_margin": 0.007498979568481445,
  "top_crop_perturbed_margin": 0.004903420805931091,
  "top_crop_semantic_drop": 0.002595558762550354
}
