{
  "displacement": {
    "budget_max_disp_px": 4.0,
    "max_disp_px": 2.2886276245117188,
    "max_disp_px_budget": 4.0,
    "mean_disp_px": 0.22983647882938385,
    "p95_disp_px": 1.5659332275390625,
    "target_input_ssim": 0.94
  },
  "input": {
    "l2": 0.009845911738999328,
    "max_abs": 0.345098078250885,
    "mean_abs": 0.002226387383416295,
    "psnr": 40.134881233214,
    "ssim": 0.983736515045166
  },
  "output": {
    "l2": 0.01633900256542875,
    "max_abs": 0.30980393290519714,
    "mean_abs": 0.0075744581408798695,
    "psnr": 35.735489180738035,
    "ssim": 0.9622899889945984
  }
}
