{
  "budget": "existence_probe",
  "budget_max_disp_px": 14.0,
  "candidate_folder_abs": "/home/interns/Desktop/mat/phase4/outputs/phase4c_real_landmark_sanity/cases/face_002/igs_1p00/add_headphones/existence_probe/seed_00/candidates/cand_024_g02_m12",
  "candidate_index": 24,
  "candidate_name": "cand_024_g02_m12",
  "case_id": "face_002__add_headphones__igs_1p00",
  "elapsed_seconds": 4.064753362908959,
  "face_id": "face_002",
  "generation": 2,
  "geometry_method": "landmark_piecewise_affine",
  "guidance_scale": 7.5,
  "image_guidance_scale": 1.0,
  "initial_candidate": false,
  "input_l2": 0.03477866840260653,
  "input_max_abs": 0.6313725709915161,
  "input_mean_abs": 0.016570953652262688,
  "input_psnr": 29.1737410035787,
  "input_ssim": 0.8572388291358948,
  "landmark_count": 478,
  "landmark_detector": "mediapipe_python_solutions_face_mesh",
  "max_disp_px": 3.282257080078125,
  "max_disp_px_budget": 14.0,
  "mean_disp_px": 0.8549129962921143,
  "member": 12,
  "output_l2": 0.05842589933525385,
  "output_max_abs": 0.8627451062202454,
  "output_mean_abs": 0.024754637852311134,
  "output_psnr": 24.667891877959182,
  "output_ssim": 0.8571861386299133,
  "p95_disp_px": 2.3678126335144043,
  "phase": "phase4c_real_landmark_sanity",
  "prompt": "add headphones",
  "prompt_slug": "add_headphones",
  "prompt_type": "headphones",
  "real_landmarks": true,
  "seed": 43101,
  "target_input_ssim": 0.78,
  "theta_names": [
    "scale_logit",
    "action_face_side_push_left",
    "action_face_side_push_right",
    "action_head_top_raise",
    "action_head_top_lower",
    "action_jaw_expand",
    "action_jaw_compress",
    "action_asymmetry_twist"
  ],
  "theta_values": [
    -0.9694139361381531,
    -0.5987178683280945,
    -0.7969929575920105,
    -2.472780466079712,
    -1.8375086784362793,
    -0.40176236629486084,
    0.7907659411430359,
    0.513519823551178
  ]
}
