{
  "geometry_info": {
    "action_names": [
      "face_side_push_left",
      "face_side_push_right",
      "head_top_raise",
      "head_top_lower",
      "jaw_expand",
      "jaw_compress",
      "asymmetry_twist"
    ],
    "action_strength": 0.72,
    "action_values": {
      "asymmetry_twist": -0.13904226553350424,
      "face_side_push_left": 0.2082933187277021,
      "face_side_push_right": -0.07257192597234122,
      "head_top_lower": 0.048002900474382465,
      "head_top_raise": 0.05434289075939513,
      "jaw_compress": -0.09286811773823456,
      "jaw_expand": -0.15736037920487472
    },
    "active_actions": {
      "asymmetry_twist": -0.13904226553350424,
      "face_side_push_left": 0.2082933187277021,
      "face_side_push_right": -0.07257192597234122,
      "head_top_lower": 0.048002900474382465,
      "head_top_raise": 0.05434289075939513,
      "jaw_compress": -0.09286811773823456,
      "jaw_expand": -0.15736037920487472
    },
    "active_anchor_count": 7,
    "control_point_count": 15,
    "geometry_method": "landmark_piecewise_affine",
    "max_disp_px_budget": 14.0,
    "scale_factor": 0.24586673342494936,
    "source_control_points": [
      [
        112.63999938964844,
        248.3199920654297
      ],
      [
        112.63999938964844,
        253.44000244140625
      ],
      [
        399.3599853515625,
        248.3199920654297
      ],
      [
        399.3599853515625,
        253.44000244140625
      ],
      [
        256.0,
        87.04000091552734
      ],
      [
        174.0800018310547,
        394.239990234375
      ],
      [
        337.9200134277344,
        394.239990234375
      ],
      [
        0.0,
        0.0
      ],
      [
        511.0,
        0.0
      ],
      [
        0.0,
        511.0
      ],
      [
        511.0,
        511.0
      ],
      [
        256.0,
        0.0
      ],
      [
        256.0,
        511.0
      ],
      [
        0.0,
        256.0
      ],
      [
        511.0,
        256.0
      ]
    ],
    "target_control_points": [
      [
        110.5404052734375,
        249.72154235839844
      ],
      [
        111.06529998779297,
        253.44000244140625
      ],
      [
        398.6284484863281,
        246.91844177246094
      ],
      [
        398.81134033203125,
        253.44000244140625
      ],
      [
        256.0,
        86.9760971069336
      ],
      [
        174.73008728027344,
        394.9407653808594
      ],
      [
        337.2699279785156,
        393.5392150878906
      ],
      [
        0.0,
        0.0
      ],
      [
        511.0,
        0.0
      ],
      [
        0.0,
        511.0
      ],
      [
        511.0,
        511.0
      ],
      [
        256.0,
        0.0
      ],
      [
        256.0,
        511.0
      ],
      [
        0.0,
        256.0
      ],
      [
        511.0,
        256.0
      ]
    ],
    "tps_regularization": 0.0001
  },
  "names": [
    "scale_logit",
    "action_face_side_push_left",
    "action_face_side_push_right",
    "action_head_top_raise",
    "action_head_top_lower",
    "action_jaw_expand",
    "action_jaw_compress",
    "action_asymmetry_twist"
  ],
  "values": [
    -1.3999145030975342,
    1.2460764646530151,
    -0.3042178153991699,
    0.2247343361377716,
    0.197778582572937,
    -0.7582128047943115,
    -0.3973943889141083,
    -0.6409099698066711
  ]
}
