{
  "clean_clip_positive_margin": 0.027842342853546143,
  "clean_semantic_success_score": 0.027842342853546143,
  "clip_available": true,
  "clip_semantic_drop": -0.0030249357223510742,
  "clip_warning": null,
  "crop_clip_available": true,
  "crop_clip_warning": null,
  "decision_label": "reject_input_damage",
  "decision_reasons": [
    "input_ssim_below_target:0.9252<0.9400",
    "semantic_drop_nonpositive:-0.0030"
  ],
  "edit_failure_score": 0.0,
  "final_attack_score": -0.3017309780160542,
  "full_image_semantic_drop": -0.0030249357223510742,
  "geometry_excess_penalty": 0.0,
  "geometry_excess_penalty_weight": 0.75,
  "identity_or_face_health_available": false,
  "input_damage_penalty": 0.11803533554077106,
  "input_damage_penalty_weight": 3.0,
  "input_l2": 0.02341057552128963,
  "input_max_abs": 0.5098039507865906,
  "input_mean_abs": 0.007418034598231316,
  "input_preservation_score": 0.0,
  "input_psnr": 32.61175819112692,
  "input_ssim": 0.9252455830574036,
  "left_crop_clean_margin": 0.02535329759120941,
  "left_crop_perturbed_margin": 0.02328544855117798,
  "left_crop_semantic_drop": 0.002067849040031433,
  "max_disp_px_budget": 4.0,
  "mean_crop_margin": 0.01350987950960795,
  "mean_crop_semantic_drop": 0.004601389169692993,
  "min_crop_margin": -0.005338415503501892,
  "min_crop_semantic_drop": -0.001101076602935791,
  "output_disruption_score": 0.20950011442503588,
  "output_disruption_weight": 0.25,
  "output_l2": 0.03074201452335034,
  "output_max_abs": 0.7333333492279053,
  "output_mean_abs": 0.013809232972562313,
  "output_psnr": 30.24535353197067,
  "output_ssim": 0.9134679436683655,
  "perturbed_clip_positive_margin": 0.030867278575897217,
  "perturbed_semantic_success_score": 0.030867278575897217,
  "phase2_final_score": -0.3017309780160542,
  "phase2_output_disruption": 0.20950011442503588,
  "phase2_score_formula": "8.0*max(0,semantic_drop)+0.25*output_disruption-3.0*input_damage_penalty-0.75*geometry_excess_penalty",
  "right_crop_clean_margin": 0.021481528878211975,
  "right_crop_perturbed_margin": 0.022582605481147766,
  "right_crop_semantic_drop": -0.001101076602935791,
  "semantic_drop": -0.0030249357223510742,
  "semantic_drop_weight": 8.0,
  "target_input_ssim": 0.94,
  "top_crop_clean_margin": 0.007498979568481445,
  "top_crop_perturbed_margin": -0.005338415503501892,
  "top_crop_semantic_drop": 0.012837395071983337
}
