{
  "geometry_info": {
    "action_names": [
      "face_side_push_left",
      "face_side_push_right",
      "head_top_raise",
      "head_top_lower",
      "jaw_expand",
      "jaw_compress",
      "asymmetry_twist"
    ],
    "action_strength": 0.72,
    "action_values": {
      "asymmetry_twist": -0.2971150822507376,
      "face_side_push_left": -0.3190421981090665,
      "face_side_push_right": -0.2702802373479766,
      "head_top_lower": 0.18983383274765117,
      "head_top_raise": -0.08876807803828615,
      "jaw_compress": -0.1740208872322121,
      "jaw_expand": -0.02193101568886623
    },
    "active_actions": {
      "asymmetry_twist": -0.2971150822507376,
      "face_side_push_left": -0.3190421981090665,
      "face_side_push_right": -0.2702802373479766,
      "head_top_lower": 0.18983383274765117,
      "head_top_raise": -0.08876807803828615,
      "jaw_compress": -0.1740208872322121,
      "jaw_expand": -0.02193101568886623
    },
    "active_anchor_count": 7,
    "control_point_count": 15,
    "geometry_method": "landmark_piecewise_affine",
    "max_disp_px_budget": 14.0,
    "scale_factor": 0.3631206825643239,
    "source_control_points": [
      [
        112.63999938964844,
        248.3199920654297
      ],
      [
        112.63999938964844,
        253.44000244140625
      ],
      [
        399.3599853515625,
        248.3199920654297
      ],
      [
        399.3599853515625,
        253.44000244140625
      ],
      [
        256.0,
        87.04000091552734
      ],
      [
        174.0800018310547,
        394.239990234375
      ],
      [
        337.9200134277344,
        394.239990234375
      ],
      [
        0.0,
        0.0
      ],
      [
        511.0,
        0.0
      ],
      [
        0.0,
        511.0
      ],
      [
        511.0,
        511.0
      ],
      [
        256.0,
        0.0
      ],
      [
        256.0,
        511.0
      ],
      [
        0.0,
        256.0
      ],
      [
        511.0,
        256.0
      ]
    ],
    "target_control_points": [
      [
        115.85594177246094,
        251.31491088867188
      ],
      [
        115.05195617675781,
        253.44000244140625
      ],
      [
        396.63555908203125,
        245.3250732421875
      ],
      [
        397.3166809082031,
        253.44000244140625
      ],
      [
        256.0,
        89.84830474853516
      ],
      [
        172.54693603515625,
        395.7374572753906
      ],
      [
        339.4530944824219,
        392.7425231933594
      ],
      [
        0.0,
        0.0
      ],
      [
        511.0,
        0.0
      ],
      [
        0.0,
        511.0
      ],
      [
        511.0,
        511.0
      ],
      [
        256.0,
        0.0
      ],
      [
        256.0,
        511.0
      ],
      [
        0.0,
        256.0
      ],
      [
        511.0,
        256.0
      ]
    ],
    "tps_regularization": 0.0001
  },
  "names": [
    "scale_logit",
    "action_face_side_push_left",
    "action_face_side_push_right",
    "action_head_top_raise",
    "action_head_top_lower",
    "action_jaw_expand",
    "action_jaw_compress",
    "action_asymmetry_twist"
  ],
  "values": [
    -0.6810449361801147,
    -1.3696483373641968,
    -0.960110604763031,
    -0.24951094388961792,
    0.5801637172698975,
    -0.06046953797340393,
    -0.5219933986663818,
    -1.1514286994934082
  ]
}
