{
  "budget": "existence_probe",
  "budget_max_disp_px": 14.0,
  "candidate_folder_abs": "/home/interns/Desktop/mat/phase4/outputs/phase4a_existence_probe/cases/face_002/igs_1p00/add_headphones/existence_probe/seed_00/candidates/cand_042_g03_m02",
  "candidate_index": 42,
  "candidate_name": "cand_042_g03_m02",
  "case_id": "face_002__add_headphones__igs_1p00",
  "elapsed_seconds": 2.4505459368228912,
  "face_id": "face_002",
  "generation": 3,
  "geometry_method": "landmark_piecewise_affine",
  "guidance_scale": 7.5,
  "image_guidance_scale": 1.0,
  "initial_candidate": false,
  "input_l2": 0.03843103313465118,
  "input_max_abs": 0.7686274647712708,
  "input_mean_abs": 0.01952805556356907,
  "input_psnr": 28.30635880634297,
  "input_ssim": 0.8315250873565674,
  "max_disp_px": 4.954614162445068,
  "max_disp_px_budget": 14.0,
  "mean_disp_px": 1.2705365419387817,
  "member": 2,
  "output_l2": 0.06497016427742514,
  "output_max_abs": 0.8901960849761963,
  "output_mean_abs": 0.02786506898701191,
  "output_psnr": 23.745720702344144,
  "output_ssim": 0.8444898128509521,
  "p95_disp_px": 3.081068277359009,
  "phase": "phase4a_existence_probe",
  "prompt": "add headphones",
  "prompt_slug": "add_headphones",
  "prompt_type": "headphones",
  "seed": 45101,
  "target_input_ssim": 0.78,
  "theta_names": [
    "scale_logit",
    "action_face_side_push_left",
    "action_face_side_push_right",
    "action_head_top_raise",
    "action_head_top_lower",
    "action_jaw_expand",
    "action_jaw_compress",
    "action_asymmetry_twist"
  ],
  "theta_values": [
    -0.6810449361801147,
    -1.3696483373641968,
    -0.960110604763031,
    -0.24951094388961792,
    0.5801637172698975,
    -0.06046953797340393,
    -0.5219933986663818,
    -1.1514286994934082
  ]
}
