{
  "clean_clip_positive_margin": 0.05116361379623413,
  "clean_semantic_success_score": 0.05116361379623413,
  "clip_available": true,
  "clip_semantic_drop": 0.004301905632019043,
  "clip_warning": null,
  "crop_clip_available": true,
  "crop_clip_warning": null,
  "decision_label": "reject_input_damage",
  "decision_reasons": [
    "input_ssim_below_target:0.7153<0.7800",
    "semantic_drop_small:0.0043"
  ],
  "edit_failure_score": 0.004301905632019043,
  "final_attack_score": -1.2538717904194718,
  "full_image_semantic_drop": 0.004301905632019043,
  "geometry_excess_penalty": 0.0,
  "geometry_excess_penalty_weight": 0.75,
  "identity_or_face_health_available": false,
  "input_damage_penalty": 0.5174710655212404,
  "input_damage_penalty_weight": 3.0,
  "input_l2": 0.05293035515578791,
  "input_max_abs": 0.8901960849761963,
  "input_mean_abs": 0.02942810021340847,
  "input_preservation_score": 0.0,
  "input_psnr": 25.52590383879114,
  "input_ssim": 0.715316116809845,
  "left_crop_clean_margin": 0.024231508374214172,
  "left_crop_perturbed_margin": 0.023028627038002014,
  "left_crop_semantic_drop": 0.0012028813362121582,
  "max_disp_px_budget": 14.0,
  "mean_crop_margin": 0.007773295044898987,
  "mean_crop_semantic_drop": 0.0043501754601796465,
  "min_crop_margin": -0.020054101943969727,
  "min_crop_semantic_drop": 0.0012028813362121582,
  "output_disruption_score": 0.5282523221761941,
  "output_disruption_weight": 0.5,
  "output_l2": 0.06955796944575904,
  "output_max_abs": 0.9333333373069763,
  "output_mean_abs": 0.03451113775372505,
  "output_psnr": 23.153062090423205,
  "output_ssim": 0.749979555606842,
  "perturbed_clip_positive_margin": 0.04686170816421509,
  "perturbed_semantic_success_score": 0.04686170816421509,
  "phase2_final_score": -1.2538717904194718,
  "phase2_output_disruption": 0.5282523221761941,
  "phase2_score_formula": "8.0*max(0,semantic_drop)+0.5*output_disruption-3.0*input_damage_penalty-0.75*geometry_excess_penalty",
  "phase4_budget_name": "existence_probe",
  "phase4_final_score": -1.2538717904194718,
  "phase4_score_formula": "8.0*max(0,semantic_drop)+0.5*output_disruption-3.0*input_damage_penalty-0.75*geometry_excess_penalty",
  "right_crop_clean_margin": 0.025431424379348755,
  "right_crop_perturbed_margin": 0.020345360040664673,
  "right_crop_semantic_drop": 0.005086064338684082,
  "semantic_drop": 0.004301905632019043,
  "semantic_drop_weight": 8.0,
  "target_input_ssim": 0.78,
  "top_crop_clean_margin": -0.013292521238327026,
  "top_crop_perturbed_margin": -0.020054101943969727,
  "top_crop_semantic_drop": 0.0067615807056427
}
