{
  "displacement": {
    "budget_max_disp_px": 8.0,
    "max_disp_px": 3.0696959495544434,
    "max_disp_px_budget": 8.0,
    "mean_disp_px": 0.24998898804187775,
    "p95_disp_px": 1.9801491498947144,
    "target_input_ssim": 0.86
  },
  "input": {
    "l2": 0.01002629299643534,
    "max_abs": 0.7843137383460999,
    "mean_abs": 0.00180753821041435,
    "psnr": 39.977192164665134,
    "ssim": 0.9837273955345154
  },
  "output": {
    "l2": 0.01476185570853572,
    "max_abs": 0.772549033164978,
    "mean_abs": 0.005873376037925482,
    "psnr": 36.617180880992976,
    "ssim": 0.9726324081420898
  }
}
