{
  "budget": "strong",
  "budget_max_disp_px": 8.0,
  "candidate_folder_abs": "/home/interns/Desktop/mat/phase4/outputs/phase4a_existence_probe/cases/face_003/igs_1p00/add_headphones/strong/seed_00/candidates/cand_042_g03_m02",
  "candidate_index": 42,
  "candidate_name": "cand_042_g03_m02",
  "case_id": "face_003__add_headphones__igs_1p00",
  "elapsed_seconds": 2.513230849057436,
  "face_id": "face_003",
  "generation": 3,
  "geometry_method": "landmark_piecewise_affine",
  "guidance_scale": 7.5,
  "image_guidance_scale": 1.0,
  "initial_candidate": false,
  "input_l2": 0.008518241629461545,
  "input_max_abs": 0.20392157137393951,
  "input_mean_abs": 0.0037758564576506615,
  "input_psnr": 41.39300089676582,
  "input_ssim": 0.9871956706047058,
  "max_disp_px": 1.1482446193695068,
  "max_disp_px_budget": 8.0,
  "mean_disp_px": 0.26180317997932434,
  "member": 2,
  "output_l2": 0.03294769022957046,
  "output_max_abs": 0.6784313917160034,
  "output_mean_abs": 0.012040612287819386,
  "output_psnr": 29.6435005171279,
  "output_ssim": 0.9589603543281555,
  "p95_disp_px": 0.7939366698265076,
  "phase": "phase4a_existence_probe",
  "prompt": "add headphones",
  "prompt_slug": "add_headphones",
  "prompt_type": "headphones",
  "seed": 52001,
  "target_input_ssim": 0.88,
  "theta_names": [
    "scale_logit",
    "action_face_side_push_left",
    "action_face_side_push_right",
    "action_head_top_raise",
    "action_head_top_lower",
    "action_jaw_expand",
    "action_jaw_compress",
    "action_asymmetry_twist"
  ],
  "theta_values": [
    -2.0418953895568848,
    -0.15689195692539215,
    0.23941248655319214,
    -2.5,
    -1.087335467338562,
    1.1275001764297485,
    -0.12190248817205429,
    0.011163679882884026
  ]
}
