{
  "budget": "medium",
  "budget_max_disp_px": 4.0,
  "candidate_folder_abs": "/home/interns/Desktop/mat/phase3/outputs/breadth_probe/cases/face_003/igs_1p50/add_headphones/medium/seed_00/candidates/cand_001_g01_m01",
  "candidate_index": 1,
  "candidate_name": "cand_001_g01_m01",
  "dct_modes": [
    [
      1,
      0
    ],
    [
      0,
      1
    ],
    [
      1,
      1
    ],
    [
      2,
      0
    ],
    [
      0,
      2
    ],
    [
      2,
      1
    ]
  ],
  "elapsed_seconds": 4.874269964173436,
  "generation": 1,
  "geometry_method": "combined_tps_dct",
  "initial_candidate": false,
  "input_l2": 0.011001204974757395,
  "input_max_abs": 0.2666666805744171,
  "input_mean_abs": 0.003825513646006584,
  "input_psnr": 39.17119486914943,
  "input_ssim": 0.9653134346008301,
  "max_disp_px": 1.5959147214889526,
  "max_disp_px_budget": 4.0,
  "mean_disp_px": 0.2508693039417267,
  "member": 1,
  "mesh_size": 4,
  "output_l2": 0.02673880204584532,
  "output_max_abs": 0.8470588326454163,
  "output_mean_abs": 0.0091400733217597,
  "output_psnr": 31.457161078753128,
  "output_ssim": 0.9407806396484375,
  "p95_disp_px": 1.1044657230377197,
  "phase": "phase3_breadth_probe",
  "prompt": "add headphones",
  "prompt_priority": 1,
  "prompt_slug": "add_headphones",
  "region_count": 3,
  "region_key": "headphones",
  "scale_factor": 0.407530277967453,
  "seed": 38001,
  "target_input_ssim": 0.94,
  "tps_size": 4
}
