{
  "budget": "strong",
  "budget_max_disp_px": 8.0,
  "candidate_folder_abs": "/home/interns/Desktop/mat/phase4/outputs/phase4a_existence_probe/cases/face_001/igs_1p50/make_the_person_smile_slightly/strong/seed_00/candidates/cand_070_g04_m10",
  "candidate_index": 70,
  "candidate_name": "cand_070_g04_m10",
  "case_id": "face_001__make_the_person_smile_slightly__igs_1p50",
  "elapsed_seconds": 3.033196112141013,
  "face_id": "face_001",
  "generation": 4,
  "geometry_method": "landmark_semantic_tps",
  "guidance_scale": 7.5,
  "image_guidance_scale": 1.5,
  "initial_candidate": false,
  "input_l2": 0.03704555570142951,
  "input_max_abs": 0.9058823585510254,
  "input_mean_abs": 0.016917336732149124,
  "input_psnr": 28.6252777240672,
  "input_ssim": 0.8418609499931335,
  "max_disp_px": 4.755080223083496,
  "max_disp_px_budget": 8.0,
  "mean_disp_px": 1.797089695930481,
  "member": 10,
  "output_l2": 0.048331134666661425,
  "output_max_abs": 0.95686274766922,
  "output_mean_abs": 0.022374765947461128,
  "output_psnr": 26.315460176806358,
  "output_ssim": 0.8381280899047852,
  "p95_disp_px": 4.130064010620117,
  "phase": "phase4a_existence_probe",
  "prompt": "make the person smile slightly",
  "prompt_slug": "make_the_person_smile_slightly",
  "prompt_type": "smile",
  "seed": 49001,
  "target_input_ssim": 0.88,
  "theta_names": [
    "scale_logit",
    "action_mouth_corner_raise",
    "action_mouth_corner_lower",
    "action_mouth_width_expand",
    "action_mouth_width_compress",
    "action_chin_raise",
    "action_chin_lower"
  ],
  "theta_values": [
    -0.0707622766494751,
    0.34418463706970215,
    1.0383825302124023,
    -0.8852595686912537,
    0.48555073142051697,
    -1.2385934591293335,
    -1.9795238971710205
  ]
}
