{
  "budget": "existence_probe",
  "budget_max_disp_px": 14.0,
  "candidate_folder_abs": "/home/interns/Desktop/mat/phase4/outputs/phase4a_existence_probe/cases/face_003/igs_1p00/add_headphones/existence_probe/seed_00/candidates/cand_001_g01_m01",
  "candidate_index": 1,
  "candidate_name": "cand_001_g01_m01",
  "case_id": "face_003__add_headphones__igs_1p00",
  "elapsed_seconds": 2.572742987424135,
  "face_id": "face_003",
  "generation": 1,
  "geometry_method": "landmark_piecewise_affine",
  "guidance_scale": 7.5,
  "image_guidance_scale": 1.0,
  "initial_candidate": false,
  "input_l2": 0.0204904005520076,
  "input_max_abs": 0.40392157435417175,
  "input_mean_abs": 0.010293700732290745,
  "input_psnr": 33.76899103614758,
  "input_ssim": 0.9190192818641663,
  "max_disp_px": 2.5408098697662354,
  "max_disp_px_budget": 14.0,
  "mean_disp_px": 0.7086915969848633,
  "member": 1,
  "output_l2": 0.06038992096402961,
  "output_max_abs": 0.8549019694328308,
  "output_mean_abs": 0.02547546662390232,
  "output_psnr": 24.380710775579402,
  "output_ssim": 0.9009356498718262,
  "p95_disp_px": 1.8298697471618652,
  "phase": "phase4a_existence_probe",
  "prompt": "add headphones",
  "prompt_slug": "add_headphones",
  "prompt_type": "headphones",
  "seed": 52101,
  "target_input_ssim": 0.78,
  "theta_names": [
    "scale_logit",
    "action_face_side_push_left",
    "action_face_side_push_right",
    "action_head_top_raise",
    "action_head_top_lower",
    "action_jaw_expand",
    "action_jaw_compress",
    "action_asymmetry_twist"
  ],
  "theta_values": [
    -0.747635006904602,
    -0.6319780945777893,
    -0.5881935954093933,
    0.3368939459323883,
    1.3946645259857178,
    -0.316230446100235,
    -0.4516226649284363,
    -0.508012056350708
  ]
}
