{
  "action_names": [
    "jaw_expand",
    "jaw_compress",
    "chin_raise",
    "chin_lower",
    "mouth_width_expand",
    "lower_face_shift"
  ],
  "action_strength": 0.72,
  "action_values": {
    "chin_lower": 0.0064566640874110905,
    "chin_raise": -0.05574585779259922,
    "jaw_compress": -0.5348795831910295,
    "jaw_expand": 0.05509504470416587,
    "lower_face_shift": -0.2477453499480263,
    "mouth_width_expand": 0.5426872907522564
  },
  "active_actions": {
    "chin_lower": 0.0064566640874110905,
    "chin_raise": -0.05574585779259922,
    "jaw_compress": -0.5348795831910295,
    "jaw_expand": 0.05509504470416587,
    "lower_face_shift": -0.2477453499480263,
    "mouth_width_expand": 0.5426872907522564
  },
  "active_anchor_count": 6,
  "control_point_count": 14,
  "geometry_method": "landmark_piecewise_affine",
  "max_disp_px_budget": 8.0,
  "scale_factor": 0.5913027242575988,
  "source_control_points": [
    [
      174.0800018310547,
      394.239990234375
    ],
    [
      337.9200134277344,
      394.239990234375
    ],
    [
      256.0,
      419.8399963378906
    ],
    [
      256.0,
      376.32000732421875
    ],
    [
      204.8000030517578,
      335.3599853515625
    ],
    [
      307.20001220703125,
      335.3599853515625
    ],
    [
      0.0,
      0.0
    ],
    [
      511.0,
      0.0
    ],
    [
      0.0,
      511.0
    ],
    [
      511.0,
      511.0
    ],
    [
      256.0,
      0.0
    ],
    [
      256.0,
      511.0
    ],
    [
      0.0,
      256.0
    ],
    [
      511.0,
      256.0
    ]
  ],
  "target_control_points": [
    [
      170.68174743652344,
      394.239990234375
    ],
    [
      341.3182678222656,
      394.239990234375
    ],
    [
      254.9297332763672,
      420.1982727050781
    ],
    [
      254.57298278808594,
      376.4991455078125
    ],
    [
      201.6741180419922,
      335.3599853515625
    ],
    [
      310.3258972167969,
      335.3599853515625
    ],
    [
      0.0,
      0.0
    ],
    [
      511.0,
      0.0
    ],
    [
      0.0,
      511.0
    ],
    [
      511.0,
      511.0
    ],
    [
      256.0,
      0.0
    ],
    [
      256.0,
      511.0
    ],
    [
      0.0,
      256.0
    ],
    [
      511.0,
      256.0
    ]
  ],
  "tps_regularization": 0.0001
}
