{
  "clean_clip_positive_margin": 0.055569812655448914,
  "clean_semantic_success_score": 0.055569812655448914,
  "clip_available": true,
  "clip_semantic_drop": 0.0036883801221847534,
  "clip_warning": null,
  "crop_clip_available": true,
  "crop_clip_warning": null,
  "decision_label": "metric_only_candidate",
  "decision_reasons": [
    "semantic_drop_small:0.0037",
    "semantic_drop_small:0.0037",
    "semantic_drop_small:0.0037"
  ],
  "edit_failure_score": 0.0036883801221847534,
  "final_attack_score": 0.15525780555996382,
  "full_image_semantic_drop": 0.0036883801221847534,
  "geometry_excess_penalty": 0.0,
  "geometry_excess_penalty_weight": 0.75,
  "identity_or_face_health_available": false,
  "input_damage_penalty": 0.0,
  "input_damage_penalty_weight": 3.0,
  "input_l2": 0.023297956170308033,
  "input_max_abs": 0.49803921580314636,
  "input_mean_abs": 0.012338598258793354,
  "input_preservation_score": 0.36978667974472046,
  "input_psnr": 32.65364352187426,
  "input_ssim": 0.9243744015693665,
  "left_crop_clean_margin": 0.027460142970085144,
  "left_crop_perturbed_margin": 0.026948124170303345,
  "left_crop_semantic_drop": 0.0005120187997817993,
  "max_disp_px_budget": 8.0,
  "mean_crop_margin": 0.010793015360832214,
  "mean_crop_semantic_drop": 0.006177251537640889,
  "min_crop_margin": -0.0012848973274230957,
  "min_crop_semantic_drop": -0.0006224364042282104,
  "output_disruption_score": 0.2515015291649716,
  "output_disruption_weight": 0.5,
  "output_l2": 0.036093808399603196,
  "output_max_abs": 0.6509804129600525,
  "output_mean_abs": 0.018064552918076515,
  "output_psnr": 28.85134582809708,
  "output_ssim": 0.8928737044334412,
  "perturbed_clip_positive_margin": 0.05188143253326416,
  "perturbed_semantic_success_score": 0.05188143253326416,
  "phase2_final_score": 0.15525780555996382,
  "phase2_output_disruption": 0.2515015291649716,
  "phase2_score_formula": "8.0*max(0,semantic_drop)+0.5*output_disruption-3.0*input_damage_penalty-0.75*geometry_excess_penalty",
  "phase4_budget_name": "strong",
  "phase4_final_score": 0.15525780555996382,
  "phase4_score_formula": "8.0*max(0,semantic_drop)+0.5*output_disruption-3.0*input_damage_penalty-0.75*geometry_excess_penalty",
  "right_crop_clean_margin": 0.025357991456985474,
  "right_crop_perturbed_margin": 0.006715819239616394,
  "right_crop_semantic_drop": 0.01864217221736908,
  "semantic_drop": 0.0036883801221847534,
  "semantic_drop_weight": 8.0,
  "target_input_ssim": 0.88,
  "top_crop_clean_margin": -0.0019073337316513062,
  "top_crop_perturbed_margin": -0.0012848973274230957,
  "top_crop_semantic_drop": -0.0006224364042282104
}
