{
  "budget": "strong",
  "budget_max_disp_px": 6.0,
  "candidate_folder_abs": "/home/interns/Desktop/mat/phase3/outputs/breadth_probe/cases/face_003/igs_1p50/add_headphones/strong/seed_00/candidates/cand_015_g02_m07",
  "candidate_index": 15,
  "candidate_name": "cand_015_g02_m07",
  "dct_modes": [
    [
      1,
      0
    ],
    [
      0,
      1
    ],
    [
      1,
      1
    ],
    [
      2,
      0
    ],
    [
      0,
      2
    ],
    [
      2,
      1
    ]
  ],
  "elapsed_seconds": 5.17063232883811,
  "generation": 2,
  "geometry_method": "region_local_dct",
  "initial_candidate": false,
  "input_l2": 0.024035684295900386,
  "input_max_abs": 0.6000000238418579,
  "input_mean_abs": 0.008009274490177631,
  "input_psnr": 32.38287017991988,
  "input_ssim": 0.9203823208808899,
  "max_disp_px": 4.899267673492432,
  "max_disp_px_budget": 6.0,
  "mean_disp_px": 0.6498058438301086,
  "member": 7,
  "mesh_size": 4,
  "output_l2": 0.04396345505794199,
  "output_max_abs": 0.9215686321258545,
  "output_mean_abs": 0.014540278352797031,
  "output_psnr": 27.138163680004975,
  "output_ssim": 0.8972797989845276,
  "p95_disp_px": 2.8136565685272217,
  "phase": "phase3_breadth_probe",
  "prompt": "add headphones",
  "prompt_priority": 1,
  "prompt_slug": "add_headphones",
  "region_count": 3,
  "region_key": "headphones",
  "scale_factor": 0.9414913654327393,
  "seed": 38101,
  "target_input_ssim": 0.9,
  "tps_size": 4
}
