{
  "action_names": [
    "face_side_push_left",
    "face_side_push_right",
    "head_top_raise",
    "head_top_lower",
    "jaw_expand",
    "jaw_compress",
    "asymmetry_twist"
  ],
  "action_strength": 0.72,
  "action_values": {
    "asymmetry_twist": -0.02247019249498552,
    "face_side_push_left": 0.6931769678237545,
    "face_side_push_right": 0.29864986719369013,
    "head_top_lower": 0.7814192585678797,
    "head_top_raise": 0.7380501108932407,
    "jaw_compress": -0.5063948307321656,
    "jaw_expand": 0.5681683193789536
  },
  "active_actions": {
    "asymmetry_twist": -0.02247019249498552,
    "face_side_push_left": 0.6931769678237545,
    "face_side_push_right": 0.29864986719369013,
    "head_top_lower": 0.7814192585678797,
    "head_top_raise": 0.7380501108932407,
    "jaw_compress": -0.5063948307321656,
    "jaw_expand": 0.5681683193789536
  },
  "active_anchor_count": 7,
  "control_point_count": 15,
  "geometry_method": "landmark_semantic_tps",
  "max_disp_px_budget": 8.0,
  "scale_factor": 0.7961796717868723,
  "source_control_points": [
    [
      112.63999938964844,
      248.3199920654297
    ],
    [
      112.63999938964844,
      253.44000244140625
    ],
    [
      399.3599853515625,
      248.3199920654297
    ],
    [
      399.3599853515625,
      253.44000244140625
    ],
    [
      256.0,
      87.04000091552734
    ],
    [
      174.0800018310547,
      394.239990234375
    ],
    [
      337.9200134277344,
      394.239990234375
    ],
    [
      0.0,
      0.0
    ],
    [
      511.0,
      0.0
    ],
    [
      0.0,
      511.0
    ],
    [
      511.0,
      511.0
    ],
    [
      256.0,
      0.0
    ],
    [
      256.0,
      511.0
    ],
    [
      0.0,
      256.0
    ],
    [
      511.0,
      256.0
    ]
  ],
  "target_control_points": [
    [
      108.64730072021484,
      248.4494171142578
    ],
    [
      109.64547729492188,
      253.44000244140625
    ],
    [
      401.0802001953125,
      248.19056701660156
    ],
    [
      400.650146484375,
      253.44000244140625
    ],
    [
      256.0,
      87.28981018066406
    ],
    [
      167.89051818847656,
      394.3047180175781
    ],
    [
      344.1094970703125,
      394.1752624511719
    ],
    [
      0.0,
      0.0
    ],
    [
      511.0,
      0.0
    ],
    [
      0.0,
      511.0
    ],
    [
      511.0,
      511.0
    ],
    [
      256.0,
      0.0
    ],
    [
      256.0,
      511.0
    ],
    [
      0.0,
      256.0
    ],
    [
      511.0,
      256.0
    ]
  ],
  "tps_regularization": 0.0001
}
