{
  "budget": "existence_probe",
  "budget_max_disp_px": 8.0,
  "candidate_folder_abs": "/home/interns/Desktop/mat/phase2/outputs/phase2a_probe/add_black_sunglasses/existence_probe/seed_00/candidates/cand_008_g01_m08",
  "candidate_index": 8,
  "candidate_name": "cand_008_g01_m08",
  "dct_modes": [
    [
      1,
      0
    ],
    [
      0,
      1
    ],
    [
      1,
      1
    ],
    [
      2,
      0
    ],
    [
      0,
      2
    ],
    [
      2,
      1
    ]
  ],
  "elapsed_seconds": 5.100603241473436,
  "generation": 1,
  "geometry_method": "combined_tps_dct",
  "initial_candidate": false,
  "input_l2": 0.012123393588964344,
  "input_max_abs": 0.8274509906768799,
  "input_mean_abs": 0.0024857267271727324,
  "input_psnr": 38.3275159026259,
  "input_ssim": 0.9794672131538391,
  "max_disp_px": 1.7170063257217407,
  "max_disp_px_budget": 8.0,
  "mean_disp_px": 0.1317686140537262,
  "member": 8,
  "mesh_size": 4,
  "output_l2": 0.014043431715436618,
  "output_max_abs": 0.40392160415649414,
  "output_mean_abs": 0.006732004228979349,
  "output_psnr": 37.050535062122265,
  "output_ssim": 0.9755315780639648,
  "p95_disp_px": 1.2015289068222046,
  "phase": "phase2a_probe",
  "prompt": "add black sunglasses",
  "prompt_priority": 2,
  "prompt_slug": "add_black_sunglasses",
  "region_count": 1,
  "region_key": "glasses",
  "scale_factor": 0.21900592744350433,
  "seed": 23201,
  "target_input_ssim": 0.86,
  "tps_size": 4
}
