{
  "clean_clip_positive_margin": 0.027842342853546143,
  "clean_semantic_success_score": 0.027842342853546143,
  "clip_available": true,
  "clip_semantic_drop": 0.01040428876876831,
  "clip_warning": null,
  "crop_clip_available": true,
  "crop_clip_warning": null,
  "decision_label": "metric_only_candidate",
  "decision_reasons": [
    "semantic_drop_small:0.0104",
    "semantic_drop_small:0.0104"
  ],
  "edit_failure_score": 0.01040428876876831,
  "final_attack_score": 0.12128930320729615,
  "full_image_semantic_drop": 0.01040428876876831,
  "geometry_excess_penalty": 0.0,
  "geometry_excess_penalty_weight": 0.75,
  "identity_or_face_health_available": false,
  "input_damage_penalty": 0.0,
  "input_damage_penalty_weight": 3.0,
  "input_l2": 0.015318146647973195,
  "input_max_abs": 0.5137255191802979,
  "input_mean_abs": 0.005336327478289604,
  "input_preservation_score": 0.6359974145889282,
  "input_psnr": 36.29587554165186,
  "input_ssim": 0.94903963804245,
  "left_crop_clean_margin": 0.02535329759120941,
  "left_crop_perturbed_margin": 0.025356143712997437,
  "left_crop_semantic_drop": -2.8461217880249023e-06,
  "max_disp_px_budget": 8.0,
  "mean_crop_margin": 0.01626091202100118,
  "mean_crop_semantic_drop": 0.001850356658299764,
  "min_crop_margin": 0.002960190176963806,
  "min_crop_semantic_drop": -2.8461217880249023e-06,
  "output_disruption_score": 0.15221997222859868,
  "output_disruption_weight": 0.25,
  "output_l2": 0.02186482181538942,
  "output_max_abs": 0.6941176652908325,
  "output_mean_abs": 0.010288788937032223,
  "output_psnr": 33.20508115065731,
  "output_ssim": 0.935239315032959,
  "perturbed_clip_positive_margin": 0.017438054084777832,
  "perturbed_semantic_success_score": 0.017438054084777832,
  "phase2_final_score": 0.12128930320729615,
  "phase2_output_disruption": 0.15221997222859868,
  "phase2_score_formula": "8.0*max(0,semantic_drop)+0.25*output_disruption-3.0*input_damage_penalty-0.75*geometry_excess_penalty",
  "right_crop_clean_margin": 0.021481528878211975,
  "right_crop_perturbed_margin": 0.020466402173042297,
  "right_crop_semantic_drop": 0.0010151267051696777,
  "semantic_drop": 0.01040428876876831,
  "semantic_drop_weight": 8.0,
  "target_input_ssim": 0.86,
  "top_crop_clean_margin": 0.007498979568481445,
  "top_crop_perturbed_margin": 0.002960190176963806,
  "top_crop_semantic_drop": 0.004538789391517639
}
