{
  "displacement": {
    "budget_max_disp_px": 14.0,
    "max_disp_px": 13.986001968383789,
    "max_disp_px_budget": 14.0,
    "mean_disp_px": 6.02596378326416,
    "p95_disp_px": 13.986000061035156,
    "target_input_ssim": 0.78
  },
  "input": {
    "l2": 0.07917488785091506,
    "max_abs": 0.8470588326454163,
    "mean_abs": 0.044027168303728104,
    "psnr": 22.028250862439794,
    "ssim": 0.6096481084823608
  },
  "output": {
    "l2": 0.09253785186916072,
    "max_abs": 0.9450980424880981,
    "mean_abs": 0.04827185347676277,
    "psnr": 20.673611724601844,
    "ssim": 0.6656683087348938
  }
}
