{
  "displacement": {
    "budget_max_disp_px": 8.0,
    "max_disp_px": 2.1302781105041504,
    "max_disp_px_budget": 8.0,
    "mean_disp_px": 0.630913496017456,
    "p95_disp_px": 1.4144096374511719,
    "target_input_ssim": 0.88
  },
  "input": {
    "l2": 0.024453325885870757,
    "max_abs": 0.5647058486938477,
    "mean_abs": 0.012358940206468105,
    "psnr": 32.233241286513056,
    "ssim": 0.9160030484199524
  },
  "output": {
    "l2": 0.04019960485483685,
    "max_abs": 0.8156862854957581,
    "mean_abs": 0.02235296554863453,
    "psnr": 27.915564316523202,
    "ssim": 0.8736669421195984
  }
}
