{
  "displacement": {
    "budget_max_disp_px": 14.0,
    "max_disp_px": 9.391762733459473,
    "max_disp_px_budget": 14.0,
    "mean_disp_px": 1.8427097797393799,
    "p95_disp_px": 5.508670330047607,
    "target_input_ssim": 0.78
  },
  "input": {
    "l2": 0.03679273278061192,
    "max_abs": 0.49803924560546875,
    "mean_abs": 0.01961522549390793,
    "psnr": 28.684759074873543,
    "ssim": 0.812924861907959
  },
  "output": {
    "l2": 0.08406522928561473,
    "max_abs": 0.8509804010391235,
    "mean_abs": 0.03724859654903412,
    "psnr": 21.507671963211713,
    "ssim": 0.8090336322784424
  }
}
