{
  "clean_clip_positive_margin": 0.045413434505462646,
  "clean_semantic_success_score": 0.045413434505462646,
  "clip_available": true,
  "clip_semantic_drop": 0.00127410888671875,
  "clip_warning": null,
  "crop_clip_available": false,
  "crop_clip_warning": null,
  "decision_label": "metric_only_candidate",
  "decision_reasons": [
    "semantic_drop_small:0.0013",
    "semantic_drop_small:0.0013"
  ],
  "edit_failure_score": 0.00127410888671875,
  "final_attack_score": 0.15803989289978954,
  "full_image_semantic_drop": 0.00127410888671875,
  "geometry_excess_penalty": 0.0,
  "geometry_excess_penalty_weight": 1.0,
  "identity_or_face_health_available": false,
  "input_damage_penalty": 0.0,
  "input_damage_penalty_weight": 3.0,
  "input_l2": 0.021675022585624974,
  "input_max_abs": 0.7019608020782471,
  "input_mean_abs": 0.0041715833358466625,
  "input_preservation_score": 0.4248628616333013,
  "input_psnr": 33.28080882623256,
  "input_ssim": 0.965491771697998,
  "max_disp_px_budget": 4.0,
  "output_disruption_score": 0.15294345735291454,
  "output_disruption_weight": 1.0,
  "output_l2": 0.029717302617380554,
  "output_max_abs": 0.9647058844566345,
  "output_mean_abs": 0.006106559652835131,
  "output_psnr": 30.539812264010617,
  "output_ssim": 0.9659257531166077,
  "perturbed_clip_positive_margin": 0.044139325618743896,
  "perturbed_semantic_success_score": 0.044139325618743896,
  "phase2_final_score": 0.15803989289978954,
  "phase2_output_disruption": 0.15294345735291454,
  "phase2_score_formula": "4.0*max(0,semantic_drop)+1.0*output_disruption-3.0*input_damage_penalty-1.0*geometry_excess_penalty",
  "semantic_drop": 0.00127410888671875,
  "semantic_drop_weight": 4.0,
  "target_input_ssim": 0.94
}
