{
  "action_names": [
    "mouth_corner_raise",
    "mouth_corner_lower",
    "mouth_width_expand",
    "mouth_width_compress",
    "chin_raise",
    "chin_lower"
  ],
  "action_strength": 0.72,
  "action_values": {
    "chin_lower": 0.10853348324108247,
    "chin_raise": -0.10506241319874912,
    "mouth_corner_lower": 0.8398625655834078,
    "mouth_corner_raise": -0.31067117615586176,
    "mouth_width_compress": 0.3570777752095177,
    "mouth_width_expand": 0.8753303001457535
  },
  "active_actions": {
    "chin_lower": 0.10853348324108247,
    "chin_raise": -0.10506241319874912,
    "mouth_corner_lower": 0.8398625655834078,
    "mouth_corner_raise": -0.31067117615586176,
    "mouth_width_compress": 0.3570777752095177,
    "mouth_width_expand": 0.8753303001457535
  },
  "active_anchor_count": 4,
  "control_point_count": 12,
  "geometry_method": "landmark_piecewise_affine",
  "max_disp_px_budget": 8.0,
  "scale_factor": 0.9343865363543724,
  "source_control_points": [
    [
      204.8000030517578,
      335.3599853515625
    ],
    [
      307.20001220703125,
      335.3599853515625
    ],
    [
      256.0,
      419.8399963378906
    ],
    [
      256.0,
      376.32000732421875
    ],
    [
      0.0,
      0.0
    ],
    [
      511.0,
      0.0
    ],
    [
      0.0,
      511.0
    ],
    [
      511.0,
      511.0
    ],
    [
      256.0,
      0.0
    ],
    [
      256.0,
      511.0
    ],
    [
      0.0,
      256.0
    ],
    [
      511.0,
      256.0
    ]
  ],
  "target_control_points": [
    [
      201.8148651123047,
      341.987060546875
    ],
    [
      310.1851501464844,
      341.987060546875
    ],
    [
      256.0,
      421.0703125
    ],
    [
      256.0,
      376.9351501464844
    ],
    [
      0.0,
      0.0
    ],
    [
      511.0,
      0.0
    ],
    [
      0.0,
      511.0
    ],
    [
      511.0,
      511.0
    ],
    [
      256.0,
      0.0
    ],
    [
      256.0,
      511.0
    ],
    [
      0.0,
      256.0
    ],
    [
      511.0,
      256.0
    ]
  ],
  "tps_regularization": 0.0001
}
