{
  "budget": "strong",
  "budget_max_disp_px": 6.0,
  "candidate_folder_abs": "/home/interns/Desktop/mat/phase3/outputs/breadth_probe/cases/face_001/igs_1p00/add_a_small_beard/strong/seed_00/candidates/cand_006_g01_m06",
  "candidate_index": 6,
  "candidate_name": "cand_006_g01_m06",
  "dct_modes": [
    [
      1,
      0
    ],
    [
      0,
      1
    ],
    [
      1,
      1
    ],
    [
      2,
      0
    ],
    [
      0,
      2
    ],
    [
      2,
      1
    ]
  ],
  "elapsed_seconds": 5.404572233557701,
  "generation": 1,
  "geometry_method": "combined_tps_dct",
  "initial_candidate": false,
  "input_l2": 0.005710948673638041,
  "input_max_abs": 0.2705882489681244,
  "input_mean_abs": 0.001198732410557568,
  "input_psnr": 44.86583485958653,
  "input_ssim": 0.9947378635406494,
  "max_disp_px": 1.1193368434906006,
  "max_disp_px_budget": 6.0,
  "mean_disp_px": 0.06966894119977951,
  "member": 6,
  "mesh_size": 4,
  "output_l2": 0.02069144614004093,
  "output_max_abs": 0.5490195751190186,
  "output_mean_abs": 0.009686359204351902,
  "output_psnr": 33.68418310240124,
  "output_ssim": 0.9560124278068542,
  "p95_disp_px": 0.5216524600982666,
  "phase": "phase3_breadth_probe",
  "prompt": "add a small beard",
  "prompt_priority": 4,
  "prompt_slug": "add_a_small_beard",
  "region_count": 1,
  "region_key": "beard",
  "scale_factor": 0.34760579466819763,
  "seed": 31101,
  "target_input_ssim": 0.9,
  "tps_size": 4
}
