{
  "budget": "existence_probe",
  "budget_max_disp_px": 8.0,
  "candidate_folder_abs": "/home/interns/Desktop/mat/phase2/outputs/phase2a_probe/add_round_glasses/existence_probe/seed_00/candidates/cand_009_g01_m09",
  "candidate_index": 9,
  "candidate_name": "cand_009_g01_m09",
  "dct_modes": [
    [
      1,
      0
    ],
    [
      0,
      1
    ],
    [
      1,
      1
    ],
    [
      2,
      0
    ],
    [
      0,
      2
    ],
    [
      2,
      1
    ]
  ],
  "elapsed_seconds": 5.297158868983388,
  "generation": 1,
  "geometry_method": "region_local_tps",
  "initial_candidate": false,
  "input_l2": 0.010609471737875489,
  "input_max_abs": 0.47058823704719543,
  "input_mean_abs": 0.0021249556448310614,
  "input_psnr": 39.48612479518186,
  "input_ssim": 0.9828131794929504,
  "max_disp_px": 1.4329952001571655,
  "max_disp_px_budget": 8.0,
  "mean_disp_px": 0.09846900403499603,
  "member": 9,
  "mesh_size": 4,
  "output_l2": 0.015978739148329646,
  "output_max_abs": 0.6745098233222961,
  "output_mean_abs": 0.004991044290363789,
  "output_psnr": 35.92914986029868,
  "output_ssim": 0.9708200097084045,
  "p95_disp_px": 0.8620324730873108,
  "phase": "phase2a_probe",
  "prompt": "add round glasses",
  "prompt_priority": 3,
  "prompt_slug": "add_round_glasses",
  "region_count": 1,
  "region_key": "glasses",
  "scale_factor": 0.18502065539360046,
  "seed": 24201,
  "target_input_ssim": 0.86,
  "tps_size": 4
}
