{
  "budget": "strong",
  "budget_max_disp_px": 8.0,
  "candidate_folder_abs": "/home/interns/Desktop/mat/phase4/outputs/phase4c_real_landmark_sanity/cases/face_003/igs_1p00/add_a_small_beard/strong/seed_00/candidates/cand_013_g02_m01",
  "candidate_index": 13,
  "candidate_name": "cand_013_g02_m01",
  "case_id": "face_003__add_a_small_beard__igs_1p00",
  "elapsed_seconds": 6.239230765029788,
  "face_id": "face_003",
  "generation": 2,
  "geometry_method": "landmark_semantic_tps",
  "guidance_scale": 7.5,
  "image_guidance_scale": 1.0,
  "initial_candidate": false,
  "input_l2": 0.018010148529906917,
  "input_max_abs": 0.3176470994949341,
  "input_mean_abs": 0.010265695862472057,
  "input_psnr": 34.88965411067987,
  "input_ssim": 0.9379615187644958,
  "landmark_count": 478,
  "landmark_detector": "mediapipe_python_solutions_face_mesh",
  "max_disp_px": 3.6223926544189453,
  "max_disp_px_budget": 8.0,
  "mean_disp_px": 0.7653093934059143,
  "member": 1,
  "output_l2": 0.0294277367969415,
  "output_max_abs": 0.40784314274787903,
  "output_mean_abs": 0.019371217116713524,
  "output_psnr": 30.624862739247774,
  "output_ssim": 0.8795814514160156,
  "p95_disp_px": 2.058910369873047,
  "phase": "phase4c_real_landmark_sanity",
  "prompt": "add a small beard",
  "prompt_slug": "add_a_small_beard",
  "prompt_type": "beard",
  "real_landmarks": true,
  "seed": 47001,
  "target_input_ssim": 0.88,
  "theta_names": [
    "scale_logit",
    "action_jaw_expand",
    "action_jaw_compress",
    "action_chin_raise",
    "action_chin_lower",
    "action_mouth_width_expand",
    "action_lower_face_shift"
  ],
  "theta_values": [
    -0.3929190933704376,
    0.2604939639568329,
    -0.038607221096754074,
    -0.4127265512943268,
    1.7590223550796509,
    -0.18616119027137756,
    0.5887730717658997
  ]
}
