{
  "budget": "existence_probe",
  "budget_max_disp_px": 14.0,
  "candidate_folder_abs": "/home/interns/Desktop/mat/phase4/outputs/phase4a_existence_probe/cases/face_003/igs_1p00/add_headphones/existence_probe/seed_00/candidates/cand_020_g01_m20",
  "candidate_index": 20,
  "candidate_name": "cand_020_g01_m20",
  "case_id": "face_003__add_headphones__igs_1p00",
  "elapsed_seconds": 2.99377428740263,
  "face_id": "face_003",
  "generation": 1,
  "geometry_method": "landmark_semantic_tps",
  "guidance_scale": 7.5,
  "image_guidance_scale": 1.0,
  "initial_candidate": false,
  "input_l2": 0.051127136125217756,
  "input_max_abs": 0.6117647290229797,
  "input_mean_abs": 0.026900246739387512,
  "input_psnr": 25.826970669955372,
  "input_ssim": 0.7539050579071045,
  "max_disp_px": 8.936030387878418,
  "max_disp_px_budget": 14.0,
  "mean_disp_px": 2.5703625679016113,
  "member": 20,
  "output_l2": 0.08419045956895808,
  "output_max_abs": 0.8156862854957581,
  "output_mean_abs": 0.04088043048977852,
  "output_psnr": 21.49474239597124,
  "output_ssim": 0.7791816592216492,
  "p95_disp_px": 6.9092793464660645,
  "phase": "phase4a_existence_probe",
  "prompt": "add headphones",
  "prompt_slug": "add_headphones",
  "prompt_type": "headphones",
  "seed": 52101,
  "target_input_ssim": 0.78,
  "theta_names": [
    "scale_logit",
    "action_face_side_push_left",
    "action_face_side_push_right",
    "action_head_top_raise",
    "action_head_top_lower",
    "action_jaw_expand",
    "action_jaw_compress",
    "action_asymmetry_twist"
  ],
  "theta_values": [
    0.014695380814373493,
    2.317060708999634,
    -1.247710108757019,
    -0.8554253578186035,
    -0.8252845406532288,
    1.21565842628479,
    0.621775209903717,
    -0.014255966059863567
  ]
}
