{
  "displacement": {
    "budget_max_disp_px": 8.0,
    "max_disp_px": 4.833837985992432,
    "max_disp_px_budget": 8.0,
    "mean_disp_px": 0.29665037989616394,
    "p95_disp_px": 1.0335693359375,
    "target_input_ssim": 0.88
  },
  "input": {
    "l2": 0.012988539474473072,
    "max_abs": 0.3921568989753723,
    "mean_abs": 0.0039639887399971485,
    "psnr": 37.72879362802093,
    "ssim": 0.9824333190917969
  },
  "output": {
    "l2": 0.03415704215421193,
    "max_abs": 0.6039215922355652,
    "mean_abs": 0.016139216721057892,
    "psnr": 29.330394885961425,
    "ssim": 0.9135653972625732
  }
}
