{
  "best_folder": "phase4/outputs/phase4a_existence_probe/cases/face_002/igs_1p00/add_headphones/strong/seed_00/candidates/cand_024_g02_m04",
  "budget": "strong",
  "budget_max_disp_px": 8.0,
  "candidate_folder": "phase4/outputs/phase4a_existence_probe/cases/face_002/igs_1p00/add_headphones/strong/seed_00/candidates/cand_024_g02_m04",
  "candidate_index": 24,
  "candidate_name": "cand_024_g02_m04",
  "case_id": "face_002__add_headphones__igs_1p00",
  "clean_clip_positive_margin": 0.05116361379623413,
  "clean_semantic_success_score": 0.05116361379623413,
  "clip_available": true,
  "clip_semantic_drop": 0.005800783634185791,
  "clip_warning": null,
  "crop_clip_available": true,
  "crop_clip_warning": null,
  "decision_label": "metric_only_candidate",
  "decision_reasons": [
    "semantic_drop_small:0.0058",
    "semantic_drop_small:0.0058",
    "semantic_drop_small:0.0058"
  ],
  "edit_failure_score": 0.005800783634185791,
  "elapsed_seconds": 2.8150932639837265,
  "face_id": "face_002",
  "final_attack_score": 0.21783388005069626,
  "full_image_semantic_drop": 0.005800783634185791,
  "generation": 2,
  "geometry_excess_penalty": 0.0,
  "geometry_excess_penalty_weight": 0.75,
  "geometry_method": "landmark_semantic_tps",
  "guidance_scale": 7.5,
  "identity_or_face_health_available": false,
  "image_guidance_scale": 1.0,
  "initial_candidate": false,
  "input_damage_penalty": 0.0,
  "input_damage_penalty_weight": 3.0,
  "input_l2": 0.035628738235944896,
  "input_max_abs": 0.7960784435272217,
  "input_mean_abs": 0.015573549084365368,
  "input_preservation_score": 0.049062033494313526,
  "input_psnr": 28.9639911515593,
  "input_ssim": 0.8858874440193176,
  "left_crop_clean_margin": 0.024231508374214172,
  "left_crop_perturbed_margin": 0.025638654828071594,
  "left_crop_semantic_drop": -0.0014071464538574219,
  "max_disp_px": 4.149839878082275,
  "max_disp_px_budget": 8.0,
  "mean_crop_margin": 0.013039499521255493,
  "mean_crop_semantic_drop": -0.0009160290161768595,
  "mean_disp_px": 1.2271490097045898,
  "member": 4,
  "min_crop_margin": -0.010316252708435059,
  "min_crop_semantic_drop": -0.0029762685298919678,
  "output_disruption_score": 0.34285522195441986,
  "output_disruption_weight": 0.5,
  "output_l2": 0.05667267911817497,
  "output_max_abs": 0.8352941274642944,
  "output_mean_abs": 0.022163378074765205,
  "output_psnr": 24.93252512471117,
  "output_ssim": 0.88383549451828,
  "p95_disp_px": 3.2323455810546875,
  "path_clean_edit": "phase4/outputs/phase4a_existence_probe/cases/face_002/igs_1p00/add_headphones/strong/seed_00/candidates/cand_024_g02_m04/clean_edit.png",
  "path_flow": "phase4/outputs/phase4a_existence_probe/cases/face_002/igs_1p00/add_headphones/strong/seed_00/candidates/cand_024_g02_m04/flow.png",
  "path_landmarks_overlay_original": "phase4/outputs/phase4a_existence_probe/cases/face_002/igs_1p00/add_headphones/strong/seed_00/candidates/cand_024_g02_m04/landmarks_overlay_original.jpg",
  "path_landmarks_overlay_perturbed": "phase4/outputs/phase4a_existence_probe/cases/face_002/igs_1p00/add_headphones/strong/seed_00/candidates/cand_024_g02_m04/landmarks_overlay_perturbed.jpg",
  "path_original": "phase4/outputs/phase4a_existence_probe/cases/face_002/igs_1p00/add_headphones/strong/seed_00/candidates/cand_024_g02_m04/original.png",
  "path_perturbed": "phase4/outputs/phase4a_existence_probe/cases/face_002/igs_1p00/add_headphones/strong/seed_00/candidates/cand_024_g02_m04/perturbed.png",
  "path_perturbed_edit": "phase4/outputs/phase4a_existence_probe/cases/face_002/igs_1p00/add_headphones/strong/seed_00/candidates/cand_024_g02_m04/perturbed_edit.png",
  "perturbed_clip_positive_margin": 0.04536283016204834,
  "perturbed_semantic_success_score": 0.04536283016204834,
  "phase": "phase4a_existence_probe",
  "phase2_final_score": 0.21783388005069626,
  "phase2_output_disruption": 0.34285522195441986,
  "phase2_score_formula": "8.0*max(0,semantic_drop)+0.5*output_disruption-3.0*input_damage_penalty-0.75*geometry_excess_penalty",
  "phase4_budget_name": "strong",
  "phase4_final_score": 0.21783388005069626,
  "phase4_score_formula": "8.0*max(0,semantic_drop)+0.5*output_disruption-3.0*input_damage_penalty-0.75*geometry_excess_penalty",
  "prompt": "add headphones",
  "prompt_slug": "add_headphones",
  "prompt_type": "headphones",
  "right_crop_clean_margin": 0.025431424379348755,
  "right_crop_perturbed_margin": 0.023796096444129944,
  "right_crop_semantic_drop": 0.001635327935218811,
  "seed": 45001,
  "semantic_drop": 0.005800783634185791,
  "semantic_drop_weight": 8.0,
  "target_input_ssim": 0.88,
  "theta_names": [
    "scale_logit",
    "action_face_side_push_left",
    "action_face_side_push_right",
    "action_head_top_raise",
    "action_head_top_lower",
    "action_jaw_expand",
    "action_jaw_compress",
    "action_asymmetry_twist"
  ],
  "theta_values": [
    -1.2936731576919556,
    0.27639248967170715,
    0.9765794277191162,
    0.9160303473472595,
    -0.1997837871313095,
    -1.13107168674469,
    -1.1755015850067139,
    -0.7482950687408447
  ],
  "top_crop_clean_margin": -0.013292521238327026,
  "top_crop_perturbed_margin": -0.010316252708435059,
  "top_crop_semantic_drop": -0.0029762685298919678
}
