{
  "budget": "existence_probe",
  "budget_max_disp_px": 8.0,
  "candidate_folder_abs": "/home/interns/Desktop/mat/phase2/outputs/phase2a_probe/add_round_glasses/existence_probe/seed_00/candidates/cand_004_g01_m04",
  "candidate_index": 4,
  "candidate_name": "cand_004_g01_m04",
  "dct_modes": [
    [
      1,
      0
    ],
    [
      0,
      1
    ],
    [
      1,
      1
    ],
    [
      2,
      0
    ],
    [
      0,
      2
    ],
    [
      2,
      1
    ]
  ],
  "elapsed_seconds": 5.140244634822011,
  "generation": 1,
  "geometry_method": "region_local_dct",
  "initial_candidate": false,
  "input_l2": 0.01463333533544323,
  "input_max_abs": 0.6235294342041016,
  "input_mean_abs": 0.0027763766702264547,
  "input_psnr": 36.693133501161,
  "input_ssim": 0.9774695038795471,
  "max_disp_px": 2.1536285877227783,
  "max_disp_px_budget": 8.0,
  "mean_disp_px": 0.14865687489509583,
  "member": 4,
  "mesh_size": 4,
  "output_l2": 0.020201636200300247,
  "output_max_abs": 0.7372549176216125,
  "output_mean_abs": 0.006135888397693634,
  "output_psnr": 33.89226908237027,
  "output_ssim": 0.9643409848213196,
  "p95_disp_px": 1.4947807788848877,
  "phase": "phase2a_probe",
  "prompt": "add round glasses",
  "prompt_priority": 3,
  "prompt_slug": "add_round_glasses",
  "region_count": 1,
  "region_key": "glasses",
  "scale_factor": 0.700663685798645,
  "seed": 24201,
  "target_input_ssim": 0.86,
  "tps_size": 4
}
