{
  "action_names": [
    "mouth_corner_raise",
    "mouth_corner_lower",
    "mouth_width_expand",
    "mouth_width_compress",
    "chin_raise",
    "chin_lower"
  ],
  "action_strength": 0.72,
  "action_values": {
    "chin_lower": -0.5604006670023874,
    "chin_raise": -0.7036320780581483,
    "mouth_corner_lower": -0.529416779457735,
    "mouth_corner_raise": -0.37268056254023524,
    "mouth_width_compress": 0.7371439292864104,
    "mouth_width_expand": 0.573687643800609
  },
  "active_actions": {
    "chin_lower": -0.5604006670023874,
    "chin_raise": -0.7036320780581483,
    "mouth_corner_lower": -0.529416779457735,
    "mouth_corner_raise": -0.37268056254023524,
    "mouth_width_compress": 0.7371439292864104,
    "mouth_width_expand": 0.573687643800609
  },
  "active_anchor_count": 4,
  "control_point_count": 12,
  "geometry_method": "landmark_semantic_tps",
  "max_disp_px_budget": 14.0,
  "scale_factor": 0.8704789947103377,
  "source_control_points": [
    [
      204.8000030517578,
      335.3599853515625
    ],
    [
      307.20001220703125,
      335.3599853515625
    ],
    [
      256.0,
      419.8399963378906
    ],
    [
      256.0,
      376.32000732421875
    ],
    [
      0.0,
      0.0
    ],
    [
      511.0,
      0.0
    ],
    [
      0.0,
      511.0
    ],
    [
      511.0,
      511.0
    ],
    [
      256.0,
      0.0
    ],
    [
      256.0,
      511.0
    ],
    [
      0.0,
      256.0
    ],
    [
      511.0,
      256.0
    ]
  ],
  "target_control_points": [
    [
      206.44764709472656,
      333.78009033203125
    ],
    [
      305.5523681640625,
      333.78009033203125
    ],
    [
      256.0,
      421.2837829589844
    ],
    [
      256.0,
      377.0419006347656
    ],
    [
      0.0,
      0.0
    ],
    [
      511.0,
      0.0
    ],
    [
      0.0,
      511.0
    ],
    [
      511.0,
      511.0
    ],
    [
      256.0,
      0.0
    ],
    [
      256.0,
      511.0
    ],
    [
      0.0,
      256.0
    ],
    [
      511.0,
      256.0
    ]
  ],
  "tps_regularization": 0.0001
}
