{
  "displacement": {
    "budget_max_disp_px": 6.0,
    "max_disp_px": 1.9580554962158203,
    "max_disp_px_budget": 6.0,
    "mean_disp_px": 0.09397689253091812,
    "p95_disp_px": 0.7808902859687805,
    "target_input_ssim": 0.9
  },
  "input": {
    "l2": 0.008566999014888303,
    "max_abs": 0.44705885648727417,
    "mean_abs": 0.0014585707103833556,
    "psnr": 41.34342566076583,
    "ssim": 0.9907392859458923
  },
  "output": {
    "l2": 0.010786358216077471,
    "max_abs": 0.3960784673690796,
    "mean_abs": 0.0032208776101469994,
    "psnr": 39.34250321686947,
    "ssim": 0.9830963611602783
  }
}
