{
  "clean_clip_positive_margin": 0.04381144046783447,
  "clean_semantic_success_score": 0.04381144046783447,
  "clip_available": true,
  "clip_semantic_drop": 0.001901775598526001,
  "clip_warning": null,
  "crop_clip_available": false,
  "crop_clip_warning": null,
  "decision_label": "metric_only_candidate",
  "decision_reasons": [
    "semantic_drop_small:0.0019",
    "semantic_drop_small:0.0019"
  ],
  "edit_failure_score": 0.001901775598526001,
  "final_attack_score": 0.06765617409813557,
  "full_image_semantic_drop": 0.001901775598526001,
  "geometry_excess_penalty": 0.0,
  "geometry_excess_penalty_weight": 1.0,
  "identity_or_face_health_available": false,
  "input_damage_penalty": 0.0,
  "input_damage_penalty_weight": 3.0,
  "input_l2": 0.008566999014888303,
  "input_max_abs": 0.44705885648727417,
  "input_mean_abs": 0.0014585707103833556,
  "input_preservation_score": 0.9073928594589233,
  "input_psnr": 41.34342566076583,
  "input_ssim": 0.9907392859458923,
  "max_disp_px_budget": 6.0,
  "output_disruption_score": 0.060049071704031565,
  "output_disruption_weight": 1.0,
  "output_l2": 0.010786358216077471,
  "output_max_abs": 0.3960784673690796,
  "output_mean_abs": 0.0032208776101469994,
  "output_psnr": 39.34250321686947,
  "output_ssim": 0.9830963611602783,
  "perturbed_clip_positive_margin": 0.04190966486930847,
  "perturbed_semantic_success_score": 0.04190966486930847,
  "phase2_final_score": 0.06765617409813557,
  "phase2_output_disruption": 0.060049071704031565,
  "phase2_score_formula": "4.0*max(0,semantic_drop)+1.0*output_disruption-3.0*input_damage_penalty-1.0*geometry_excess_penalty",
  "semantic_drop": 0.001901775598526001,
  "semantic_drop_weight": 4.0,
  "target_input_ssim": 0.9
}
