{
  "best_folder": "phase4/outputs/phase4a_existence_probe/cases/face_003/igs_1p00/add_headphones/existence_probe/seed_00/candidates/cand_051_g03_m11",
  "budget": "existence_probe",
  "budget_max_disp_px": 14.0,
  "candidate_folder": "phase4/outputs/phase4a_existence_probe/cases/face_003/igs_1p00/add_headphones/existence_probe/seed_00/candidates/cand_051_g03_m11",
  "candidate_index": 51,
  "candidate_name": "cand_051_g03_m11",
  "case_id": "face_003__add_headphones__igs_1p00",
  "clean_clip_positive_margin": 0.045783042907714844,
  "clean_semantic_success_score": 0.045783042907714844,
  "clip_available": true,
  "clip_semantic_drop": -0.00037088990211486816,
  "clip_warning": null,
  "crop_clip_available": true,
  "crop_clip_warning": null,
  "decision_label": "metric_only_candidate",
  "decision_reasons": [
    "semantic_drop_nonpositive:-0.0004",
    "semantic_drop_nonpositive:-0.0004",
    "semantic_drop_nonpositive:-0.0004"
  ],
  "edit_failure_score": 0.0,
  "elapsed_seconds": 2.9251542799174786,
  "face_id": "face_003",
  "final_attack_score": 0.20450878601126854,
  "full_image_semantic_drop": -0.00037088990211486816,
  "generation": 3,
  "geometry_excess_penalty": 0.0,
  "geometry_excess_penalty_weight": 0.75,
  "geometry_method": "landmark_semantic_tps",
  "guidance_scale": 7.5,
  "identity_or_face_health_available": false,
  "image_guidance_scale": 1.0,
  "initial_candidate": false,
  "input_damage_penalty": 0.0,
  "input_damage_penalty_weight": 3.0,
  "input_l2": 0.034505557712249633,
  "input_max_abs": 0.5686274766921997,
  "input_mean_abs": 0.018926648423075676,
  "input_preservation_score": 0.19402924450961018,
  "input_psnr": 29.24221897426264,
  "input_ssim": 0.8226864337921143,
  "left_crop_clean_margin": 0.01863802969455719,
  "left_crop_perturbed_margin": 0.018180161714553833,
  "left_crop_semantic_drop": 0.00045786798000335693,
  "max_disp_px": 6.420944690704346,
  "max_disp_px_budget": 14.0,
  "mean_crop_margin": 0.010730976859728495,
  "mean_crop_semantic_drop": -0.001733859380086263,
  "mean_disp_px": 1.7826536893844604,
  "member": 11,
  "min_crop_margin": -0.004337430000305176,
  "min_crop_semantic_drop": -0.005261093378067017,
  "output_disruption_score": 0.4090175720225371,
  "output_disruption_weight": 0.5,
  "output_l2": 0.06331213047530743,
  "output_max_abs": 0.772549033164978,
  "output_mean_abs": 0.028977075591683388,
  "output_psnr": 23.97026144143218,
  "output_ssim": 0.8442309498786926,
  "p95_disp_px": 5.130395412445068,
  "path_clean_edit": "phase4/outputs/phase4a_existence_probe/cases/face_003/igs_1p00/add_headphones/existence_probe/seed_00/candidates/cand_051_g03_m11/clean_edit.png",
  "path_flow": "phase4/outputs/phase4a_existence_probe/cases/face_003/igs_1p00/add_headphones/existence_probe/seed_00/candidates/cand_051_g03_m11/flow.png",
  "path_landmarks_overlay_original": "phase4/outputs/phase4a_existence_probe/cases/face_003/igs_1p00/add_headphones/existence_probe/seed_00/candidates/cand_051_g03_m11/landmarks_overlay_original.jpg",
  "path_landmarks_overlay_perturbed": "phase4/outputs/phase4a_existence_probe/cases/face_003/igs_1p00/add_headphones/existence_probe/seed_00/candidates/cand_051_g03_m11/landmarks_overlay_perturbed.jpg",
  "path_original": "phase4/outputs/phase4a_existence_probe/cases/face_003/igs_1p00/add_headphones/existence_probe/seed_00/candidates/cand_051_g03_m11/original.png",
  "path_perturbed": "phase4/outputs/phase4a_existence_probe/cases/face_003/igs_1p00/add_headphones/existence_probe/seed_00/candidates/cand_051_g03_m11/perturbed.png",
  "path_perturbed_edit": "phase4/outputs/phase4a_existence_probe/cases/face_003/igs_1p00/add_headphones/existence_probe/seed_00/candidates/cand_051_g03_m11/perturbed_edit.png",
  "perturbed_clip_positive_margin": 0.04615393280982971,
  "perturbed_semantic_success_score": 0.04615393280982971,
  "phase": "phase4a_existence_probe",
  "phase2_final_score": 0.20450878601126854,
  "phase2_output_disruption": 0.4090175720225371,
  "phase2_score_formula": "8.0*max(0,semantic_drop)+0.5*output_disruption-3.0*input_damage_penalty-0.75*geometry_excess_penalty",
  "phase4_budget_name": "existence_probe",
  "phase4_final_score": 0.20450878601126854,
  "phase4_score_formula": "8.0*max(0,semantic_drop)+0.5*output_disruption-3.0*input_damage_penalty-0.75*geometry_excess_penalty",
  "prompt": "add headphones",
  "prompt_slug": "add_headphones",
  "prompt_type": "headphones",
  "right_crop_clean_margin": 0.0179518461227417,
  "right_crop_perturbed_margin": 0.01835019886493683,
  "right_crop_semantic_drop": -0.0003983527421951294,
  "seed": 52101,
  "semantic_drop": -0.00037088990211486816,
  "semantic_drop_weight": 8.0,
  "target_input_ssim": 0.78,
  "theta_names": [
    "scale_logit",
    "action_face_side_push_left",
    "action_face_side_push_right",
    "action_head_top_raise",
    "action_head_top_lower",
    "action_jaw_expand",
    "action_jaw_compress",
    "action_asymmetry_twist"
  ],
  "theta_values": [
    1.100353717803955,
    -0.10061156749725342,
    -0.3344229757785797,
    -0.09442511945962906,
    -0.5014733672142029,
    0.5903753042221069,
    0.49913325905799866,
    -0.10891169309616089
  ],
  "top_crop_clean_margin": -0.009598523378372192,
  "top_crop_perturbed_margin": -0.004337430000305176,
  "top_crop_semantic_drop": -0.005261093378067017
}
