{
  "displacement": {
    "budget_max_disp_px": 14.0,
    "max_disp_px": 5.876213073730469,
    "max_disp_px_budget": 14.0,
    "mean_disp_px": 2.194298028945923,
    "p95_disp_px": 4.889089584350586,
    "target_input_ssim": 0.78
  },
  "input": {
    "l2": 0.04467463091718235,
    "max_abs": 0.8274509906768799,
    "mean_abs": 0.02157372049987316,
    "psnr": 26.998780535279355,
    "ssim": 0.8558330535888672
  },
  "output": {
    "l2": 0.05588713294707838,
    "max_abs": 0.8117647171020508,
    "mean_abs": 0.02573700062930584,
    "psnr": 25.053763389074312,
    "ssim": 0.8743796348571777
  }
}
