{
  "geometry_info": {
    "action_names": [
      "mouth_corner_raise",
      "mouth_corner_lower",
      "mouth_width_expand",
      "mouth_width_compress",
      "chin_raise",
      "chin_lower"
    ],
    "action_strength": 0.72,
    "action_values": {
      "chin_lower": -0.8128862744844771,
      "chin_raise": -0.3811750786297573,
      "mouth_corner_lower": -0.8841282726068793,
      "mouth_corner_raise": -0.007746555234426369,
      "mouth_width_compress": 0.8634974724045283,
      "mouth_width_expand": -0.18726085970545264
    },
    "active_actions": {
      "chin_lower": -0.8128862744844771,
      "chin_raise": -0.3811750786297573,
      "mouth_corner_lower": -0.8841282726068793,
      "mouth_corner_raise": -0.007746555234426369,
      "mouth_width_compress": 0.8634974724045283,
      "mouth_width_expand": -0.18726085970545264
    },
    "active_anchor_count": 4,
    "control_point_count": 12,
    "geometry_method": "landmark_semantic_tps",
    "max_disp_px_budget": 14.0,
    "scale_factor": 0.8961235147954232,
    "source_control_points": [
      [
        204.8000030517578,
        335.3599853515625
      ],
      [
        307.20001220703125,
        335.3599853515625
      ],
      [
        256.0,
        419.8399963378906
      ],
      [
        256.0,
        376.32000732421875
      ],
      [
        0.0,
        0.0
      ],
      [
        511.0,
        0.0
      ],
      [
        0.0,
        511.0
      ],
      [
        511.0,
        511.0
      ],
      [
        256.0,
        0.0
      ],
      [
        256.0,
        511.0
      ],
      [
        0.0,
        256.0
      ],
      [
        511.0,
        256.0
      ]
    ],
    "target_control_points": [
      [
        215.3916473388672,
        326.52606201171875
      ],
      [
        296.6083679199219,
        326.52606201171875
      ],
      [
        256.0,
        415.48834228515625
      ],
      [
        256.0,
        374.1441955566406
      ],
      [
        0.0,
        0.0
      ],
      [
        511.0,
        0.0
      ],
      [
        0.0,
        511.0
      ],
      [
        511.0,
        511.0
      ],
      [
        256.0,
        0.0
      ],
      [
        256.0,
        511.0
      ],
      [
        0.0,
        256.0
      ],
      [
        511.0,
        256.0
      ]
    ],
    "tps_regularization": 0.0001
  },
  "names": [
    "scale_logit",
    "action_mouth_corner_raise",
    "action_mouth_corner_lower",
    "action_mouth_width_expand",
    "action_mouth_width_compress",
    "action_chin_raise",
    "action_chin_lower"
  ],
  "values": [
    0.9511622786521912,
    -0.008644732646644115,
    -2.5,
    -0.21209165453910828,
    1.9938714504241943,
    -0.45421794056892395,
    -1.5109872817993164
  ]
}
