{
  "budget": "existence_probe",
  "budget_max_disp_px": 14.0,
  "candidate_folder_abs": "/home/interns/Desktop/mat/phase4/outputs/phase4a_existence_probe/cases/face_003/igs_1p00/add_headphones/existence_probe/seed_00/candidates/cand_049_g03_m09",
  "candidate_index": 49,
  "candidate_name": "cand_049_g03_m09",
  "case_id": "face_003__add_headphones__igs_1p00",
  "elapsed_seconds": 2.5498808845877647,
  "face_id": "face_003",
  "generation": 3,
  "geometry_method": "landmark_piecewise_affine",
  "guidance_scale": 7.5,
  "image_guidance_scale": 1.0,
  "initial_candidate": false,
  "input_l2": 0.04395928160852139,
  "input_max_abs": 0.5372549295425415,
  "input_mean_abs": 0.022939518094062805,
  "input_psnr": 27.138988270377823,
  "input_ssim": 0.7846078872680664,
  "max_disp_px": 8.69633960723877,
  "max_disp_px_budget": 14.0,
  "mean_disp_px": 2.190077304840088,
  "member": 9,
  "output_l2": 0.0807297870653166,
  "output_max_abs": 0.8549019694328308,
  "output_mean_abs": 0.037384890019893646,
  "output_psnr": 21.859323860397303,
  "output_ssim": 0.7992879748344421,
  "p95_disp_px": 5.5507025718688965,
  "phase": "phase4a_existence_probe",
  "prompt": "add headphones",
  "prompt_slug": "add_headphones",
  "prompt_type": "headphones",
  "seed": 52101,
  "target_input_ssim": 0.78,
  "theta_names": [
    "scale_logit",
    "action_face_side_push_left",
    "action_face_side_push_right",
    "action_head_top_raise",
    "action_head_top_lower",
    "action_jaw_expand",
    "action_jaw_compress",
    "action_asymmetry_twist"
  ],
  "theta_values": [
    0.7279971241950989,
    -0.6690730452537537,
    -1.3931465148925781,
    0.7943536043167114,
    0.9117916822433472,
    0.5663442611694336,
    -0.16292129456996918,
    0.3750658333301544
  ]
}
