{
  "action_names": [
    "face_side_push_left",
    "face_side_push_right",
    "head_top_raise",
    "head_top_lower",
    "jaw_expand",
    "jaw_compress",
    "asymmetry_twist"
  ],
  "action_strength": 0.72,
  "action_values": {
    "asymmetry_twist": 0.30419930565126774,
    "face_side_push_left": -0.49597533400731897,
    "face_side_push_right": -0.750164308443778,
    "head_top_lower": 0.6127793947754318,
    "head_top_raise": 0.5609022967975806,
    "jaw_compress": -0.13706647511796172,
    "jaw_expand": 0.4351206900331301
  },
  "active_actions": {
    "asymmetry_twist": 0.30419930565126774,
    "face_side_push_left": -0.49597533400731897,
    "face_side_push_right": -0.750164308443778,
    "head_top_lower": 0.6127793947754318,
    "head_top_raise": 0.5609022967975806,
    "jaw_compress": -0.13706647511796172,
    "jaw_expand": 0.4351206900331301
  },
  "active_anchor_count": 7,
  "control_point_count": 15,
  "geometry_method": "landmark_piecewise_affine",
  "max_disp_px_budget": 14.0,
  "scale_factor": 0.8487353926596082,
  "source_control_points": [
    [
      112.63999938964844,
      248.3199920654297
    ],
    [
      112.63999938964844,
      253.44000244140625
    ],
    [
      399.3599853515625,
      248.3199920654297
    ],
    [
      399.3599853515625,
      253.44000244140625
    ],
    [
      256.0,
      87.04000091552734
    ],
    [
      174.0800018310547,
      394.239990234375
    ],
    [
      337.9200134277344,
      394.239990234375
    ],
    [
      0.0,
      0.0
    ],
    [
      511.0,
      0.0
    ],
    [
      0.0,
      511.0
    ],
    [
      511.0,
      511.0
    ],
    [
      256.0,
      0.0
    ],
    [
      256.0,
      511.0
    ],
    [
      0.0,
      256.0
    ],
    [
      511.0,
      256.0
    ]
  ],
  "target_control_points": [
    [
      117.6394271850586,
      245.253662109375
    ],
    [
      116.38957214355469,
      253.44000244140625
    ],
    [
      391.79833984375,
      251.38632202148438
    ],
    [
      393.6887512207031,
      253.44000244140625
    ],
    [
      256.0,
      87.56291961669922
    ],
    [
      168.31236267089844,
      392.7068176269531
    ],
    [
      343.6876525878906,
      395.7731628417969
    ],
    [
      0.0,
      0.0
    ],
    [
      511.0,
      0.0
    ],
    [
      0.0,
      511.0
    ],
    [
      511.0,
      511.0
    ],
    [
      256.0,
      0.0
    ],
    [
      256.0,
      511.0
    ],
    [
      0.0,
      256.0
    ],
    [
      511.0,
      256.0
    ]
  ],
  "tps_regularization": 0.0001
}
