{
  "displacement": {
    "budget_max_disp_px": 6.0,
    "max_disp_px": 1.594425082206726,
    "max_disp_px_budget": 6.0,
    "mean_disp_px": 0.2973710000514984,
    "p95_disp_px": 1.396453619003296,
    "target_input_ssim": 0.9
  },
  "input": {
    "l2": 0.011234580070064079,
    "max_abs": 0.6196078062057495,
    "mean_abs": 0.003353626700118184,
    "psnr": 38.988863122951905,
    "ssim": 0.9715620875358582
  },
  "output": {
    "l2": 0.017913897155120522,
    "max_abs": 0.7529411911964417,
    "mean_abs": 0.006945256143808365,
    "psnr": 34.93619846856026,
    "ssim": 0.9585952162742615
  }
}
