{
  "budget": "existence_probe",
  "budget_max_disp_px": 14.0,
  "candidate_folder_abs": "/home/interns/Desktop/mat/phase4/outputs/phase4a_existence_probe/cases/face_001/igs_1p50/make_the_person_smile_slightly/existence_probe/seed_00/candidates/cand_080_g04_m20",
  "candidate_index": 80,
  "candidate_name": "cand_080_g04_m20",
  "case_id": "face_001__make_the_person_smile_slightly__igs_1p50",
  "elapsed_seconds": 2.583455780521035,
  "face_id": "face_001",
  "generation": 4,
  "geometry_method": "landmark_piecewise_affine",
  "guidance_scale": 7.5,
  "image_guidance_scale": 1.5,
  "initial_candidate": false,
  "input_l2": 0.04977846156364006,
  "input_max_abs": 0.929411768913269,
  "input_mean_abs": 0.02006230503320694,
  "input_psnr": 26.059170593578784,
  "input_ssim": 0.830837070941925,
  "max_disp_px": 13.001582145690918,
  "max_disp_px_budget": 14.0,
  "mean_disp_px": 2.907797336578369,
  "member": 20,
  "output_l2": 0.07540549899907814,
  "output_max_abs": 0.929411768913269,
  "output_mean_abs": 0.03248218819499016,
  "output_psnr": 22.451939634892724,
  "output_ssim": 0.7930992245674133,
  "p95_disp_px": 8.436718940734863,
  "phase": "phase4a_existence_probe",
  "prompt": "make the person smile slightly",
  "prompt_slug": "make_the_person_smile_slightly",
  "prompt_type": "smile",
  "seed": 49101,
  "target_input_ssim": 0.78,
  "theta_names": [
    "scale_logit",
    "action_mouth_corner_raise",
    "action_mouth_corner_lower",
    "action_mouth_width_expand",
    "action_mouth_width_compress",
    "action_chin_raise",
    "action_chin_lower"
  ],
  "theta_values": [
    1.4727210998535156,
    -0.09514642506837845,
    -1.6053651571273804,
    -0.007676835637539625,
    0.2762473225593567,
    0.6381275653839111,
    -1.036647081375122
  ]
}
