{
  "budget": "medium",
  "budget_max_disp_px": 4.0,
  "candidate_folder_abs": "/home/interns/Desktop/mat/phase3/outputs/breadth_probe/cases/face_005/igs_1p50/add_headphones/medium/seed_00/candidates/cand_007_g01_m07",
  "candidate_index": 7,
  "candidate_name": "cand_007_g01_m07",
  "dct_modes": [
    [
      1,
      0
    ],
    [
      0,
      1
    ],
    [
      1,
      1
    ],
    [
      2,
      0
    ],
    [
      0,
      2
    ],
    [
      2,
      1
    ]
  ],
  "elapsed_seconds": 4.8552601877599955,
  "generation": 1,
  "geometry_method": "combined_all",
  "initial_candidate": false,
  "input_l2": 0.024725210386749585,
  "input_max_abs": 0.800000011920929,
  "input_mean_abs": 0.008092339150607586,
  "input_psnr": 32.13720008608933,
  "input_ssim": 0.9423196315765381,
  "max_disp_px": 2.958416700363159,
  "max_disp_px_budget": 4.0,
  "mean_disp_px": 0.6944022178649902,
  "member": 7,
  "mesh_size": 4,
  "output_l2": 0.03729783065052608,
  "output_max_abs": 0.929411768913269,
  "output_mean_abs": 0.01437522005289793,
  "output_psnr": 28.56632854554421,
  "output_ssim": 0.9166297912597656,
  "p95_disp_px": 2.603529453277588,
  "phase": "phase3_breadth_probe",
  "prompt": "add headphones",
  "prompt_priority": 1,
  "prompt_slug": "add_headphones",
  "region_count": 3,
  "region_key": "headphones",
  "scale_factor": 0.7546981573104858,
  "seed": 45001,
  "target_input_ssim": 0.94,
  "tps_size": 4
}
