{
  "budget": "medium",
  "budget_max_disp_px": 4.0,
  "candidate_folder_abs": "/home/interns/Desktop/mat/phase2/outputs/phase2a_probe/add_black_sunglasses/medium/seed_00/candidates/cand_005_g01_m05",
  "candidate_index": 5,
  "candidate_name": "cand_005_g01_m05",
  "dct_modes": [
    [
      1,
      0
    ],
    [
      0,
      1
    ],
    [
      1,
      1
    ],
    [
      2,
      0
    ],
    [
      0,
      2
    ],
    [
      2,
      1
    ]
  ],
  "elapsed_seconds": 5.0089476853609085,
  "generation": 1,
  "geometry_method": "combined_tps_dct",
  "initial_candidate": false,
  "input_l2": 0.01643809310718757,
  "input_max_abs": 0.8705882430076599,
  "input_mean_abs": 0.0032589882612228394,
  "input_psnr": 35.68297127978664,
  "input_ssim": 0.9721065163612366,
  "max_disp_px": 2.704028367996216,
  "max_disp_px_budget": 4.0,
  "mean_disp_px": 0.20356011390686035,
  "member": 5,
  "mesh_size": 4,
  "output_l2": 0.016895857039563634,
  "output_max_abs": 0.5137255191802979,
  "output_mean_abs": 0.008725449442863464,
  "output_psnr": 35.444395476286566,
  "output_ssim": 0.9698033928871155,
  "p95_disp_px": 1.8775758743286133,
  "phase": "phase2a_probe",
  "prompt": "add black sunglasses",
  "prompt_priority": 2,
  "prompt_slug": "add_black_sunglasses",
  "region_count": 1,
  "region_key": "glasses",
  "scale_factor": 0.7542159557342529,
  "seed": 23001,
  "target_input_ssim": 0.94,
  "tps_size": 4
}
