{
  "displacement": {
    "budget_max_disp_px": 4.0,
    "max_disp_px": 2.704028367996216,
    "max_disp_px_budget": 4.0,
    "mean_disp_px": 0.20356011390686035,
    "p95_disp_px": 1.8775758743286133,
    "target_input_ssim": 0.94
  },
  "input": {
    "l2": 0.01643809310718757,
    "max_abs": 0.8705882430076599,
    "mean_abs": 0.0032589882612228394,
    "psnr": 35.68297127978664,
    "ssim": 0.9721065163612366
  },
  "output": {
    "l2": 0.016895857039563634,
    "max_abs": 0.5137255191802979,
    "mean_abs": 0.008725449442863464,
    "psnr": 35.444395476286566,
    "ssim": 0.9698033928871155
  }
}
