{
  "displacement": {
    "budget_max_disp_px": 14.0,
    "max_disp_px": 13.06428337097168,
    "max_disp_px_budget": 14.0,
    "mean_disp_px": 3.0995407104492188,
    "p95_disp_px": 9.914263725280762,
    "target_input_ssim": 0.78
  },
  "input": {
    "l2": 0.055682223268688186,
    "max_abs": 0.8745098114013672,
    "mean_abs": 0.021073289215564728,
    "psnr": 25.085668652559583,
    "ssim": 0.8313434720039368
  },
  "output": {
    "l2": 0.08226272587408975,
    "max_abs": 0.9529411792755127,
    "mean_abs": 0.03545898199081421,
    "psnr": 21.69593807439696,
    "ssim": 0.7827630043029785
  }
}
