{
  "displacement": {
    "budget_max_disp_px": 8.0,
    "max_disp_px": 7.309301376342773,
    "max_disp_px_budget": 8.0,
    "mean_disp_px": 1.1828280687332153,
    "p95_disp_px": 3.709930419921875,
    "target_input_ssim": 0.88
  },
  "input": {
    "l2": 0.028394463287602274,
    "max_abs": 0.7607843279838562,
    "mean_abs": 0.012446410022675991,
    "psnr": 30.935326718822015,
    "ssim": 0.9202823638916016
  },
  "output": {
    "l2": 0.0265646676360661,
    "max_abs": 0.6117647290229797,
    "mean_abs": 0.014526964165270329,
    "psnr": 31.513912267944242,
    "ssim": 0.9420687556266785
  }
}
