{
  "clean_clip_positive_margin": 0.035206615924835205,
  "clean_semantic_success_score": 0.035206615924835205,
  "clip_available": true,
  "clip_semantic_drop": 0.0016154050827026367,
  "clip_warning": null,
  "crop_clip_available": false,
  "crop_clip_warning": null,
  "decision_label": "metric_only_candidate",
  "decision_reasons": [
    "semantic_drop_small:0.0016",
    "semantic_drop_small:0.0016",
    "semantic_drop_small:0.0016"
  ],
  "edit_failure_score": 0.0016154050827026367,
  "final_attack_score": 0.1879449900619397,
  "full_image_semantic_drop": 0.0016154050827026367,
  "geometry_excess_penalty": 0.0,
  "geometry_excess_penalty_weight": 0.75,
  "identity_or_face_health_available": false,
  "input_damage_penalty": 0.0,
  "input_damage_penalty_weight": 3.0,
  "input_l2": 0.031141221256727754,
  "input_max_abs": 0.7490196228027344,
  "input_mean_abs": 0.010051102377474308,
  "input_preservation_score": 0.423523743947347,
  "input_psnr": 30.133287196528343,
  "input_ssim": 0.9308228492736816,
  "max_disp_px_budget": 8.0,
  "output_disruption_score": 0.35004349880063723,
  "output_disruption_weight": 0.5,
  "output_l2": 0.049540167879671325,
  "output_max_abs": 0.6313725709915161,
  "output_mean_abs": 0.026614002883434296,
  "output_psnr": 26.10085052057031,
  "output_ssim": 0.8481171727180481,
  "perturbed_clip_positive_margin": 0.03359121084213257,
  "perturbed_semantic_success_score": 0.03359121084213257,
  "phase2_final_score": 0.1879449900619397,
  "phase2_output_disruption": 0.35004349880063723,
  "phase2_score_formula": "8.0*max(0,semantic_drop)+0.5*output_disruption-3.0*input_damage_penalty-0.75*geometry_excess_penalty",
  "phase4_budget_name": "strong",
  "phase4_final_score": 0.1879449900619397,
  "phase4_score_formula": "8.0*max(0,semantic_drop)+0.5*output_disruption-3.0*input_damage_penalty-0.75*geometry_excess_penalty",
  "semantic_drop": 0.0016154050827026367,
  "semantic_drop_weight": 8.0,
  "target_input_ssim": 0.88
}
