{
  "action_names": [
    "eye_spread",
    "eye_compress",
    "eye_squint",
    "eye_raise_left",
    "eye_raise_right",
    "nose_bridge_shift_x",
    "asymmetry_twist"
  ],
  "action_strength": 0.72,
  "action_values": {
    "asymmetry_twist": 0.01796214869188488,
    "eye_compress": -0.7063159472222474,
    "eye_raise_left": -0.6648602872484176,
    "eye_raise_right": -0.45783597276925614,
    "eye_spread": -0.09617796540402397,
    "eye_squint": -0.37212787080921655,
    "nose_bridge_shift_x": 0.36740395999066416
  },
  "active_actions": {
    "asymmetry_twist": 0.01796214869188488,
    "eye_compress": -0.7063159472222474,
    "eye_raise_left": -0.6648602872484176,
    "eye_raise_right": -0.45783597276925614,
    "eye_spread": -0.09617796540402397,
    "eye_squint": -0.37212787080921655,
    "nose_bridge_shift_x": 0.36740395999066416
  },
  "active_anchor_count": 13,
  "control_point_count": 21,
  "geometry_method": "landmark_piecewise_affine",
  "max_disp_px_budget": 14.0,
  "scale_factor": 0.8393782167691155,
  "source_control_points": [
    [
      212.48001098632812,
      217.60000610351562
    ],
    [
      184.32000732421875,
      217.60000610351562
    ],
    [
      299.5199890136719,
      217.60000610351562
    ],
    [
      327.67999267578125,
      217.60000610351562
    ],
    [
      212.48001098632812,
      199.67999267578125
    ],
    [
      212.48001098632812,
      235.52000427246094
    ],
    [
      299.5199890136719,
      199.67999267578125
    ],
    [
      299.5199890136719,
      235.52000427246094
    ],
    [
      256.0,
      263.67999267578125
    ],
    [
      112.63999938964844,
      248.3199920654297
    ],
    [
      174.0800018310547,
      394.239990234375
    ],
    [
      399.3599853515625,
      248.3199920654297
    ],
    [
      337.9200134277344,
      394.239990234375
    ],
    [
      0.0,
      0.0
    ],
    [
      511.0,
      0.0
    ],
    [
      0.0,
      511.0
    ],
    [
      511.0,
      511.0
    ],
    [
      256.0,
      0.0
    ],
    [
      256.0,
      511.0
    ],
    [
      0.0,
      256.0
    ],
    [
      511.0,
      256.0
    ]
  ],
  "target_control_points": [
    [
      206.32981872558594,
      224.3018035888672
    ],
    [
      178.16981506347656,
      217.60000610351562
    ],
    [
      305.670166015625,
      222.21499633789062
    ],
    [
      333.8301696777344,
      217.60000610351562
    ],
    [
      212.48001098632812,
      202.6307373046875
    ],
    [
      212.48001098632812,
      242.6219482421875
    ],
    [
      299.5199890136719,
      200.54393005371094
    ],
    [
      299.5199890136719,
      241.57855224609375
    ],
    [
      259.70343017578125,
      263.67999267578125
    ],
    [
      112.63999938964844,
      248.13893127441406
    ],
    [
      174.0800018310547,
      394.14947509765625
    ],
    [
      399.3599853515625,
      248.5010528564453
    ],
    [
      337.9200134277344,
      394.33050537109375
    ],
    [
      0.0,
      0.0
    ],
    [
      511.0,
      0.0
    ],
    [
      0.0,
      511.0
    ],
    [
      511.0,
      511.0
    ],
    [
      256.0,
      0.0
    ],
    [
      256.0,
      511.0
    ],
    [
      0.0,
      256.0
    ],
    [
      511.0,
      256.0
    ]
  ],
  "tps_regularization": 0.0001
}
