{
  "geometry_info": {
    "action_names": [
      "jaw_expand",
      "jaw_compress",
      "chin_raise",
      "chin_lower",
      "mouth_width_expand",
      "lower_face_shift"
    ],
    "action_strength": 0.72,
    "action_values": {
      "chin_lower": 0.2777445701674609,
      "chin_raise": -0.38023745665924064,
      "jaw_compress": 0.3535300014548261,
      "jaw_expand": 0.4085041915696796,
      "lower_face_shift": 0.518719163886517,
      "mouth_width_expand": 0.49743603156013444
    },
    "active_actions": {
      "chin_lower": 0.2777445701674609,
      "chin_raise": -0.38023745665924064,
      "jaw_compress": 0.3535300014548261,
      "jaw_expand": 0.4085041915696796,
      "lower_face_shift": 0.518719163886517,
      "mouth_width_expand": 0.49743603156013444
    },
    "active_anchor_count": 6,
    "control_point_count": 14,
    "geometry_method": "landmark_piecewise_affine",
    "max_disp_px_budget": 8.0,
    "scale_factor": 0.7036926975611271,
    "source_control_points": [
      [
        174.0800018310547,
        394.239990234375
      ],
      [
        337.9200134277344,
        394.239990234375
      ],
      [
        256.0,
        419.8399963378906
      ],
      [
        256.0,
        376.32000732421875
      ],
      [
        204.8000030517578,
        335.3599853515625
      ],
      [
        307.20001220703125,
        335.3599853515625
      ],
      [
        0.0,
        0.0
      ],
      [
        511.0,
        0.0
      ],
      [
        0.0,
        511.0
      ],
      [
        511.0,
        511.0
      ],
      [
        256.0,
        0.0
      ],
      [
        256.0,
        511.0
      ],
      [
        0.0,
        256.0
      ],
      [
        511.0,
        256.0
      ]
    ],
    "target_control_points": [
      [
        173.7633514404297,
        394.239990234375
      ],
      [
        338.2366638183594,
        394.239990234375
      ],
      [
        258.2408752441406,
        423.6299743652344
      ],
      [
        258.9878234863281,
        378.2149963378906
      ],
      [
        201.9347686767578,
        335.3599853515625
      ],
      [
        310.06524658203125,
        335.3599853515625
      ],
      [
        0.0,
        0.0
      ],
      [
        511.0,
        0.0
      ],
      [
        0.0,
        511.0
      ],
      [
        511.0,
        511.0
      ],
      [
        256.0,
        0.0
      ],
      [
        256.0,
        511.0
      ],
      [
        0.0,
        256.0
      ],
      [
        511.0,
        256.0
      ]
    ],
    "tps_regularization": 0.0001
  },
  "names": [
    "scale_logit",
    "action_jaw_expand",
    "action_jaw_compress",
    "action_chin_raise",
    "action_chin_lower",
    "action_mouth_width_expand",
    "action_lower_face_shift"
  ],
  "values": [
    0.26528462767601013,
    0.6632391810417175,
    0.552501380443573,
    -0.6046440005302429,
    0.41735026240348816,
    0.8809478282928467,
    0.9441841840744019
  ]
}
