{
  "action_names": [
    "eye_spread",
    "eye_compress",
    "eye_squint",
    "eye_raise_left",
    "eye_raise_right",
    "nose_bridge_shift_x",
    "asymmetry_twist"
  ],
  "action_strength": 0.72,
  "action_values": {
    "asymmetry_twist": -0.5920508797114878,
    "eye_compress": -0.21542855632497965,
    "eye_raise_left": 0.4256250691300105,
    "eye_raise_right": 0.2646822103835671,
    "eye_spread": 0.1661804508142513,
    "eye_squint": 0.6965830567975282,
    "nose_bridge_shift_x": -0.6570782046369071
  },
  "active_actions": {
    "asymmetry_twist": -0.5920508797114878,
    "eye_compress": -0.21542855632497965,
    "eye_raise_left": 0.4256250691300105,
    "eye_raise_right": 0.2646822103835671,
    "eye_spread": 0.1661804508142513,
    "eye_squint": 0.6965830567975282,
    "nose_bridge_shift_x": -0.6570782046369071
  },
  "active_anchor_count": 13,
  "control_point_count": 21,
  "geometry_method": "landmark_semantic_tps",
  "max_disp_px_budget": 14.0,
  "scale_factor": 0.7156065059976102,
  "source_control_points": [
    [
      212.48001098632812,
      217.60000610351562
    ],
    [
      184.32000732421875,
      217.60000610351562
    ],
    [
      299.5199890136719,
      217.60000610351562
    ],
    [
      327.67999267578125,
      217.60000610351562
    ],
    [
      212.48001098632812,
      199.67999267578125
    ],
    [
      212.48001098632812,
      235.52000427246094
    ],
    [
      299.5199890136719,
      199.67999267578125
    ],
    [
      299.5199890136719,
      235.52000427246094
    ],
    [
      256.0,
      263.67999267578125
    ],
    [
      112.63999938964844,
      248.3199920654297
    ],
    [
      174.0800018310547,
      394.239990234375
    ],
    [
      399.3599853515625,
      248.3199920654297
    ],
    [
      337.9200134277344,
      394.239990234375
    ],
    [
      0.0,
      0.0
    ],
    [
      511.0,
      0.0
    ],
    [
      0.0,
      511.0
    ],
    [
      511.0,
      511.0
    ],
    [
      256.0,
      0.0
    ],
    [
      256.0,
      511.0
    ],
    [
      0.0,
      256.0
    ],
    [
      511.0,
      256.0
    ]
  ],
  "target_control_points": [
    [
      208.63339233398438,
      213.30970764160156
    ],
    [
      180.473388671875,
      217.60000610351562
    ],
    [
      303.3666076660156,
      214.9320068359375
    ],
    [
      331.526611328125,
      217.60000610351562
    ],
    [
      212.48001098632812,
      202.4112548828125
    ],
    [
      212.48001098632812,
      226.35330200195312
    ],
    [
      299.5199890136719,
      204.03355407714844
    ],
    [
      299.5199890136719,
      227.16444396972656
    ],
    [
      249.37664794921875,
      263.67999267578125
    ],
    [
      112.63999938964844,
      254.28787231445312
    ],
    [
      174.0800018310547,
      397.22393798828125
    ],
    [
      399.3599853515625,
      242.35211181640625
    ],
    [
      337.9200134277344,
      391.25604248046875
    ],
    [
      0.0,
      0.0
    ],
    [
      511.0,
      0.0
    ],
    [
      0.0,
      511.0
    ],
    [
      511.0,
      511.0
    ],
    [
      256.0,
      0.0
    ],
    [
      256.0,
      511.0
    ],
    [
      0.0,
      256.0
    ],
    [
      511.0,
      256.0
    ]
  ],
  "tps_regularization": 0.0001
}
