{
  "displacement": {
    "budget_max_disp_px": 4.0,
    "max_disp_px": 2.583468437194824,
    "max_disp_px_budget": 4.0,
    "mean_disp_px": 0.19332116842269897,
    "p95_disp_px": 1.8138275146484375,
    "target_input_ssim": 0.94
  },
  "input": {
    "l2": 0.015811732881216834,
    "max_abs": 0.458823561668396,
    "mean_abs": 0.0032590581104159355,
    "psnr": 36.02041062221686,
    "ssim": 0.9740431308746338
  },
  "output": {
    "l2": 0.02187523237705271,
    "max_abs": 0.843137264251709,
    "mean_abs": 0.004792845342308283,
    "psnr": 33.20094649682322,
    "ssim": 0.9707739353179932
  }
}
