{
  "displacement": {
    "budget_max_disp_px": 8.0,
    "max_disp_px": 5.263457298278809,
    "max_disp_px_budget": 8.0,
    "mean_disp_px": 0.8056316375732422,
    "p95_disp_px": 4.036095142364502,
    "target_input_ssim": 0.86
  },
  "input": {
    "l2": 0.025024061665728667,
    "max_abs": 0.8588235378265381,
    "mean_abs": 0.008359136991202831,
    "psnr": 32.032843968110896,
    "ssim": 0.9141583442687988
  },
  "output": {
    "l2": 0.03338266140901158,
    "max_abs": 0.8901960849761963,
    "mean_abs": 0.014159414917230606,
    "psnr": 29.529580849137528,
    "ssim": 0.9014161229133606
  }
}
