{
  "displacement": {
    "foldover_fraction_det_below_0": 0.0,
    "jacobian_det_mean": 1.0,
    "jacobian_det_min": 0.9801750183105469,
    "low_det_fraction_below_0p2": 0.0,
    "max_disp_px": 0.4327509105205536,
    "mean_disp_px": 0.09290187805891037,
    "p95_disp_px": 0.34896957874298096
  },
  "input": {
    "l2": 0.004473284176968788,
    "max_abs": 0.11764708161354065,
    "mean_abs": 0.0015881512081250548,
    "psnr": 46.9874702253724,
    "ssim": 0.9952408671379089
  },
  "output": {
    "l2": 0.014520634493716812,
    "max_abs": 0.6117647290229797,
    "mean_abs": 0.0061033652164042,
    "psnr": 36.76028812574942,
    "ssim": 0.9712085723876953
  }
}
