{
  "clean_clip_positive_margin": 0.04772844910621643,
  "clean_semantic_success_score": 0.04772844910621643,
  "clip_available": true,
  "clip_semantic_drop": 0.003207474946975708,
  "clip_warning": null,
  "crop_clip_available": true,
  "crop_clip_warning": null,
  "decision_label": "metric_only_candidate",
  "decision_reasons": [
    "semantic_drop_small:0.0032",
    "semantic_drop_small:0.0032",
    "semantic_drop_small:0.0032"
  ],
  "edit_failure_score": 0.003207474946975708,
  "final_attack_score": 0.10550401209244026,
  "full_image_semantic_drop": 0.003207474946975708,
  "geometry_excess_penalty": 0.0,
  "geometry_excess_penalty_weight": 0.75,
  "identity_or_face_health_available": false,
  "input_damage_penalty": 0.0,
  "input_damage_penalty_weight": 3.0,
  "input_l2": 0.009112062604136516,
  "input_max_abs": 0.18431374430656433,
  "input_mean_abs": 0.004407122265547514,
  "input_preservation_score": 0.8545880119005839,
  "input_psnr": 40.80766610224542,
  "input_ssim": 0.9825505614280701,
  "left_crop_clean_margin": 0.018402695655822754,
  "left_crop_perturbed_margin": 0.013772696256637573,
  "left_crop_semantic_drop": 0.004629999399185181,
  "max_disp_px_budget": 8.0,
  "mean_crop_margin": 0.011055702964464823,
  "mean_crop_semantic_drop": 0.004278202851613362,
  "min_crop_margin": -0.004631400108337402,
  "min_crop_semantic_drop": 0.0020230859518051147,
  "output_disruption_score": 0.1596884250332692,
  "output_disruption_weight": 0.5,
  "output_l2": 0.024670812479897802,
  "output_max_abs": 0.8039215803146362,
  "output_mean_abs": 0.01095365360379219,
  "output_psnr": 32.15633095448907,
  "output_ssim": 0.938994824886322,
  "perturbed_clip_positive_margin": 0.04452097415924072,
  "perturbed_semantic_success_score": 0.04452097415924072,
  "phase2_final_score": 0.10550401209244026,
  "phase2_output_disruption": 0.1596884250332692,
  "phase2_score_formula": "8.0*max(0,semantic_drop)+0.5*output_disruption-3.0*input_damage_penalty-0.75*geometry_excess_penalty",
  "phase4_budget_name": "strong",
  "phase4_final_score": 0.10550401209244026,
  "phase4_score_formula": "8.0*max(0,semantic_drop)+0.5*output_disruption-3.0*input_damage_penalty-0.75*geometry_excess_penalty",
  "right_crop_clean_margin": 0.026048898696899414,
  "right_crop_perturbed_margin": 0.0240258127450943,
  "right_crop_semantic_drop": 0.0020230859518051147,
  "semantic_drop": 0.003207474946975708,
  "semantic_drop_weight": 8.0,
  "target_input_ssim": 0.88,
  "top_crop_clean_margin": 0.0015501230955123901,
  "top_crop_perturbed_margin": -0.004631400108337402,
  "top_crop_semantic_drop": 0.0061815232038497925
}
