{
  "displacement": {
    "budget_max_disp_px": 4.0,
    "max_disp_px": 1.0808665752410889,
    "max_disp_px_budget": 4.0,
    "mean_disp_px": 0.09467953443527222,
    "p95_disp_px": 0.5513027906417847,
    "target_input_ssim": 0.94
  },
  "input": {
    "l2": 0.0048436629391833165,
    "max_abs": 0.13725489377975464,
    "mean_abs": 0.0012958302395418286,
    "psnr": 46.296521723238286,
    "ssim": 0.9949193000793457
  },
  "output": {
    "l2": 0.013086960991824466,
    "max_abs": 0.529411792755127,
    "mean_abs": 0.005111344158649445,
    "psnr": 37.663223841653696,
    "ssim": 0.981271505355835
  }
}
