{
  "best_folder": "phase2/outputs/phase2c_probe/semantic_heavy_cem/headphones_sides_only/existence_probe/seed_00/candidates/cand_017_g02_m01",
  "budget": "existence_probe",
  "budget_max_disp_px": 8.0,
  "candidate_folder": "phase2/outputs/phase2c_probe/semantic_heavy_cem/headphones_sides_only/existence_probe/seed_00/candidates/cand_017_g02_m01",
  "candidate_index": 17,
  "candidate_name": "cand_017_g02_m01",
  "clean_clip_positive_margin": 0.027842342853546143,
  "clean_semantic_success_score": 0.027842342853546143,
  "clip_available": true,
  "clip_semantic_drop": 0.009868204593658447,
  "clip_warning": null,
  "crop_clip_available": true,
  "crop_clip_warning": null,
  "dct_modes": [
    [
      1,
      0
    ],
    [
      0,
      1
    ],
    [
      1,
      1
    ],
    [
      2,
      0
    ],
    [
      0,
      2
    ],
    [
      2,
      1
    ]
  ],
  "decision_label": "metric_only_candidate",
  "decision_reasons": [
    "semantic_drop_small:0.0099",
    "semantic_drop_small:0.0099"
  ],
  "edit_failure_score": 0.009868204593658447,
  "elapsed_seconds": 4.956048322841525,
  "final_attack_score": 0.10673287659441372,
  "full_image_semantic_drop": 0.009868204593658447,
  "generation": 2,
  "geometry_excess_penalty": 0.0,
  "geometry_excess_penalty_weight": 0.75,
  "geometry_method": "region_local_tps",
  "identity_or_face_health_available": false,
  "initial_candidate": false,
  "input_damage_penalty": 0.0,
  "input_damage_penalty_weight": 3.0,
  "input_l2": 0.009288033096387573,
  "input_max_abs": 0.3333333134651184,
  "input_mean_abs": 0.0027497478295117617,
  "input_preservation_score": 0.8433896473475865,
  "input_psnr": 40.64152491458671,
  "input_ssim": 0.9780745506286621,
  "left_crop_clean_margin": 0.02535329759120941,
  "left_crop_perturbed_margin": 0.024043798446655273,
  "left_crop_semantic_drop": 0.0013094991445541382,
  "max_disp_px": 1.926281452178955,
  "max_disp_px_budget": 8.0,
  "mean_crop_margin": 0.01182075838247935,
  "mean_crop_semantic_drop": 0.006290510296821594,
  "mean_disp_px": 0.2266473025083542,
  "member": 1,
  "mesh_size": 4,
  "min_crop_margin": -0.006333589553833008,
  "min_crop_semantic_drop": 0.0013094991445541382,
  "output_disruption_score": 0.11114895938058458,
  "output_disruption_weight": 0.25,
  "output_l2": 0.016995356972564664,
  "output_max_abs": 0.6549019813537598,
  "output_mean_abs": 0.007755149155855179,
  "output_psnr": 35.39339418020994,
  "output_ssim": 0.9568324685096741,
  "p95_disp_px": 1.221644401550293,
  "path_flow": "phase2/outputs/phase2c_probe/semantic_heavy_cem/headphones_sides_only/existence_probe/seed_00/candidates/cand_017_g02_m01/flow.png",
  "path_original": "phase2/outputs/phase2c_probe/semantic_heavy_cem/headphones_sides_only/existence_probe/seed_00/candidates/cand_017_g02_m01/original.png",
  "path_original_edited": "phase2/outputs/phase2c_probe/semantic_heavy_cem/headphones_sides_only/existence_probe/seed_00/candidates/cand_017_g02_m01/original_edited.png",
  "path_perturbed": "phase2/outputs/phase2c_probe/semantic_heavy_cem/headphones_sides_only/existence_probe/seed_00/candidates/cand_017_g02_m01/perturbed.png",
  "path_perturbed_edited": "phase2/outputs/phase2c_probe/semantic_heavy_cem/headphones_sides_only/existence_probe/seed_00/candidates/cand_017_g02_m01/perturbed_edited.png",
  "perturbed_clip_positive_margin": 0.017974138259887695,
  "perturbed_semantic_success_score": 0.017974138259887695,
  "phase": "phase2c_probe",
  "phase2_final_score": 0.10673287659441372,
  "phase2_output_disruption": 0.11114895938058458,
  "phase2_score_formula": "8.0*max(0,semantic_drop)+0.25*output_disruption-3.0*input_damage_penalty-0.75*geometry_excess_penalty",
  "prompt": "add headphones",
  "prompt_priority": 1,
  "prompt_slug": "add_headphones",
  "region_count": 2,
  "region_key": "headphones_sides_only",
  "right_crop_clean_margin": 0.021481528878211975,
  "right_crop_perturbed_margin": 0.017752066254615784,
  "right_crop_semantic_drop": 0.0037294626235961914,
  "scale_factor": 0.24572962522506714,
  "seed": 24102,
  "semantic_drop": 0.009868204593658447,
  "semantic_drop_weight": 8.0,
  "target_input_ssim": 0.86,
  "top_crop_clean_margin": 0.007498979568481445,
  "top_crop_perturbed_margin": -0.006333589553833008,
  "top_crop_semantic_drop": 0.013832569122314453,
  "tps_size": 4
}
