{
  "displacement": {
    "budget_max_disp_px": 8.0,
    "max_disp_px": 6.708912372589111,
    "max_disp_px_budget": 8.0,
    "mean_disp_px": 1.067925214767456,
    "p95_disp_px": 4.4622650146484375,
    "target_input_ssim": 0.88
  },
  "input": {
    "l2": 0.03815505895739604,
    "max_abs": 0.7921568751335144,
    "mean_abs": 0.01377082709223032,
    "psnr": 28.368957420698273,
    "ssim": 0.887889564037323
  },
  "output": {
    "l2": 0.04974648403228801,
    "max_abs": 1.0,
    "mean_abs": 0.017865898087620735,
    "psnr": 26.064752175485037,
    "ssim": 0.8916053771972656
  }
}
