{
  "action_names": [
    "eye_spread",
    "eye_compress",
    "eye_squint",
    "eye_raise_left",
    "eye_raise_right",
    "nose_bridge_shift_x",
    "asymmetry_twist"
  ],
  "action_strength": 0.72,
  "action_values": {
    "asymmetry_twist": 0.38589420601117347,
    "eye_compress": -0.26240580776515987,
    "eye_raise_left": -0.6705649801111744,
    "eye_raise_right": 0.49081850903009455,
    "eye_spread": -0.19892259044869107,
    "eye_squint": 0.5733821952362963,
    "nose_bridge_shift_x": -0.3572699533829007
  },
  "active_actions": {
    "asymmetry_twist": 0.38589420601117347,
    "eye_compress": -0.26240580776515987,
    "eye_raise_left": -0.6705649801111744,
    "eye_raise_right": 0.49081850903009455,
    "eye_spread": -0.19892259044869107,
    "eye_squint": 0.5733821952362963,
    "nose_bridge_shift_x": -0.3572699533829007
  },
  "active_anchor_count": 13,
  "control_point_count": 21,
  "geometry_method": "landmark_semantic_tps",
  "landmark_count": 478,
  "landmark_detector": "mediapipe_python_solutions_face_mesh",
  "max_disp_px_budget": 14.0,
  "require_real_landmarks": true,
  "scale_factor": 0.7211729393360877,
  "source_control_points": [
    [
      196.52999877929688,
      189.3992919921875
    ],
    [
      173.06689453125,
      189.3992919921875
    ],
    [
      299.720458984375,
      172.67965698242188
    ],
    [
      323.55364990234375,
      172.67965698242188
    ],
    [
      196.52999877929688,
      180.7253875732422
    ],
    [
      196.52999877929688,
      198.07318115234375
    ],
    [
      299.720458984375,
      163.08763122558594
    ],
    [
      299.720458984375,
      182.27169799804688
    ],
    [
      241.4825439453125,
      200.3087615966797
    ],
    [
      145.79103088378906,
      230.60910034179688
    ],
    [
      185.86373901367188,
      332.8659362792969
    ],
    [
      383.8033447265625,
      230.60910034179688
    ],
    [
      370.30474853515625,
      332.8659362792969
    ],
    [
      0.0,
      0.0
    ],
    [
      511.0,
      0.0
    ],
    [
      0.0,
      511.0
    ],
    [
      511.0,
      511.0
    ],
    [
      256.0,
      0.0
    ],
    [
      256.0,
      511.0
    ],
    [
      0.0,
      256.0
    ],
    [
      511.0,
      256.0
    ]
  ],
  "target_control_points": [
    [
      195.8900909423828,
      196.15858459472656
    ],
    [
      172.42698669433594,
      189.3992919921875
    ],
    [
      300.3603820800781,
      167.73220825195312
    ],
    [
      324.1935729980469,
      172.67965698242188
    ],
    [
      196.52999877929688,
      193.26437377929688
    ],
    [
      196.52999877929688,
      195.6731414794922
    ],
    [
      299.720458984375,
      163.9198760986328
    ],
    [
      299.720458984375,
      174.01828002929688
    ],
    [
      237.88125610351562,
      200.3087615966797
    ],
    [
      145.79103088378906,
      226.7192840576172
    ],
    [
      185.86373901367188,
      330.9210205078125
    ],
    [
      383.8033447265625,
      234.49891662597656
    ],
    [
      370.30474853515625,
      334.81085205078125
    ],
    [
      0.0,
      0.0
    ],
    [
      511.0,
      0.0
    ],
    [
      0.0,
      511.0
    ],
    [
      511.0,
      511.0
    ],
    [
      256.0,
      0.0
    ],
    [
      256.0,
      511.0
    ],
    [
      0.0,
      256.0
    ],
    [
      511.0,
      256.0
    ]
  ],
  "tps_regularization": 0.0001
}
