{
  "displacement": {
    "budget_max_disp_px": 6.0,
    "max_disp_px": 3.846041202545166,
    "max_disp_px_budget": 6.0,
    "mean_disp_px": 0.7368953227996826,
    "p95_disp_px": 3.131600856781006,
    "target_input_ssim": 0.9
  },
  "input": {
    "l2": 0.025429427776240885,
    "max_abs": 0.529411792755127,
    "mean_abs": 0.008988134562969208,
    "psnr": 31.893268247855904,
    "ssim": 0.9133544564247131
  },
  "output": {
    "l2": 0.051351157559118975,
    "max_abs": 0.8588235378265381,
    "mean_abs": 0.02004016377031803,
    "psnr": 25.7889952415788,
    "ssim": 0.908297061920166
  }
}
