{
  "budget": "strong",
  "budget_max_disp_px": 6.0,
  "candidate_folder_abs": "/home/interns/Desktop/mat/phase2/outputs/phase2a_probe/add_headphones/strong/seed_00/candidates/cand_021_g02_m09",
  "candidate_index": 21,
  "candidate_name": "cand_021_g02_m09",
  "dct_modes": [
    [
      1,
      0
    ],
    [
      0,
      1
    ],
    [
      1,
      1
    ],
    [
      2,
      0
    ],
    [
      0,
      2
    ],
    [
      2,
      1
    ]
  ],
  "elapsed_seconds": 5.269734479486942,
  "generation": 2,
  "geometry_method": "combined_all",
  "initial_candidate": false,
  "input_l2": 0.02497506742414618,
  "input_max_abs": 0.886274516582489,
  "input_mean_abs": 0.007820776663720608,
  "input_psnr": 32.04986661307455,
  "input_ssim": 0.9226385951042175,
  "max_disp_px": 4.340349197387695,
  "max_disp_px_budget": 6.0,
  "mean_disp_px": 0.716555655002594,
  "member": 9,
  "mesh_size": 4,
  "output_l2": 0.03102140712650362,
  "output_max_abs": 0.7333333492279053,
  "output_mean_abs": 0.014863918535411358,
  "output_psnr": 30.166770130824947,
  "output_ssim": 0.9055299758911133,
  "p95_disp_px": 3.5372679233551025,
  "phase": "phase2a_probe",
  "prompt": "add headphones",
  "prompt_priority": 1,
  "prompt_slug": "add_headphones",
  "region_count": 3,
  "region_key": "headphones",
  "scale_factor": 0.7381546497344971,
  "seed": 22101,
  "target_input_ssim": 0.9,
  "tps_size": 4
}
