{
  "displacement": {
    "budget_max_disp_px": 4.0,
    "max_disp_px": 1.9203824996948242,
    "max_disp_px_budget": 4.0,
    "mean_disp_px": 0.1775287687778473,
    "p95_disp_px": 1.6354864835739136,
    "target_input_ssim": 0.94
  },
  "input": {
    "l2": 0.009792480200075856,
    "max_abs": 0.30588236451148987,
    "mean_abs": 0.0022545212414115667,
    "psnr": 40.18214595803541,
    "ssim": 0.9821763634681702
  },
  "output": {
    "l2": 0.013197427463223705,
    "max_abs": 0.6549019813537598,
    "mean_abs": 0.003675613319501281,
    "psnr": 37.590214326503336,
    "ssim": 0.9789441227912903
  }
}
