{
  "displacement": {
    "foldover_fraction_det_below_0": 0.0,
    "jacobian_det_mean": 1.0,
    "jacobian_det_min": 0.9256522059440613,
    "low_det_fraction_below_0p2": 0.0,
    "max_disp_px": 1.445152997970581,
    "mean_disp_px": 0.2947629690170288,
    "p95_disp_px": 1.1209014654159546
  },
  "input": {
    "l2": 0.0156834754265399,
    "max_abs": 0.5254901647567749,
    "mean_abs": 0.005521157290786505,
    "psnr": 36.091153844102045,
    "ssim": 0.9531822204589844
  },
  "output": {
    "l2": 0.022474654041838307,
    "max_abs": 0.5647059082984924,
    "mean_abs": 0.01091961469501257,
    "psnr": 32.966139695011016,
    "ssim": 0.9190244674682617
  }
}
