{
  "budget": "strong",
  "budget_max_disp_px": 8.0,
  "candidate_folder_abs": "/home/interns/Desktop/mat/phase4/outputs/phase4a_existence_probe/cases/face_005/igs_1p00/add_black_sunglasses/strong/seed_00/candidates/cand_064_g04_m04",
  "candidate_index": 64,
  "candidate_name": "cand_064_g04_m04",
  "case_id": "face_005__add_black_sunglasses__igs_1p00",
  "elapsed_seconds": 2.6913295555859804,
  "face_id": "face_005",
  "generation": 4,
  "geometry_method": "landmark_piecewise_affine",
  "guidance_scale": 7.5,
  "image_guidance_scale": 1.0,
  "initial_candidate": false,
  "input_l2": 0.043142611796352,
  "input_max_abs": 0.772549033164978,
  "input_mean_abs": 0.018818240612745285,
  "input_psnr": 27.301871336543062,
  "input_ssim": 0.8774094581604004,
  "max_disp_px": 7.992001056671143,
  "max_disp_px_budget": 8.0,
  "mean_disp_px": 1.8731303215026855,
  "member": 4,
  "output_l2": 0.08173405364029354,
  "output_max_abs": 0.7921568751335144,
  "output_mean_abs": 0.038313351571559906,
  "output_psnr": 21.75193923000412,
  "output_ssim": 0.8446084856987,
  "p95_disp_px": 5.7700042724609375,
  "phase": "phase4a_existence_probe",
  "prompt": "add black sunglasses",
  "prompt_slug": "add_black_sunglasses",
  "prompt_type": "glasses",
  "seed": 41001,
  "target_input_ssim": 0.88,
  "theta_names": [
    "scale_logit",
    "action_eye_spread",
    "action_eye_compress",
    "action_eye_squint",
    "action_eye_raise_left",
    "action_eye_raise_right",
    "action_nose_bridge_shift_x",
    "action_asymmetry_twist"
  ],
  "theta_values": [
    0.8262211084365845,
    0.6730300784111023,
    -0.08935319632291794,
    -1.4979509115219116,
    0.830710232257843,
    2.240107297897339,
    0.44871899485588074,
    -1.1223312616348267
  ]
}
