{
  "clean_clip_positive_margin": 0.027842342853546143,
  "clean_semantic_success_score": 0.027842342853546143,
  "clip_available": true,
  "clip_semantic_drop": 0.01969277858734131,
  "clip_warning": null,
  "crop_clip_available": true,
  "crop_clip_warning": null,
  "decision_label": "weak_candidate",
  "decision_reasons": [
    "semantic_drop_small:0.0197"
  ],
  "edit_failure_score": 0.01969277858734131,
  "final_attack_score": 0.1932905844420285,
  "full_image_semantic_drop": 0.01969277858734131,
  "geometry_excess_penalty": 0.0,
  "geometry_excess_penalty_weight": 0.75,
  "identity_or_face_health_available": false,
  "input_damage_penalty": 0.0,
  "input_damage_penalty_weight": 3.0,
  "input_l2": 0.013041590249178062,
  "input_max_abs": 0.8509804010391235,
  "input_mean_abs": 0.003709216369315982,
  "input_preservation_score": 0.6736878156661986,
  "input_psnr": 37.69338897831788,
  "input_ssim": 0.9673687815666199,
  "left_crop_clean_margin": 0.02535329759120941,
  "left_crop_perturbed_margin": 0.024685710668563843,
  "left_crop_semantic_drop": 0.0006675869226455688,
  "max_disp_px_budget": 6.0,
  "mean_crop_margin": 0.015240266919136047,
  "mean_crop_semantic_drop": 0.0028710017601648965,
  "min_crop_margin": -0.0005824863910675049,
  "min_crop_semantic_drop": -0.0001360476016998291,
  "output_disruption_score": 0.14299342297319217,
  "output_disruption_weight": 0.25,
  "output_l2": 0.02265451168716859,
  "output_max_abs": 0.6352941393852234,
  "output_mean_abs": 0.009217708371579647,
  "output_psnr": 32.89690589004787,
  "output_ssim": 0.9476246237754822,
  "perturbed_clip_positive_margin": 0.008149564266204834,
  "perturbed_semantic_success_score": 0.008149564266204834,
  "phase2_final_score": 0.1932905844420285,
  "phase2_output_disruption": 0.14299342297319217,
  "phase2_score_formula": "8.0*max(0,semantic_drop)+0.25*output_disruption-3.0*input_damage_penalty-0.75*geometry_excess_penalty",
  "right_crop_clean_margin": 0.021481528878211975,
  "right_crop_perturbed_margin": 0.021617576479911804,
  "right_crop_semantic_drop": -0.0001360476016998291,
  "semantic_drop": 0.01969277858734131,
  "semantic_drop_weight": 8.0,
  "target_input_ssim": 0.9,
  "top_crop_clean_margin": 0.007498979568481445,
  "top_crop_perturbed_margin": -0.0005824863910675049,
  "top_crop_semantic_drop": 0.00808146595954895
}
