{
  "budget": "existence_probe",
  "budget_max_disp_px": 14.0,
  "candidate_folder_abs": "/home/interns/Desktop/mat/phase4/outputs/phase4a_existence_probe/cases/face_004/igs_1p00/add_a_small_beard/existence_probe/seed_00/candidates/cand_010_g01_m10",
  "candidate_index": 10,
  "candidate_name": "cand_010_g01_m10",
  "case_id": "face_004__add_a_small_beard__igs_1p00",
  "elapsed_seconds": 2.2839551772922277,
  "face_id": "face_004",
  "generation": 1,
  "geometry_method": "landmark_piecewise_affine",
  "guidance_scale": 7.5,
  "image_guidance_scale": 1.0,
  "initial_candidate": false,
  "input_l2": 0.03964270840439385,
  "input_max_abs": 0.9058823585510254,
  "input_mean_abs": 0.012693546712398529,
  "input_psnr": 28.036733640293594,
  "input_ssim": 0.9013724327087402,
  "max_disp_px": 4.7896728515625,
  "max_disp_px_budget": 14.0,
  "mean_disp_px": 0.9555363655090332,
  "member": 10,
  "output_l2": 0.022830966640335106,
  "output_max_abs": 0.3960784673690796,
  "output_mean_abs": 0.011442091315984726,
  "output_psnr": 32.82951401051391,
  "output_ssim": 0.9108828902244568,
  "p95_disp_px": 3.42755126953125,
  "phase": "phase4a_existence_probe",
  "prompt": "add a small beard",
  "prompt_slug": "add_a_small_beard",
  "prompt_type": "beard",
  "seed": 47101,
  "target_input_ssim": 0.78,
  "theta_names": [
    "scale_logit",
    "action_jaw_expand",
    "action_jaw_compress",
    "action_chin_raise",
    "action_chin_lower",
    "action_mouth_width_expand",
    "action_lower_face_shift"
  ],
  "theta_values": [
    0.8510218262672424,
    -0.31196388602256775,
    -1.2258872985839844,
    2.1312291622161865,
    1.8453779220581055,
    0.22230911254882812,
    0.5959457755088806
  ]
}
