{
  "budget": "existence_probe",
  "budget_max_disp_px": 14.0,
  "candidate_folder_abs": "/home/interns/Desktop/mat/phase4/outputs/phase4a_existence_probe/cases/face_004/igs_1p00/add_a_small_beard/existence_probe/seed_00/candidates/cand_021_g02_m01",
  "candidate_index": 21,
  "candidate_name": "cand_021_g02_m01",
  "case_id": "face_004__add_a_small_beard__igs_1p00",
  "elapsed_seconds": 2.3105697352439165,
  "face_id": "face_004",
  "generation": 2,
  "geometry_method": "landmark_piecewise_affine",
  "guidance_scale": 7.5,
  "image_guidance_scale": 1.0,
  "initial_candidate": false,
  "input_l2": 0.036014687596801,
  "input_max_abs": 0.7686274647712708,
  "input_mean_abs": 0.009719165042042732,
  "input_psnr": 28.870406961671357,
  "input_ssim": 0.9233058094978333,
  "max_disp_px": 8.623491287231445,
  "max_disp_px_budget": 14.0,
  "mean_disp_px": 0.7821058630943298,
  "member": 1,
  "output_l2": 0.037736500093790766,
  "output_max_abs": 0.5960784554481506,
  "output_mean_abs": 0.01804068498313427,
  "output_psnr": 28.464767626844164,
  "output_ssim": 0.8823251724243164,
  "p95_disp_px": 3.267066717147827,
  "phase": "phase4a_existence_probe",
  "prompt": "add a small beard",
  "prompt_slug": "add_a_small_beard",
  "prompt_type": "beard",
  "seed": 47101,
  "target_input_ssim": 0.78,
  "theta_names": [
    "scale_logit",
    "action_jaw_expand",
    "action_jaw_compress",
    "action_chin_raise",
    "action_chin_lower",
    "action_mouth_width_expand",
    "action_lower_face_shift"
  ],
  "theta_values": [
    0.4360692799091339,
    0.8543645739555359,
    0.8825511932373047,
    0.5201197266578674,
    -0.6333691477775574,
    -0.6188544631004333,
    0.6128613948822021
  ]
}
