{
  "displacement": {
    "foldover_fraction_det_below_0": 0.0,
    "jacobian_det_mean": 1.0,
    "jacobian_det_min": 0.9332350492477417,
    "low_det_fraction_below_0p2": 0.0,
    "max_disp_px": 1.689142107963562,
    "mean_disp_px": 0.23658466339111328,
    "p95_disp_px": 0.9159481525421143
  },
  "input": {
    "l2": 0.010172636468605856,
    "max_abs": 0.21176470816135406,
    "mean_abs": 0.0038930708542466164,
    "psnr": 39.851329505207616,
    "ssim": 0.9731772541999817
  },
  "output": {
    "l2": 0.022113853679576814,
    "max_abs": 0.4745098352432251,
    "mean_abs": 0.01083964854478836,
    "psnr": 33.106711366482074,
    "ssim": 0.9201423525810242
  }
}
