{
  "displacement": {
    "budget_max_disp_px": 6.0,
    "max_disp_px": 2.6812026500701904,
    "max_disp_px_budget": 6.0,
    "mean_disp_px": 0.47397810220718384,
    "p95_disp_px": 1.9118272066116333,
    "target_input_ssim": 0.9
  },
  "input": {
    "l2": 0.026392237146577714,
    "max_abs": 0.5098039507865906,
    "mean_abs": 0.007648630533367395,
    "psnr": 31.570475902128308,
    "ssim": 0.9368223547935486
  },
  "output": {
    "l2": 0.05029992870207615,
    "max_abs": 0.8274509906768799,
    "mean_abs": 0.019569672644138336,
    "psnr": 25.968652610737056,
    "ssim": 0.910503089427948
  }
}
