{
  "budget": "existence_probe",
  "budget_max_disp_px": 14.0,
  "candidate_folder_abs": "/home/interns/Desktop/mat/phase4/outputs/phase4a_existence_probe/cases/face_005/igs_1p50/add_a_small_beard/existence_probe/seed_00/candidates/cand_044_g03_m04",
  "candidate_index": 44,
  "candidate_name": "cand_044_g03_m04",
  "case_id": "face_005__add_a_small_beard__igs_1p50",
  "elapsed_seconds": 2.907757766544819,
  "face_id": "face_005",
  "generation": 3,
  "geometry_method": "landmark_semantic_tps",
  "guidance_scale": 7.5,
  "image_guidance_scale": 1.5,
  "initial_candidate": false,
  "input_l2": 0.03301074766900386,
  "input_max_abs": 0.7137255072593689,
  "input_mean_abs": 0.014520966447889805,
  "input_psnr": 29.62689278219387,
  "input_ssim": 0.8962869048118591,
  "max_disp_px": 4.5676703453063965,
  "max_disp_px_budget": 14.0,
  "mean_disp_px": 1.210739254951477,
  "member": 4,
  "output_l2": 0.04615361217994828,
  "output_max_abs": 0.8156862854957581,
  "output_mean_abs": 0.02586561255156994,
  "output_psnr": 26.71588607112367,
  "output_ssim": 0.8306662440299988,
  "p95_disp_px": 3.595310688018799,
  "phase": "phase4a_existence_probe",
  "prompt": "add a small beard",
  "prompt_slug": "add_a_small_beard",
  "prompt_type": "beard",
  "seed": 48101,
  "target_input_ssim": 0.78,
  "theta_names": [
    "scale_logit",
    "action_jaw_expand",
    "action_jaw_compress",
    "action_chin_raise",
    "action_chin_lower",
    "action_mouth_width_expand",
    "action_lower_face_shift"
  ],
  "theta_values": [
    -1.288283109664917,
    -0.49067258834838867,
    1.6322482824325562,
    0.5734283924102783,
    0.37560340762138367,
    0.9444606900215149,
    -1.2120600938796997
  ]
}
