{
  "displacement": {
    "budget_max_disp_px": 14.0,
    "max_disp_px": 11.526543617248535,
    "max_disp_px_budget": 14.0,
    "mean_disp_px": 3.0344696044921875,
    "p95_disp_px": 9.171765327453613,
    "target_input_ssim": 0.78
  },
  "input": {
    "l2": 0.06828784606333718,
    "max_abs": 0.8235294222831726,
    "mean_abs": 0.028391556814312935,
    "psnr": 23.31313171182307,
    "ssim": 0.772593080997467
  },
  "output": {
    "l2": 0.0832071855163147,
    "max_abs": 0.8039215803146362,
    "mean_abs": 0.03453540802001953,
    "psnr": 21.596783355114077,
    "ssim": 0.8303467631340027
  }
}
