{
  "geometry_info": {
    "action_names": [
      "mouth_corner_raise",
      "mouth_corner_lower",
      "mouth_width_expand",
      "mouth_width_compress",
      "chin_raise",
      "chin_lower"
    ],
    "action_strength": 0.72,
    "action_values": {
      "chin_lower": 0.1727867253062417,
      "chin_raise": 0.4382705690807246,
      "mouth_corner_lower": 0.6081600967427847,
      "mouth_corner_raise": -0.19814798390679436,
      "mouth_width_compress": -0.7735856005241378,
      "mouth_width_expand": -0.1242752037619142
    },
    "active_actions": {
      "chin_lower": 0.1727867253062417,
      "chin_raise": 0.4382705690807246,
      "mouth_corner_lower": 0.6081600967427847,
      "mouth_corner_raise": -0.19814798390679436,
      "mouth_width_compress": -0.7735856005241378,
      "mouth_width_expand": -0.1242752037619142
    },
    "active_anchor_count": 4,
    "control_point_count": 12,
    "geometry_method": "landmark_piecewise_affine",
    "max_disp_px_budget": 14.0,
    "scale_factor": 0.8542731707089364,
    "source_control_points": [
      [
        204.8000030517578,
        335.3599853515625
      ],
      [
        307.20001220703125,
        335.3599853515625
      ],
      [
        256.0,
        419.8399963378906
      ],
      [
        256.0,
        376.32000732421875
      ],
      [
        0.0,
        0.0
      ],
      [
        511.0,
        0.0
      ],
      [
        0.0,
        511.0
      ],
      [
        511.0,
        511.0
      ],
      [
        256.0,
        0.0
      ],
      [
        256.0,
        511.0
      ],
      [
        0.0,
        256.0
      ],
      [
        511.0,
        256.0
      ]
    ],
    "target_control_points": [
      [
        198.2549591064453,
        343.4875793457031
      ],
      [
        313.74505615234375,
        343.4875793457031
      ],
      [
        256.0,
        417.1639099121094
      ],
      [
        256.0,
        374.9819641113281
      ],
      [
        0.0,
        0.0
      ],
      [
        511.0,
        0.0
      ],
      [
        0.0,
        511.0
      ],
      [
        511.0,
        511.0
      ],
      [
        256.0,
        0.0
      ],
      [
        256.0,
        511.0
      ],
      [
        0.0,
        256.0
      ],
      [
        511.0,
        256.0
      ]
    ],
    "tps_regularization": 0.0001
  },
  "names": [
    "scale_logit",
    "action_mouth_corner_raise",
    "action_mouth_corner_lower",
    "action_mouth_width_expand",
    "action_mouth_width_compress",
    "action_chin_raise",
    "action_chin_lower"
  ],
  "values": [
    0.7508955597877502,
    -0.23624852299690247,
    0.8910329341888428,
    -0.14651423692703247,
    -1.5022181272506714,
    0.5668379664421082,
    0.20508958399295807
  ]
}
