{
  "geometry_info": {
    "action_names": [
      "face_side_push_left",
      "face_side_push_right",
      "head_top_raise",
      "head_top_lower",
      "jaw_expand",
      "jaw_compress",
      "asymmetry_twist"
    ],
    "action_strength": 0.72,
    "action_values": {
      "asymmetry_twist": -0.5141346235688975,
      "face_side_push_left": 0.5154649927872084,
      "face_side_push_right": -0.015619778223873605,
      "head_top_lower": -0.5537617870160576,
      "head_top_raise": -0.028215691937230513,
      "jaw_compress": -0.5596178954146431,
      "jaw_expand": -0.20460437109697138
    },
    "active_actions": {
      "asymmetry_twist": -0.5141346235688975,
      "face_side_push_left": 0.5154649927872084,
      "face_side_push_right": -0.015619778223873605,
      "head_top_lower": -0.5537617870160576,
      "head_top_raise": -0.028215691937230513,
      "jaw_compress": -0.5596178954146431,
      "jaw_expand": -0.20460437109697138
    },
    "active_anchor_count": 7,
    "control_point_count": 15,
    "geometry_method": "landmark_semantic_tps",
    "max_disp_px_budget": 14.0,
    "scale_factor": 0.5758537085164748,
    "source_control_points": [
      [
        112.63999938964844,
        248.3199920654297
      ],
      [
        112.63999938964844,
        253.44000244140625
      ],
      [
        399.3599853515625,
        248.3199920654297
      ],
      [
        399.3599853515625,
        253.44000244140625
      ],
      [
        256.0,
        87.04000091552734
      ],
      [
        174.0800018310547,
        394.239990234375
      ],
      [
        337.9200134277344,
        394.239990234375
      ],
      [
        0.0,
        0.0
      ],
      [
        511.0,
        0.0
      ],
      [
        0.0,
        511.0
      ],
      [
        511.0,
        511.0
      ],
      [
        256.0,
        0.0
      ],
      [
        256.0,
        511.0
      ],
      [
        0.0,
        256.0
      ],
      [
        511.0,
        256.0
      ]
    ],
    "target_control_points": [
      [
        107.4441146850586,
        253.50247192382812
      ],
      [
        108.74308776855469,
        253.44000244140625
      ],
      [
        399.2025451660156,
        243.13751220703125
      ],
      [
        399.2419128417969,
        253.44000244140625
      ],
      [
        256.0,
        81.74249267578125
      ],
      [
        170.50146484375,
        396.83123779296875
      ],
      [
        341.49853515625,
        391.64874267578125
      ],
      [
        0.0,
        0.0
      ],
      [
        511.0,
        0.0
      ],
      [
        0.0,
        511.0
      ],
      [
        511.0,
        511.0
      ],
      [
        256.0,
        0.0
      ],
      [
        256.0,
        511.0
      ],
      [
        0.0,
        256.0
      ],
      [
        511.0,
        256.0
      ]
    ],
    "tps_regularization": 0.0001
  },
  "names": [
    "scale_logit",
    "action_face_side_push_left",
    "action_face_side_push_right",
    "action_head_top_raise",
    "action_head_top_lower",
    "action_jaw_expand",
    "action_jaw_compress",
    "action_asymmetry_twist"
  ],
  "values": [
    -0.06043921411037445,
    1.4471698999404907,
    -0.02713121473789215,
    -0.04903728887438774,
    -1.967210292816162,
    -0.3715035617351532,
    -2.1237919330596924,
    -1.4356645345687866
  ]
}
