{
  "displacement": {
    "budget_max_disp_px": 14.0,
    "max_disp_px": 13.986001968383789,
    "max_disp_px_budget": 14.0,
    "mean_disp_px": 4.531684875488281,
    "p95_disp_px": 13.105067253112793,
    "target_input_ssim": 0.78
  },
  "input": {
    "l2": 0.07664639051723399,
    "max_abs": 0.843137264251709,
    "mean_abs": 0.03775402903556824,
    "psnr": 22.310165848248992,
    "ssim": 0.7711033225059509
  },
  "output": {
    "l2": 0.10900965622987381,
    "max_abs": 0.8352941274642944,
    "mean_abs": 0.05114113911986351,
    "psnr": 19.250700598691182,
    "ssim": 0.793440043926239
  }
}
