{
  "attack_score": 0.16579962913686488,
  "input_damage_penalty": 0.0,
  "normalized_output_l2": 0.08617467825109218,
  "output_disruption": 0.16579962913686488
}
