{
  "displacement": {
    "budget_max_disp_px": 4.0,
    "max_disp_px": 3.04488468170166,
    "max_disp_px_budget": 4.0,
    "mean_disp_px": 0.21461038291454315,
    "p95_disp_px": 2.044504165649414,
    "target_input_ssim": 0.94
  },
  "input": {
    "l2": 0.016183883608517958,
    "max_abs": 0.7882353067398071,
    "mean_abs": 0.003246826119720936,
    "psnr": 35.81834507182383,
    "ssim": 0.9724639058113098
  },
  "output": {
    "l2": 0.022312183546428763,
    "max_abs": 0.8980392217636108,
    "mean_abs": 0.006800596136599779,
    "psnr": 33.02915852192393,
    "ssim": 0.9606816172599792
  }
}
