{
  "geometry_info": {
    "action_names": [
      "face_side_push_left",
      "face_side_push_right",
      "head_top_raise",
      "head_top_lower",
      "jaw_expand",
      "jaw_compress",
      "asymmetry_twist"
    ],
    "action_strength": 0.72,
    "action_values": {
      "asymmetry_twist": -0.2701281418950299,
      "face_side_push_left": -0.23686944373983063,
      "face_side_push_right": 0.23049551005561078,
      "head_top_lower": -0.12835413536507734,
      "head_top_raise": 0.0962942251135354,
      "jaw_compress": -0.19951780005476305,
      "jaw_expand": -0.16188321186218987
    },
    "active_actions": {
      "asymmetry_twist": -0.2701281418950299,
      "face_side_push_left": -0.23686944373983063,
      "face_side_push_right": 0.23049551005561078,
      "head_top_lower": -0.12835413536507734,
      "head_top_raise": 0.0962942251135354,
      "jaw_compress": -0.19951780005476305,
      "jaw_expand": -0.16188321186218987
    },
    "active_anchor_count": 7,
    "control_point_count": 15,
    "geometry_method": "landmark_piecewise_affine",
    "max_disp_px_budget": 8.0,
    "scale_factor": 0.3080930193178226,
    "source_control_points": [
      [
        112.63999938964844,
        248.3199920654297
      ],
      [
        112.63999938964844,
        253.44000244140625
      ],
      [
        399.3599853515625,
        248.3199920654297
      ],
      [
        399.3599853515625,
        253.44000244140625
      ],
      [
        256.0,
        87.04000091552734
      ],
      [
        174.0800018310547,
        394.239990234375
      ],
      [
        337.9200134277344,
        394.239990234375
      ],
      [
        0.0,
        0.0
      ],
      [
        511.0,
        0.0
      ],
      [
        0.0,
        511.0
      ],
      [
        511.0,
        511.0
      ],
      [
        256.0,
        0.0
      ],
      [
        256.0,
        511.0
      ],
      [
        0.0,
        256.0
      ],
      [
        511.0,
        256.0
      ]
    ],
    "target_control_points": [
      [
        114.00436401367188,
        249.8759307861328
      ],
      [
        113.66327667236328,
        253.44000244140625
      ],
      [
        400.6876525878906,
        246.76405334472656
      ],
      [
        400.355712890625,
        253.44000244140625
      ],
      [
        256.0,
        85.74602508544922
      ],
      [
        173.86322021484375,
        395.0179443359375
      ],
      [
        338.13677978515625,
        393.4620361328125
      ],
      [
        0.0,
        0.0
      ],
      [
        511.0,
        0.0
      ],
      [
        0.0,
        511.0
      ],
      [
        511.0,
        511.0
      ],
      [
        256.0,
        0.0
      ],
      [
        256.0,
        511.0
      ],
      [
        0.0,
        256.0
      ],
      [
        511.0,
        256.0
      ]
    ],
    "tps_regularization": 0.0001
  },
  "names": [
    "scale_logit",
    "action_face_side_push_left",
    "action_face_side_push_right",
    "action_head_top_raise",
    "action_head_top_lower",
    "action_jaw_expand",
    "action_jaw_compress",
    "action_asymmetry_twist"
  ],
  "values": [
    -0.9282296895980835,
    -1.017446517944336,
    0.9687082767486572,
    0.323368102312088,
    -0.44358107447624207,
    -0.5838197469711304,
    -0.7711359262466431,
    -1.3616474866867065
  ]
}
