{
  "best_folder": "phase4/outputs/phase4a_existence_probe/cases/face_002/igs_1p50/add_headphones/strong/seed_00/candidates/cand_056_g03_m16",
  "budget": "strong",
  "budget_max_disp_px": 8.0,
  "candidate_folder": "phase4/outputs/phase4a_existence_probe/cases/face_002/igs_1p50/add_headphones/strong/seed_00/candidates/cand_056_g03_m16",
  "candidate_index": 56,
  "candidate_name": "cand_056_g03_m16",
  "case_id": "face_002__add_headphones__igs_1p50",
  "clean_clip_positive_margin": 0.04682642221450806,
  "clean_semantic_success_score": 0.04682642221450806,
  "clip_available": true,
  "clip_semantic_drop": 0.0031570792198181152,
  "clip_warning": null,
  "crop_clip_available": true,
  "crop_clip_warning": null,
  "decision_label": "metric_only_candidate",
  "decision_reasons": [
    "semantic_drop_small:0.0032",
    "semantic_drop_small:0.0032",
    "semantic_drop_small:0.0032"
  ],
  "edit_failure_score": 0.0031570792198181152,
  "elapsed_seconds": 2.445543486624956,
  "face_id": "face_002",
  "final_attack_score": 0.1549589244924614,
  "full_image_semantic_drop": 0.0031570792198181152,
  "generation": 3,
  "geometry_excess_penalty": 0.0,
  "geometry_excess_penalty_weight": 0.75,
  "geometry_method": "landmark_piecewise_affine",
  "guidance_scale": 7.5,
  "identity_or_face_health_available": false,
  "image_guidance_scale": 1.5,
  "initial_candidate": false,
  "input_damage_penalty": 0.0,
  "input_damage_penalty_weight": 3.0,
  "input_l2": 0.023298387140671548,
  "input_max_abs": 0.7529411911964417,
  "input_mean_abs": 0.010945023037493229,
  "input_preservation_score": 0.4024927417437235,
  "input_psnr": 32.653482849995356,
  "input_ssim": 0.9282991290092468,
  "left_crop_clean_margin": 0.01800447702407837,
  "left_crop_perturbed_margin": 0.019356995820999146,
  "left_crop_semantic_drop": -0.0013525187969207764,
  "max_disp_px": 2.070875406265259,
  "max_disp_px_budget": 8.0,
  "mean_crop_margin": 0.014925703406333923,
  "mean_crop_semantic_drop": -0.0007552355527877808,
  "mean_disp_px": 0.6127837300300598,
  "member": 16,
  "min_crop_margin": -0.0003094673156738281,
  "min_crop_semantic_drop": -0.0013525187969207764,
  "output_disruption_score": 0.25940458146783296,
  "output_disruption_weight": 0.5,
  "output_l2": 0.03749756060057031,
  "output_max_abs": 0.8078431487083435,
  "output_mean_abs": 0.019857486709952354,
  "output_psnr": 28.519939686603422,
  "output_ssim": 0.8905856609344482,
  "p95_disp_px": 1.4833405017852783,
  "path_clean_edit": "phase4/outputs/phase4a_existence_probe/cases/face_002/igs_1p50/add_headphones/strong/seed_00/candidates/cand_056_g03_m16/clean_edit.png",
  "path_flow": "phase4/outputs/phase4a_existence_probe/cases/face_002/igs_1p50/add_headphones/strong/seed_00/candidates/cand_056_g03_m16/flow.png",
  "path_landmarks_overlay_original": "phase4/outputs/phase4a_existence_probe/cases/face_002/igs_1p50/add_headphones/strong/seed_00/candidates/cand_056_g03_m16/landmarks_overlay_original.jpg",
  "path_landmarks_overlay_perturbed": "phase4/outputs/phase4a_existence_probe/cases/face_002/igs_1p50/add_headphones/strong/seed_00/candidates/cand_056_g03_m16/landmarks_overlay_perturbed.jpg",
  "path_original": "phase4/outputs/phase4a_existence_probe/cases/face_002/igs_1p50/add_headphones/strong/seed_00/candidates/cand_056_g03_m16/original.png",
  "path_perturbed": "phase4/outputs/phase4a_existence_probe/cases/face_002/igs_1p50/add_headphones/strong/seed_00/candidates/cand_056_g03_m16/perturbed.png",
  "path_perturbed_edit": "phase4/outputs/phase4a_existence_probe/cases/face_002/igs_1p50/add_headphones/strong/seed_00/candidates/cand_056_g03_m16/perturbed_edit.png",
  "perturbed_clip_positive_margin": 0.04366934299468994,
  "perturbed_semantic_success_score": 0.04366934299468994,
  "phase": "phase4a_existence_probe",
  "phase2_final_score": 0.1549589244924614,
  "phase2_output_disruption": 0.25940458146783296,
  "phase2_score_formula": "8.0*max(0,semantic_drop)+0.5*output_disruption-3.0*input_damage_penalty-0.75*geometry_excess_penalty",
  "phase4_budget_name": "strong",
  "phase4_final_score": 0.1549589244924614,
  "phase4_score_formula": "8.0*max(0,semantic_drop)+0.5*output_disruption-3.0*input_damage_penalty-0.75*geometry_excess_penalty",
  "prompt": "add headphones",
  "prompt_slug": "add_headphones",
  "prompt_type": "headphones",
  "right_crop_clean_margin": 0.02526278793811798,
  "right_crop_perturbed_margin": 0.025729581713676453,
  "right_crop_semantic_drop": -0.0004667937755584717,
  "seed": 51001,
  "semantic_drop": 0.0031570792198181152,
  "semantic_drop_weight": 8.0,
  "target_input_ssim": 0.88,
  "theta_names": [
    "scale_logit",
    "action_face_side_push_left",
    "action_face_side_push_right",
    "action_head_top_raise",
    "action_head_top_lower",
    "action_jaw_expand",
    "action_jaw_compress",
    "action_asymmetry_twist"
  ],
  "theta_values": [
    -0.9282296895980835,
    -1.017446517944336,
    0.9687082767486572,
    0.323368102312088,
    -0.44358107447624207,
    -0.5838197469711304,
    -0.7711359262466431,
    -1.3616474866867065
  ],
  "top_crop_clean_margin": -0.0007558614015579224,
  "top_crop_perturbed_margin": -0.0003094673156738281,
  "top_crop_semantic_drop": -0.00044639408588409424
}
