{
  "budget": "strong",
  "budget_max_disp_px": 8.0,
  "candidate_folder_abs": "/home/interns/Desktop/mat/phase4/outputs/phase4a_existence_probe/cases/face_006/igs_1p50/add_black_sunglasses/strong/seed_00/candidates/cand_050_g03_m10",
  "candidate_index": 50,
  "candidate_name": "cand_050_g03_m10",
  "case_id": "face_006__add_black_sunglasses__igs_1p50",
  "elapsed_seconds": 2.630121558904648,
  "face_id": "face_006",
  "generation": 3,
  "geometry_method": "landmark_piecewise_affine",
  "guidance_scale": 7.5,
  "image_guidance_scale": 1.5,
  "initial_candidate": false,
  "input_l2": 0.035397508109235955,
  "input_max_abs": 0.8117647171020508,
  "input_mean_abs": 0.015258729457855225,
  "input_psnr": 29.02054620157461,
  "input_ssim": 0.8853835463523865,
  "max_disp_px": 7.2046051025390625,
  "max_disp_px_budget": 8.0,
  "mean_disp_px": 1.3333073854446411,
  "member": 10,
  "output_l2": 0.03957339952831696,
  "output_max_abs": 0.9019607901573181,
  "output_mean_abs": 0.017448974773287773,
  "output_psnr": 28.051932806671935,
  "output_ssim": 0.8757520318031311,
  "p95_disp_px": 3.8108441829681396,
  "phase": "phase4a_existence_probe",
  "prompt": "add black sunglasses",
  "prompt_slug": "add_black_sunglasses",
  "prompt_type": "glasses",
  "seed": 43001,
  "target_input_ssim": 0.88,
  "theta_names": [
    "scale_logit",
    "action_eye_spread",
    "action_eye_compress",
    "action_eye_squint",
    "action_eye_raise_left",
    "action_eye_raise_right",
    "action_nose_bridge_shift_x",
    "action_asymmetry_twist"
  ],
  "theta_values": [
    1.4559016227722168,
    -0.5233692526817322,
    -0.1530691534280777,
    0.5599847435951233,
    -1.1216869354248047,
    0.8651602268218994,
    -1.8982458114624023,
    -1.1858464479446411
  ]
}
