{
  "budget": "existence_probe",
  "budget_max_disp_px": 8.0,
  "candidate_folder_abs": "/home/interns/Desktop/mat/phase2/outputs/phase2c_probe/semantic_heavy_cem/headphones_sides_only/existence_probe/seed_00/candidates/cand_031_g02_m15",
  "candidate_index": 31,
  "candidate_name": "cand_031_g02_m15",
  "dct_modes": [
    [
      1,
      0
    ],
    [
      0,
      1
    ],
    [
      1,
      1
    ],
    [
      2,
      0
    ],
    [
      0,
      2
    ],
    [
      2,
      1
    ]
  ],
  "elapsed_seconds": 4.971438214182854,
  "generation": 2,
  "geometry_method": "region_local_tps",
  "initial_candidate": false,
  "input_l2": 0.010310877614570708,
  "input_max_abs": 0.6431372165679932,
  "input_mean_abs": 0.0029086486902087927,
  "input_psnr": 39.73408735981123,
  "input_ssim": 0.976006269454956,
  "max_disp_px": 2.098790407180786,
  "max_disp_px_budget": 8.0,
  "mean_disp_px": 0.2491072416305542,
  "member": 15,
  "mesh_size": 4,
  "output_l2": 0.018605994981717784,
  "output_max_abs": 0.7215686440467834,
  "output_mean_abs": 0.007506485562771559,
  "output_psnr": 34.60694201027926,
  "output_ssim": 0.9596460461616516,
  "p95_disp_px": 1.4078212976455688,
  "phase": "phase2c_probe",
  "prompt": "add headphones",
  "prompt_priority": 1,
  "prompt_slug": "add_headphones",
  "region_count": 2,
  "region_key": "headphones_sides_only",
  "scale_factor": 0.2677028179168701,
  "seed": 24102,
  "target_input_ssim": 0.86,
  "tps_size": 4
}
