{
  "clean_clip_positive_margin": 0.04853600263595581,
  "clean_semantic_success_score": 0.04853600263595581,
  "clip_available": true,
  "clip_semantic_drop": 0.004258632659912109,
  "clip_warning": null,
  "crop_clip_available": false,
  "crop_clip_warning": null,
  "decision_label": "metric_only_candidate",
  "decision_reasons": [
    "semantic_drop_small:0.0043",
    "semantic_drop_small:0.0043",
    "semantic_drop_small:0.0043"
  ],
  "edit_failure_score": 0.004258632659912109,
  "final_attack_score": 0.23647005295765433,
  "full_image_semantic_drop": 0.004258632659912109,
  "geometry_excess_penalty": 0.0,
  "geometry_excess_penalty_weight": 0.75,
  "identity_or_face_health_available": false,
  "input_damage_penalty": 0.0,
  "input_damage_penalty_weight": 3.0,
  "input_l2": 0.04084742207134907,
  "input_max_abs": 0.9647058844566345,
  "input_mean_abs": 0.018681855872273445,
  "input_preservation_score": 0.29826069961894636,
  "input_psnr": 27.776706942002725,
  "input_ssim": 0.8456173539161682,
  "max_disp_px_budget": 14.0,
  "output_disruption_score": 0.4048019833567149,
  "output_disruption_weight": 0.5,
  "output_l2": 0.05498448479181544,
  "output_max_abs": 0.9647058844566345,
  "output_mean_abs": 0.025015780702233315,
  "output_psnr": 25.195196799162325,
  "output_ssim": 0.8151359558105469,
  "perturbed_clip_positive_margin": 0.0442773699760437,
  "perturbed_semantic_success_score": 0.0442773699760437,
  "phase2_final_score": 0.23647005295765433,
  "phase2_output_disruption": 0.4048019833567149,
  "phase2_score_formula": "8.0*max(0,semantic_drop)+0.5*output_disruption-3.0*input_damage_penalty-0.75*geometry_excess_penalty",
  "phase4_budget_name": "existence_probe",
  "phase4_final_score": 0.23647005295765433,
  "phase4_score_formula": "8.0*max(0,semantic_drop)+0.5*output_disruption-3.0*input_damage_penalty-0.75*geometry_excess_penalty",
  "semantic_drop": 0.004258632659912109,
  "semantic_drop_weight": 8.0,
  "target_input_ssim": 0.78
}
