{
  "geometry_info": {
    "action_names": [
      "face_side_push_left",
      "face_side_push_right",
      "head_top_raise",
      "head_top_lower",
      "jaw_expand",
      "jaw_compress",
      "asymmetry_twist"
    ],
    "action_strength": 0.72,
    "action_values": {
      "asymmetry_twist": -0.21113712670965684,
      "face_side_push_left": -0.09461541046119748,
      "face_side_push_right": -0.24059910884962496,
      "head_top_lower": 0.05120900285911729,
      "head_top_raise": 0.054683231752549986,
      "jaw_compress": 0.068707198612348,
      "jaw_expand": 0.022869705726398883
    },
    "active_actions": {
      "asymmetry_twist": -0.21113712670965684,
      "face_side_push_left": -0.09461541046119748,
      "face_side_push_right": -0.24059910884962496,
      "head_top_lower": 0.05120900285911729,
      "head_top_raise": 0.054683231752549986,
      "jaw_compress": 0.068707198612348,
      "jaw_expand": 0.022869705726398883
    },
    "active_anchor_count": 7,
    "control_point_count": 15,
    "geometry_method": "landmark_semantic_tps",
    "max_disp_px_budget": 8.0,
    "scale_factor": 0.2517692013666943,
    "source_control_points": [
      [
        112.63999938964844,
        248.3199920654297
      ],
      [
        112.63999938964844,
        253.44000244140625
      ],
      [
        399.3599853515625,
        248.3199920654297
      ],
      [
        399.3599853515625,
        253.44000244140625
      ],
      [
        256.0,
        87.04000091552734
      ],
      [
        174.0800018310547,
        394.239990234375
      ],
      [
        337.9200134277344,
        394.239990234375
      ],
      [
        0.0,
        0.0
      ],
      [
        511.0,
        0.0
      ],
      [
        0.0,
        511.0
      ],
      [
        511.0,
        511.0
      ],
      [
        256.0,
        0.0
      ],
      [
        256.0,
        511.0
      ],
      [
        0.0,
        256.0
      ],
      [
        511.0,
        256.0
      ]
    ],
    "target_control_points": [
      [
        113.18498229980469,
        249.53614807128906
      ],
      [
        113.04873657226562,
        253.44000244140625
      ],
      [
        397.97412109375,
        247.1038360595703
      ],
      [
        398.3205871582031,
        253.44000244140625
      ],
      [
        256.0,
        87.01998901367188
      ],
      [
        174.34402465820312,
        394.8480529785156
      ],
      [
        337.6559753417969,
        393.6319274902344
      ],
      [
        0.0,
        0.0
      ],
      [
        511.0,
        0.0
      ],
      [
        0.0,
        511.0
      ],
      [
        511.0,
        511.0
      ],
      [
        256.0,
        0.0
      ],
      [
        256.0,
        511.0
      ],
      [
        0.0,
        256.0
      ],
      [
        511.0,
        256.0
      ]
    ],
    "tps_regularization": 0.0001
  },
  "names": [
    "scale_logit",
    "action_face_side_push_left",
    "action_face_side_push_right",
    "action_head_top_raise",
    "action_head_top_lower",
    "action_jaw_expand",
    "action_jaw_compress",
    "action_asymmetry_twist"
  ],
  "values": [
    -1.3354580402374268,
    -0.395162433385849,
    -1.8929935693740845,
    0.22071126103401184,
    0.20627321302890778,
    0.09108707308769226,
    0.27999186515808105,
    -1.216483473777771
  ]
}
