{
  "budget": "existence_probe",
  "budget_max_disp_px": 14.0,
  "candidate_folder_abs": "/home/interns/Desktop/mat/phase4/outputs/phase4a_existence_probe/cases/face_002/igs_1p50/add_black_sunglasses/existence_probe/seed_00/candidates/cand_057_g03_m17",
  "candidate_index": 57,
  "candidate_name": "cand_057_g03_m17",
  "case_id": "face_002__add_black_sunglasses__igs_1p50",
  "elapsed_seconds": 2.9320475682616234,
  "face_id": "face_002",
  "generation": 3,
  "geometry_method": "landmark_semantic_tps",
  "guidance_scale": 7.5,
  "image_guidance_scale": 1.5,
  "initial_candidate": false,
  "input_l2": 0.03668483432180738,
  "input_max_abs": 0.7686274647712708,
  "input_mean_abs": 0.018914030864834785,
  "input_psnr": 28.710268759417946,
  "input_ssim": 0.8465766310691833,
  "max_disp_px": 10.137091636657715,
  "max_disp_px_budget": 14.0,
  "mean_disp_px": 1.5547457933425903,
  "member": 17,
  "output_l2": 0.04310192932139104,
  "output_max_abs": 0.8666666746139526,
  "output_mean_abs": 0.023725615814328194,
  "output_psnr": 27.310065791736253,
  "output_ssim": 0.8302872776985168,
  "p95_disp_px": 4.340527057647705,
  "phase": "phase4a_existence_probe",
  "prompt": "add black sunglasses",
  "prompt_slug": "add_black_sunglasses",
  "prompt_type": "glasses",
  "seed": 42101,
  "target_input_ssim": 0.78,
  "theta_names": [
    "scale_logit",
    "action_eye_spread",
    "action_eye_compress",
    "action_eye_squint",
    "action_eye_raise_left",
    "action_eye_raise_right",
    "action_nose_bridge_shift_x",
    "action_asymmetry_twist"
  ],
  "theta_values": [
    2.5,
    0.20176175236701965,
    -0.07338050752878189,
    0.008456242270767689,
    0.24191688001155853,
    -0.5391038060188293,
    1.8407669067382812,
    -0.3086182475090027
  ]
}
