{
  "clean_clip_positive_margin": 0.04381144046783447,
  "clean_semantic_success_score": 0.04381144046783447,
  "clip_available": true,
  "clip_semantic_drop": 0.0019627809524536133,
  "clip_warning": null,
  "crop_clip_available": false,
  "crop_clip_warning": null,
  "decision_label": "metric_only_candidate",
  "decision_reasons": [
    "semantic_drop_small:0.0020",
    "semantic_drop_small:0.0020"
  ],
  "edit_failure_score": 0.0019627809524536133,
  "final_attack_score": 0.11907390213883577,
  "full_image_semantic_drop": 0.0019627809524536133,
  "geometry_excess_penalty": 0.0,
  "geometry_excess_penalty_weight": 1.0,
  "identity_or_face_health_available": false,
  "input_damage_penalty": 0.0,
  "input_damage_penalty_weight": 3.0,
  "input_l2": 0.017911828855030194,
  "input_max_abs": 0.6823529601097107,
  "input_mean_abs": 0.0037359048146754503,
  "input_preservation_score": 0.6226263046264647,
  "input_psnr": 34.93720138062059,
  "input_ssim": 0.9622626304626465,
  "max_disp_px_budget": 6.0,
  "output_disruption_score": 0.11122277832902132,
  "output_disruption_weight": 1.0,
  "output_l2": 0.019040190818102803,
  "output_max_abs": 0.5568627715110779,
  "output_mean_abs": 0.005044280085712671,
  "output_psnr": 34.40657406983569,
  "output_ssim": 0.9649379849433899,
  "perturbed_clip_positive_margin": 0.04184865951538086,
  "perturbed_semantic_success_score": 0.04184865951538086,
  "phase2_final_score": 0.11907390213883577,
  "phase2_output_disruption": 0.11122277832902132,
  "phase2_score_formula": "4.0*max(0,semantic_drop)+1.0*output_disruption-3.0*input_damage_penalty-1.0*geometry_excess_penalty",
  "semantic_drop": 0.0019627809524536133,
  "semantic_drop_weight": 4.0,
  "target_input_ssim": 0.9
}
