{
  "action_names": [
    "eye_spread",
    "eye_compress",
    "eye_squint",
    "eye_raise_left",
    "eye_raise_right",
    "nose_bridge_shift_x",
    "asymmetry_twist"
  ],
  "action_strength": 0.72,
  "action_values": {
    "asymmetry_twist": -0.649756376094119,
    "eye_compress": -0.6191248333746197,
    "eye_raise_left": -0.6278665581990622,
    "eye_raise_right": 0.04797326373137954,
    "eye_spread": -0.26992264088126056,
    "eye_squint": 0.5532953059936674,
    "nose_bridge_shift_x": -0.07518517898018873
  },
  "active_actions": {
    "asymmetry_twist": -0.649756376094119,
    "eye_compress": -0.6191248333746197,
    "eye_raise_left": -0.6278665581990622,
    "eye_raise_right": 0.04797326373137954,
    "eye_spread": -0.26992264088126056,
    "eye_squint": 0.5532953059936674,
    "nose_bridge_shift_x": -0.07518517898018873
  },
  "active_anchor_count": 13,
  "control_point_count": 21,
  "geometry_method": "landmark_piecewise_affine",
  "landmark_count": 478,
  "landmark_detector": "mediapipe_python_solutions_face_mesh",
  "max_disp_px_budget": 14.0,
  "require_real_landmarks": true,
  "scale_factor": 0.725940754172204,
  "source_control_points": [
    [
      190.21414184570312,
      159.2659912109375
    ],
    [
      163.99778747558594,
      159.2659912109375
    ],
    [
      306.25543212890625,
      175.0582275390625
    ],
    [
      331.9805908203125,
      175.0582275390625
    ],
    [
      190.21414184570312,
      149.36541748046875
    ],
    [
      190.21414184570312,
      169.16656494140625
    ],
    [
      306.25543212890625,
      166.18838500976562
    ],
    [
      306.25543212890625,
      183.92808532714844
    ],
    [
      251.65289306640625,
      190.71658325195312
    ],
    [
      104.53517150878906,
      219.31192016601562
    ],
    [
      121.2041244506836,
      337.6188049316406
    ],
    [
      363.7645263671875,
      219.31192016601562
    ],
    [
      320.013916015625,
      337.6188049316406
    ],
    [
      0.0,
      0.0
    ],
    [
      511.0,
      0.0
    ],
    [
      0.0,
      511.0
    ],
    [
      511.0,
      511.0
    ],
    [
      256.0,
      0.0
    ],
    [
      256.0,
      511.0
    ],
    [
      0.0,
      256.0
    ],
    [
      511.0,
      256.0
    ]
  ],
  "target_control_points": [
    [
      186.69418334960938,
      165.59487915039062
    ],
    [
      160.4778289794922,
      159.2659912109375
    ],
    [
      309.775390625,
      174.5746612548828
    ],
    [
      335.50054931640625,
      175.0582275390625
    ],
    [
      190.21414184570312,
      161.2715301513672
    ],
    [
      190.21414184570312,
      166.75379943847656
    ],
    [
      306.25543212890625,
      171.2820281982422
    ],
    [
      306.25543212890625,
      178.1090850830078
    ],
    [
      250.89501953125,
      190.71658325195312
    ],
    [
      104.53517150878906,
      225.86146545410156
    ],
    [
      121.2041244506836,
      340.8935852050781
    ],
    [
      363.7645263671875,
      212.7623748779297
    ],
    [
      320.013916015625,
      334.3440246582031
    ],
    [
      0.0,
      0.0
    ],
    [
      511.0,
      0.0
    ],
    [
      0.0,
      511.0
    ],
    [
      511.0,
      511.0
    ],
    [
      256.0,
      0.0
    ],
    [
      256.0,
      511.0
    ],
    [
      0.0,
      256.0
    ],
    [
      511.0,
      256.0
    ]
  ],
  "tps_regularization": 0.0001
}
