{
  "action_names": [
    "jaw_expand",
    "jaw_compress",
    "chin_raise",
    "chin_lower",
    "mouth_width_expand",
    "lower_face_shift"
  ],
  "action_strength": 0.72,
  "action_values": {
    "chin_lower": -0.3389718767450281,
    "chin_raise": 0.9213214069445842,
    "jaw_compress": -0.7799459340851738,
    "jaw_expand": -0.26649045624347956,
    "lower_face_shift": 0.24625518916542666,
    "mouth_width_expand": -0.6022260237610746
  },
  "active_actions": {
    "chin_lower": -0.3389718767450281,
    "chin_raise": 0.9213214069445842,
    "jaw_compress": -0.7799459340851738,
    "jaw_expand": -0.26649045624347956,
    "lower_face_shift": 0.24625518916542666,
    "mouth_width_expand": -0.6022260237610746
  },
  "active_anchor_count": 6,
  "control_point_count": 14,
  "geometry_method": "landmark_piecewise_affine",
  "max_disp_px_budget": 8.0,
  "scale_factor": 0.9416048532896601,
  "source_control_points": [
    [
      174.0800018310547,
      394.239990234375
    ],
    [
      337.9200134277344,
      394.239990234375
    ],
    [
      256.0,
      419.8399963378906
    ],
    [
      256.0,
      376.32000732421875
    ],
    [
      204.8000030517578,
      335.3599853515625
    ],
    [
      307.20001220703125,
      335.3599853515625
    ],
    [
      0.0,
      0.0
    ],
    [
      511.0,
      0.0
    ],
    [
      0.0,
      511.0
    ],
    [
      511.0,
      511.0
    ],
    [
      256.0,
      0.0
    ],
    [
      256.0,
      511.0
    ],
    [
      0.0,
      256.0
    ],
    [
      511.0,
      256.0
    ]
  ],
  "target_control_points": [
    [
      171.12249755859375,
      394.239990234375
    ],
    [
      340.87750244140625,
      394.239990234375
    ],
    [
      257.0638122558594,
      412.5807189941406
    ],
    [
      257.4184265136719,
      372.69036865234375
    ],
    [
      208.26882934570312,
      335.3599853515625
    ],
    [
      303.731201171875,
      335.3599853515625
    ],
    [
      0.0,
      0.0
    ],
    [
      511.0,
      0.0
    ],
    [
      0.0,
      511.0
    ],
    [
      511.0,
      511.0
    ],
    [
      256.0,
      0.0
    ],
    [
      256.0,
      511.0
    ],
    [
      0.0,
      256.0
    ],
    [
      511.0,
      256.0
    ]
  ],
  "tps_regularization": 0.0001
}
