{
  "geometry_info": {
    "action_names": [
      "face_side_push_left",
      "face_side_push_right",
      "head_top_raise",
      "head_top_lower",
      "jaw_expand",
      "jaw_compress",
      "asymmetry_twist"
    ],
    "action_strength": 0.72,
    "action_values": {
      "asymmetry_twist": -0.7121562520617642,
      "face_side_push_left": 0.24339064545642464,
      "face_side_push_right": -0.5889135724618204,
      "head_top_lower": 0.5848305420528008,
      "head_top_raise": 0.13797762695505167,
      "jaw_compress": 0.1789794082427695,
      "jaw_expand": 0.5264180059556106
    },
    "active_actions": {
      "asymmetry_twist": -0.7121562520617642,
      "face_side_push_left": 0.24339064545642464,
      "face_side_push_right": -0.5889135724618204,
      "head_top_lower": 0.5848305420528008,
      "head_top_raise": 0.13797762695505167,
      "jaw_compress": 0.1789794082427695,
      "jaw_expand": 0.5264180059556106
    },
    "active_anchor_count": 7,
    "control_point_count": 15,
    "geometry_method": "landmark_piecewise_affine",
    "max_disp_px_budget": 14.0,
    "scale_factor": 0.9136753357913194,
    "source_control_points": [
      [
        112.63999938964844,
        248.3199920654297
      ],
      [
        112.63999938964844,
        253.44000244140625
      ],
      [
        399.3599853515625,
        248.3199920654297
      ],
      [
        399.3599853515625,
        253.44000244140625
      ],
      [
        256.0,
        87.04000091552734
      ],
      [
        174.0800018310547,
        394.239990234375
      ],
      [
        337.9200134277344,
        394.239990234375
      ],
      [
        0.0,
        0.0
      ],
      [
        511.0,
        0.0
      ],
      [
        0.0,
        511.0
      ],
      [
        511.0,
        511.0
      ],
      [
        256.0,
        0.0
      ],
      [
        256.0,
        511.0
      ],
      [
        0.0,
        256.0
      ],
      [
        511.0,
        256.0
      ]
    ],
    "target_control_points": [
      [
        110.1866226196289,
        255.49851989746094
      ],
      [
        110.79996490478516,
        253.44000244140625
      ],
      [
        393.4237365722656,
        241.14146423339844
      ],
      [
        394.9078063964844,
        253.44000244140625
      ],
      [
        256.0,
        91.54428100585938
      ],
      [
        170.57781982421875,
        397.8292541503906
      ],
      [
        341.42218017578125,
        390.6507263183594
      ],
      [
        0.0,
        0.0
      ],
      [
        511.0,
        0.0
      ],
      [
        0.0,
        511.0
      ],
      [
        511.0,
        511.0
      ],
      [
        256.0,
        0.0
      ],
      [
        256.0,
        511.0
      ],
      [
        0.0,
        256.0
      ],
      [
        511.0,
        256.0
      ]
    ],
    "tps_regularization": 0.0001
  },
  "names": [
    "scale_logit",
    "action_face_side_push_left",
    "action_face_side_push_right",
    "action_head_top_raise",
    "action_head_top_lower",
    "action_jaw_expand",
    "action_jaw_compress",
    "action_asymmetry_twist"
  ],
  "values": [
    1.0561563968658447,
    0.2729701101779938,
    -0.7659264802932739,
    0.15217778086662292,
    0.7583189606666565,
    0.6566869020462036,
    0.19845442473888397,
    -1.0439453125
  ]
}
