{
  "geometry_info": {
    "action_names": [
      "eye_spread",
      "eye_compress",
      "eye_squint",
      "eye_raise_left",
      "eye_raise_right",
      "nose_bridge_shift_x",
      "asymmetry_twist"
    ],
    "action_strength": 0.72,
    "action_values": {
      "asymmetry_twist": -0.44956572895641117,
      "eye_compress": -0.4228835991016679,
      "eye_raise_left": -0.4310243153286117,
      "eye_raise_right": -0.38616893722946616,
      "eye_spread": -0.427430268267814,
      "eye_squint": 0.5276150145029435,
      "nose_bridge_shift_x": 0.5438525846733877
    },
    "active_actions": {
      "asymmetry_twist": -0.44956572895641117,
      "eye_compress": -0.4228835991016679,
      "eye_raise_left": -0.4310243153286117,
      "eye_raise_right": -0.38616893722946616,
      "eye_spread": -0.427430268267814,
      "eye_squint": 0.5276150145029435,
      "nose_bridge_shift_x": 0.5438525846733877
    },
    "active_anchor_count": 13,
    "control_point_count": 21,
    "geometry_method": "landmark_piecewise_affine",
    "max_disp_px_budget": 14.0,
    "scale_factor": 0.8794976572616899,
    "source_control_points": [
      [
        212.48001098632812,
        217.60000610351562
      ],
      [
        184.32000732421875,
        217.60000610351562
      ],
      [
        299.5199890136719,
        217.60000610351562
      ],
      [
        327.67999267578125,
        217.60000610351562
      ],
      [
        212.48001098632812,
        199.67999267578125
      ],
      [
        212.48001098632812,
        235.52000427246094
      ],
      [
        299.5199890136719,
        199.67999267578125
      ],
      [
        299.5199890136719,
        235.52000427246094
      ],
      [
        256.0,
        263.67999267578125
      ],
      [
        112.63999938964844,
        248.3199920654297
      ],
      [
        174.0800018310547,
        394.239990234375
      ],
      [
        399.3599853515625,
        248.3199920654297
      ],
      [
        337.9200134277344,
        394.239990234375
      ],
      [
        0.0,
        0.0
      ],
      [
        511.0,
        0.0
      ],
      [
        0.0,
        511.0
      ],
      [
        511.0,
        511.0
      ],
      [
        256.0,
        0.0
      ],
      [
        256.0,
        511.0
      ],
      [
        0.0,
        256.0
      ],
      [
        511.0,
        256.0
      ]
    ],
    "target_control_points": [
      [
        212.52584838867188,
        221.94473266601562
      ],
      [
        184.3658447265625,
        217.60000610351562
      ],
      [
        299.4741516113281,
        221.49258422851562
      ],
      [
        327.6341552734375,
        217.60000610351562
      ],
      [
        212.48001098632812,
        209.34307861328125
      ],
      [
        212.48001098632812,
        232.37400817871094
      ],
      [
        299.5199890136719,
        208.89093017578125
      ],
      [
        299.5199890136719,
        232.14793395996094
      ],
      [
        261.4820251464844,
        263.67999267578125
      ],
      [
        112.63999938964844,
        252.8516082763672
      ],
      [
        174.0800018310547,
        396.50579833984375
      ],
      [
        399.3599853515625,
        243.7883758544922
      ],
      [
        337.9200134277344,
        391.97418212890625
      ],
      [
        0.0,
        0.0
      ],
      [
        511.0,
        0.0
      ],
      [
        0.0,
        511.0
      ],
      [
        511.0,
        511.0
      ],
      [
        256.0,
        0.0
      ],
      [
        256.0,
        511.0
      ],
      [
        0.0,
        256.0
      ],
      [
        511.0,
        256.0
      ]
    ],
    "tps_regularization": 0.0001
  },
  "names": [
    "scale_logit",
    "action_eye_spread",
    "action_eye_compress",
    "action_eye_squint",
    "action_eye_raise_left",
    "action_eye_raise_right",
    "action_nose_bridge_shift_x",
    "action_asymmetry_twist"
  ],
  "values": [
    0.8648422956466675,
    -0.5308016538619995,
    -0.524055540561676,
    0.6929987072944641,
    -0.5361657738685608,
    -0.471089243888855,
    0.7223572134971619,
    -0.5643014311790466
  ]
}
