{
  "displacement": {
    "budget_max_disp_px": 4.0,
    "max_disp_px": 2.9589309692382812,
    "max_disp_px_budget": 4.0,
    "mean_disp_px": 0.20158378779888153,
    "p95_disp_px": 1.956488847732544,
    "target_input_ssim": 0.94
  },
  "input": {
    "l2": 0.016156199943722725,
    "max_abs": 0.8470588326454163,
    "mean_abs": 0.0030872768256813288,
    "psnr": 35.833215615712994,
    "ssim": 0.9757069945335388
  },
  "output": {
    "l2": 0.024725594115541233,
    "max_abs": 0.9019607901573181,
    "mean_abs": 0.007135606836527586,
    "psnr": 32.137065284402325,
    "ssim": 0.9584569931030273
  }
}
