{
  "displacement": {
    "budget_max_disp_px": 4.0,
    "max_disp_px": 2.100236654281616,
    "max_disp_px_budget": 4.0,
    "mean_disp_px": 0.2726465165615082,
    "p95_disp_px": 1.9143937826156616,
    "target_input_ssim": 0.94
  },
  "input": {
    "l2": 0.013931261357179103,
    "max_abs": 0.5176470875740051,
    "mean_abs": 0.0032918741926550865,
    "psnr": 37.120191202514974,
    "ssim": 0.9729404449462891
  },
  "output": {
    "l2": 0.023699689652942526,
    "max_abs": 0.6117647290229797,
    "mean_abs": 0.008419396355748177,
    "psnr": 32.50514682063929,
    "ssim": 0.9460499882698059
  }
}
