{
  "clean_clip_positive_margin": 0.027842342853546143,
  "clean_semantic_success_score": 0.027842342853546143,
  "clip_available": true,
  "clip_semantic_drop": -9.316205978393555e-05,
  "clip_warning": null,
  "crop_clip_available": true,
  "crop_clip_warning": null,
  "decision_label": "metric_only_candidate",
  "decision_reasons": [
    "semantic_drop_nonpositive:-0.0001",
    "semantic_drop_nonpositive:-0.0001"
  ],
  "edit_failure_score": 0.0,
  "final_attack_score": 0.023990660481176644,
  "full_image_semantic_drop": -9.316205978393555e-05,
  "geometry_excess_penalty": 0.0,
  "geometry_excess_penalty_weight": 0.75,
  "identity_or_face_health_available": false,
  "input_damage_penalty": 0.0,
  "input_damage_penalty_weight": 3.0,
  "input_l2": 0.010706464543287829,
  "input_max_abs": 0.3294118046760559,
  "input_mean_abs": 0.0022806802298873663,
  "input_preservation_score": 0.7905182838439941,
  "input_psnr": 39.407078338406116,
  "input_ssim": 0.9790518283843994,
  "left_crop_clean_margin": 0.02535329759120941,
  "left_crop_perturbed_margin": 0.024579748511314392,
  "left_crop_semantic_drop": 0.0007735490798950195,
  "max_disp_px_budget": 6.0,
  "mean_crop_margin": 0.01812814672787984,
  "mean_crop_semantic_drop": -1.6878048578898113e-05,
  "min_crop_margin": 0.009382292628288269,
  "min_crop_semantic_drop": -0.0018833130598068237,
  "output_disruption_score": 0.09596264192470658,
  "output_disruption_weight": 0.25,
  "output_l2": 0.015546366147718697,
  "output_max_abs": 0.4745098352432251,
  "output_mean_abs": 0.005587000399827957,
  "output_psnr": 36.167422160294656,
  "output_ssim": 0.9662228226661682,
  "perturbed_clip_positive_margin": 0.027935504913330078,
  "perturbed_semantic_success_score": 0.027935504913330078,
  "phase2_final_score": 0.023990660481176644,
  "phase2_output_disruption": 0.09596264192470658,
  "phase2_score_formula": "8.0*max(0,semantic_drop)+0.25*output_disruption-3.0*input_damage_penalty-0.75*geometry_excess_penalty",
  "right_crop_clean_margin": 0.021481528878211975,
  "right_crop_perturbed_margin": 0.020422399044036865,
  "right_crop_semantic_drop": 0.0010591298341751099,
  "semantic_drop": -9.316205978393555e-05,
  "semantic_drop_weight": 8.0,
  "target_input_ssim": 0.9,
  "top_crop_clean_margin": 0.007498979568481445,
  "top_crop_perturbed_margin": 0.009382292628288269,
  "top_crop_semantic_drop": -0.0018833130598068237
}
