{
  "clean": {
    "l2": 0.04169402615022994,
    "max_abs": 0.7254902124404907,
    "mean_abs": 0.02890855260193348,
    "psnr": 27.598523311001266,
    "ssim": 0.7998175621032715
  },
  "clean_clip_margin": 0.02121005952358246
}
