{
  "geometry_info": {
    "action_names": [
      "face_side_push_left",
      "face_side_push_right",
      "head_top_raise",
      "head_top_lower",
      "jaw_expand",
      "jaw_compress",
      "asymmetry_twist"
    ],
    "action_strength": 0.72,
    "action_values": {
      "asymmetry_twist": 0.06101602426225982,
      "face_side_push_left": -0.34133070876103655,
      "face_side_push_right": -0.7491777554592617,
      "head_top_lower": -0.5640382284933697,
      "head_top_raise": 0.3241542155842123,
      "jaw_compress": 0.4041544187723891,
      "jaw_expand": 0.3652940972096386
    },
    "active_actions": {
      "asymmetry_twist": 0.06101602426225982,
      "face_side_push_left": -0.34133070876103655,
      "face_side_push_right": -0.7491777554592617,
      "head_top_lower": -0.5640382284933697,
      "head_top_raise": 0.3241542155842123,
      "jaw_compress": 0.4041544187723891,
      "jaw_expand": 0.3652940972096386
    },
    "active_anchor_count": 7,
    "control_point_count": 15,
    "geometry_method": "landmark_piecewise_affine",
    "landmark_count": 478,
    "landmark_detector": "mediapipe_python_solutions_face_mesh",
    "max_disp_px_budget": 14.0,
    "require_real_landmarks": true,
    "scale_factor": 0.759342082172292,
    "source_control_points": [
      [
        145.79103088378906,
        230.60910034179688
      ],
      [
        140.35040283203125,
        227.01690673828125
      ],
      [
        383.8033447265625,
        230.60910034179688
      ],
      [
        383.8033447265625,
        227.01690673828125
      ],
      [
        232.58563232421875,
        83.65425109863281
      ],
      [
        185.86373901367188,
        332.8659362792969
      ],
      [
        370.30474853515625,
        332.8659362792969
      ],
      [
        0.0,
        0.0
      ],
      [
        511.0,
        0.0
      ],
      [
        0.0,
        511.0
      ],
      [
        511.0,
        511.0
      ],
      [
        256.0,
        0.0
      ],
      [
        256.0,
        511.0
      ],
      [
        0.0,
        256.0
      ],
      [
        511.0,
        256.0
      ]
    ],
    "target_control_points": [
      [
        149.2316436767578,
        229.9940643310547
      ],
      [
        142.9308624267578,
        227.01690673828125
      ],
      [
        376.25164794921875,
        231.22413635253906
      ],
      [
        378.1395568847656,
        227.01690673828125
      ],
      [
        232.58563232421875,
        74.7012710571289
      ],
      [
        186.2554473876953,
        332.55841064453125
      ],
      [
        369.91302490234375,
        333.1734619140625
      ],
      [
        0.0,
        0.0
      ],
      [
        511.0,
        0.0
      ],
      [
        0.0,
        511.0
      ],
      [
        511.0,
        511.0
      ],
      [
        256.0,
        0.0
      ],
      [
        256.0,
        511.0
      ],
      [
        0.0,
        256.0
      ],
      [
        511.0,
        256.0
      ]
    ],
    "tps_regularization": 0.0001
  },
  "names": [
    "scale_logit",
    "action_face_side_push_left",
    "action_face_side_push_right",
    "action_head_top_raise",
    "action_head_top_lower",
    "action_jaw_expand",
    "action_jaw_compress",
    "action_asymmetry_twist"
  ],
  "values": [
    0.4216923713684082,
    -0.4840841293334961,
    -2.5,
    0.45608529448509216,
    -0.9566940069198608,
    0.5243710875511169,
    0.5932693481445312,
    0.0805274173617363
  ]
}
