{
  "geometry_info": {
    "action_names": [
      "eye_spread",
      "eye_compress",
      "eye_squint",
      "eye_raise_left",
      "eye_raise_right",
      "nose_bridge_shift_x",
      "asymmetry_twist"
    ],
    "action_strength": 0.72,
    "action_values": {
      "asymmetry_twist": -0.7228196300478443,
      "eye_compress": -0.27819167772786674,
      "eye_raise_left": 0.8623903759340371,
      "eye_raise_right": 0.08403161657308154,
      "eye_spread": 0.40889893849392034,
      "eye_squint": -0.07537394952882515,
      "nose_bridge_shift_x": 0.5848626966867028
    },
    "active_actions": {
      "asymmetry_twist": -0.7228196300478443,
      "eye_compress": -0.27819167772786674,
      "eye_raise_left": 0.8623903759340371,
      "eye_raise_right": 0.08403161657308154,
      "eye_spread": 0.40889893849392034,
      "eye_squint": -0.07537394952882515,
      "nose_bridge_shift_x": 0.5848626966867028
    },
    "active_anchor_count": 13,
    "control_point_count": 21,
    "geometry_method": "landmark_piecewise_affine",
    "max_disp_px_budget": 14.0,
    "scale_factor": 0.9816013458822288,
    "source_control_points": [
      [
        212.48001098632812,
        217.60000610351562
      ],
      [
        184.32000732421875,
        217.60000610351562
      ],
      [
        299.5199890136719,
        217.60000610351562
      ],
      [
        327.67999267578125,
        217.60000610351562
      ],
      [
        212.48001098632812,
        199.67999267578125
      ],
      [
        212.48001098632812,
        235.52000427246094
      ],
      [
        299.5199890136719,
        199.67999267578125
      ],
      [
        299.5199890136719,
        235.52000427246094
      ],
      [
        256.0,
        263.67999267578125
      ],
      [
        112.63999938964844,
        248.3199920654297
      ],
      [
        174.0800018310547,
        394.239990234375
      ],
      [
        399.3599853515625,
        248.3199920654297
      ],
      [
        337.9200134277344,
        394.239990234375
      ],
      [
        0.0,
        0.0
      ],
      [
        511.0,
        0.0
      ],
      [
        0.0,
        511.0
      ],
      [
        511.0,
        511.0
      ],
      [
        256.0,
        0.0
      ],
      [
        256.0,
        511.0
      ],
      [
        0.0,
        256.0
      ],
      [
        511.0,
        256.0
      ]
    ],
    "target_control_points": [
      [
        205.55413818359375,
        208.9071044921875
      ],
      [
        177.39413452148438,
        217.60000610351562
      ],
      [
        306.44586181640625,
        216.75296020507812
      ],
      [
        334.6058654785156,
        217.60000610351562
      ],
      [
        212.48001098632812,
        190.22732543945312
      ],
      [
        212.48001098632812,
        231.93331909179688
      ],
      [
        299.5199890136719,
        198.07318115234375
      ],
      [
        299.5199890136719,
        235.8562469482422
      ],
      [
        261.8954162597656,
        263.67999267578125
      ],
      [
        112.63999938964844,
        255.60601806640625
      ],
      [
        174.0800018310547,
        397.88299560546875
      ],
      [
        399.3599853515625,
        241.03396606445312
      ],
      [
        337.9200134277344,
        390.59698486328125
      ],
      [
        0.0,
        0.0
      ],
      [
        511.0,
        0.0
      ],
      [
        0.0,
        511.0
      ],
      [
        511.0,
        511.0
      ],
      [
        256.0,
        0.0
      ],
      [
        256.0,
        511.0
      ],
      [
        0.0,
        256.0
      ],
      [
        511.0,
        256.0
      ]
    ],
    "tps_regularization": 0.0001
  },
  "names": [
    "scale_logit",
    "action_eye_spread",
    "action_eye_compress",
    "action_eye_squint",
    "action_eye_raise_left",
    "action_eye_raise_right",
    "action_nose_bridge_shift_x",
    "action_asymmetry_twist"
  ],
  "values": [
    1.8745336532592773,
    0.44352632761001587,
    -0.2913816273212433,
    -0.07693817466497421,
    1.3693965673446655,
    0.08581671118736267,
    0.6866492033004761,
    -0.9424979090690613
  ]
}
