{
  "budget": "existence_probe",
  "budget_max_disp_px": 14.0,
  "candidate_folder_abs": "/home/interns/Desktop/mat/phase4/outputs/phase4a_existence_probe/cases/face_002/igs_1p50/add_black_sunglasses/existence_probe/seed_00/candidates/cand_014_g01_m14",
  "candidate_index": 14,
  "candidate_name": "cand_014_g01_m14",
  "case_id": "face_002__add_black_sunglasses__igs_1p50",
  "elapsed_seconds": 2.35720038972795,
  "face_id": "face_002",
  "generation": 1,
  "geometry_method": "landmark_piecewise_affine",
  "guidance_scale": 7.5,
  "image_guidance_scale": 1.5,
  "initial_candidate": false,
  "input_l2": 0.04795810700602269,
  "input_max_abs": 0.9254902005195618,
  "input_mean_abs": 0.02339261956512928,
  "input_psnr": 26.382759352607913,
  "input_ssim": 0.8074679374694824,
  "max_disp_px": 11.131202697753906,
  "max_disp_px_budget": 14.0,
  "mean_disp_px": 2.286855459213257,
  "member": 14,
  "output_l2": 0.0620678324891157,
  "output_max_abs": 0.9647058844566345,
  "output_mean_abs": 0.029031144455075264,
  "output_psnr": 24.142668412560422,
  "output_ssim": 0.7860237956047058,
  "p95_disp_px": 5.805295944213867,
  "phase": "phase4a_existence_probe",
  "prompt": "add black sunglasses",
  "prompt_slug": "add_black_sunglasses",
  "prompt_type": "glasses",
  "seed": 42101,
  "target_input_ssim": 0.78,
  "theta_names": [
    "scale_logit",
    "action_eye_spread",
    "action_eye_compress",
    "action_eye_squint",
    "action_eye_raise_left",
    "action_eye_raise_right",
    "action_nose_bridge_shift_x",
    "action_asymmetry_twist"
  ],
  "theta_values": [
    1.8745336532592773,
    0.44352632761001587,
    -0.2913816273212433,
    -0.07693817466497421,
    1.3693965673446655,
    0.08581671118736267,
    0.6866492033004761,
    -0.9424979090690613
  ]
}
