{
  "geometry_info": {
    "action_names": [
      "face_side_push_left",
      "face_side_push_right",
      "head_top_raise",
      "head_top_lower",
      "jaw_expand",
      "jaw_compress",
      "asymmetry_twist"
    ],
    "action_strength": 0.72,
    "action_values": {
      "asymmetry_twist": -0.5444977877707106,
      "face_side_push_left": 0.14984690228615097,
      "face_side_push_right": -0.5219318519314949,
      "head_top_lower": 0.17753024239337956,
      "head_top_raise": 0.39855231415826314,
      "jaw_compress": 0.2167092092146775,
      "jaw_expand": 0.5514613834250918
    },
    "active_actions": {
      "asymmetry_twist": -0.5444977877707106,
      "face_side_push_left": 0.14984690228615097,
      "face_side_push_right": -0.5219318519314949,
      "head_top_lower": 0.17753024239337956,
      "head_top_raise": 0.39855231415826314,
      "jaw_compress": 0.2167092092146775,
      "jaw_expand": 0.5514613834250918
    },
    "active_anchor_count": 7,
    "control_point_count": 15,
    "geometry_method": "landmark_piecewise_affine",
    "max_disp_px_budget": 14.0,
    "scale_factor": 0.6488742618628638,
    "source_control_points": [
      [
        112.63999938964844,
        248.3199920654297
      ],
      [
        112.63999938964844,
        253.44000244140625
      ],
      [
        399.3599853515625,
        248.3199920654297
      ],
      [
        399.3599853515625,
        253.44000244140625
      ],
      [
        256.0,
        87.04000091552734
      ],
      [
        174.0800018310547,
        394.239990234375
      ],
      [
        337.9200134277344,
        394.239990234375
      ],
      [
        0.0,
        0.0
      ],
      [
        511.0,
        0.0
      ],
      [
        0.0,
        511.0
      ],
      [
        511.0,
        511.0
      ],
      [
        256.0,
        0.0
      ],
      [
        256.0,
        511.0
      ],
      [
        0.0,
        256.0
      ],
      [
        511.0,
        256.0
      ]
    ],
    "target_control_points": [
      [
        111.1295394897461,
        253.80853271484375
      ],
      [
        111.50715637207031,
        253.44000244140625
      ],
      [
        394.0989074707031,
        242.83145141601562
      ],
      [
        395.4141845703125,
        253.44000244140625
      ],
      [
        256.0,
        84.81209564208984
      ],
      [
        170.70570373535156,
        396.9842529296875
      ],
      [
        341.2943115234375,
        391.4957275390625
      ],
      [
        0.0,
        0.0
      ],
      [
        511.0,
        0.0
      ],
      [
        0.0,
        511.0
      ],
      [
        511.0,
        511.0
      ],
      [
        256.0,
        0.0
      ],
      [
        256.0,
        511.0
      ],
      [
        0.0,
        256.0
      ],
      [
        511.0,
        256.0
      ]
    ],
    "tps_regularization": 0.0001
  },
  "names": [
    "scale_logit",
    "action_face_side_push_left",
    "action_face_side_push_right",
    "action_head_top_raise",
    "action_head_top_lower",
    "action_jaw_expand",
    "action_jaw_compress",
    "action_asymmetry_twist"
  ],
  "values": [
    0.12279921025037766,
    0.2351754903793335,
    -1.1108571290969849,
    0.7156718373298645,
    0.28074806928634644,
    1.2556990385055542,
    0.34729811549186707,
    -1.2182669639587402
  ]
}
