{
  "displacement": {
    "budget_max_disp_px": 14.0,
    "max_disp_px": 13.986001968383789,
    "max_disp_px_budget": 14.0,
    "mean_disp_px": 8.415326118469238,
    "p95_disp_px": 13.986001014709473,
    "target_input_ssim": 0.78
  },
  "input": {
    "l2": 0.09020081862192622,
    "max_abs": 0.8274509906768799,
    "mean_abs": 0.049096014350652695,
    "psnr": 20.895790419588653,
    "ssim": 0.6182265877723694
  },
  "output": {
    "l2": 0.11260104261138154,
    "max_abs": 0.8784313797950745,
    "mean_abs": 0.05770918354392052,
    "psnr": 18.96915176371238,
    "ssim": 0.6649753451347351
  }
}
