{
  "clean_clip_positive_margin": 0.045426785945892334,
  "clean_semantic_success_score": 0.045426785945892334,
  "clip_available": true,
  "clip_semantic_drop": 0.0009817183017730713,
  "clip_warning": null,
  "crop_clip_available": true,
  "crop_clip_warning": null,
  "decision_label": "metric_only_candidate",
  "decision_reasons": [
    "semantic_drop_small:0.0010",
    "semantic_drop_small:0.0010"
  ],
  "edit_failure_score": 0.0009817183017730713,
  "final_attack_score": 0.1946085499064372,
  "full_image_semantic_drop": 0.0009817183017730713,
  "geometry_excess_penalty": 0.0,
  "geometry_excess_penalty_weight": 1.0,
  "identity_or_face_health_available": false,
  "input_damage_penalty": 0.0,
  "input_damage_penalty_weight": 3.0,
  "input_l2": 0.014831314850453968,
  "input_max_abs": 0.4156862795352936,
  "input_mean_abs": 0.003774110460653901,
  "input_preservation_score": 0.5531469583511357,
  "input_psnr": 36.576406909325975,
  "input_ssim": 0.9731888175010681,
  "left_crop_clean_margin": 0.012075066566467285,
  "left_crop_perturbed_margin": 0.011612653732299805,
  "left_crop_semantic_drop": 0.00046241283416748047,
  "max_disp_px_budget": 4.0,
  "mean_crop_margin": 0.005257060130437215,
  "mean_crop_semantic_drop": 0.0023399939139684043,
  "min_crop_margin": -0.010763972997665405,
  "min_crop_semantic_drop": 0.00046241283416748047,
  "output_disruption_score": 0.1906816766993449,
  "output_disruption_weight": 1.0,
  "output_l2": 0.03316312547366435,
  "output_max_abs": 0.7176470756530762,
  "output_mean_abs": 0.012710295617580414,
  "output_psnr": 29.586890918285405,
  "output_ssim": 0.9419708251953125,
  "perturbed_clip_positive_margin": 0.04444506764411926,
  "perturbed_semantic_success_score": 0.04444506764411926,
  "phase2_final_score": 0.1946085499064372,
  "phase2_output_disruption": 0.1906816766993449,
  "phase2_score_formula": "4.0*max(0,semantic_drop)+1.0*output_disruption-3.0*input_damage_penalty-1.0*geometry_excess_penalty",
  "right_crop_clean_margin": 0.018729060888290405,
  "right_crop_perturbed_margin": 0.014922499656677246,
  "right_crop_semantic_drop": 0.003806561231613159,
  "semantic_drop": 0.0009817183017730713,
  "semantic_drop_weight": 4.0,
  "target_input_ssim": 0.94,
  "top_crop_clean_margin": -0.008012965321540833,
  "top_crop_perturbed_margin": -0.010763972997665405,
  "top_crop_semantic_drop": 0.0027510076761245728
}
