{
  "clean_clip_positive_margin": 0.02973318099975586,
  "clean_semantic_success_score": 0.02973318099975586,
  "clip_available": true,
  "clip_semantic_drop": 0.0005686283111572266,
  "clip_warning": null,
  "decision_label": "metric_only_candidate",
  "decision_reasons": [
    "semantic_drop_small:0.0006",
    "semantic_drop_small:0.0006"
  ],
  "edit_failure_score": 0.0005686283111572266,
  "final_attack_score": 0.18857058145243297,
  "geometry_excess_penalty": 0.0,
  "geometry_excess_penalty_weight": 1.0,
  "identity_or_face_health_available": false,
  "input_damage_penalty": 0.0,
  "input_damage_penalty_weight": 3.0,
  "input_l2": 0.024131656710359075,
  "input_max_abs": 0.7529411911964417,
  "input_mean_abs": 0.004475392866879702,
  "input_preservation_score": 0.6432280540466307,
  "input_psnr": 32.34825722906956,
  "input_ssim": 0.9643228054046631,
  "max_disp_px_budget": 6.0,
  "output_disruption_score": 0.18629606820780406,
  "output_disruption_weight": 1.0,
  "output_l2": 0.0324102696221033,
  "output_max_abs": 0.8078431487083435,
  "output_mean_abs": 0.009041239507496357,
  "output_psnr": 29.786347120852497,
  "output_ssim": 0.9433450102806091,
  "perturbed_clip_positive_margin": 0.029164552688598633,
  "perturbed_semantic_success_score": 0.029164552688598633,
  "phase2_final_score": 0.18857058145243297,
  "phase2_output_disruption": 0.18629606820780406,
  "phase2_score_formula": "4*max(0,semantic_drop)+1*output_disruption-3*input_damage_penalty-1*geometry_excess_penalty",
  "semantic_drop": 0.0005686283111572266,
  "semantic_drop_weight": 4.0,
  "target_input_ssim": 0.9
}
