{
  "action_names": [
    "face_side_push_left",
    "face_side_push_right",
    "head_top_raise",
    "head_top_lower",
    "jaw_expand",
    "jaw_compress",
    "asymmetry_twist"
  ],
  "action_strength": 0.72,
  "action_values": {
    "asymmetry_twist": -0.3014989280968611,
    "face_side_push_left": 0.16002740930360917,
    "face_side_push_right": 0.3176976073018652,
    "head_top_lower": -0.10826430520884354,
    "head_top_raise": 0.024150173523751955,
    "jaw_compress": 0.14418241111838656,
    "jaw_expand": -0.29868159548150797
  },
  "active_actions": {
    "asymmetry_twist": -0.3014989280968611,
    "face_side_push_left": 0.16002740930360917,
    "face_side_push_right": 0.3176976073018652,
    "head_top_lower": -0.10826430520884354,
    "head_top_raise": 0.024150173523751955,
    "jaw_compress": 0.14418241111838656,
    "jaw_expand": -0.29868159548150797
  },
  "active_anchor_count": 7,
  "control_point_count": 15,
  "geometry_method": "landmark_semantic_tps",
  "landmark_count": 478,
  "landmark_detector": "mediapipe_python_solutions_face_mesh",
  "max_disp_px_budget": 14.0,
  "require_real_landmarks": true,
  "scale_factor": 0.3373533137899585,
  "source_control_points": [
    [
      145.79103088378906,
      230.60910034179688
    ],
    [
      140.35040283203125,
      227.01690673828125
    ],
    [
      383.8033447265625,
      230.60910034179688
    ],
    [
      383.8033447265625,
      227.01690673828125
    ],
    [
      232.58563232421875,
      83.65425109863281
    ],
    [
      185.86373901367188,
      332.8659362792969
    ],
    [
      370.30474853515625,
      332.8659362792969
    ],
    [
      0.0,
      0.0
    ],
    [
      511.0,
      0.0
    ],
    [
      0.0,
      511.0
    ],
    [
      511.0,
      511.0
    ],
    [
      256.0,
      0.0
    ],
    [
      256.0,
      511.0
    ],
    [
      0.0,
      256.0
    ],
    [
      511.0,
      256.0
    ]
  ],
  "target_control_points": [
    [
      144.17794799804688,
      233.64820861816406
    ],
    [
      139.14059448242188,
      227.01690673828125
    ],
    [
      387.0057373046875,
      227.5699920654297
    ],
    [
      386.20513916015625,
      227.01690673828125
    ],
    [
      232.58563232421875,
      82.31951141357422
    ],
    [
      190.3278045654297,
      334.385498046875
    ],
    [
      365.8406677246094,
      331.34637451171875
    ],
    [
      0.0,
      0.0
    ],
    [
      511.0,
      0.0
    ],
    [
      0.0,
      511.0
    ],
    [
      511.0,
      511.0
    ],
    [
      256.0,
      0.0
    ],
    [
      256.0,
      511.0
    ],
    [
      0.0,
      256.0
    ],
    [
      511.0,
      256.0
    ]
  ],
  "tps_regularization": 0.0001
}
