{
  "action_names": [
    "face_side_push_left",
    "face_side_push_right",
    "head_top_raise",
    "head_top_lower",
    "jaw_expand",
    "jaw_compress",
    "asymmetry_twist"
  ],
  "action_strength": 0.72,
  "action_values": {
    "asymmetry_twist": -0.24821883947814014,
    "face_side_push_left": -0.33057821137952237,
    "face_side_push_right": 0.48325654873566876,
    "head_top_lower": -0.45134462116995644,
    "head_top_raise": 0.4416866227881257,
    "jaw_compress": -0.37047410698263583,
    "jaw_expand": -0.6231948192377975
  },
  "active_actions": {
    "asymmetry_twist": -0.24821883947814014,
    "face_side_push_left": -0.33057821137952237,
    "face_side_push_right": 0.48325654873566876,
    "head_top_lower": -0.45134462116995644,
    "head_top_raise": 0.4416866227881257,
    "jaw_compress": -0.37047410698263583,
    "jaw_expand": -0.6231948192377975
  },
  "active_anchor_count": 7,
  "control_point_count": 15,
  "geometry_method": "landmark_piecewise_affine",
  "max_disp_px_budget": 8.0,
  "scale_factor": 0.7231783307104374,
  "source_control_points": [
    [
      112.63999938964844,
      248.3199920654297
    ],
    [
      112.63999938964844,
      253.44000244140625
    ],
    [
      399.3599853515625,
      248.3199920654297
    ],
    [
      399.3599853515625,
      253.44000244140625
    ],
    [
      256.0,
      87.04000091552734
    ],
    [
      174.0800018310547,
      394.239990234375
    ],
    [
      337.9200134277344,
      394.239990234375
    ],
    [
      0.0,
      0.0
    ],
    [
      511.0,
      0.0
    ],
    [
      0.0,
      511.0
    ],
    [
      511.0,
      511.0
    ],
    [
      256.0,
      0.0
    ],
    [
      256.0,
      511.0
    ],
    [
      0.0,
      256.0
    ],
    [
      511.0,
      256.0
    ]
  ],
  "target_control_points": [
    [
      114.54412841796875,
      249.74972534179688
    ],
    [
      114.06809997558594,
      253.44000244140625
    ],
    [
      402.1435546875,
      246.8902587890625
    ],
    [
      401.4476623535156,
      253.44000244140625
    ],
    [
      256.0,
      81.8961410522461
    ],
    [
      175.53567504882812,
      394.9548645019531
    ],
    [
      336.46435546875,
      393.5251159667969
    ],
    [
      0.0,
      0.0
    ],
    [
      511.0,
      0.0
    ],
    [
      0.0,
      511.0
    ],
    [
      511.0,
      511.0
    ],
    [
      256.0,
      0.0
    ],
    [
      256.0,
      511.0
    ],
    [
      0.0,
      256.0
    ],
    [
      511.0,
      256.0
    ]
  ],
  "tps_regularization": 0.0001
}
