{
  "action_names": [
    "face_side_push_left",
    "face_side_push_right",
    "head_top_raise",
    "head_top_lower",
    "jaw_expand",
    "jaw_compress",
    "asymmetry_twist"
  ],
  "action_strength": 0.72,
  "action_values": {
    "asymmetry_twist": -0.1442547259219625,
    "face_side_push_left": 0.29963931983975134,
    "face_side_push_right": 0.17559408772797303,
    "head_top_lower": -0.29411193340199737,
    "head_top_raise": 0.11549379046612888,
    "jaw_compress": -0.10918474246223624,
    "jaw_expand": 0.20655670771753543
  },
  "active_actions": {
    "asymmetry_twist": -0.1442547259219625,
    "face_side_push_left": 0.29963931983975134,
    "face_side_push_right": 0.17559408772797303,
    "head_top_lower": -0.29411193340199737,
    "head_top_raise": 0.11549379046612888,
    "jaw_compress": -0.10918474246223624,
    "jaw_expand": 0.20655670771753543
  },
  "active_anchor_count": 7,
  "control_point_count": 15,
  "geometry_method": "landmark_semantic_tps",
  "max_disp_px_budget": 8.0,
  "scale_factor": 0.30640618328944025,
  "source_control_points": [
    [
      112.63999938964844,
      248.3199920654297
    ],
    [
      112.63999938964844,
      253.44000244140625
    ],
    [
      399.3599853515625,
      248.3199920654297
    ],
    [
      399.3599853515625,
      253.44000244140625
    ],
    [
      256.0,
      87.04000091552734
    ],
    [
      174.0800018310547,
      394.239990234375
    ],
    [
      337.9200134277344,
      394.239990234375
    ],
    [
      0.0,
      0.0
    ],
    [
      511.0,
      0.0
    ],
    [
      0.0,
      511.0
    ],
    [
      511.0,
      511.0
    ],
    [
      256.0,
      0.0
    ],
    [
      256.0,
      511.0
    ],
    [
      0.0,
      256.0
    ],
    [
      511.0,
      256.0
    ]
  ],
  "target_control_points": [
    [
      110.91407775878906,
      249.15089416503906
    ],
    [
      111.3455581665039,
      253.44000244140625
    ],
    [
      400.37139892578125,
      247.4890899658203
    ],
    [
      400.1185607910156,
      253.44000244140625
    ],
    [
      256.0,
      84.68067169189453
    ],
    [
      172.26133728027344,
      394.65545654296875
    ],
    [
      339.7386779785156,
      393.82452392578125
    ],
    [
      0.0,
      0.0
    ],
    [
      511.0,
      0.0
    ],
    [
      0.0,
      511.0
    ],
    [
      511.0,
      511.0
    ],
    [
      256.0,
      0.0
    ],
    [
      256.0,
      511.0
    ],
    [
      0.0,
      256.0
    ],
    [
      511.0,
      256.0
    ]
  ],
  "tps_regularization": 0.0001
}
