{
  "budget": "strong",
  "budget_max_disp_px": 8.0,
  "candidate_folder_abs": "/home/interns/Desktop/mat/phase4/outputs/phase4a_existence_probe/cases/face_003/igs_1p50/add_headphones/strong/seed_00/candidates/cand_075_g04_m15",
  "candidate_index": 75,
  "candidate_name": "cand_075_g04_m15",
  "case_id": "face_003__add_headphones__igs_1p50",
  "elapsed_seconds": 2.694986380636692,
  "face_id": "face_003",
  "generation": 4,
  "geometry_method": "landmark_piecewise_affine",
  "guidance_scale": 7.5,
  "image_guidance_scale": 1.5,
  "initial_candidate": false,
  "input_l2": 0.03331418781350433,
  "input_max_abs": 0.5098039507865906,
  "input_mean_abs": 0.01690409891307354,
  "input_psnr": 29.547415403830442,
  "input_ssim": 0.8486361503601074,
  "max_disp_px": 5.019978046417236,
  "max_disp_px_budget": 8.0,
  "mean_disp_px": 1.368087649345398,
  "member": 15,
  "output_l2": 0.05218682314025496,
  "output_max_abs": 0.9176470637321472,
  "output_mean_abs": 0.02459208108484745,
  "output_psnr": 25.648782798146748,
  "output_ssim": 0.8079095482826233,
  "p95_disp_px": 3.6147830486297607,
  "phase": "phase4a_existence_probe",
  "prompt": "add headphones",
  "prompt_slug": "add_headphones",
  "prompt_type": "headphones",
  "seed": 46001,
  "target_input_ssim": 0.88,
  "theta_names": [
    "scale_logit",
    "action_face_side_push_left",
    "action_face_side_push_right",
    "action_head_top_raise",
    "action_head_top_lower",
    "action_jaw_expand",
    "action_jaw_compress",
    "action_asymmetry_twist"
  ],
  "theta_values": [
    0.14000380039215088,
    -0.3329187035560608,
    1.954138994216919,
    -0.9752762913703918,
    -0.6695398688316345,
    1.2877671718597412,
    -0.496812105178833,
    0.0884179174900055
  ]
}
