{
  "action_names": [
    "jaw_expand",
    "jaw_compress",
    "chin_raise",
    "chin_lower",
    "mouth_width_expand",
    "lower_face_shift"
  ],
  "action_strength": 0.72,
  "action_values": {
    "chin_lower": -0.24916784892743005,
    "chin_raise": 0.3675589777639814,
    "jaw_compress": 0.32140171565079756,
    "jaw_expand": -0.8315689387608711,
    "lower_face_shift": 0.7600095068881044,
    "mouth_width_expand": 0.23786381792781106
  },
  "active_actions": {
    "chin_lower": -0.24916784892743005,
    "chin_raise": 0.3675589777639814,
    "jaw_compress": 0.32140171565079756,
    "jaw_expand": -0.8315689387608711,
    "lower_face_shift": 0.7600095068881044,
    "mouth_width_expand": 0.23786381792781106
  },
  "active_anchor_count": 6,
  "control_point_count": 14,
  "geometry_method": "landmark_semantic_tps",
  "max_disp_px_budget": 8.0,
  "scale_factor": 0.8428510921835819,
  "source_control_points": [
    [
      174.0800018310547,
      394.239990234375
    ],
    [
      337.9200134277344,
      394.239990234375
    ],
    [
      256.0,
      419.8399963378906
    ],
    [
      256.0,
      376.32000732421875
    ],
    [
      204.8000030517578,
      335.3599853515625
    ],
    [
      307.20001220703125,
      335.3599853515625
    ],
    [
      0.0,
      0.0
    ],
    [
      511.0,
      0.0
    ],
    [
      0.0,
      511.0
    ],
    [
      511.0,
      511.0
    ],
    [
      256.0,
      0.0
    ],
    [
      256.0,
      511.0
    ],
    [
      0.0,
      256.0
    ],
    [
      511.0,
      256.0
    ]
  ],
  "target_control_points": [
    [
      180.7211151123047,
      394.239990234375
    ],
    [
      331.2789001464844,
      394.239990234375
    ],
    [
      259.2832336425781,
      416.28765869140625
    ],
    [
      260.3776550292969,
      374.5438232421875
    ],
    [
      203.42990112304688,
      335.3599853515625
    ],
    [
      308.5700988769531,
      335.3599853515625
    ],
    [
      0.0,
      0.0
    ],
    [
      511.0,
      0.0
    ],
    [
      0.0,
      511.0
    ],
    [
      511.0,
      511.0
    ],
    [
      256.0,
      0.0
    ],
    [
      256.0,
      511.0
    ],
    [
      0.0,
      256.0
    ],
    [
      511.0,
      256.0
    ]
  ],
  "tps_regularization": 0.0001
}
