{
  "best_folder": "phase4/outputs/phase4a_existence_probe/cases/face_003/igs_1p50/add_headphones/existence_probe/seed_00/candidates/cand_001_g01_m01",
  "budget": "existence_probe",
  "budget_max_disp_px": 14.0,
  "candidate_folder": "phase4/outputs/phase4a_existence_probe/cases/face_003/igs_1p50/add_headphones/existence_probe/seed_00/candidates/cand_001_g01_m01",
  "candidate_index": 1,
  "candidate_name": "cand_001_g01_m01",
  "case_id": "face_003__add_headphones__igs_1p50",
  "clean_clip_positive_margin": 0.04772844910621643,
  "clean_semantic_success_score": 0.04772844910621643,
  "clip_available": true,
  "clip_semantic_drop": 0.0036133229732513428,
  "clip_warning": null,
  "crop_clip_available": true,
  "crop_clip_warning": null,
  "decision_label": "reject_input_damage",
  "decision_reasons": [
    "input_ssim_below_target:0.6173<0.7800",
    "semantic_drop_small:0.0036"
  ],
  "edit_failure_score": 0.0036133229732513428,
  "elapsed_seconds": 3.1528198309242725,
  "face_id": "face_003",
  "final_attack_score": -3.4471600947030243,
  "full_image_semantic_drop": 0.0036133229732513428,
  "generation": 1,
  "geometry_excess_penalty": 0.0,
  "geometry_excess_penalty_weight": 0.75,
  "geometry_method": "landmark_semantic_tps",
  "guidance_scale": 7.5,
  "identity_or_face_health_available": false,
  "image_guidance_scale": 1.5,
  "initial_candidate": false,
  "input_damage_penalty": 1.3018958473205569,
  "input_damage_penalty_weight": 3.0,
  "input_l2": 0.08724070899388982,
  "input_max_abs": 0.7490196228027344,
  "input_mean_abs": 0.04811329022049904,
  "input_preservation_score": 0.0,
  "input_psnr": 21.18561627248507,
  "input_ssim": 0.6172630190849304,
  "left_crop_clean_margin": 0.018402695655822754,
  "left_crop_perturbed_margin": 0.01659807562828064,
  "left_crop_semantic_drop": 0.0018046200275421143,
  "max_disp_px": 13.986001968383789,
  "max_disp_px_budget": 14.0,
  "mean_crop_margin": 0.007740984360376994,
  "mean_crop_semantic_drop": 0.007592921455701192,
  "mean_disp_px": 7.87419319152832,
  "member": 1,
  "min_crop_margin": -0.012704640626907349,
  "min_crop_semantic_drop": 0.0018046200275421143,
  "output_disruption_score": 0.859241726945271,
  "output_disruption_weight": 0.5,
  "output_l2": 0.10354651583990204,
  "output_max_abs": 0.9333333373069763,
  "output_mean_abs": 0.05817541480064392,
  "output_psnr": 19.697290195567362,
  "output_ssim": 0.5549443364143372,
  "p95_disp_px": 13.986001014709473,
  "path_clean_edit": "phase4/outputs/phase4a_existence_probe/cases/face_003/igs_1p50/add_headphones/existence_probe/seed_00/candidates/cand_001_g01_m01/clean_edit.png",
  "path_flow": "phase4/outputs/phase4a_existence_probe/cases/face_003/igs_1p50/add_headphones/existence_probe/seed_00/candidates/cand_001_g01_m01/flow.png",
  "path_landmarks_overlay_original": "phase4/outputs/phase4a_existence_probe/cases/face_003/igs_1p50/add_headphones/existence_probe/seed_00/candidates/cand_001_g01_m01/landmarks_overlay_original.jpg",
  "path_landmarks_overlay_perturbed": "phase4/outputs/phase4a_existence_probe/cases/face_003/igs_1p50/add_headphones/existence_probe/seed_00/candidates/cand_001_g01_m01/landmarks_overlay_perturbed.jpg",
  "path_original": "phase4/outputs/phase4a_existence_probe/cases/face_003/igs_1p50/add_headphones/existence_probe/seed_00/candidates/cand_001_g01_m01/original.png",
  "path_perturbed": "phase4/outputs/phase4a_existence_probe/cases/face_003/igs_1p50/add_headphones/existence_probe/seed_00/candidates/cand_001_g01_m01/perturbed.png",
  "path_perturbed_edit": "phase4/outputs/phase4a_existence_probe/cases/face_003/igs_1p50/add_headphones/existence_probe/seed_00/candidates/cand_001_g01_m01/perturbed_edit.png",
  "perturbed_clip_positive_margin": 0.04411512613296509,
  "perturbed_semantic_success_score": 0.04411512613296509,
  "phase": "phase4a_existence_probe",
  "phase2_final_score": -3.4471600947030243,
  "phase2_output_disruption": 0.859241726945271,
  "phase2_score_formula": "8.0*max(0,semantic_drop)+0.5*output_disruption-3.0*input_damage_penalty-0.75*geometry_excess_penalty",
  "phase4_budget_name": "existence_probe",
  "phase4_final_score": -3.4471600947030243,
  "phase4_score_formula": "8.0*max(0,semantic_drop)+0.5*output_disruption-3.0*input_damage_penalty-0.75*geometry_excess_penalty",
  "prompt": "add headphones",
  "prompt_slug": "add_headphones",
  "prompt_type": "headphones",
  "right_crop_clean_margin": 0.026048898696899414,
  "right_crop_perturbed_margin": 0.01932951807975769,
  "right_crop_semantic_drop": 0.006719380617141724,
  "seed": 46101,
  "semantic_drop": 0.0036133229732513428,
  "semantic_drop_weight": 8.0,
  "target_input_ssim": 0.78,
  "theta_names": [
    "scale_logit",
    "action_face_side_push_left",
    "action_face_side_push_right",
    "action_head_top_raise",
    "action_head_top_lower",
    "action_jaw_expand",
    "action_jaw_compress",
    "action_asymmetry_twist"
  ],
  "theta_values": [
    0.8225790858268738,
    0.47671809792518616,
    -0.0729091688990593,
    -0.3225840628147125,
    0.06030260771512985,
    -0.5399152040481567,
    -0.6445353031158447,
    1.3817137479782104
  ],
  "top_crop_clean_margin": 0.0015501230955123901,
  "top_crop_perturbed_margin": -0.012704640626907349,
  "top_crop_semantic_drop": 0.014254763722419739
}
