{
  "budget": "strong",
  "budget_max_disp_px": 6.0,
  "candidate_folder_abs": "/home/interns/Desktop/mat/phase2/outputs/phase2c_probe/semantic_heavy_cem/headphones_sides_only/strong/seed_00/candidates/cand_051_g04_m03",
  "candidate_index": 51,
  "candidate_name": "cand_051_g04_m03",
  "dct_modes": [
    [
      1,
      0
    ],
    [
      0,
      1
    ],
    [
      1,
      1
    ],
    [
      2,
      0
    ],
    [
      0,
      2
    ],
    [
      2,
      1
    ]
  ],
  "elapsed_seconds": 5.491261541843414,
  "generation": 4,
  "geometry_method": "region_local_tps",
  "initial_candidate": false,
  "input_l2": 0.012386508231823695,
  "input_max_abs": 0.7568627595901489,
  "input_mean_abs": 0.0035892764572054148,
  "input_psnr": 38.1410220877751,
  "input_ssim": 0.9687640070915222,
  "max_disp_px": 1.7228591442108154,
  "max_disp_px_budget": 6.0,
  "mean_disp_px": 0.3213971257209778,
  "member": 3,
  "mesh_size": 4,
  "output_l2": 0.020477260811289817,
  "output_max_abs": 0.7568627595901489,
  "output_mean_abs": 0.007676431909203529,
  "output_psnr": 33.774562764572536,
  "output_ssim": 0.9540019035339355,
  "p95_disp_px": 1.4715601205825806,
  "phase": "phase2c_probe",
  "prompt": "add headphones",
  "prompt_priority": 1,
  "prompt_slug": "add_headphones",
  "region_count": 2,
  "region_key": "headphones_sides_only",
  "scale_factor": 0.29300326108932495,
  "seed": 24101,
  "target_input_ssim": 0.9,
  "tps_size": 4
}
