{
  "clean_clip_positive_margin": 0.027842342853546143,
  "clean_semantic_success_score": 0.027842342853546143,
  "clip_available": true,
  "clip_semantic_drop": 0.02680903673171997,
  "clip_warning": null,
  "crop_clip_available": true,
  "crop_clip_warning": null,
  "decision_label": "weak_candidate",
  "decision_reasons": [],
  "edit_failure_score": 0.02680903673171997,
  "final_attack_score": 0.2464490787815657,
  "full_image_semantic_drop": 0.02680903673171997,
  "geometry_excess_penalty": 0.0,
  "geometry_excess_penalty_weight": 0.75,
  "identity_or_face_health_available": false,
  "input_damage_penalty": 0.0,
  "input_damage_penalty_weight": 3.0,
  "input_l2": 0.012386508231823695,
  "input_max_abs": 0.7568627595901489,
  "input_mean_abs": 0.0035892764572054148,
  "input_preservation_score": 0.6876400709152221,
  "input_psnr": 38.1410220877751,
  "input_ssim": 0.9687640070915222,
  "left_crop_clean_margin": 0.02535329759120941,
  "left_crop_perturbed_margin": 0.02303832769393921,
  "left_crop_semantic_drop": 0.0023149698972702026,
  "max_disp_px_budget": 6.0,
  "mean_crop_margin": 0.011477212111155191,
  "mean_crop_semantic_drop": 0.006634056568145752,
  "min_crop_margin": -0.0008940547704696655,
  "min_crop_semantic_drop": 0.0023149698972702026,
  "output_disruption_score": 0.12790713971122372,
  "output_disruption_weight": 0.25,
  "output_l2": 0.020477260811289817,
  "output_max_abs": 0.7568627595901489,
  "output_mean_abs": 0.007676431909203529,
  "output_psnr": 33.774562764572536,
  "output_ssim": 0.9540019035339355,
  "perturbed_clip_positive_margin": 0.0010333061218261719,
  "perturbed_semantic_success_score": 0.0010333061218261719,
  "phase2_final_score": 0.2464490787815657,
  "phase2_output_disruption": 0.12790713971122372,
  "phase2_score_formula": "8.0*max(0,semantic_drop)+0.25*output_disruption-3.0*input_damage_penalty-0.75*geometry_excess_penalty",
  "right_crop_clean_margin": 0.021481528878211975,
  "right_crop_perturbed_margin": 0.012287363409996033,
  "right_crop_semantic_drop": 0.009194165468215942,
  "semantic_drop": 0.02680903673171997,
  "semantic_drop_weight": 8.0,
  "target_input_ssim": 0.9,
  "top_crop_clean_margin": 0.007498979568481445,
  "top_crop_perturbed_margin": -0.0008940547704696655,
  "top_crop_semantic_drop": 0.00839303433895111
}
