{
  "budget": "strong",
  "budget_max_disp_px": 6.0,
  "candidate_folder_abs": "/home/interns/Desktop/mat/phase3/outputs/breadth_probe/cases/face_004/igs_1p00/add_a_small_beard/strong/seed_00/candidates/cand_013_g02_m05",
  "candidate_index": 13,
  "candidate_name": "cand_013_g02_m05",
  "dct_modes": [
    [
      1,
      0
    ],
    [
      0,
      1
    ],
    [
      1,
      1
    ],
    [
      2,
      0
    ],
    [
      0,
      2
    ],
    [
      2,
      1
    ]
  ],
  "elapsed_seconds": 4.8407712914049625,
  "generation": 2,
  "geometry_method": "region_local_tps",
  "initial_candidate": false,
  "input_l2": 0.014592540905303507,
  "input_max_abs": 0.6352941393852234,
  "input_mean_abs": 0.0022982179652899504,
  "input_psnr": 36.71738161233797,
  "input_ssim": 0.9852523803710938,
  "max_disp_px": 2.9419963359832764,
  "max_disp_px_budget": 6.0,
  "mean_disp_px": 0.22434474527835846,
  "member": 5,
  "mesh_size": 4,
  "output_l2": 0.030335473326175606,
  "output_max_abs": 0.7215686440467834,
  "output_mean_abs": 0.011119416914880276,
  "output_psnr": 30.360984486894132,
  "output_ssim": 0.9380037784576416,
  "p95_disp_px": 1.7941129207611084,
  "phase": "phase3_breadth_probe",
  "prompt": "add a small beard",
  "prompt_priority": 4,
  "prompt_slug": "add_a_small_beard",
  "region_count": 1,
  "region_key": "beard",
  "scale_factor": 0.5632676482200623,
  "seed": 42101,
  "target_input_ssim": 0.9,
  "tps_size": 4
}
