{
  "best_folder": "phase2/outputs/phase2c_probe/amplification/source_10_cand_091_g06_m11/strong/scale_3p0",
  "budget": "strong",
  "budget_max_disp_px": 6.0,
  "candidate_folder": "phase2/outputs/phase2c_probe/amplification/source_10_cand_091_g06_m11/strong/scale_3p0",
  "candidate_index": 203,
  "candidate_name": "amp_10_cand_091_g06_m11_x3p0_strong",
  "clean_clip_positive_margin": 0.027842342853546143,
  "clean_semantic_success_score": 0.027842342853546143,
  "clip_available": true,
  "clip_semantic_drop": -0.0043672919273376465,
  "clip_warning": null,
  "crop_clip_available": true,
  "crop_clip_warning": null,
  "dct_modes": [
    [
      1,
      0
    ],
    [
      0,
      1
    ],
    [
      1,
      1
    ],
    [
      2,
      0
    ],
    [
      0,
      2
    ],
    [
      2,
      1
    ]
  ],
  "decision_label": "metric_only_candidate",
  "decision_reasons": [
    "semantic_drop_nonpositive:-0.0044",
    "semantic_drop_nonpositive:-0.0044"
  ],
  "edit_failure_score": 0.0,
  "elapsed_seconds": 4.502783177420497,
  "final_attack_score": 0.0666467477756747,
  "full_image_semantic_drop": -0.0043672919273376465,
  "generation": 0,
  "geometry_excess_penalty": 0.0,
  "geometry_excess_penalty_weight": 0.75,
  "geometry_method": "region_local_tps",
  "identity_or_face_health_available": false,
  "initial_candidate": false,
  "input_damage_penalty": 0.0,
  "input_damage_penalty_weight": 3.0,
  "input_l2": 0.029552788398385217,
  "input_max_abs": 0.7019608020782471,
  "input_mean_abs": 0.009621617384254932,
  "input_preservation_score": 0.04005765914916971,
  "input_psnr": 30.58803071602671,
  "input_ssim": 0.904005765914917,
  "left_crop_clean_margin": 0.02535329759120941,
  "left_crop_perturbed_margin": 0.02081972360610962,
  "left_crop_semantic_drop": 0.0045335739850997925,
  "max_disp_px": 5.994000434875488,
  "max_disp_px_budget": 6.0,
  "mean_crop_margin": 0.013290663560231527,
  "mean_crop_semantic_drop": 0.004820605119069417,
  "mean_disp_px": 1.1369365453720093,
  "member": 203,
  "mesh_size": 4,
  "min_crop_margin": -0.00223618745803833,
  "min_crop_semantic_drop": 0.00019307434558868408,
  "output_disruption_score": 0.2665869911026988,
  "output_disruption_weight": 0.25,
  "output_l2": 0.03935415346205318,
  "output_max_abs": 0.7254902124404907,
  "output_mean_abs": 0.01688755489885807,
  "output_psnr": 28.10018850347638,
  "output_ssim": 0.8908296227455139,
  "p95_disp_px": 4.3256144523620605,
  "path_flow": "phase2/outputs/phase2c_probe/amplification/source_10_cand_091_g06_m11/strong/scale_3p0/flow.png",
  "path_original": "phase2/outputs/phase2c_probe/amplification/source_10_cand_091_g06_m11/strong/scale_3p0/original.png",
  "path_original_edited": "phase2/outputs/phase2c_probe/amplification/source_10_cand_091_g06_m11/strong/scale_3p0/original_edited.png",
  "path_perturbed": "phase2/outputs/phase2c_probe/amplification/source_10_cand_091_g06_m11/strong/scale_3p0/perturbed.png",
  "path_perturbed_edited": "phase2/outputs/phase2c_probe/amplification/source_10_cand_091_g06_m11/strong/scale_3p0/perturbed_edited.png",
  "perturbed_clip_positive_margin": 0.03220963478088379,
  "perturbed_semantic_success_score": 0.03220963478088379,
  "phase": "phase2c_probe",
  "phase2_final_score": 0.0666467477756747,
  "phase2_output_disruption": 0.2665869911026988,
  "phase2_score_formula": "8.0*max(0,semantic_drop)+0.25*output_disruption-3.0*input_damage_penalty-0.75*geometry_excess_penalty",
  "phase2c_applied_scale": 3.0,
  "phase2c_geometry_source": "phase2b_theta_scaled_flow",
  "phase2c_part": "amplification",
  "phase2c_scale_factor": 3.0,
  "prompt": "add headphones",
  "prompt_priority": 1,
  "prompt_slug": "add_headphones",
  "region_count": 3,
  "region_key": "source_regions",
  "region_variant": "source_regions",
  "right_crop_clean_margin": 0.021481528878211975,
  "right_crop_perturbed_margin": 0.02128845453262329,
  "right_crop_semantic_drop": 0.00019307434558868408,
  "scale_factor": 0.5195525288581848,
  "seed": 24001,
  "semantic_drop": -0.0043672919273376465,
  "semantic_drop_weight": 8.0,
  "source_candidate_folder": "phase2/outputs/phase2b_cem/add_headphones/medium/seed_00/candidates/cand_091_g06_m11",
  "source_candidate_name": "cand_091_g06_m11",
  "source_phase2_final_score": "0.26472979557080334",
  "source_semantic_drop": "0.02689194679260254",
  "target_input_ssim": 0.9,
  "top_crop_clean_margin": 0.007498979568481445,
  "top_crop_perturbed_margin": -0.00223618745803833,
  "top_crop_semantic_drop": 0.009735167026519775,
  "tps_size": 4
}
