{
  "clean_clip_positive_margin": 0.027842342853546143,
  "clean_semantic_success_score": 0.027842342853546143,
  "clip_available": true,
  "clip_semantic_drop": -0.0043672919273376465,
  "clip_warning": null,
  "crop_clip_available": true,
  "crop_clip_warning": null,
  "decision_label": "metric_only_candidate",
  "decision_reasons": [
    "semantic_drop_nonpositive:-0.0044",
    "semantic_drop_nonpositive:-0.0044"
  ],
  "edit_failure_score": 0.0,
  "final_attack_score": 0.0666467477756747,
  "full_image_semantic_drop": -0.0043672919273376465,
  "geometry_excess_penalty": 0.0,
  "geometry_excess_penalty_weight": 0.75,
  "identity_or_face_health_available": false,
  "input_damage_penalty": 0.0,
  "input_damage_penalty_weight": 3.0,
  "input_l2": 0.029552788398385217,
  "input_max_abs": 0.7019608020782471,
  "input_mean_abs": 0.009621617384254932,
  "input_preservation_score": 0.04005765914916971,
  "input_psnr": 30.58803071602671,
  "input_ssim": 0.904005765914917,
  "left_crop_clean_margin": 0.02535329759120941,
  "left_crop_perturbed_margin": 0.02081972360610962,
  "left_crop_semantic_drop": 0.0045335739850997925,
  "max_disp_px_budget": 6.0,
  "mean_crop_margin": 0.013290663560231527,
  "mean_crop_semantic_drop": 0.004820605119069417,
  "min_crop_margin": -0.00223618745803833,
  "min_crop_semantic_drop": 0.00019307434558868408,
  "output_disruption_score": 0.2665869911026988,
  "output_disruption_weight": 0.25,
  "output_l2": 0.03935415346205318,
  "output_max_abs": 0.7254902124404907,
  "output_mean_abs": 0.01688755489885807,
  "output_psnr": 28.10018850347638,
  "output_ssim": 0.8908296227455139,
  "perturbed_clip_positive_margin": 0.03220963478088379,
  "perturbed_semantic_success_score": 0.03220963478088379,
  "phase2_final_score": 0.0666467477756747,
  "phase2_output_disruption": 0.2665869911026988,
  "phase2_score_formula": "8.0*max(0,semantic_drop)+0.25*output_disruption-3.0*input_damage_penalty-0.75*geometry_excess_penalty",
  "right_crop_clean_margin": 0.021481528878211975,
  "right_crop_perturbed_margin": 0.02128845453262329,
  "right_crop_semantic_drop": 0.00019307434558868408,
  "semantic_drop": -0.0043672919273376465,
  "semantic_drop_weight": 8.0,
  "target_input_ssim": 0.9,
  "top_crop_clean_margin": 0.007498979568481445,
  "top_crop_perturbed_margin": -0.00223618745803833,
  "top_crop_semantic_drop": 0.009735167026519775
}
