{
  "displacement": {
    "budget_max_disp_px": 8.0,
    "max_disp_px": 2.9765262603759766,
    "max_disp_px_budget": 8.0,
    "mean_disp_px": 0.20049834251403809,
    "p95_disp_px": 1.7203640937805176,
    "target_input_ssim": 0.86
  },
  "input": {
    "l2": 0.008460630472500171,
    "max_abs": 0.7764706015586853,
    "mean_abs": 0.001612350344657898,
    "psnr": 41.451945456653114,
    "ssim": 0.9862257838249207
  },
  "output": {
    "l2": 0.014978250332441673,
    "max_abs": 0.8470588326454163,
    "mean_abs": 0.006733724381774664,
    "psnr": 36.490778305956354,
    "ssim": 0.9724678993225098
  }
}
