{
  "budget": "strong",
  "budget_max_disp_px": 6.0,
  "candidate_folder_abs": "/home/interns/Desktop/mat/phase3/outputs/breadth_probe/cases/face_005/igs_1p50/add_a_small_beard/strong/seed_00/candidates/cand_007_g01_m07",
  "candidate_index": 7,
  "candidate_name": "cand_007_g01_m07",
  "dct_modes": [
    [
      1,
      0
    ],
    [
      0,
      1
    ],
    [
      1,
      1
    ],
    [
      2,
      0
    ],
    [
      0,
      2
    ],
    [
      2,
      1
    ]
  ],
  "elapsed_seconds": 4.880297398194671,
  "generation": 1,
  "geometry_method": "region_local_tps",
  "initial_candidate": false,
  "input_l2": 0.007849078211659808,
  "input_max_abs": 0.25882354378700256,
  "input_mean_abs": 0.0019547059200704098,
  "input_psnr": 42.10362686788669,
  "input_ssim": 0.9881505370140076,
  "max_disp_px": 1.7330374717712402,
  "max_disp_px_budget": 6.0,
  "mean_disp_px": 0.16760635375976562,
  "member": 7,
  "mesh_size": 4,
  "output_l2": 0.01723428466208819,
  "output_max_abs": 0.29019609093666077,
  "output_mean_abs": 0.008521883748471737,
  "output_psnr": 35.272134760067104,
  "output_ssim": 0.9499691128730774,
  "p95_disp_px": 1.2391161918640137,
  "phase": "phase3_breadth_probe",
  "prompt": "add a small beard",
  "prompt_priority": 4,
  "prompt_slug": "add_a_small_beard",
  "region_count": 1,
  "region_key": "beard",
  "scale_factor": 0.2963617444038391,
  "seed": 47101,
  "target_input_ssim": 0.9,
  "tps_size": 4
}
