{
  "budget": "strong",
  "budget_max_disp_px": 8.0,
  "candidate_folder_abs": "/home/interns/Desktop/mat/phase4/outputs/phase4a_existence_probe/cases/face_002/igs_1p00/add_headphones/strong/seed_00/candidates/cand_034_g02_m14",
  "candidate_index": 34,
  "candidate_name": "cand_034_g02_m14",
  "case_id": "face_002__add_headphones__igs_1p00",
  "elapsed_seconds": 2.459081431850791,
  "face_id": "face_002",
  "generation": 2,
  "geometry_method": "landmark_piecewise_affine",
  "guidance_scale": 7.5,
  "image_guidance_scale": 1.0,
  "initial_candidate": false,
  "input_l2": 0.015195310637546268,
  "input_max_abs": 0.5215686559677124,
  "input_mean_abs": 0.0065718223340809345,
  "input_psnr": 36.365808344331974,
  "input_ssim": 0.9696540832519531,
  "max_disp_px": 1.6713725328445435,
  "max_disp_px_budget": 8.0,
  "mean_disp_px": 0.3679494857788086,
  "member": 14,
  "output_l2": 0.04980695242500144,
  "output_max_abs": 0.8588235378265381,
  "output_mean_abs": 0.019995199516415596,
  "output_psnr": 26.05420061907512,
  "output_ssim": 0.927837073802948,
  "p95_disp_px": 0.9611947536468506,
  "phase": "phase4a_existence_probe",
  "prompt": "add headphones",
  "prompt_slug": "add_headphones",
  "prompt_type": "headphones",
  "seed": 45001,
  "target_input_ssim": 0.88,
  "theta_names": [
    "scale_logit",
    "action_face_side_push_left",
    "action_face_side_push_right",
    "action_head_top_raise",
    "action_head_top_lower",
    "action_jaw_expand",
    "action_jaw_compress",
    "action_asymmetry_twist"
  ],
  "theta_values": [
    -1.3388980627059937,
    0.13834449648857117,
    0.8990053534507751,
    -1.1844743490219116,
    -0.3059845268726349,
    -0.08787568658590317,
    -0.2826020419597626,
    1.064721941947937
  ]
}
