{
  "budget": "strong",
  "budget_max_disp_px": 8.0,
  "candidate_folder_abs": "/home/interns/Desktop/mat/phase4/outputs/phase4a_existence_probe/cases/face_003/igs_1p00/add_headphones/strong/seed_00/candidates/cand_005_g01_m05",
  "candidate_index": 5,
  "candidate_name": "cand_005_g01_m05",
  "case_id": "face_003__add_headphones__igs_1p00",
  "elapsed_seconds": 2.6325723361223936,
  "face_id": "face_003",
  "generation": 1,
  "geometry_method": "landmark_piecewise_affine",
  "guidance_scale": 7.5,
  "image_guidance_scale": 1.0,
  "initial_candidate": false,
  "input_l2": 0.022458995082042226,
  "input_max_abs": 0.46666669845581055,
  "input_mean_abs": 0.01127710472792387,
  "input_psnr": 32.97219359914716,
  "input_ssim": 0.9177129864692688,
  "max_disp_px": 2.7570595741271973,
  "max_disp_px_budget": 8.0,
  "mean_disp_px": 0.8102367520332336,
  "member": 5,
  "output_l2": 0.04245651737331738,
  "output_max_abs": 0.7921568751335144,
  "output_mean_abs": 0.019860319793224335,
  "output_psnr": 27.441112661046297,
  "output_ssim": 0.9102919697761536,
  "p95_disp_px": 2.0254640579223633,
  "phase": "phase4a_existence_probe",
  "prompt": "add headphones",
  "prompt_slug": "add_headphones",
  "prompt_type": "headphones",
  "seed": 52001,
  "target_input_ssim": 0.88,
  "theta_names": [
    "scale_logit",
    "action_face_side_push_left",
    "action_face_side_push_right",
    "action_head_top_raise",
    "action_head_top_lower",
    "action_jaw_expand",
    "action_jaw_compress",
    "action_asymmetry_twist"
  ],
  "theta_values": [
    -0.10801281034946442,
    0.6745620965957642,
    -0.06470497697591782,
    0.03221892938017845,
    -0.8824928402900696,
    1.4149246215820312,
    0.5974799394607544,
    0.6603662371635437
  ]
}
