{
  "clean_clip_positive_margin": 0.020921379327774048,
  "clean_semantic_success_score": 0.020921379327774048,
  "clip_available": true,
  "clip_semantic_drop": 0.00047072768211364746,
  "clip_warning": null,
  "crop_clip_available": false,
  "crop_clip_warning": null,
  "decision_label": "metric_only_candidate",
  "decision_reasons": [
    "semantic_drop_small:0.0005",
    "semantic_drop_small:0.0005",
    "semantic_drop_small:0.0005"
  ],
  "edit_failure_score": 0.00047072768211364746,
  "final_attack_score": 0.26628075701059994,
  "full_image_semantic_drop": 0.00047072768211364746,
  "geometry_excess_penalty": 0.0,
  "geometry_excess_penalty_weight": 0.75,
  "identity_or_face_health_available": false,
  "input_damage_penalty": 0.0,
  "input_damage_penalty_weight": 3.0,
  "input_l2": 0.0541317408016978,
  "input_max_abs": 0.9098039269447327,
  "input_mean_abs": 0.020633291453123093,
  "input_preservation_score": 0.2436395450071854,
  "input_psnr": 25.330960127524783,
  "input_ssim": 0.8336006999015808,
  "max_disp_px_budget": 14.0,
  "output_disruption_score": 0.5250298711073815,
  "output_disruption_weight": 0.5,
  "output_l2": 0.07975793710381834,
  "output_max_abs": 0.9529411792755127,
  "output_mean_abs": 0.03288010135293007,
  "output_psnr": 21.964521746890497,
  "output_ssim": 0.7940018773078918,
  "perturbed_clip_positive_margin": 0.0204506516456604,
  "perturbed_semantic_success_score": 0.0204506516456604,
  "phase2_final_score": 0.26628075701059994,
  "phase2_output_disruption": 0.5250298711073815,
  "phase2_score_formula": "8.0*max(0,semantic_drop)+0.5*output_disruption-3.0*input_damage_penalty-0.75*geometry_excess_penalty",
  "phase4_budget_name": "existence_probe",
  "phase4_final_score": 0.26628075701059994,
  "phase4_score_formula": "8.0*max(0,semantic_drop)+0.5*output_disruption-3.0*input_damage_penalty-0.75*geometry_excess_penalty",
  "semantic_drop": 0.00047072768211364746,
  "semantic_drop_weight": 8.0,
  "target_input_ssim": 0.78
}
