{
  "displacement": {
    "budget_max_disp_px": 8.0,
    "max_disp_px": 4.46701717376709,
    "max_disp_px_budget": 8.0,
    "mean_disp_px": 1.0240932703018188,
    "p95_disp_px": 3.2655508518218994,
    "target_input_ssim": 0.88
  },
  "input": {
    "l2": 0.037832669726366924,
    "max_abs": 0.7647058963775635,
    "mean_abs": 0.014815070666372776,
    "psnr": 28.442660218015487,
    "ssim": 0.866554319858551
  },
  "output": {
    "l2": 0.049212334135233606,
    "max_abs": 0.8235294222831726,
    "mean_abs": 0.021744301542639732,
    "psnr": 26.158520718821855,
    "ssim": 0.8984547257423401
  }
}
