{
  "displacement": {
    "budget_max_disp_px": 8.0,
    "max_disp_px": 2.869148015975952,
    "max_disp_px_budget": 8.0,
    "mean_disp_px": 0.5332469940185547,
    "p95_disp_px": 2.2274320125579834,
    "target_input_ssim": 0.86
  },
  "input": {
    "l2": 0.017502001501315995,
    "max_abs": 0.38431376218795776,
    "mean_abs": 0.006107670720666647,
    "psnr": 35.13824566481966,
    "ssim": 0.9375965595245361
  },
  "output": {
    "l2": 0.024231734131235735,
    "max_abs": 0.7607843279838562,
    "mean_abs": 0.012482467107474804,
    "psnr": 32.31231009390899,
    "ssim": 0.9253425002098083
  }
}
