{
  "geometry_info": {
    "action_names": [
      "eye_spread",
      "eye_compress",
      "eye_squint",
      "eye_raise_left",
      "eye_raise_right",
      "nose_bridge_shift_x",
      "asymmetry_twist"
    ],
    "action_strength": 0.72,
    "action_values": {
      "asymmetry_twist": -0.5920848026346232,
      "eye_compress": -0.17367536923739132,
      "eye_raise_left": 0.6182284182891966,
      "eye_raise_right": 0.3024258235886005,
      "eye_spread": -0.028140016868099558,
      "eye_squint": -0.8547181465149364,
      "nose_bridge_shift_x": 0.41966994920596146
    },
    "active_actions": {
      "asymmetry_twist": -0.5920848026346232,
      "eye_compress": -0.17367536923739132,
      "eye_raise_left": 0.6182284182891966,
      "eye_raise_right": 0.3024258235886005,
      "eye_spread": -0.028140016868099558,
      "eye_squint": -0.8547181465149364,
      "nose_bridge_shift_x": 0.41966994920596146
    },
    "active_anchor_count": 13,
    "control_point_count": 21,
    "geometry_method": "landmark_piecewise_affine",
    "max_disp_px_budget": 8.0,
    "scale_factor": 0.9232779819837236,
    "source_control_points": [
      [
        212.48001098632812,
        217.60000610351562
      ],
      [
        184.32000732421875,
        217.60000610351562
      ],
      [
        299.5199890136719,
        217.60000610351562
      ],
      [
        327.67999267578125,
        217.60000610351562
      ],
      [
        212.48001098632812,
        199.67999267578125
      ],
      [
        212.48001098632812,
        235.52000427246094
      ],
      [
        299.5199890136719,
        199.67999267578125
      ],
      [
        299.5199890136719,
        235.52000427246094
      ],
      [
        256.0,
        263.67999267578125
      ],
      [
        112.63999938964844,
        248.3199920654297
      ],
      [
        174.0800018310547,
        394.239990234375
      ],
      [
        399.3599853515625,
        248.3199920654297
      ],
      [
        337.9200134277344,
        394.239990234375
      ],
      [
        0.0,
        0.0
      ],
      [
        511.0,
        0.0
      ],
      [
        0.0,
        511.0
      ],
      [
        511.0,
        511.0
      ],
      [
        256.0,
        0.0
      ],
      [
        256.0,
        511.0
      ],
      [
        0.0,
        256.0
      ],
      [
        511.0,
        256.0
      ]
    ],
    "target_control_points": [
      [
        211.6417236328125,
        214.0390167236328
      ],
      [
        183.48171997070312,
        217.60000610351562
      ],
      [
        300.3582763671875,
        215.8580322265625
      ],
      [
        328.5182800292969,
        217.60000610351562
      ],
      [
        212.48001098632812,
        191.19581604003906
      ],
      [
        212.48001098632812,
        238.66268920898438
      ],
      [
        299.5199890136719,
        193.0148468017578
      ],
      [
        299.5199890136719,
        239.5721893310547
      ],
      [
        258.41729736328125,
        263.67999267578125
      ],
      [
        112.63999938964844,
        251.73040771484375
      ],
      [
        174.0800018310547,
        395.9451904296875
      ],
      [
        399.3599853515625,
        244.90957641601562
      ],
      [
        337.9200134277344,
        392.5347900390625
      ],
      [
        0.0,
        0.0
      ],
      [
        511.0,
        0.0
      ],
      [
        0.0,
        511.0
      ],
      [
        511.0,
        511.0
      ],
      [
        256.0,
        0.0
      ],
      [
        256.0,
        511.0
      ],
      [
        0.0,
        256.0
      ],
      [
        511.0,
        256.0
      ]
    ],
    "tps_regularization": 0.0001
  },
  "names": [
    "scale_logit",
    "action_eye_spread",
    "action_eye_compress",
    "action_eye_squint",
    "action_eye_raise_left",
    "action_eye_raise_right",
    "action_nose_bridge_shift_x",
    "action_asymmetry_twist"
  ],
  "values": [
    1.1218024492263794,
    -0.030487822368741035,
    -0.19037435948848724,
    -1.6277676820755005,
    0.8100205659866333,
    0.34008875489234924,
    0.4904120862483978,
    -0.7603541612625122
  ]
}
