{
  "budget": "strong",
  "budget_max_disp_px": 8.0,
  "candidate_folder_abs": "/home/interns/Desktop/mat/phase4/outputs/phase4a_existence_probe/cases/face_005/igs_1p00/add_black_sunglasses/strong/seed_00/candidates/cand_065_g04_m05",
  "candidate_index": 65,
  "candidate_name": "cand_065_g04_m05",
  "case_id": "face_005__add_black_sunglasses__igs_1p00",
  "elapsed_seconds": 2.666874783113599,
  "face_id": "face_005",
  "generation": 4,
  "geometry_method": "landmark_piecewise_affine",
  "guidance_scale": 7.5,
  "image_guidance_scale": 1.0,
  "initial_candidate": false,
  "input_l2": 0.03882352326792382,
  "input_max_abs": 0.8078431487083435,
  "input_mean_abs": 0.01629585027694702,
  "input_psnr": 28.21810109127413,
  "input_ssim": 0.8937938809394836,
  "max_disp_px": 7.992001056671143,
  "max_disp_px_budget": 8.0,
  "mean_disp_px": 1.5666148662567139,
  "member": 5,
  "output_l2": 0.07495973581600257,
  "output_max_abs": 0.8705882430076599,
  "output_mean_abs": 0.03416677936911583,
  "output_psnr": 22.503439054426497,
  "output_ssim": 0.8653526306152344,
  "p95_disp_px": 4.959094047546387,
  "phase": "phase4a_existence_probe",
  "prompt": "add black sunglasses",
  "prompt_slug": "add_black_sunglasses",
  "prompt_type": "glasses",
  "seed": 41001,
  "target_input_ssim": 0.88,
  "theta_names": [
    "scale_logit",
    "action_eye_spread",
    "action_eye_compress",
    "action_eye_squint",
    "action_eye_raise_left",
    "action_eye_raise_right",
    "action_nose_bridge_shift_x",
    "action_asymmetry_twist"
  ],
  "theta_values": [
    1.1218024492263794,
    -0.030487822368741035,
    -0.19037435948848724,
    -1.6277676820755005,
    0.8100205659866333,
    0.34008875489234924,
    0.4904120862483978,
    -0.7603541612625122
  ]
}
