{
  "geometry_info": {
    "action_names": [
      "face_side_push_left",
      "face_side_push_right",
      "head_top_raise",
      "head_top_lower",
      "jaw_expand",
      "jaw_compress",
      "asymmetry_twist"
    ],
    "action_strength": 0.72,
    "action_values": {
      "asymmetry_twist": -0.1997600687360881,
      "face_side_push_left": -0.08227809084800725,
      "face_side_push_right": -0.3458728265862151,
      "head_top_lower": -0.01225913936994522,
      "head_top_raise": 0.19744409517438335,
      "jaw_compress": -0.10656185539750931,
      "jaw_expand": -0.307716938283643
    },
    "active_actions": {
      "asymmetry_twist": -0.1997600687360881,
      "face_side_push_left": -0.08227809084800725,
      "face_side_push_right": -0.3458728265862151,
      "head_top_lower": -0.01225913936994522,
      "head_top_raise": 0.19744409517438335,
      "jaw_compress": -0.10656185539750931,
      "jaw_expand": -0.307716938283643
    },
    "active_anchor_count": 7,
    "control_point_count": 15,
    "geometry_method": "landmark_semantic_tps",
    "max_disp_px_budget": 14.0,
    "scale_factor": 0.4110982572734897,
    "source_control_points": [
      [
        112.63999938964844,
        248.3199920654297
      ],
      [
        112.63999938964844,
        253.44000244140625
      ],
      [
        399.3599853515625,
        248.3199920654297
      ],
      [
        399.3599853515625,
        253.44000244140625
      ],
      [
        256.0,
        87.04000091552734
      ],
      [
        174.0800018310547,
        394.239990234375
      ],
      [
        337.9200134277344,
        394.239990234375
      ],
      [
        0.0,
        0.0
      ],
      [
        511.0,
        0.0
      ],
      [
        0.0,
        511.0
      ],
      [
        511.0,
        511.0
      ],
      [
        256.0,
        0.0
      ],
      [
        256.0,
        511.0
      ],
      [
        0.0,
        256.0
      ],
      [
        511.0,
        256.0
      ]
    ],
    "target_control_points": [
      [
        113.4693603515625,
        250.3335723876953
      ],
      [
        113.26202392578125,
        253.44000244140625
      ],
      [
        395.87359619140625,
        246.30641174316406
      ],
      [
        396.74517822265625,
        253.44000244140625
      ],
      [
        256.0,
        84.92619323730469
      ],
      [
        176.10765075683594,
        395.2467956542969
      ],
      [
        335.8923645019531,
        393.2331848144531
      ],
      [
        0.0,
        0.0
      ],
      [
        511.0,
        0.0
      ],
      [
        0.0,
        511.0
      ],
      [
        511.0,
        511.0
      ],
      [
        256.0,
        0.0
      ],
      [
        256.0,
        511.0
      ],
      [
        0.0,
        256.0
      ],
      [
        511.0,
        256.0
      ]
    ],
    "tps_regularization": 0.0001
  },
  "names": [
    "scale_logit",
    "action_face_side_push_left",
    "action_face_side_push_right",
    "action_head_top_raise",
    "action_head_top_lower",
    "action_jaw_expand",
    "action_jaw_compress",
    "action_asymmetry_twist"
  ],
  "values": [
    -0.5129678249359131,
    -0.2028806358575821,
    -1.2257378101348877,
    0.5233539342880249,
    -0.029829304665327072,
    -0.9695900082588196,
    -0.2652641236782074,
    -0.5307027101516724
  ]
}
