{
  "best_folder": "phase4/outputs/phase4a_existence_probe/cases/face_002/igs_1p50/add_headphones/existence_probe/seed_00/candidates/cand_031_g02_m11",
  "budget": "existence_probe",
  "budget_max_disp_px": 14.0,
  "candidate_folder": "phase4/outputs/phase4a_existence_probe/cases/face_002/igs_1p50/add_headphones/existence_probe/seed_00/candidates/cand_031_g02_m11",
  "candidate_index": 31,
  "candidate_name": "cand_031_g02_m11",
  "case_id": "face_002__add_headphones__igs_1p50",
  "clean_clip_positive_margin": 0.04682642221450806,
  "clean_semantic_success_score": 0.04682642221450806,
  "clip_available": true,
  "clip_semantic_drop": 0.007716059684753418,
  "clip_warning": null,
  "crop_clip_available": true,
  "crop_clip_warning": null,
  "decision_label": "reject_input_damage",
  "decision_reasons": [
    "input_ssim_below_target:0.7540<0.7800",
    "semantic_drop_small:0.0077"
  ],
  "edit_failure_score": 0.007716059684753418,
  "elapsed_seconds": 2.883610039949417,
  "face_id": "face_002",
  "final_attack_score": -0.2569504250297012,
  "full_image_semantic_drop": 0.007716059684753418,
  "generation": 2,
  "geometry_excess_penalty": 0.0,
  "geometry_excess_penalty_weight": 0.75,
  "geometry_method": "landmark_semantic_tps",
  "guidance_scale": 7.5,
  "identity_or_face_health_available": false,
  "image_guidance_scale": 1.5,
  "initial_candidate": false,
  "input_damage_penalty": 0.2078916931152346,
  "input_damage_penalty_weight": 3.0,
  "input_l2": 0.05527081154762543,
  "input_max_abs": 0.8274509906768799,
  "input_mean_abs": 0.028054384514689445,
  "input_preservation_score": 0.0,
  "input_psnr": 25.15008317152065,
  "input_ssim": 0.7540135383605957,
  "left_crop_clean_margin": 0.01800447702407837,
  "left_crop_perturbed_margin": 0.023438721895217896,
  "left_crop_semantic_drop": -0.005434244871139526,
  "max_disp_px": 9.437992095947266,
  "max_disp_px_budget": 14.0,
  "mean_crop_margin": 0.01422355572382609,
  "mean_crop_semantic_drop": -5.3087870279947914e-05,
  "mean_disp_px": 2.9071083068847656,
  "member": 11,
  "min_crop_margin": -0.003330439329147339,
  "min_crop_semantic_drop": -0.005434244871139526,
  "output_disruption_score": 0.6099923536759504,
  "output_disruption_weight": 0.5,
  "output_l2": 0.07903762870982012,
  "output_max_abs": 0.9019607901573181,
  "output_mean_abs": 0.04051608964800835,
  "output_psnr": 22.04332195891681,
  "output_ssim": 0.7061581611633301,
  "p95_disp_px": 7.147688388824463,
  "path_clean_edit": "phase4/outputs/phase4a_existence_probe/cases/face_002/igs_1p50/add_headphones/existence_probe/seed_00/candidates/cand_031_g02_m11/clean_edit.png",
  "path_flow": "phase4/outputs/phase4a_existence_probe/cases/face_002/igs_1p50/add_headphones/existence_probe/seed_00/candidates/cand_031_g02_m11/flow.png",
  "path_landmarks_overlay_original": "phase4/outputs/phase4a_existence_probe/cases/face_002/igs_1p50/add_headphones/existence_probe/seed_00/candidates/cand_031_g02_m11/landmarks_overlay_original.jpg",
  "path_landmarks_overlay_perturbed": "phase4/outputs/phase4a_existence_probe/cases/face_002/igs_1p50/add_headphones/existence_probe/seed_00/candidates/cand_031_g02_m11/landmarks_overlay_perturbed.jpg",
  "path_original": "phase4/outputs/phase4a_existence_probe/cases/face_002/igs_1p50/add_headphones/existence_probe/seed_00/candidates/cand_031_g02_m11/original.png",
  "path_perturbed": "phase4/outputs/phase4a_existence_probe/cases/face_002/igs_1p50/add_headphones/existence_probe/seed_00/candidates/cand_031_g02_m11/perturbed.png",
  "path_perturbed_edit": "phase4/outputs/phase4a_existence_probe/cases/face_002/igs_1p50/add_headphones/existence_probe/seed_00/candidates/cand_031_g02_m11/perturbed_edit.png",
  "perturbed_clip_positive_margin": 0.03911036252975464,
  "perturbed_semantic_success_score": 0.03911036252975464,
  "phase": "phase4a_existence_probe",
  "phase2_final_score": -0.2569504250297012,
  "phase2_output_disruption": 0.6099923536759504,
  "phase2_score_formula": "8.0*max(0,semantic_drop)+0.5*output_disruption-3.0*input_damage_penalty-0.75*geometry_excess_penalty",
  "phase4_budget_name": "existence_probe",
  "phase4_final_score": -0.2569504250297012,
  "phase4_score_formula": "8.0*max(0,semantic_drop)+0.5*output_disruption-3.0*input_damage_penalty-0.75*geometry_excess_penalty",
  "prompt": "add headphones",
  "prompt_slug": "add_headphones",
  "prompt_type": "headphones",
  "right_crop_clean_margin": 0.02526278793811798,
  "right_crop_perturbed_margin": 0.022562384605407715,
  "right_crop_semantic_drop": 0.002700403332710266,
  "seed": 51101,
  "semantic_drop": 0.007716059684753418,
  "semantic_drop_weight": 8.0,
  "target_input_ssim": 0.78,
  "theta_names": [
    "scale_logit",
    "action_face_side_push_left",
    "action_face_side_push_right",
    "action_head_top_raise",
    "action_head_top_lower",
    "action_jaw_expand",
    "action_jaw_compress",
    "action_asymmetry_twist"
  ],
  "theta_values": [
    -0.5129678249359131,
    -0.2028806358575821,
    -1.2257378101348877,
    0.5233539342880249,
    -0.029829304665327072,
    -0.9695900082588196,
    -0.2652641236782074,
    -0.5307027101516724
  ],
  "top_crop_clean_margin": -0.0007558614015579224,
  "top_crop_perturbed_margin": -0.003330439329147339,
  "top_crop_semantic_drop": 0.0025745779275894165
}
