{
  "displacement": {
    "budget_max_disp_px": 6.0,
    "max_disp_px": 2.102720022201538,
    "max_disp_px_budget": 6.0,
    "mean_disp_px": 0.2985231578350067,
    "p95_disp_px": 1.6361428499221802,
    "target_input_ssim": 0.9
  },
  "input": {
    "l2": 0.012388700838933179,
    "max_abs": 0.7686274647712708,
    "mean_abs": 0.0032377049792557955,
    "psnr": 38.139484684529144,
    "ssim": 0.9759017825126648
  },
  "output": {
    "l2": 0.02145494604808001,
    "max_abs": 0.6705882549285889,
    "mean_abs": 0.007685989607125521,
    "psnr": 33.36945146466823,
    "ssim": 0.9606296420097351
  }
}
