{
  "action_names": [
    "eye_spread",
    "eye_compress",
    "eye_squint",
    "eye_raise_left",
    "eye_raise_right",
    "nose_bridge_shift_x",
    "asymmetry_twist"
  ],
  "action_strength": 0.72,
  "action_values": {
    "asymmetry_twist": 0.2183181625945708,
    "eye_compress": -0.4942479852584229,
    "eye_raise_left": -0.4923831442229766,
    "eye_raise_right": -0.36753951341194696,
    "eye_spread": 0.25924307459076906,
    "eye_squint": -0.44942332340618807,
    "nose_bridge_shift_x": 0.5445933020300943
  },
  "active_actions": {
    "asymmetry_twist": 0.2183181625945708,
    "eye_compress": -0.4942479852584229,
    "eye_raise_left": -0.4923831442229766,
    "eye_raise_right": -0.36753951341194696,
    "eye_spread": 0.25924307459076906,
    "eye_squint": -0.44942332340618807,
    "nose_bridge_shift_x": 0.5445933020300943
  },
  "active_anchor_count": 13,
  "control_point_count": 21,
  "geometry_method": "landmark_piecewise_affine",
  "max_disp_px_budget": 14.0,
  "scale_factor": 0.6366512962826915,
  "source_control_points": [
    [
      212.48001098632812,
      217.60000610351562
    ],
    [
      184.32000732421875,
      217.60000610351562
    ],
    [
      299.5199890136719,
      217.60000610351562
    ],
    [
      327.67999267578125,
      217.60000610351562
    ],
    [
      212.48001098632812,
      199.67999267578125
    ],
    [
      212.48001098632812,
      235.52000427246094
    ],
    [
      299.5199890136719,
      199.67999267578125
    ],
    [
      299.5199890136719,
      235.52000427246094
    ],
    [
      256.0,
      263.67999267578125
    ],
    [
      112.63999938964844,
      248.3199920654297
    ],
    [
      174.0800018310547,
      394.239990234375
    ],
    [
      399.3599853515625,
      248.3199920654297
    ],
    [
      337.9200134277344,
      394.239990234375
    ],
    [
      0.0,
      0.0
    ],
    [
      511.0,
      0.0
    ],
    [
      0.0,
      511.0
    ],
    [
      511.0,
      511.0
    ],
    [
      256.0,
      0.0
    ],
    [
      256.0,
      511.0
    ],
    [
      0.0,
      256.0
    ],
    [
      511.0,
      256.0
    ]
  ],
  "target_control_points": [
    [
      204.88482666015625,
      222.563232421875
    ],
    [
      176.72482299804688,
      217.60000610351562
    ],
    [
      307.11517333984375,
      221.3048095703125
    ],
    [
      335.2751770019531,
      217.60000610351562
    ],
    [
      212.48001098632812,
      200.11302185058594
    ],
    [
      212.48001098632812,
      242.53179931640625
    ],
    [
      299.5199890136719,
      198.85459899902344
    ],
    [
      299.5199890136719,
      241.902587890625
    ],
    [
      261.489501953125,
      263.67999267578125
    ],
    [
      112.63999938964844,
      246.1193389892578
    ],
    [
      174.0800018310547,
      393.1396789550781
    ],
    [
      399.3599853515625,
      250.52064514160156
    ],
    [
      337.9200134277344,
      395.3403015136719
    ],
    [
      0.0,
      0.0
    ],
    [
      511.0,
      0.0
    ],
    [
      0.0,
      511.0
    ],
    [
      511.0,
      511.0
    ],
    [
      256.0,
      0.0
    ],
    [
      256.0,
      511.0
    ],
    [
      0.0,
      256.0
    ],
    [
      511.0,
      256.0
    ]
  ],
  "tps_regularization": 0.0001
}
