{
  "best_folder": "phase4/outputs/phase4a_existence_probe/cases/face_003/igs_1p00/add_headphones/existence_probe/seed_00/candidates/cand_078_g04_m18",
  "budget": "existence_probe",
  "budget_max_disp_px": 14.0,
  "candidate_folder": "phase4/outputs/phase4a_existence_probe/cases/face_003/igs_1p00/add_headphones/existence_probe/seed_00/candidates/cand_078_g04_m18",
  "candidate_index": 78,
  "candidate_name": "cand_078_g04_m18",
  "case_id": "face_003__add_headphones__igs_1p00",
  "clean_clip_positive_margin": 0.045783042907714844,
  "clean_semantic_success_score": 0.045783042907714844,
  "clip_available": true,
  "clip_semantic_drop": 0.00604759156703949,
  "clip_warning": null,
  "crop_clip_available": true,
  "crop_clip_warning": null,
  "decision_label": "metric_only_candidate",
  "decision_reasons": [
    "semantic_drop_small:0.0060",
    "semantic_drop_small:0.0060",
    "semantic_drop_small:0.0060"
  ],
  "edit_failure_score": 0.00604759156703949,
  "elapsed_seconds": 2.538502722978592,
  "face_id": "face_003",
  "final_attack_score": 0.318739664737703,
  "full_image_semantic_drop": 0.00604759156703949,
  "generation": 4,
  "geometry_excess_penalty": 0.0,
  "geometry_excess_penalty_weight": 0.75,
  "geometry_method": "landmark_piecewise_affine",
  "guidance_scale": 7.5,
  "identity_or_face_health_available": false,
  "image_guidance_scale": 1.0,
  "initial_candidate": false,
  "input_damage_penalty": 0.0,
  "input_damage_penalty_weight": 3.0,
  "input_l2": 0.04382169077897823,
  "input_max_abs": 0.5764706134796143,
  "input_mean_abs": 0.022916147485375404,
  "input_preservation_score": 0.03168895027854214,
  "input_psnr": 27.166217400036416,
  "input_ssim": 0.7869715690612793,
  "left_crop_clean_margin": 0.01863802969455719,
  "left_crop_perturbed_margin": 0.011742234230041504,
  "left_crop_semantic_drop": 0.006895795464515686,
  "max_disp_px": 9.354659080505371,
  "max_disp_px_budget": 14.0,
  "mean_crop_margin": 0.003137196103731791,
  "mean_crop_semantic_drop": 0.005859921375910441,
  "mean_disp_px": 2.2422471046447754,
  "member": 18,
  "min_crop_margin": -0.014450401067733765,
  "min_crop_semantic_drop": 0.004851877689361572,
  "output_disruption_score": 0.5407178644027741,
  "output_disruption_weight": 0.5,
  "output_l2": 0.08487918088054736,
  "output_max_abs": 0.8509804010391235,
  "output_mean_abs": 0.0388408824801445,
  "output_psnr": 21.423976404183044,
  "output_ssim": 0.7987988591194153,
  "p95_disp_px": 5.809631824493408,
  "path_clean_edit": "phase4/outputs/phase4a_existence_probe/cases/face_003/igs_1p00/add_headphones/existence_probe/seed_00/candidates/cand_078_g04_m18/clean_edit.png",
  "path_flow": "phase4/outputs/phase4a_existence_probe/cases/face_003/igs_1p00/add_headphones/existence_probe/seed_00/candidates/cand_078_g04_m18/flow.png",
  "path_landmarks_overlay_original": "phase4/outputs/phase4a_existence_probe/cases/face_003/igs_1p00/add_headphones/existence_probe/seed_00/candidates/cand_078_g04_m18/landmarks_overlay_original.jpg",
  "path_landmarks_overlay_perturbed": "phase4/outputs/phase4a_existence_probe/cases/face_003/igs_1p00/add_headphones/existence_probe/seed_00/candidates/cand_078_g04_m18/landmarks_overlay_perturbed.jpg",
  "path_original": "phase4/outputs/phase4a_existence_probe/cases/face_003/igs_1p00/add_headphones/existence_probe/seed_00/candidates/cand_078_g04_m18/original.png",
  "path_perturbed": "phase4/outputs/phase4a_existence_probe/cases/face_003/igs_1p00/add_headphones/existence_probe/seed_00/candidates/cand_078_g04_m18/perturbed.png",
  "path_perturbed_edit": "phase4/outputs/phase4a_existence_probe/cases/face_003/igs_1p00/add_headphones/existence_probe/seed_00/candidates/cand_078_g04_m18/perturbed_edit.png",
  "perturbed_clip_positive_margin": 0.039735451340675354,
  "perturbed_semantic_success_score": 0.039735451340675354,
  "phase": "phase4a_existence_probe",
  "phase2_final_score": 0.318739664737703,
  "phase2_output_disruption": 0.5407178644027741,
  "phase2_score_formula": "8.0*max(0,semantic_drop)+0.5*output_disruption-3.0*input_damage_penalty-0.75*geometry_excess_penalty",
  "phase4_budget_name": "existence_probe",
  "phase4_final_score": 0.318739664737703,
  "phase4_score_formula": "8.0*max(0,semantic_drop)+0.5*output_disruption-3.0*input_damage_penalty-0.75*geometry_excess_penalty",
  "prompt": "add headphones",
  "prompt_slug": "add_headphones",
  "prompt_type": "headphones",
  "right_crop_clean_margin": 0.0179518461227417,
  "right_crop_perturbed_margin": 0.012119755148887634,
  "right_crop_semantic_drop": 0.005832090973854065,
  "seed": 52101,
  "semantic_drop": 0.00604759156703949,
  "semantic_drop_weight": 8.0,
  "target_input_ssim": 0.78,
  "theta_names": [
    "scale_logit",
    "action_face_side_push_left",
    "action_face_side_push_right",
    "action_head_top_raise",
    "action_head_top_lower",
    "action_jaw_expand",
    "action_jaw_compress",
    "action_asymmetry_twist"
  ],
  "theta_values": [
    0.9642117023468018,
    -0.5405083894729614,
    -1.4759193658828735,
    0.33746519684791565,
    0.36045634746551514,
    0.3973059356212616,
    1.4461736679077148,
    -0.5608406662940979
  ],
  "top_crop_clean_margin": -0.009598523378372192,
  "top_crop_perturbed_margin": -0.014450401067733765,
  "top_crop_semantic_drop": 0.004851877689361572
}
