{
  "displacement": {
    "budget_max_disp_px": 14.0,
    "max_disp_px": 13.986001968383789,
    "max_disp_px_budget": 14.0,
    "mean_disp_px": 6.707692623138428,
    "p95_disp_px": 13.986000061035156,
    "target_input_ssim": 0.78
  },
  "input": {
    "l2": 0.08342459612354368,
    "max_abs": 0.8470588326454163,
    "mean_abs": 0.04369744658470154,
    "psnr": 21.574117743626037,
    "ssim": 0.6349533200263977
  },
  "output": {
    "l2": 0.10855259544303131,
    "max_abs": 0.9058823585510254,
    "mean_abs": 0.05859920382499695,
    "psnr": 19.287195766050047,
    "ssim": 0.5788084268569946
  }
}
