{
  "budget": "medium",
  "budget_max_disp_px": 4.0,
  "candidate_folder_abs": "/home/interns/Desktop/mat/phase2/outputs/phase2b_cem/add_headphones/medium/seed_00/candidates/cand_039_g03_m07",
  "candidate_index": 39,
  "candidate_name": "cand_039_g03_m07",
  "dct_modes": [
    [
      1,
      0
    ],
    [
      0,
      1
    ],
    [
      1,
      1
    ],
    [
      2,
      0
    ],
    [
      0,
      2
    ],
    [
      2,
      1
    ]
  ],
  "elapsed_seconds": 5.466238513588905,
  "generation": 3,
  "geometry_method": "combined_tps_dct",
  "initial_candidate": false,
  "input_l2": 0.022331787769881328,
  "input_max_abs": 0.6823529005050659,
  "input_mean_abs": 0.007531844545155764,
  "input_psnr": 33.021530162381836,
  "input_ssim": 0.9228439331054688,
  "max_disp_px": 3.219940185546875,
  "max_disp_px_budget": 4.0,
  "mean_disp_px": 0.6719398498535156,
  "member": 7,
  "mesh_size": 4,
  "output_l2": 0.0285914132868189,
  "output_max_abs": 0.8392156958580017,
  "output_mean_abs": 0.011297258548438549,
  "output_psnr": 30.875287534675294,
  "output_ssim": 0.9170235991477966,
  "p95_disp_px": 2.7262041568756104,
  "phase": "phase2b_cem",
  "prompt": "add headphones",
  "prompt_priority": 1,
  "prompt_slug": "add_headphones",
  "region_count": 3,
  "region_key": "headphones",
  "scale_factor": 0.8214132785797119,
  "seed": 23001,
  "target_input_ssim": 0.94,
  "tps_size": 4
}
