{
  "displacement": {
    "budget_max_disp_px": 4.0,
    "max_disp_px": 3.219940185546875,
    "max_disp_px_budget": 4.0,
    "mean_disp_px": 0.6719398498535156,
    "p95_disp_px": 2.7262041568756104,
    "target_input_ssim": 0.94
  },
  "input": {
    "l2": 0.022331787769881328,
    "max_abs": 0.6823529005050659,
    "mean_abs": 0.007531844545155764,
    "psnr": 33.021530162381836,
    "ssim": 0.9228439331054688
  },
  "output": {
    "l2": 0.0285914132868189,
    "max_abs": 0.8392156958580017,
    "mean_abs": 0.011297258548438549,
    "psnr": 30.875287534675294,
    "ssim": 0.9170235991477966
  }
}
