{
  "displacement": {
    "budget_max_disp_px": 8.0,
    "max_disp_px": 7.992001056671143,
    "max_disp_px_budget": 8.0,
    "mean_disp_px": 1.9002324342727661,
    "p95_disp_px": 5.059539794921875,
    "target_input_ssim": 0.88
  },
  "input": {
    "l2": 0.039262106646359034,
    "max_abs": 0.5921568870544434,
    "mean_abs": 0.020334690809249878,
    "psnr": 28.120528032395463,
    "ssim": 0.8112981915473938
  },
  "output": {
    "l2": 0.041050647644357695,
    "max_abs": 0.8196078538894653,
    "mean_abs": 0.020903408527374268,
    "psnr": 27.733599735006752,
    "ssim": 0.8093328475952148
  }
}
