{
  "best_folder": "phase4/outputs/phase4a_existence_probe/cases/face_003/igs_1p50/add_headphones/existence_probe/seed_00/candidates/cand_030_g02_m10",
  "budget": "existence_probe",
  "budget_max_disp_px": 14.0,
  "candidate_folder": "phase4/outputs/phase4a_existence_probe/cases/face_003/igs_1p50/add_headphones/existence_probe/seed_00/candidates/cand_030_g02_m10",
  "candidate_index": 30,
  "candidate_name": "cand_030_g02_m10",
  "case_id": "face_003__add_headphones__igs_1p50",
  "clean_clip_positive_margin": 0.04772844910621643,
  "clean_semantic_success_score": 0.04772844910621643,
  "clip_available": true,
  "clip_semantic_drop": -0.0009251832962036133,
  "clip_warning": null,
  "crop_clip_available": true,
  "crop_clip_warning": null,
  "decision_label": "reject_input_damage",
  "decision_reasons": [
    "input_ssim_below_target:0.7648<0.7800",
    "semantic_drop_nonpositive:-0.0009"
  ],
  "edit_failure_score": 0.0,
  "elapsed_seconds": 2.5700200479477644,
  "face_id": "face_003",
  "final_attack_score": -0.06411955784536022,
  "full_image_semantic_drop": -0.0009251832962036133,
  "generation": 2,
  "geometry_excess_penalty": 0.0,
  "geometry_excess_penalty_weight": 0.75,
  "geometry_method": "landmark_piecewise_affine",
  "guidance_scale": 7.5,
  "identity_or_face_health_available": false,
  "image_guidance_scale": 1.5,
  "initial_candidate": false,
  "input_damage_penalty": 0.12156890869140646,
  "input_damage_penalty_weight": 3.0,
  "input_l2": 0.05521635024137809,
  "input_max_abs": 0.6352941393852234,
  "input_mean_abs": 0.027524003759026527,
  "input_preservation_score": 0.0,
  "input_psnr": 25.158646065639054,
  "input_ssim": 0.7648038864135742,
  "left_crop_clean_margin": 0.018402695655822754,
  "left_crop_perturbed_margin": 0.013593673706054688,
  "left_crop_semantic_drop": 0.004809021949768066,
  "max_disp_px": 11.167819023132324,
  "max_disp_px_budget": 14.0,
  "mean_crop_margin": 0.015055959423383078,
  "mean_crop_semantic_drop": 0.00027794639269510907,
  "mean_disp_px": 3.0345139503479004,
  "member": 10,
  "min_crop_margin": 0.00773756206035614,
  "min_crop_semantic_drop": -0.00618743896484375,
  "output_disruption_score": 0.6011743364577183,
  "output_disruption_weight": 0.5,
  "output_l2": 0.0776830121339532,
  "output_max_abs": 0.9529411792755127,
  "output_mean_abs": 0.03796279802918434,
  "output_psnr": 22.193478862878298,
  "output_ssim": 0.7095577120780945,
  "p95_disp_px": 7.602555274963379,
  "path_clean_edit": "phase4/outputs/phase4a_existence_probe/cases/face_003/igs_1p50/add_headphones/existence_probe/seed_00/candidates/cand_030_g02_m10/clean_edit.png",
  "path_flow": "phase4/outputs/phase4a_existence_probe/cases/face_003/igs_1p50/add_headphones/existence_probe/seed_00/candidates/cand_030_g02_m10/flow.png",
  "path_landmarks_overlay_original": "phase4/outputs/phase4a_existence_probe/cases/face_003/igs_1p50/add_headphones/existence_probe/seed_00/candidates/cand_030_g02_m10/landmarks_overlay_original.jpg",
  "path_landmarks_overlay_perturbed": "phase4/outputs/phase4a_existence_probe/cases/face_003/igs_1p50/add_headphones/existence_probe/seed_00/candidates/cand_030_g02_m10/landmarks_overlay_perturbed.jpg",
  "path_original": "phase4/outputs/phase4a_existence_probe/cases/face_003/igs_1p50/add_headphones/existence_probe/seed_00/candidates/cand_030_g02_m10/original.png",
  "path_perturbed": "phase4/outputs/phase4a_existence_probe/cases/face_003/igs_1p50/add_headphones/existence_probe/seed_00/candidates/cand_030_g02_m10/perturbed.png",
  "path_perturbed_edit": "phase4/outputs/phase4a_existence_probe/cases/face_003/igs_1p50/add_headphones/existence_probe/seed_00/candidates/cand_030_g02_m10/perturbed_edit.png",
  "perturbed_clip_positive_margin": 0.048653632402420044,
  "perturbed_semantic_success_score": 0.048653632402420044,
  "phase": "phase4a_existence_probe",
  "phase2_final_score": -0.06411955784536022,
  "phase2_output_disruption": 0.6011743364577183,
  "phase2_score_formula": "8.0*max(0,semantic_drop)+0.5*output_disruption-3.0*input_damage_penalty-0.75*geometry_excess_penalty",
  "phase4_budget_name": "existence_probe",
  "phase4_final_score": -0.06411955784536022,
  "phase4_score_formula": "8.0*max(0,semantic_drop)+0.5*output_disruption-3.0*input_damage_penalty-0.75*geometry_excess_penalty",
  "prompt": "add headphones",
  "prompt_slug": "add_headphones",
  "prompt_type": "headphones",
  "right_crop_clean_margin": 0.026048898696899414,
  "right_crop_perturbed_margin": 0.023836642503738403,
  "right_crop_semantic_drop": 0.0022122561931610107,
  "seed": 46101,
  "semantic_drop": -0.0009251832962036133,
  "semantic_drop_weight": 8.0,
  "target_input_ssim": 0.78,
  "theta_names": [
    "scale_logit",
    "action_face_side_push_left",
    "action_face_side_push_right",
    "action_head_top_raise",
    "action_head_top_lower",
    "action_jaw_expand",
    "action_jaw_compress",
    "action_asymmetry_twist"
  ],
  "theta_values": [
    1.2208642959594727,
    0.9824725389480591,
    -0.12534701824188232,
    -0.9041091203689575,
    -1.464667558670044,
    0.8425891399383545,
    -0.24615727365016937,
    1.5019943714141846
  ],
  "top_crop_clean_margin": 0.0015501230955123901,
  "top_crop_perturbed_margin": 0.00773756206035614,
  "top_crop_semantic_drop": -0.00618743896484375
}
