{
  "clean_clip_positive_margin": 0.029749155044555664,
  "clean_semantic_success_score": 0.029749155044555664,
  "clip_available": true,
  "clip_semantic_drop": 0.0006704330444335938,
  "clip_warning": null,
  "crop_clip_available": false,
  "crop_clip_warning": null,
  "decision_label": "metric_only_candidate",
  "decision_reasons": [
    "semantic_drop_small:0.0007",
    "semantic_drop_small:0.0007"
  ],
  "edit_failure_score": 0.0006704330444335938,
  "final_attack_score": 0.1456158328780976,
  "full_image_semantic_drop": 0.0006704330444335938,
  "geometry_excess_penalty": 0.0,
  "geometry_excess_penalty_weight": 1.0,
  "identity_or_face_health_available": false,
  "input_damage_penalty": 0.0,
  "input_damage_penalty_weight": 3.0,
  "input_l2": 0.011145014595749295,
  "input_max_abs": 0.5647059082984924,
  "input_mean_abs": 0.002489745384082198,
  "input_preservation_score": 0.8027420043945312,
  "input_psnr": 39.058387168440724,
  "input_ssim": 0.9802742004394531,
  "max_disp_px_budget": 6.0,
  "output_disruption_score": 0.14293410070036322,
  "output_disruption_weight": 1.0,
  "output_l2": 0.022963885683055893,
  "output_max_abs": 0.658823549747467,
  "output_mean_abs": 0.008633443154394627,
  "output_psnr": 32.77909247536862,
  "output_ssim": 0.9489214420318604,
  "perturbed_clip_positive_margin": 0.02907872200012207,
  "perturbed_semantic_success_score": 0.02907872200012207,
  "phase2_final_score": 0.1456158328780976,
  "phase2_output_disruption": 0.14293410070036322,
  "phase2_score_formula": "4.0*max(0,semantic_drop)+1.0*output_disruption-3.0*input_damage_penalty-1.0*geometry_excess_penalty",
  "semantic_drop": 0.0006704330444335938,
  "semantic_drop_weight": 4.0,
  "target_input_ssim": 0.9
}
