{
  "attack_score": 0.1577135332493878,
  "input_damage_penalty": 0.0,
  "normalized_output_l2": 0.085609734859953,
  "output_disruption": 0.1577135332493878
}
