{
  "best_row": {
    "attack_score": 0.08093801432473291,
    "best_folder": "phase1/outputs/phase1a_screening/add_a_small_earring/edit_direction/medium/start_02/best",
    "budget": "medium",
    "elapsed_seconds": 237.770518027246,
    "foldover_fraction_det_below_0": 0.0,
    "input_damage_penalty": 0.0,
    "input_l2": 0.004473284176968788,
    "input_psnr": 46.9874702253724,
    "input_ssim": 0.9952408671379089,
    "iter": 0,
    "jacobian_det_mean": 1.0,
    "jacobian_det_min": 0.9801750183105469,
    "low_det_fraction_below_0p2": 0.0,
    "max_disp_px": 0.4327509105205536,
    "mean_disp_px": 0.09290187805891037,
    "normalized_output_l2": 0.04837695055825341,
    "objective": "edit_direction",
    "objective_scale_used": 3.0,
    "output_disruption": 0.08093801432473291,
    "output_l2": 0.012094237639563353,
    "output_psnr": 38.34843004395974,
    "output_ssim": 0.9674389362335205,
    "p95_disp_px": 0.34896957874298096,
    "path_flow": "phase1/outputs/phase1a_screening/add_a_small_earring/edit_direction/medium/start_02/checkpoints/iter_000/flow.png",
    "path_perturbed": "phase1/outputs/phase1a_screening/add_a_small_earring/edit_direction/medium/start_02/checkpoints/iter_000/perturbed.png",
    "path_perturbed_edited": "phase1/outputs/phase1a_screening/add_a_small_earring/edit_direction/medium/start_02/checkpoints/iter_000/perturbed_edited.png",
    "prompt": "add a small earring",
    "prompt_slug": "add_a_small_earring",
    "start": 2,
    "target_input_ssim": 0.94
  },
  "checkpoint_rows": [
    {
      "attack_score": 0.08093801432473291,
      "budget": "medium",
      "foldover_fraction_det_below_0": 0.0,
      "input_damage_penalty": 0.0,
      "input_l2": 0.004473284176968788,
      "input_psnr": 46.9874702253724,
      "input_ssim": 0.9952408671379089,
      "iter": 0,
      "jacobian_det_mean": 1.0,
      "jacobian_det_min": 0.9801750183105469,
      "low_det_fraction_below_0p2": 0.0,
      "max_disp_px": 0.4327509105205536,
      "mean_disp_px": 0.09290187805891037,
      "normalized_output_l2": 0.04837695055825341,
      "objective": "edit_direction",
      "output_disruption": 0.08093801432473291,
      "output_l2": 0.012094237639563353,
      "output_psnr": 38.34843004395974,
      "output_ssim": 0.9674389362335205,
      "p95_disp_px": 0.34896957874298096,
      "path_flow": "phase1/outputs/phase1a_screening/add_a_small_earring/edit_direction/medium/start_02/checkpoints/iter_000/flow.png",
      "path_perturbed": "phase1/outputs/phase1a_screening/add_a_small_earring/edit_direction/medium/start_02/checkpoints/iter_000/perturbed.png",
      "path_perturbed_edited": "phase1/outputs/phase1a_screening/add_a_small_earring/edit_direction/medium/start_02/checkpoints/iter_000/perturbed_edited.png",
      "prompt": "add a small earring",
      "prompt_slug": "add_a_small_earring",
      "start": 2,
      "target_input_ssim": 0.94
    },
    {
      "attack_score": 0.01930319804736599,
      "budget": "medium",
      "foldover_fraction_det_below_0": 0.0,
      "input_damage_penalty": 0.0,
      "input_l2": 0.0005214150277500102,
      "input_psnr": 65.65632912292979,
      "input_ssim": 0.9999712109565735,
      "iter": 50,
      "jacobian_det_mean": 1.0,
      "jacobian_det_min": 0.9987339973449707,
      "low_det_fraction_below_0p2": 0.0,
      "max_disp_px": 0.057012662291526794,
      "mean_disp_px": 0.009423669427633286,
      "normalized_output_l2": 0.016355331130709496,
      "objective": "edit_direction",
      "output_disruption": 0.01930319804736599,
      "output_l2": 0.004088832782677374,
      "output_psnr": 47.76801300067872,
      "output_ssim": 0.9970521330833435,
      "p95_disp_px": 0.03290412575006485,
      "path_flow": "phase1/outputs/phase1a_screening/add_a_small_earring/edit_direction/medium/start_02/checkpoints/iter_050/flow.png",
      "path_perturbed": "phase1/outputs/phase1a_screening/add_a_small_earring/edit_direction/medium/start_02/checkpoints/iter_050/perturbed.png",
      "path_perturbed_edited": "phase1/outputs/phase1a_screening/add_a_small_earring/edit_direction/medium/start_02/checkpoints/iter_050/perturbed_edited.png",
      "prompt": "add a small earring",
      "prompt_slug": "add_a_small_earring",
      "start": 2,
      "target_input_ssim": 0.94
    },
    {
      "attack_score": 0.0068283777975172676,
      "budget": "medium",
      "foldover_fraction_det_below_0": 0.0,
      "input_damage_penalty": 0.0,
      "input_l2": 2.5015214231796193e-05,
      "input_psnr": 92.03591546881269,
      "input_ssim": 0.9999998211860657,
      "iter": 100,
      "jacobian_det_mean": 1.0,
      "jacobian_det_min": 0.9992032647132874,
      "low_det_fraction_below_0p2": 0.0,
      "max_disp_px": 0.013390331529080868,
      "mean_disp_px": 0.0024976120330393314,
      "normalized_output_l2": 0.006017575814637629,
      "objective": "edit_direction",
      "output_disruption": 0.0068283777975172676,
      "output_l2": 0.0015043939536594072,
      "output_psnr": 56.4527684145598,
      "output_ssim": 0.9991891980171204,
      "p95_disp_px": 0.010637887753546238,
      "path_flow": "phase1/outputs/phase1a_screening/add_a_small_earring/edit_direction/medium/start_02/checkpoints/iter_100/flow.png",
      "path_perturbed": "phase1/outputs/phase1a_screening/add_a_small_earring/edit_direction/medium/start_02/checkpoints/iter_100/perturbed.png",
      "path_perturbed_edited": "phase1/outputs/phase1a_screening/add_a_small_earring/edit_direction/medium/start_02/checkpoints/iter_100/perturbed_edited.png",
      "prompt": "add a small earring",
      "prompt_slug": "add_a_small_earring",
      "start": 2,
      "target_input_ssim": 0.94
    },
    {
      "attack_score": 0.006690380142599976,
      "budget": "medium",
      "foldover_fraction_det_below_0": 0.0,
      "input_damage_penalty": 0.0,
      "input_l2": 0.000160906378950733,
      "input_psnr": 75.8685347689592,
      "input_ssim": 0.9999978542327881,
      "iter": 150,
      "jacobian_det_mean": 1.0,
      "jacobian_det_min": 0.9994246959686279,
      "low_det_fraction_below_0p2": 0.0,
      "max_disp_px": 0.02279641479253769,
      "mean_disp_px": 0.004043132998049259,
      "normalized_output_l2": 0.006000158356100953,
      "objective": "edit_direction",
      "output_disruption": 0.006690380142599976,
      "output_l2": 0.0015000395890252382,
      "output_psnr": 56.47794557797543,
      "output_ssim": 0.999309778213501,
      "p95_disp_px": 0.014736340381205082,
      "path_flow": "phase1/outputs/phase1a_screening/add_a_small_earring/edit_direction/medium/start_02/checkpoints/iter_150/flow.png",
      "path_perturbed": "phase1/outputs/phase1a_screening/add_a_small_earring/edit_direction/medium/start_02/checkpoints/iter_150/perturbed.png",
      "path_perturbed_edited": "phase1/outputs/phase1a_screening/add_a_small_earring/edit_direction/medium/start_02/checkpoints/iter_150/perturbed_edited.png",
      "prompt": "add a small earring",
      "prompt_slug": "add_a_small_earring",
      "start": 2,
      "target_input_ssim": 0.94
    }
  ]
}
