{
  "clean_clip_positive_margin": 0.05116361379623413,
  "clean_semantic_success_score": 0.05116361379623413,
  "clip_available": true,
  "clip_semantic_drop": 0.0029737651348114014,
  "clip_warning": null,
  "crop_clip_available": true,
  "crop_clip_warning": null,
  "decision_label": "metric_only_candidate",
  "decision_reasons": [
    "semantic_drop_small:0.0030",
    "semantic_drop_small:0.0030",
    "semantic_drop_small:0.0030"
  ],
  "edit_failure_score": 0.0029737651348114014,
  "final_attack_score": 0.2444713744762488,
  "full_image_semantic_drop": 0.0029737651348114014,
  "geometry_excess_penalty": 0.0,
  "geometry_excess_penalty_weight": 0.75,
  "identity_or_face_health_available": false,
  "input_damage_penalty": 0.0,
  "input_damage_penalty_weight": 3.0,
  "input_l2": 0.042550440414731994,
  "input_max_abs": 0.8313725590705872,
  "input_mean_abs": 0.020512687042355537,
  "input_preservation_score": 0.2460058494047684,
  "input_psnr": 27.421918808557084,
  "input_ssim": 0.8341212868690491,
  "left_crop_clean_margin": 0.024231508374214172,
  "left_crop_perturbed_margin": 0.027432650327682495,
  "left_crop_semantic_drop": -0.0032011419534683228,
  "max_disp_px_budget": 14.0,
  "mean_crop_margin": 0.01478119691212972,
  "mean_crop_semantic_drop": -0.0026577264070510864,
  "min_crop_margin": -0.009119078516960144,
  "min_crop_semantic_drop": -0.004173442721366882,
  "output_disruption_score": 0.4413625067955152,
  "output_disruption_weight": 0.5,
  "output_l2": 0.07093231545105318,
  "output_max_abs": 0.8588235378265381,
  "output_mean_abs": 0.030875205993652344,
  "output_psnr": 22.983117263990167,
  "output_ssim": 0.8423667550086975,
  "perturbed_clip_positive_margin": 0.04818984866142273,
  "perturbed_semantic_success_score": 0.04818984866142273,
  "phase2_final_score": 0.2444713744762488,
  "phase2_output_disruption": 0.4413625067955152,
  "phase2_score_formula": "8.0*max(0,semantic_drop)+0.5*output_disruption-3.0*input_damage_penalty-0.75*geometry_excess_penalty",
  "phase4_budget_name": "existence_probe",
  "phase4_final_score": 0.2444713744762488,
  "phase4_score_formula": "8.0*max(0,semantic_drop)+0.5*output_disruption-3.0*input_damage_penalty-0.75*geometry_excess_penalty",
  "right_crop_clean_margin": 0.025431424379348755,
  "right_crop_perturbed_margin": 0.02603001892566681,
  "right_crop_semantic_drop": -0.0005985945463180542,
  "semantic_drop": 0.0029737651348114014,
  "semantic_drop_weight": 8.0,
  "target_input_ssim": 0.78,
  "top_crop_clean_margin": -0.013292521238327026,
  "top_crop_perturbed_margin": -0.009119078516960144,
  "top_crop_semantic_drop": -0.004173442721366882
}
