{
  "attack_score": 0.15453799305261695,
  "input_damage_penalty": 0.0,
  "normalized_output_l2": 0.0834188633948716,
  "output_disruption": 0.15453799305261695
}
