{
  "action_names": [
    "face_side_push_left",
    "face_side_push_right",
    "head_top_raise",
    "head_top_lower",
    "jaw_expand",
    "jaw_compress",
    "asymmetry_twist"
  ],
  "action_strength": 0.72,
  "action_values": {
    "asymmetry_twist": 0.18632875953108133,
    "face_side_push_left": -0.0911585730031739,
    "face_side_push_right": -0.10947044169283011,
    "head_top_lower": 0.026100011309894793,
    "head_top_raise": -0.008515035049945226,
    "jaw_compress": -0.18311936348507318,
    "jaw_expand": -0.08871357099011745
  },
  "active_actions": {
    "asymmetry_twist": 0.18632875953108133,
    "face_side_push_left": -0.0911585730031739,
    "face_side_push_right": -0.10947044169283011,
    "head_top_lower": 0.026100011309894793,
    "head_top_raise": -0.008515035049945226,
    "jaw_compress": -0.18311936348507318,
    "jaw_expand": -0.08871357099011745
  },
  "active_anchor_count": 7,
  "control_point_count": 15,
  "geometry_method": "landmark_piecewise_affine",
  "max_disp_px_budget": 8.0,
  "scale_factor": 0.24868472839540542,
  "source_control_points": [
    [
      112.63999938964844,
      248.3199920654297
    ],
    [
      112.63999938964844,
      253.44000244140625
    ],
    [
      399.3599853515625,
      248.3199920654297
    ],
    [
      399.3599853515625,
      253.44000244140625
    ],
    [
      256.0,
      87.04000091552734
    ],
    [
      174.0800018310547,
      394.239990234375
    ],
    [
      337.9200134277344,
      394.239990234375
    ],
    [
      0.0,
      0.0
    ],
    [
      511.0,
      0.0
    ],
    [
      0.0,
      511.0
    ],
    [
      511.0,
      511.0
    ],
    [
      256.0,
      0.0
    ],
    [
      256.0,
      511.0
    ],
    [
      0.0,
      256.0
    ],
    [
      511.0,
      256.0
    ]
  ],
  "target_control_points": [
    [
      113.16506958007812,
      247.24673461914062
    ],
    [
      113.03380584716797,
      253.44000244140625
    ],
    [
      398.72943115234375,
      249.39324951171875
    ],
    [
      398.8870849609375,
      253.44000244140625
    ],
    [
      256.0,
      87.2393798828125
    ],
    [
      173.53622436523438,
      393.703369140625
    ],
    [
      338.4637756347656,
      394.776611328125
    ],
    [
      0.0,
      0.0
    ],
    [
      511.0,
      0.0
    ],
    [
      0.0,
      511.0
    ],
    [
      511.0,
      511.0
    ],
    [
      256.0,
      0.0
    ],
    [
      256.0,
      511.0
    ],
    [
      0.0,
      256.0
    ],
    [
      511.0,
      256.0
    ]
  ],
  "tps_regularization": 0.0001
}
