{
  "displacement": {
    "budget_max_disp_px": 14.0,
    "max_disp_px": 13.794151306152344,
    "max_disp_px_budget": 14.0,
    "mean_disp_px": 3.855123519897461,
    "p95_disp_px": 11.157934188842773,
    "target_input_ssim": 0.78
  },
  "input": {
    "l2": 0.05879186080216625,
    "max_abs": 0.8823529481887817,
    "mean_abs": 0.03164907172322273,
    "psnr": 24.613655877584737,
    "ssim": 0.7842037677764893
  },
  "output": {
    "l2": 0.0774361671176407,
    "max_abs": 0.8196078538894653,
    "mean_abs": 0.046895626932382584,
    "psnr": 22.221123031569277,
    "ssim": 0.699641227722168
  }
}
