{
  "budget": "strong",
  "budget_max_disp_px": 6.0,
  "candidate_folder_abs": "/home/interns/Desktop/mat/phase2/outputs/phase2c_probe/semantic_heavy_cem/headphones_sides_only/strong/seed_00/candidates/cand_012_g01_m12",
  "candidate_index": 12,
  "candidate_name": "cand_012_g01_m12",
  "dct_modes": [
    [
      1,
      0
    ],
    [
      0,
      1
    ],
    [
      1,
      1
    ],
    [
      2,
      0
    ],
    [
      0,
      2
    ],
    [
      2,
      1
    ]
  ],
  "elapsed_seconds": 5.001841176301241,
  "generation": 1,
  "geometry_method": "region_local_tps",
  "initial_candidate": false,
  "input_l2": 0.0210165925926596,
  "input_max_abs": 0.9137254953384399,
  "input_mean_abs": 0.0057708490639925,
  "input_psnr": 33.548753889999546,
  "input_ssim": 0.9466467499732971,
  "max_disp_px": 3.971289873123169,
  "max_disp_px_budget": 6.0,
  "mean_disp_px": 0.7774078249931335,
  "member": 12,
  "mesh_size": 4,
  "output_l2": 0.030339576399297973,
  "output_max_abs": 0.8274509906768799,
  "output_mean_abs": 0.011550727300345898,
  "output_psnr": 30.35980974239756,
  "output_ssim": 0.9298341870307922,
  "p95_disp_px": 3.5123562812805176,
  "phase": "phase2c_probe",
  "prompt": "add headphones",
  "prompt_priority": 1,
  "prompt_slug": "add_headphones",
  "region_count": 2,
  "region_key": "headphones_sides_only",
  "scale_factor": 0.6753894090652466,
  "seed": 24101,
  "target_input_ssim": 0.9,
  "tps_size": 4
}
