{
  "displacement": {
    "budget_max_disp_px": 14.0,
    "max_disp_px": 13.986001968383789,
    "max_disp_px_budget": 14.0,
    "mean_disp_px": 8.047009468078613,
    "p95_disp_px": 13.986000061035156,
    "target_input_ssim": 0.78
  },
  "input": {
    "l2": 0.0893425072196273,
    "max_abs": 0.8509804010391235,
    "mean_abs": 0.052364531904459,
    "psnr": 20.978837281660052,
    "ssim": 0.659184992313385
  },
  "output": {
    "l2": 0.10639289125114874,
    "max_abs": 0.8156862854957581,
    "mean_abs": 0.0627121850848198,
    "psnr": 19.461747777950475,
    "ssim": 0.5949490070343018
  }
}
