{
  "clean_clip_positive_margin": 0.055569812655448914,
  "clean_semantic_success_score": 0.055569812655448914,
  "clip_available": true,
  "clip_semantic_drop": 8.031725883483887e-05,
  "clip_warning": null,
  "crop_clip_available": true,
  "crop_clip_warning": null,
  "decision_label": "metric_only_candidate",
  "decision_reasons": [
    "semantic_drop_small:0.0001",
    "semantic_drop_small:0.0001"
  ],
  "edit_failure_score": 8.031725883483887e-05,
  "final_attack_score": 0.2362820315082057,
  "full_image_semantic_drop": 8.031725883483887e-05,
  "geometry_excess_penalty": 0.0,
  "geometry_excess_penalty_weight": 1.0,
  "identity_or_face_health_available": false,
  "input_damage_penalty": 0.0,
  "input_damage_penalty_weight": 3.0,
  "input_l2": 0.02633178064396546,
  "input_max_abs": 0.8039215803146362,
  "input_mean_abs": 0.0084282411262393,
  "input_preservation_score": 0.0217715501785287,
  "input_psnr": 31.590395428816382,
  "input_ssim": 0.9413062930107117,
  "left_crop_clean_margin": 0.027460142970085144,
  "left_crop_perturbed_margin": 0.028545334935188293,
  "left_crop_semantic_drop": -0.0010851919651031494,
  "max_disp_px_budget": 4.0,
  "mean_crop_margin": 0.011549621820449829,
  "mean_crop_semantic_drop": 0.0054206450780232745,
  "min_crop_margin": -0.003957629203796387,
  "min_crop_semantic_drop": -0.0010851919651031494,
  "output_disruption_score": 0.23596076247286635,
  "output_disruption_weight": 1.0,
  "output_l2": 0.037616605751692844,
  "output_max_abs": 0.9019607901573181,
  "output_mean_abs": 0.014387122355401516,
  "output_psnr": 28.49240789172246,
  "output_ssim": 0.914505660533905,
  "perturbed_clip_positive_margin": 0.055489495396614075,
  "perturbed_semantic_success_score": 0.055489495396614075,
  "phase2_final_score": 0.2362820315082057,
  "phase2_output_disruption": 0.23596076247286635,
  "phase2_score_formula": "4.0*max(0,semantic_drop)+1.0*output_disruption-3.0*input_damage_penalty-1.0*geometry_excess_penalty",
  "right_crop_clean_margin": 0.025357991456985474,
  "right_crop_perturbed_margin": 0.01006115972995758,
  "right_crop_semantic_drop": 0.015296831727027893,
  "semantic_drop": 8.031725883483887e-05,
  "semantic_drop_weight": 4.0,
  "target_input_ssim": 0.94,
  "top_crop_clean_margin": -0.0019073337316513062,
  "top_crop_perturbed_margin": -0.003957629203796387,
  "top_crop_semantic_drop": 0.0020502954721450806
}
