{
  "geometry_info": {
    "action_names": [
      "mouth_corner_raise",
      "mouth_corner_lower",
      "mouth_width_expand",
      "mouth_width_compress",
      "chin_raise",
      "chin_lower"
    ],
    "action_strength": 0.72,
    "action_values": {
      "chin_lower": -0.20293538670654934,
      "chin_raise": 0.1918583534518747,
      "mouth_corner_lower": 0.2003676615922329,
      "mouth_corner_raise": 0.06817673927931278,
      "mouth_width_compress": -0.0020776945333775953,
      "mouth_width_expand": 0.05785987768160913
    },
    "active_actions": {
      "chin_lower": -0.20293538670654934,
      "chin_raise": 0.1918583534518747,
      "mouth_corner_lower": 0.2003676615922329,
      "mouth_corner_raise": 0.06817673927931278,
      "mouth_width_compress": -0.0020776945333775953,
      "mouth_width_expand": 0.05785987768160913
    },
    "active_anchor_count": 4,
    "control_point_count": 12,
    "geometry_method": "landmark_semantic_tps",
    "max_disp_px_budget": 8.0,
    "scale_factor": 0.20757157884843236,
    "source_control_points": [
      [
        204.8000030517578,
        335.3599853515625
      ],
      [
        307.20001220703125,
        335.3599853515625
      ],
      [
        256.0,
        419.8399963378906
      ],
      [
        256.0,
        376.32000732421875
      ],
      [
        0.0,
        0.0
      ],
      [
        511.0,
        0.0
      ],
      [
        0.0,
        511.0
      ],
      [
        511.0,
        511.0
      ],
      [
        256.0,
        0.0
      ],
      [
        256.0,
        511.0
      ],
      [
        0.0,
        256.0
      ],
      [
        511.0,
        256.0
      ]
    ],
    "target_control_points": [
      [
        204.4547576904297,
        336.12139892578125
      ],
      [
        307.5452575683594,
        336.12139892578125
      ],
      [
        256.0,
        417.56597900390625
      ],
      [
        256.0,
        375.1830139160156
      ],
      [
        0.0,
        0.0
      ],
      [
        511.0,
        0.0
      ],
      [
        0.0,
        511.0
      ],
      [
        511.0,
        511.0
      ],
      [
        256.0,
        0.0
      ],
      [
        256.0,
        511.0
      ],
      [
        0.0,
        256.0
      ],
      [
        511.0,
        256.0
      ]
    ],
    "tps_regularization": 0.0001
  },
  "names": [
    "scale_logit",
    "action_mouth_corner_raise",
    "action_mouth_corner_lower",
    "action_mouth_width_expand",
    "action_mouth_width_compress",
    "action_chin_raise",
    "action_chin_lower"
  ],
  "values": [
    -2.325350284576416,
    0.34108904004096985,
    2.018246650695801,
    0.28632259368896484,
    -0.010009867139160633,
    1.6177678108215332,
    -2.2417497634887695
  ]
}
