{
  "displacement": {
    "budget_max_disp_px": 4.0,
    "max_disp_px": 0.695249080657959,
    "max_disp_px_budget": 4.0,
    "mean_disp_px": 0.08290459215641022,
    "p95_disp_px": 0.4917631447315216,
    "target_input_ssim": 0.94
  },
  "input": {
    "l2": 0.003794414960361137,
    "max_abs": 0.07058823108673096,
    "mean_abs": 0.001172443269751966,
    "psnr": 48.4171035209215,
    "ssim": 0.9964938759803772
  },
  "output": {
    "l2": 0.0456279790980207,
    "max_abs": 0.8117647171020508,
    "mean_abs": 0.017181025817990303,
    "psnr": 26.815375321462884,
    "ssim": 0.9439733624458313
  }
}
