{
  "displacement": {
    "budget_max_disp_px": 6.0,
    "max_disp_px": 2.964137554168701,
    "max_disp_px_budget": 6.0,
    "mean_disp_px": 0.17820987105369568,
    "p95_disp_px": 1.7449427843093872,
    "target_input_ssim": 0.9
  },
  "input": {
    "l2": 0.011237574356003033,
    "max_abs": 0.729411780834198,
    "mean_abs": 0.0022838718723505735,
    "psnr": 38.986548432791686,
    "ssim": 0.9866938591003418
  },
  "output": {
    "l2": 0.029589794020406398,
    "max_abs": 0.7411764860153198,
    "mean_abs": 0.009865558706223965,
    "psnr": 30.577161160533365,
    "ssim": 0.9704955220222473
  }
}
