{
  "displacement": {
    "budget_max_disp_px": 8.0,
    "max_disp_px": 5.959364891052246,
    "max_disp_px_budget": 8.0,
    "mean_disp_px": 0.7625464797019958,
    "p95_disp_px": 2.5684814453125,
    "target_input_ssim": 0.88
  },
  "input": {
    "l2": 0.03175722253903662,
    "max_abs": 0.9176470637321472,
    "mean_abs": 0.010716171003878117,
    "psnr": 29.963149752554223,
    "ssim": 0.9232456088066101
  },
  "output": {
    "l2": 0.04358439987629034,
    "max_abs": 0.6235294342041016,
    "mean_abs": 0.022336868569254875,
    "psnr": 27.213378590771732,
    "ssim": 0.8622996211051941
  }
}
