{
  "clean_clip_positive_margin": 0.045523494482040405,
  "clean_semantic_success_score": 0.045523494482040405,
  "clip_available": true,
  "clip_semantic_drop": 0.00011596083641052246,
  "clip_warning": null,
  "crop_clip_available": false,
  "crop_clip_warning": null,
  "decision_label": "metric_only_candidate",
  "decision_reasons": [
    "semantic_drop_small:0.0001",
    "semantic_drop_small:0.0001",
    "semantic_drop_small:0.0001"
  ],
  "edit_failure_score": 0.00011596083641052246,
  "final_attack_score": 0.14799357128472052,
  "full_image_semantic_drop": 0.00011596083641052246,
  "geometry_excess_penalty": 0.0,
  "geometry_excess_penalty_weight": 0.75,
  "identity_or_face_health_available": false,
  "input_damage_penalty": 0.0,
  "input_damage_penalty_weight": 3.0,
  "input_l2": 0.03522072449654249,
  "input_max_abs": 0.6941176652908325,
  "input_mean_abs": 0.01482139527797699,
  "input_preservation_score": 0.05709971984227495,
  "input_psnr": 29.064034295248554,
  "input_ssim": 0.886851966381073,
  "max_disp_px_budget": 8.0,
  "output_disruption_score": 0.29413176918687267,
  "output_disruption_weight": 0.5,
  "output_l2": 0.043502974869464445,
  "output_max_abs": 0.8196078538894653,
  "output_mean_abs": 0.017592186108231544,
  "output_psnr": 27.229620872301584,
  "output_ssim": 0.8798801302909851,
  "perturbed_clip_positive_margin": 0.04540753364562988,
  "perturbed_semantic_success_score": 0.04540753364562988,
  "phase2_final_score": 0.14799357128472052,
  "phase2_output_disruption": 0.29413176918687267,
  "phase2_score_formula": "8.0*max(0,semantic_drop)+0.5*output_disruption-3.0*input_damage_penalty-0.75*geometry_excess_penalty",
  "phase4_budget_name": "strong",
  "phase4_final_score": 0.14799357128472052,
  "phase4_score_formula": "8.0*max(0,semantic_drop)+0.5*output_disruption-3.0*input_damage_penalty-0.75*geometry_excess_penalty",
  "semantic_drop": 0.00011596083641052246,
  "semantic_drop_weight": 8.0,
  "target_input_ssim": 0.88
}
