{
  "geometry_info": {
    "action_names": [
      "face_side_push_left",
      "face_side_push_right",
      "head_top_raise",
      "head_top_lower",
      "jaw_expand",
      "jaw_compress",
      "asymmetry_twist"
    ],
    "action_strength": 0.72,
    "action_values": {
      "asymmetry_twist": 0.15538306688611142,
      "face_side_push_left": 0.09028614385644426,
      "face_side_push_right": -0.45855405853033876,
      "head_top_lower": 0.010079562968825638,
      "head_top_raise": -0.6351318208172525,
      "jaw_compress": 0.6010145909375423,
      "jaw_expand": 0.1795560992391199
    },
    "active_actions": {
      "asymmetry_twist": 0.15538306688611142,
      "face_side_push_left": 0.09028614385644426,
      "face_side_push_right": -0.45855405853033876,
      "head_top_lower": 0.010079562968825638,
      "head_top_raise": -0.6351318208172525,
      "jaw_compress": 0.6010145909375423,
      "jaw_expand": 0.1795560992391199
    },
    "active_anchor_count": 7,
    "control_point_count": 15,
    "geometry_method": "landmark_piecewise_affine",
    "landmark_count": 478,
    "landmark_detector": "mediapipe_python_solutions_face_mesh",
    "max_disp_px_budget": 14.0,
    "require_real_landmarks": true,
    "scale_factor": 0.7582385942256373,
    "source_control_points": [
      [
        145.79103088378906,
        230.60910034179688
      ],
      [
        140.35040283203125,
        227.01690673828125
      ],
      [
        383.8033447265625,
        230.60910034179688
      ],
      [
        383.8033447265625,
        227.01690673828125
      ],
      [
        232.58563232421875,
        83.65425109863281
      ],
      [
        185.86373901367188,
        332.8659362792969
      ],
      [
        370.30474853515625,
        332.8659362792969
      ],
      [
        0.0,
        0.0
      ],
      [
        511.0,
        0.0
      ],
      [
        0.0,
        511.0
      ],
      [
        511.0,
        511.0
      ],
      [
        256.0,
        0.0
      ],
      [
        256.0,
        511.0
      ],
      [
        0.0,
        256.0
      ],
      [
        511.0,
        256.0
      ]
    ],
    "target_control_points": [
      [
        144.88095092773438,
        229.0428466796875
      ],
      [
        139.6678466796875,
        227.01690673828125
      ],
      [
        379.1811218261719,
        232.17535400390625
      ],
      [
        380.336669921875,
        227.01690673828125
      ],
      [
        232.58563232421875,
        90.1579818725586
      ],
      [
        190.11204528808594,
        332.0827941894531
      ],
      [
        366.05645751953125,
        333.6490783691406
      ],
      [
        0.0,
        0.0
      ],
      [
        511.0,
        0.0
      ],
      [
        0.0,
        511.0
      ],
      [
        511.0,
        511.0
      ],
      [
        256.0,
        0.0
      ],
      [
        256.0,
        511.0
      ],
      [
        0.0,
        256.0
      ],
      [
        511.0,
        256.0
      ]
    ],
    "tps_regularization": 0.0001
  },
  "names": [
    "scale_logit",
    "action_face_side_push_left",
    "action_face_side_push_right",
    "action_head_top_raise",
    "action_head_top_lower",
    "action_jaw_expand",
    "action_jaw_compress",
    "action_asymmetry_twist"
  ],
  "values": [
    0.4184175729751587,
    0.11964112520217896,
    -0.7006216645240784,
    -1.21321439743042,
    0.013294175267219543,
    0.24138854444026947,
    1.0785095691680908,
    0.2078694850206375
  ]
}
