{
  "clean_clip_positive_margin": 0.05116361379623413,
  "clean_semantic_success_score": 0.05116361379623413,
  "clip_available": true,
  "clip_semantic_drop": 0.00443693995475769,
  "clip_warning": null,
  "crop_clip_available": true,
  "crop_clip_warning": null,
  "decision_label": "reject_input_damage",
  "decision_reasons": [
    "input_ssim_below_target:0.7572<0.7800",
    "semantic_drop_small:0.0044"
  ],
  "edit_failure_score": 0.00443693995475769,
  "final_attack_score": -0.24600074316471232,
  "full_image_semantic_drop": 0.00443693995475769,
  "geometry_excess_penalty": 0.0,
  "geometry_excess_penalty_weight": 0.75,
  "identity_or_face_health_available": false,
  "input_damage_penalty": 0.18203424453735373,
  "input_damage_penalty_weight": 3.0,
  "input_l2": 0.05035063530029027,
  "input_max_abs": 0.8039215803146362,
  "input_mean_abs": 0.025979241356253624,
  "input_preservation_score": 0.0,
  "input_psnr": 25.959900907105073,
  "input_ssim": 0.7572457194328308,
  "left_crop_clean_margin": 0.024231508374214172,
  "left_crop_perturbed_margin": 0.02157209813594818,
  "left_crop_semantic_drop": 0.002659410238265991,
  "max_disp_px_budget": 14.0,
  "mean_crop_margin": 0.007672856251398723,
  "mean_crop_semantic_drop": 0.004450614253679912,
  "min_crop_margin": -0.018751531839370728,
  "min_crop_semantic_drop": 0.002659410238265991,
  "output_disruption_score": 0.5292129416185747,
  "output_disruption_weight": 0.5,
  "output_l2": 0.07669932889238322,
  "output_max_abs": 0.8901960849761963,
  "output_mean_abs": 0.0343768484890461,
  "output_psnr": 22.304168720918646,
  "output_ssim": 0.7775843739509583,
  "perturbed_clip_positive_margin": 0.04672667384147644,
  "perturbed_semantic_success_score": 0.04672667384147644,
  "phase2_final_score": -0.24600074316471232,
  "phase2_output_disruption": 0.5292129416185747,
  "phase2_score_formula": "8.0*max(0,semantic_drop)+0.5*output_disruption-3.0*input_damage_penalty-0.75*geometry_excess_penalty",
  "phase4_budget_name": "existence_probe",
  "phase4_final_score": -0.24600074316471232,
  "phase4_score_formula": "8.0*max(0,semantic_drop)+0.5*output_disruption-3.0*input_damage_penalty-0.75*geometry_excess_penalty",
  "right_crop_clean_margin": 0.025431424379348755,
  "right_crop_perturbed_margin": 0.020198002457618713,
  "right_crop_semantic_drop": 0.0052334219217300415,
  "semantic_drop": 0.00443693995475769,
  "semantic_drop_weight": 8.0,
  "target_input_ssim": 0.78,
  "top_crop_clean_margin": -0.013292521238327026,
  "top_crop_perturbed_margin": -0.018751531839370728,
  "top_crop_semantic_drop": 0.005459010601043701
}
