{
  "best_folder": "phase2/outputs/phase2c_probe/semantic_heavy_cem/headphones_full/strong/seed_00/candidates/cand_021_g02_m05",
  "budget": "strong",
  "budget_max_disp_px": 6.0,
  "candidate_folder": "phase2/outputs/phase2c_probe/semantic_heavy_cem/headphones_full/strong/seed_00/candidates/cand_021_g02_m05",
  "candidate_index": 21,
  "candidate_name": "cand_021_g02_m05",
  "clean_clip_positive_margin": 0.027842342853546143,
  "clean_semantic_success_score": 0.027842342853546143,
  "clip_available": true,
  "clip_semantic_drop": 0.031120657920837402,
  "clip_warning": null,
  "crop_clip_available": true,
  "crop_clip_warning": null,
  "dct_modes": [
    [
      1,
      0
    ],
    [
      0,
      1
    ],
    [
      1,
      1
    ],
    [
      2,
      0
    ],
    [
      0,
      2
    ],
    [
      2,
      1
    ]
  ],
  "decision_label": "weak_candidate",
  "decision_reasons": [],
  "edit_failure_score": 0.031120657920837402,
  "elapsed_seconds": 5.329706473276019,
  "final_attack_score": 0.2815707405672963,
  "full_image_semantic_drop": 0.031120657920837402,
  "generation": 2,
  "geometry_excess_penalty": 0.0,
  "geometry_excess_penalty_weight": 0.75,
  "geometry_method": "region_local_tps",
  "identity_or_face_health_available": false,
  "initial_candidate": false,
  "input_damage_penalty": 0.0,
  "input_damage_penalty_weight": 3.0,
  "input_l2": 0.009455993587537207,
  "input_max_abs": 0.2823529541492462,
  "input_mean_abs": 0.0029712908435612917,
  "input_preservation_score": 0.8047786951065063,
  "input_psnr": 40.48585661948091,
  "input_ssim": 0.9804778695106506,
  "left_crop_clean_margin": 0.02535329759120941,
  "left_crop_perturbed_margin": 0.01691293716430664,
  "left_crop_semantic_drop": 0.008440360426902771,
  "max_disp_px": 1.5317704677581787,
  "max_disp_px_budget": 6.0,
  "mean_crop_margin": 0.010145053267478943,
  "mean_crop_semantic_drop": 0.007966215411822,
  "mean_disp_px": 0.22341309487819672,
  "member": 5,
  "mesh_size": 4,
  "min_crop_margin": -0.00542740523815155,
  "min_crop_semantic_drop": 0.002531901001930237,
  "output_disruption_score": 0.13042190880238835,
  "output_disruption_weight": 0.25,
  "output_l2": 0.020088308082669537,
  "output_max_abs": 0.501960813999176,
  "output_mean_abs": 0.009944669902324677,
  "output_psnr": 33.9411327944557,
  "output_ssim": 0.9499313235282898,
  "p95_disp_px": 1.1597825288772583,
  "path_flow": "phase2/outputs/phase2c_probe/semantic_heavy_cem/headphones_full/strong/seed_00/candidates/cand_021_g02_m05/flow.png",
  "path_original": "phase2/outputs/phase2c_probe/semantic_heavy_cem/headphones_full/strong/seed_00/candidates/cand_021_g02_m05/original.png",
  "path_original_edited": "phase2/outputs/phase2c_probe/semantic_heavy_cem/headphones_full/strong/seed_00/candidates/cand_021_g02_m05/original_edited.png",
  "path_perturbed": "phase2/outputs/phase2c_probe/semantic_heavy_cem/headphones_full/strong/seed_00/candidates/cand_021_g02_m05/perturbed.png",
  "path_perturbed_edited": "phase2/outputs/phase2c_probe/semantic_heavy_cem/headphones_full/strong/seed_00/candidates/cand_021_g02_m05/perturbed_edited.png",
  "perturbed_clip_positive_margin": -0.0032783150672912598,
  "perturbed_semantic_success_score": -0.0032783150672912598,
  "phase": "phase2c_probe",
  "phase2_final_score": 0.2815707405672963,
  "phase2_output_disruption": 0.13042190880238835,
  "phase2_score_formula": "8.0*max(0,semantic_drop)+0.25*output_disruption-3.0*input_damage_penalty-0.75*geometry_excess_penalty",
  "prompt": "add headphones",
  "prompt_priority": 1,
  "prompt_slug": "add_headphones",
  "region_count": 3,
  "region_key": "headphones_full",
  "right_crop_clean_margin": 0.021481528878211975,
  "right_crop_perturbed_margin": 0.01894962787628174,
  "right_crop_semantic_drop": 0.002531901001930237,
  "scale_factor": 0.26050513982772827,
  "seed": 24001,
  "semantic_drop": 0.031120657920837402,
  "semantic_drop_weight": 8.0,
  "target_input_ssim": 0.9,
  "top_crop_clean_margin": 0.007498979568481445,
  "top_crop_perturbed_margin": -0.00542740523815155,
  "top_crop_semantic_drop": 0.012926384806632996,
  "tps_size": 4
}
