{
  "clean_clip_positive_margin": 0.027842342853546143,
  "clean_semantic_success_score": 0.027842342853546143,
  "clip_available": true,
  "clip_semantic_drop": 0.031120657920837402,
  "clip_warning": null,
  "crop_clip_available": true,
  "crop_clip_warning": null,
  "decision_label": "weak_candidate",
  "decision_reasons": [],
  "edit_failure_score": 0.031120657920837402,
  "final_attack_score": 0.2815707405672963,
  "full_image_semantic_drop": 0.031120657920837402,
  "geometry_excess_penalty": 0.0,
  "geometry_excess_penalty_weight": 0.75,
  "identity_or_face_health_available": false,
  "input_damage_penalty": 0.0,
  "input_damage_penalty_weight": 3.0,
  "input_l2": 0.009455993587537207,
  "input_max_abs": 0.2823529541492462,
  "input_mean_abs": 0.0029712908435612917,
  "input_preservation_score": 0.8047786951065063,
  "input_psnr": 40.48585661948091,
  "input_ssim": 0.9804778695106506,
  "left_crop_clean_margin": 0.02535329759120941,
  "left_crop_perturbed_margin": 0.01691293716430664,
  "left_crop_semantic_drop": 0.008440360426902771,
  "max_disp_px_budget": 6.0,
  "mean_crop_margin": 0.010145053267478943,
  "mean_crop_semantic_drop": 0.007966215411822,
  "min_crop_margin": -0.00542740523815155,
  "min_crop_semantic_drop": 0.002531901001930237,
  "output_disruption_score": 0.13042190880238835,
  "output_disruption_weight": 0.25,
  "output_l2": 0.020088308082669537,
  "output_max_abs": 0.501960813999176,
  "output_mean_abs": 0.009944669902324677,
  "output_psnr": 33.9411327944557,
  "output_ssim": 0.9499313235282898,
  "perturbed_clip_positive_margin": -0.0032783150672912598,
  "perturbed_semantic_success_score": -0.0032783150672912598,
  "phase2_final_score": 0.2815707405672963,
  "phase2_output_disruption": 0.13042190880238835,
  "phase2_score_formula": "8.0*max(0,semantic_drop)+0.25*output_disruption-3.0*input_damage_penalty-0.75*geometry_excess_penalty",
  "right_crop_clean_margin": 0.021481528878211975,
  "right_crop_perturbed_margin": 0.01894962787628174,
  "right_crop_semantic_drop": 0.002531901001930237,
  "semantic_drop": 0.031120657920837402,
  "semantic_drop_weight": 8.0,
  "target_input_ssim": 0.9,
  "top_crop_clean_margin": 0.007498979568481445,
  "top_crop_perturbed_margin": -0.00542740523815155,
  "top_crop_semantic_drop": 0.012926384806632996
}
