{
  "action_names": [
    "face_side_push_left",
    "face_side_push_right",
    "head_top_raise",
    "head_top_lower",
    "jaw_expand",
    "jaw_compress",
    "asymmetry_twist"
  ],
  "action_strength": 0.72,
  "action_values": {
    "asymmetry_twist": 0.06388137014390759,
    "face_side_push_left": -0.27769150796750147,
    "face_side_push_right": -0.19250293209501904,
    "head_top_lower": -0.10337774165871125,
    "head_top_raise": 0.4004026616555732,
    "jaw_compress": -0.3242778016026941,
    "jaw_expand": -0.22515591122900205
  },
  "active_actions": {
    "asymmetry_twist": 0.06388137014390759,
    "face_side_push_left": -0.27769150796750147,
    "face_side_push_right": -0.19250293209501904,
    "head_top_lower": -0.10337774165871125,
    "head_top_raise": 0.4004026616555732,
    "jaw_compress": -0.3242778016026941,
    "jaw_expand": -0.22515591122900205
  },
  "active_anchor_count": 7,
  "control_point_count": 15,
  "geometry_method": "landmark_piecewise_affine",
  "max_disp_px_budget": 8.0,
  "scale_factor": 0.4214992560648881,
  "source_control_points": [
    [
      112.63999938964844,
      248.3199920654297
    ],
    [
      112.63999938964844,
      253.44000244140625
    ],
    [
      399.3599853515625,
      248.3199920654297
    ],
    [
      399.3599853515625,
      253.44000244140625
    ],
    [
      256.0,
      87.04000091552734
    ],
    [
      174.0800018310547,
      394.239990234375
    ],
    [
      337.9200134277344,
      394.239990234375
    ],
    [
      0.0,
      0.0
    ],
    [
      511.0,
      0.0
    ],
    [
      0.0,
      511.0
    ],
    [
      511.0,
      511.0
    ],
    [
      256.0,
      0.0
    ],
    [
      256.0,
      511.0
    ],
    [
      0.0,
      256.0
    ],
    [
      511.0,
      256.0
    ]
  ],
  "target_control_points": [
    [
      114.239501953125,
      247.95204162597656
    ],
    [
      113.83963012695312,
      253.44000244140625
    ],
    [
      398.25115966796875,
      248.6879425048828
    ],
    [
      398.52838134765625,
      253.44000244140625
    ],
    [
      256.0,
      84.13822937011719
    ],
    [
      173.50906372070312,
      394.0559997558594
    ],
    [
      338.490966796875,
      394.4239807128906
    ],
    [
      0.0,
      0.0
    ],
    [
      511.0,
      0.0
    ],
    [
      0.0,
      511.0
    ],
    [
      511.0,
      511.0
    ],
    [
      256.0,
      0.0
    ],
    [
      256.0,
      511.0
    ],
    [
      0.0,
      256.0
    ],
    [
      511.0,
      256.0
    ]
  ],
  "tps_regularization": 0.0001
}
