{
  "budget": "existence_probe",
  "budget_max_disp_px": 8.0,
  "candidate_folder_abs": "/home/interns/Desktop/mat/phase2/outputs/phase2a_probe/add_black_sunglasses/existence_probe/seed_00/candidates/cand_009_g01_m09",
  "candidate_index": 9,
  "candidate_name": "cand_009_g01_m09",
  "dct_modes": [
    [
      1,
      0
    ],
    [
      0,
      1
    ],
    [
      1,
      1
    ],
    [
      2,
      0
    ],
    [
      0,
      2
    ],
    [
      2,
      1
    ]
  ],
  "elapsed_seconds": 5.267060516402125,
  "generation": 1,
  "geometry_method": "region_local_dct",
  "initial_candidate": false,
  "input_l2": 0.014965052997278279,
  "input_max_abs": 0.8588235378265381,
  "input_mean_abs": 0.0030823603738099337,
  "input_psnr": 36.498434816188784,
  "input_ssim": 0.9742472767829895,
  "max_disp_px": 2.4924771785736084,
  "max_disp_px_budget": 8.0,
  "mean_disp_px": 0.1691809743642807,
  "member": 9,
  "mesh_size": 4,
  "output_l2": 0.014176566792684742,
  "output_max_abs": 0.49803924560546875,
  "output_mean_abs": 0.005620043259114027,
  "output_psnr": 36.96857863203193,
  "output_ssim": 0.9732413291931152,
  "p95_disp_px": 1.4523661136627197,
  "phase": "phase2a_probe",
  "prompt": "add black sunglasses",
  "prompt_priority": 2,
  "prompt_slug": "add_black_sunglasses",
  "region_count": 1,
  "region_key": "glasses",
  "scale_factor": 0.540135383605957,
  "seed": 23201,
  "target_input_ssim": 0.86,
  "tps_size": 4
}
