{
  "displacement": {
    "budget_max_disp_px": 6.0,
    "max_disp_px": 5.483661651611328,
    "max_disp_px_budget": 6.0,
    "mean_disp_px": 0.353606641292572,
    "p95_disp_px": 3.4260940551757812,
    "target_input_ssim": 0.9
  },
  "input": {
    "l2": 0.024485361178051678,
    "max_abs": 0.7333333492279053,
    "mean_abs": 0.004630588460713625,
    "psnr": 32.22186970836722,
    "ssim": 0.9636414647102356
  },
  "output": {
    "l2": 0.028919542766460752,
    "max_abs": 0.6117647290229797,
    "mean_abs": 0.01325799897313118,
    "psnr": 30.776171555055537,
    "ssim": 0.9589991569519043
  }
}
