{
  "clean_clip_positive_margin": 0.04381856322288513,
  "clean_semantic_success_score": 0.04381856322288513,
  "clip_available": true,
  "clip_semantic_drop": 0.0012549757957458496,
  "clip_warning": null,
  "crop_clip_available": false,
  "crop_clip_warning": null,
  "decision_label": "reject_input_damage",
  "decision_reasons": [
    "input_ssim_below_target:0.7767<0.8800",
    "semantic_drop_small:0.0013"
  ],
  "edit_failure_score": 0.0012549757957458496,
  "final_attack_score": -2.2389192994355467,
  "full_image_semantic_drop": 0.0012549757957458496,
  "geometry_excess_penalty": 0.0,
  "geometry_excess_penalty_weight": 0.75,
  "identity_or_face_health_available": false,
  "input_damage_penalty": 0.826588191986084,
  "input_damage_penalty_weight": 3.0,
  "input_l2": 0.05339165855567802,
  "input_max_abs": 0.6509804129600525,
  "input_mean_abs": 0.02615867368876934,
  "input_preservation_score": 0.0,
  "input_psnr": 25.45053176063127,
  "input_ssim": 0.7766764760017395,
  "max_disp_px_budget": 8.0,
  "output_disruption_score": 0.46161094031347755,
  "output_disruption_weight": 0.5,
  "output_l2": 0.0584351040959704,
  "output_max_abs": 0.8078431487083435,
  "output_mean_abs": 0.0274112056940794,
  "output_psnr": 24.666523559468896,
  "output_ssim": 0.772129476070404,
  "perturbed_clip_positive_margin": 0.04256358742713928,
  "perturbed_semantic_success_score": 0.04256358742713928,
  "phase2_final_score": -2.2389192994355467,
  "phase2_output_disruption": 0.46161094031347755,
  "phase2_score_formula": "8.0*max(0,semantic_drop)+0.5*output_disruption-3.0*input_damage_penalty-0.75*geometry_excess_penalty",
  "phase4_budget_name": "strong",
  "phase4_final_score": -2.2389192994355467,
  "phase4_score_formula": "8.0*max(0,semantic_drop)+0.5*output_disruption-3.0*input_damage_penalty-0.75*geometry_excess_penalty",
  "semantic_drop": 0.0012549757957458496,
  "semantic_drop_weight": 8.0,
  "target_input_ssim": 0.88
}
