{
  "clean_clip_positive_margin": 0.027842342853546143,
  "clean_semantic_success_score": 0.027842342853546143,
  "clip_available": true,
  "clip_semantic_drop": 0.0074017345905303955,
  "clip_warning": null,
  "crop_clip_available": true,
  "crop_clip_warning": null,
  "decision_label": "metric_only_candidate",
  "decision_reasons": [
    "semantic_drop_small:0.0074",
    "semantic_drop_small:0.0074"
  ],
  "edit_failure_score": 0.0074017345905303955,
  "final_attack_score": 0.08943993661420307,
  "full_image_semantic_drop": 0.0074017345905303955,
  "geometry_excess_penalty": 0.0,
  "geometry_excess_penalty_weight": 0.75,
  "identity_or_face_health_available": false,
  "input_damage_penalty": 0.0,
  "input_damage_penalty_weight": 3.0,
  "input_l2": 0.01172341810075105,
  "input_max_abs": 0.40000003576278687,
  "input_mean_abs": 0.002729004481807351,
  "input_preservation_score": 0.6948522329330443,
  "input_psnr": 38.61891492358127,
  "input_ssim": 0.9694852232933044,
  "left_crop_clean_margin": 0.02535329759120941,
  "left_crop_perturbed_margin": 0.02561362087726593,
  "left_crop_semantic_drop": -0.00026032328605651855,
  "max_disp_px_budget": 6.0,
  "mean_crop_margin": 0.017306337753931682,
  "mean_crop_semantic_drop": 0.0008049309253692627,
  "min_crop_margin": 0.006619006395339966,
  "min_crop_semantic_drop": -0.00026032328605651855,
  "output_disruption_score": 0.12090423955983963,
  "output_disruption_weight": 0.25,
  "output_l2": 0.01829474482552967,
  "output_max_abs": 0.49803924560546875,
  "output_mean_abs": 0.007854968309402466,
  "output_psnr": 34.75347287319191,
  "output_ssim": 0.952274739742279,
  "perturbed_clip_positive_margin": 0.020440608263015747,
  "perturbed_semantic_success_score": 0.020440608263015747,
  "phase2_final_score": 0.08943993661420307,
  "phase2_output_disruption": 0.12090423955983963,
  "phase2_score_formula": "8.0*max(0,semantic_drop)+0.25*output_disruption-3.0*input_damage_penalty-0.75*geometry_excess_penalty",
  "right_crop_clean_margin": 0.021481528878211975,
  "right_crop_perturbed_margin": 0.019686385989189148,
  "right_crop_semantic_drop": 0.0017951428890228271,
  "semantic_drop": 0.0074017345905303955,
  "semantic_drop_weight": 8.0,
  "target_input_ssim": 0.9,
  "top_crop_clean_margin": 0.007498979568481445,
  "top_crop_perturbed_margin": 0.006619006395339966,
  "top_crop_semantic_drop": 0.0008799731731414795
}
