{
  "budget": "strong",
  "budget_max_disp_px": 8.0,
  "candidate_folder_abs": "/home/interns/Desktop/mat/phase4/outputs/phase4a_existence_probe/cases/face_007/igs_1p00/make_the_person_smile_slightly/strong/seed_00/candidates/cand_057_g03_m17",
  "candidate_index": 57,
  "candidate_name": "cand_057_g03_m17",
  "case_id": "face_007__make_the_person_smile_slightly__igs_1p00",
  "elapsed_seconds": 2.658477468416095,
  "face_id": "face_007",
  "generation": 3,
  "geometry_method": "landmark_semantic_tps",
  "guidance_scale": 7.5,
  "image_guidance_scale": 1.0,
  "initial_candidate": false,
  "input_l2": 0.028998682285363318,
  "input_max_abs": 0.7098039388656616,
  "input_mean_abs": 0.01281517744064331,
  "input_psnr": 30.75243472422605,
  "input_ssim": 0.8871939182281494,
  "max_disp_px": 2.2090866565704346,
  "max_disp_px_budget": 8.0,
  "mean_disp_px": 0.7802554965019226,
  "member": 17,
  "output_l2": 0.038719705662621534,
  "output_max_abs": 0.7843137383460999,
  "output_mean_abs": 0.016232704743742943,
  "output_psnr": 28.241359054951158,
  "output_ssim": 0.9232191443443298,
  "p95_disp_px": 1.9734735488891602,
  "phase": "phase4a_existence_probe",
  "prompt": "make the person smile slightly",
  "prompt_slug": "make_the_person_smile_slightly",
  "prompt_type": "smile",
  "seed": 50001,
  "target_input_ssim": 0.88,
  "theta_names": [
    "scale_logit",
    "action_mouth_corner_raise",
    "action_mouth_corner_lower",
    "action_mouth_width_expand",
    "action_mouth_width_compress",
    "action_chin_raise",
    "action_chin_lower"
  ],
  "theta_values": [
    -1.8603204488754272,
    -0.5253561735153198,
    0.3846849501132965,
    0.32704266905784607,
    0.5635218024253845,
    1.5334458351135254,
    -1.1000711917877197
  ]
}
