{
  "clean_clip_positive_margin": 0.02973318099975586,
  "clean_semantic_success_score": 0.02973318099975586,
  "clip_available": true,
  "clip_semantic_drop": 0.0053813159465789795,
  "clip_warning": null,
  "decision_label": "metric_only_candidate",
  "decision_reasons": [
    "semantic_drop_small:0.0054",
    "semantic_drop_small:0.0054"
  ],
  "edit_failure_score": 0.0053813159465789795,
  "final_attack_score": 0.1656021570759586,
  "geometry_excess_penalty": 0.0,
  "geometry_excess_penalty_weight": 1.0,
  "identity_or_face_health_available": false,
  "input_damage_penalty": 0.0,
  "input_damage_penalty_weight": 3.0,
  "input_l2": 0.018137158573387317,
  "input_max_abs": 0.9098039269447327,
  "input_mean_abs": 0.003563460661098361,
  "input_preservation_score": 0.7957685164042881,
  "input_psnr": 34.82861499883276,
  "input_ssim": 0.9714075922966003,
  "max_disp_px_budget": 8.0,
  "output_disruption_score": 0.14407689328964268,
  "output_disruption_weight": 1.0,
  "output_l2": 0.025701182474632347,
  "output_max_abs": 0.8823529481887817,
  "output_mean_abs": 0.00730445422232151,
  "output_psnr": 31.800937898826277,
  "output_ssim": 0.9587278366088867,
  "perturbed_clip_positive_margin": 0.02435186505317688,
  "perturbed_semantic_success_score": 0.02435186505317688,
  "phase2_final_score": 0.1656021570759586,
  "phase2_output_disruption": 0.14407689328964268,
  "phase2_score_formula": "4*max(0,semantic_drop)+1*output_disruption-3*input_damage_penalty-1*geometry_excess_penalty",
  "semantic_drop": 0.0053813159465789795,
  "semantic_drop_weight": 4.0,
  "target_input_ssim": 0.86
}
