{
  "clean_clip_positive_margin": 0.02052225172519684,
  "clean_semantic_success_score": 0.02052225172519684,
  "clip_available": true,
  "clip_semantic_drop": 0.003163576126098633,
  "clip_warning": null,
  "crop_clip_available": false,
  "crop_clip_warning": null,
  "decision_label": "metric_only_candidate",
  "decision_reasons": [
    "semantic_drop_small:0.0032",
    "semantic_drop_small:0.0032",
    "semantic_drop_small:0.0032"
  ],
  "edit_failure_score": 0.003163576126098633,
  "final_attack_score": 0.2094881258280589,
  "full_image_semantic_drop": 0.003163576126098633,
  "geometry_excess_penalty": 0.0,
  "geometry_excess_penalty_weight": 0.75,
  "identity_or_face_health_available": false,
  "input_damage_penalty": 0.0,
  "input_damage_penalty_weight": 3.0,
  "input_l2": 0.043156089467085684,
  "input_max_abs": 0.7254902124404907,
  "input_mean_abs": 0.017132483422756195,
  "input_preservation_score": 0.3044452233748002,
  "input_psnr": 27.299158304717352,
  "input_ssim": 0.846977949142456,
  "max_disp_px_budget": 14.0,
  "output_disruption_score": 0.36835903363853967,
  "output_disruption_weight": 0.5,
  "output_l2": 0.06231473494924673,
  "output_max_abs": 0.8352941274642944,
  "output_mean_abs": 0.023806551471352577,
  "output_psnr": 24.108184957507174,
  "output_ssim": 0.8808999061584473,
  "perturbed_clip_positive_margin": 0.017358675599098206,
  "perturbed_semantic_success_score": 0.017358675599098206,
  "phase2_final_score": 0.2094881258280589,
  "phase2_output_disruption": 0.36835903363853967,
  "phase2_score_formula": "8.0*max(0,semantic_drop)+0.5*output_disruption-3.0*input_damage_penalty-0.75*geometry_excess_penalty",
  "phase4_budget_name": "existence_probe",
  "phase4_final_score": 0.2094881258280589,
  "phase4_score_formula": "8.0*max(0,semantic_drop)+0.5*output_disruption-3.0*input_damage_penalty-0.75*geometry_excess_penalty",
  "semantic_drop": 0.003163576126098633,
  "semantic_drop_weight": 8.0,
  "target_input_ssim": 0.78
}
