{
  "clean_clip_positive_margin": 0.04772844910621643,
  "clean_semantic_success_score": 0.04772844910621643,
  "clip_available": true,
  "clip_semantic_drop": 0.002359628677368164,
  "clip_warning": null,
  "crop_clip_available": true,
  "crop_clip_warning": null,
  "decision_label": "metric_only_candidate",
  "decision_reasons": [
    "semantic_drop_small:0.0024",
    "semantic_drop_small:0.0024"
  ],
  "edit_failure_score": 0.002359628677368164,
  "final_attack_score": 0.17625924376810803,
  "full_image_semantic_drop": 0.002359628677368164,
  "geometry_excess_penalty": 0.0,
  "geometry_excess_penalty_weight": 1.0,
  "identity_or_face_health_available": false,
  "input_damage_penalty": 0.0,
  "input_damage_penalty_weight": 3.0,
  "input_l2": 0.011849356062121097,
  "input_max_abs": 0.33725491166114807,
  "input_mean_abs": 0.0036265652161091566,
  "input_preservation_score": 0.5691647132237756,
  "input_psnr": 38.52610500365341,
  "input_ssim": 0.9741498827934265,
  "left_crop_clean_margin": 0.018402695655822754,
  "left_crop_perturbed_margin": 0.018577873706817627,
  "left_crop_semantic_drop": -0.00017517805099487305,
  "max_disp_px_budget": 4.0,
  "mean_crop_margin": 0.01614685356616974,
  "mean_crop_semantic_drop": -0.0008129477500915527,
  "min_crop_margin": 0.005406931042671204,
  "min_crop_semantic_drop": -0.0038568079471588135,
  "output_disruption_score": 0.16682072905863538,
  "output_disruption_weight": 1.0,
  "output_l2": 0.02925955362162295,
  "output_max_abs": 0.8549019694328308,
  "output_mean_abs": 0.00915928091853857,
  "output_psnr": 30.6746460735407,
  "output_ssim": 0.9502174854278564,
  "perturbed_clip_positive_margin": 0.04536882042884827,
  "perturbed_semantic_success_score": 0.04536882042884827,
  "phase2_final_score": 0.17625924376810803,
  "phase2_output_disruption": 0.16682072905863538,
  "phase2_score_formula": "4.0*max(0,semantic_drop)+1.0*output_disruption-3.0*input_damage_penalty-1.0*geometry_excess_penalty",
  "right_crop_clean_margin": 0.026048898696899414,
  "right_crop_perturbed_margin": 0.024455755949020386,
  "right_crop_semantic_drop": 0.0015931427478790283,
  "semantic_drop": 0.002359628677368164,
  "semantic_drop_weight": 4.0,
  "target_input_ssim": 0.94,
  "top_crop_clean_margin": 0.0015501230955123901,
  "top_crop_perturbed_margin": 0.005406931042671204,
  "top_crop_semantic_drop": -0.0038568079471588135
}
