{
  "geometry_info": {
    "action_names": [
      "mouth_corner_raise",
      "mouth_corner_lower",
      "mouth_width_expand",
      "mouth_width_compress",
      "chin_raise",
      "chin_lower"
    ],
    "action_strength": 0.72,
    "action_values": {
      "chin_lower": -0.49486741470326095,
      "chin_raise": 0.3960027156673796,
      "mouth_corner_lower": 0.3534328569929745,
      "mouth_corner_raise": -0.032674738666512014,
      "mouth_width_compress": 0.15063477771043457,
      "mouth_width_expand": 0.2964053427255627
    },
    "active_actions": {
      "chin_lower": -0.49486741470326095,
      "chin_raise": 0.3960027156673796,
      "mouth_corner_lower": 0.3534328569929745,
      "mouth_corner_raise": -0.032674738666512014,
      "mouth_width_compress": 0.15063477771043457,
      "mouth_width_expand": 0.2964053427255627
    },
    "active_anchor_count": 4,
    "control_point_count": 12,
    "geometry_method": "landmark_semantic_tps",
    "max_disp_px_budget": 8.0,
    "scale_factor": 0.6202823471160631,
    "source_control_points": [
      [
        204.8000030517578,
        335.3599853515625
      ],
      [
        307.20001220703125,
        335.3599853515625
      ],
      [
        256.0,
        419.8399963378906
      ],
      [
        256.0,
        376.32000732421875
      ],
      [
        0.0,
        0.0
      ],
      [
        511.0,
        0.0
      ],
      [
        0.0,
        511.0
      ],
      [
        511.0,
        511.0
      ],
      [
        256.0,
        0.0
      ],
      [
        256.0,
        511.0
      ],
      [
        0.0,
        256.0
      ],
      [
        511.0,
        256.0
      ]
    ],
    "target_control_points": [
      [
        203.96035766601562,
        337.5839538574219
      ],
      [
        308.0396423339844,
        337.5839538574219
      ],
      [
        256.0,
        414.7085876464844
      ],
      [
        256.0,
        373.7543029785156
      ],
      [
        0.0,
        0.0
      ],
      [
        511.0,
        0.0
      ],
      [
        0.0,
        511.0
      ],
      [
        511.0,
        511.0
      ],
      [
        256.0,
        0.0
      ],
      [
        256.0,
        511.0
      ],
      [
        0.0,
        256.0
      ],
      [
        511.0,
        256.0
      ]
    ],
    "tps_regularization": 0.0001
  },
  "names": [
    "scale_logit",
    "action_mouth_corner_raise",
    "action_mouth_corner_lower",
    "action_mouth_width_expand",
    "action_mouth_width_compress",
    "action_chin_raise",
    "action_chin_lower"
  ],
  "values": [
    0.050749391317367554,
    -0.052726007997989655,
    0.6472170352935791,
    0.5202015042304993,
    0.24779915809631348,
    0.75550776720047,
    -1.0925581455230713
  ]
}
