{
  "budget": "existence_probe",
  "budget_max_disp_px": 8.0,
  "candidate_folder_abs": "/home/interns/Desktop/mat/phase2/outputs/phase2a_probe/add_headphones/existence_probe/seed_00/candidates/cand_003_g01_m03",
  "candidate_index": 3,
  "candidate_name": "cand_003_g01_m03",
  "dct_modes": [
    [
      1,
      0
    ],
    [
      0,
      1
    ],
    [
      1,
      1
    ],
    [
      2,
      0
    ],
    [
      0,
      2
    ],
    [
      2,
      1
    ]
  ],
  "elapsed_seconds": 5.128976887091994,
  "generation": 1,
  "geometry_method": "combined_all",
  "initial_candidate": false,
  "input_l2": 0.02662787338690455,
  "input_max_abs": 0.8941176533699036,
  "input_mean_abs": 0.008829797618091106,
  "input_psnr": 31.493270334917646,
  "input_ssim": 0.9127068519592285,
  "max_disp_px": 5.430634021759033,
  "max_disp_px_budget": 8.0,
  "mean_disp_px": 0.7629714012145996,
  "member": 3,
  "mesh_size": 4,
  "output_l2": 0.03305601742042891,
  "output_max_abs": 0.7686274647712708,
  "output_mean_abs": 0.014195345342159271,
  "output_psnr": 29.61498942576867,
  "output_ssim": 0.9025330543518066,
  "p95_disp_px": 2.969571828842163,
  "phase": "phase2a_probe",
  "prompt": "add headphones",
  "prompt_priority": 1,
  "prompt_slug": "add_headphones",
  "region_count": 3,
  "region_key": "headphones",
  "scale_factor": 0.6946028470993042,
  "seed": 22201,
  "target_input_ssim": 0.86,
  "tps_size": 4
}
