{
  "clean_clip_positive_margin": 0.043025851249694824,
  "clean_semantic_success_score": 0.043025851249694824,
  "clip_available": true,
  "clip_semantic_drop": -0.0009248852729797363,
  "clip_warning": null,
  "crop_clip_available": false,
  "crop_clip_warning": null,
  "decision_label": "metric_only_candidate",
  "decision_reasons": [
    "semantic_drop_nonpositive:-0.0009",
    "semantic_drop_nonpositive:-0.0009"
  ],
  "edit_failure_score": 0.0,
  "final_attack_score": 0.2726189965233049,
  "full_image_semantic_drop": -0.0009248852729797363,
  "geometry_excess_penalty": 0.0,
  "geometry_excess_penalty_weight": 1.0,
  "identity_or_face_health_available": false,
  "input_damage_penalty": 0.0,
  "input_damage_penalty_weight": 3.0,
  "input_l2": 0.006212602252516424,
  "input_max_abs": 0.32549020648002625,
  "input_mean_abs": 0.0014570349594578147,
  "input_preservation_score": 0.8965869347254436,
  "input_psnr": 44.134529003922516,
  "input_ssim": 0.9937952160835266,
  "max_disp_px_budget": 4.0,
  "output_disruption_score": 0.2726189965233049,
  "output_disruption_weight": 1.0,
  "output_l2": 0.04941247091255688,
  "output_max_abs": 0.8745098114013672,
  "output_mean_abs": 0.01585759036242962,
  "output_psnr": 26.12326856606613,
  "output_ssim": 0.9250308871269226,
  "perturbed_clip_positive_margin": 0.04395073652267456,
  "perturbed_semantic_success_score": 0.04395073652267456,
  "phase2_final_score": 0.2726189965233049,
  "phase2_output_disruption": 0.2726189965233049,
  "phase2_score_formula": "4.0*max(0,semantic_drop)+1.0*output_disruption-3.0*input_damage_penalty-1.0*geometry_excess_penalty",
  "semantic_drop": -0.0009248852729797363,
  "semantic_drop_weight": 4.0,
  "target_input_ssim": 0.94
}
