{
  "budget": "strong",
  "budget_max_disp_px": 8.0,
  "candidate_folder_abs": "/home/interns/Desktop/mat/phase4/outputs/phase4a_existence_probe/cases/face_005/igs_1p50/add_a_small_beard/strong/seed_00/candidates/cand_019_g01_m19",
  "candidate_index": 19,
  "candidate_name": "cand_019_g01_m19",
  "case_id": "face_005__add_a_small_beard__igs_1p50",
  "elapsed_seconds": 2.470642540603876,
  "face_id": "face_005",
  "generation": 1,
  "geometry_method": "landmark_piecewise_affine",
  "guidance_scale": 7.5,
  "image_guidance_scale": 1.5,
  "initial_candidate": false,
  "input_l2": 0.012936843752917968,
  "input_max_abs": 0.3921568691730499,
  "input_mean_abs": 0.0056406655348837376,
  "input_psnr": 37.76343334180055,
  "input_ssim": 0.9735890030860901,
  "max_disp_px": 4.02588415145874,
  "max_disp_px_budget": 8.0,
  "mean_disp_px": 0.46687620878219604,
  "member": 19,
  "output_l2": 0.02208925411253645,
  "output_max_abs": 0.4705882668495178,
  "output_mean_abs": 0.011976845562458038,
  "output_psnr": 33.116378973905505,
  "output_ssim": 0.9211070537567139,
  "p95_disp_px": 1.5229637622833252,
  "phase": "phase4a_existence_probe",
  "prompt": "add a small beard",
  "prompt_slug": "add_a_small_beard",
  "prompt_type": "beard",
  "seed": 48001,
  "target_input_ssim": 0.88,
  "theta_names": [
    "scale_logit",
    "action_jaw_expand",
    "action_jaw_compress",
    "action_chin_raise",
    "action_chin_lower",
    "action_mouth_width_expand",
    "action_lower_face_shift"
  ],
  "theta_values": [
    -0.3776642978191376,
    -0.03590073809027672,
    0.42466193437576294,
    -2.236670732498169,
    0.5662124156951904,
    1.0042330026626587,
    0.5610129237174988
  ]
}
