{
  "clean_clip_positive_margin": 0.026591509580612183,
  "clean_semantic_success_score": 0.026591509580612183,
  "clip_available": true,
  "clip_semantic_drop": -0.0006996095180511475,
  "clip_warning": null,
  "decision_label": "metric_only_candidate",
  "decision_reasons": [
    "semantic_drop_nonpositive:-0.0007",
    "semantic_drop_nonpositive:-0.0007"
  ],
  "edit_failure_score": 0.0,
  "final_attack_score": 0.12365957967893942,
  "geometry_excess_penalty": 0.0,
  "geometry_excess_penalty_weight": 1.0,
  "identity_or_face_health_available": false,
  "input_damage_penalty": 0.0,
  "input_damage_penalty_weight": 3.0,
  "input_l2": 0.008907306270877388,
  "input_max_abs": 0.43137258291244507,
  "input_mean_abs": 0.0021195709705352783,
  "input_preservation_score": 0.7539391120274864,
  "input_psnr": 41.00507229091447,
  "input_ssim": 0.9852363467216492,
  "max_disp_px_budget": 4.0,
  "output_disruption_score": 0.12365957967893942,
  "output_disruption_weight": 1.0,
  "output_l2": 0.019501007776599785,
  "output_max_abs": 0.5137255191802979,
  "output_mean_abs": 0.007141487672924995,
  "output_psnr": 34.198858890178315,
  "output_ssim": 0.9543444514274597,
  "perturbed_clip_positive_margin": 0.02729111909866333,
  "perturbed_semantic_success_score": 0.02729111909866333,
  "phase2_final_score": 0.12365957967893942,
  "phase2_output_disruption": 0.12365957967893942,
  "phase2_score_formula": "4*max(0,semantic_drop)+1*output_disruption-3*input_damage_penalty-1*geometry_excess_penalty",
  "semantic_drop": -0.0006996095180511475,
  "semantic_drop_weight": 4.0,
  "target_input_ssim": 0.94
}
