{
  "budget": "strong",
  "budget_max_disp_px": 8.0,
  "candidate_folder_abs": "/home/interns/Desktop/mat/phase4/outputs/phase4a_existence_probe/cases/face_005/igs_1p50/add_a_small_beard/strong/seed_00/candidates/cand_074_g04_m14",
  "candidate_index": 74,
  "candidate_name": "cand_074_g04_m14",
  "case_id": "face_005__add_a_small_beard__igs_1p50",
  "elapsed_seconds": 2.6160934660583735,
  "face_id": "face_005",
  "generation": 4,
  "geometry_method": "landmark_piecewise_affine",
  "guidance_scale": 7.5,
  "image_guidance_scale": 1.5,
  "initial_candidate": false,
  "input_l2": 0.02872172590060513,
  "input_max_abs": 0.5333333611488342,
  "input_mean_abs": 0.012450966984033585,
  "input_psnr": 30.835789334146064,
  "input_ssim": 0.908870279788971,
  "max_disp_px": 5.717453479766846,
  "max_disp_px_budget": 8.0,
  "mean_disp_px": 1.1134874820709229,
  "member": 14,
  "output_l2": 0.050337674354157015,
  "output_max_abs": 0.6666666865348816,
  "output_mean_abs": 0.029872966930270195,
  "output_psnr": 25.962137062399098,
  "output_ssim": 0.8357297778129578,
  "p95_disp_px": 3.896364688873291,
  "phase": "phase4a_existence_probe",
  "prompt": "add a small beard",
  "prompt_slug": "add_a_small_beard",
  "prompt_type": "beard",
  "seed": 48001,
  "target_input_ssim": 0.88,
  "theta_names": [
    "scale_logit",
    "action_jaw_expand",
    "action_jaw_compress",
    "action_chin_raise",
    "action_chin_lower",
    "action_mouth_width_expand",
    "action_lower_face_shift"
  ],
  "theta_values": [
    0.3183600902557373,
    -1.347899079322815,
    0.5485852956771851,
    0.11431330442428589,
    -0.4416249394416809,
    -0.6070455312728882,
    1.0992045402526855
  ]
}
