{
  "clean_clip_positive_margin": 0.04772844910621643,
  "clean_semantic_success_score": 0.04772844910621643,
  "clip_available": true,
  "clip_semantic_drop": 0.002989351749420166,
  "clip_warning": null,
  "crop_clip_available": true,
  "crop_clip_warning": null,
  "decision_label": "reject_input_damage",
  "decision_reasons": [
    "input_ssim_below_target:0.7756<0.7800",
    "semantic_drop_small:0.0030"
  ],
  "edit_failure_score": 0.002989351749420166,
  "final_attack_score": 0.18061880976218508,
  "full_image_semantic_drop": 0.002989351749420166,
  "geometry_excess_penalty": 0.0,
  "geometry_excess_penalty_weight": 0.75,
  "identity_or_face_health_available": false,
  "input_damage_penalty": 0.03551935195922873,
  "input_damage_penalty_weight": 3.0,
  "input_l2": 0.046365635246543885,
  "input_max_abs": 0.6549019813537598,
  "input_mean_abs": 0.024982258677482605,
  "input_preservation_score": 0.0,
  "input_psnr": 26.67607571312174,
  "input_ssim": 0.7755600810050964,
  "left_crop_clean_margin": 0.018402695655822754,
  "left_crop_perturbed_margin": 0.015587151050567627,
  "left_crop_semantic_drop": 0.002815544605255127,
  "max_disp_px_budget": 14.0,
  "mean_crop_margin": 0.0091189444065094,
  "mean_crop_semantic_drop": 0.006214961409568787,
  "min_crop_margin": -0.01075105369091034,
  "min_crop_semantic_drop": 0.002815544605255127,
  "output_disruption_score": 0.5265241032890199,
  "output_disruption_weight": 0.5,
  "output_l2": 0.06535037770995791,
  "output_max_abs": 0.8941176533699036,
  "output_mean_abs": 0.03414182364940643,
  "output_psnr": 23.69503795910518,
  "output_ssim": 0.7348774075508118,
  "perturbed_clip_positive_margin": 0.044739097356796265,
  "perturbed_semantic_success_score": 0.044739097356796265,
  "phase2_final_score": 0.18061880976218508,
  "phase2_output_disruption": 0.5265241032890199,
  "phase2_score_formula": "8.0*max(0,semantic_drop)+0.5*output_disruption-3.0*input_damage_penalty-0.75*geometry_excess_penalty",
  "phase4_budget_name": "existence_probe",
  "phase4_final_score": 0.18061880976218508,
  "phase4_score_formula": "8.0*max(0,semantic_drop)+0.5*output_disruption-3.0*input_damage_penalty-0.75*geometry_excess_penalty",
  "right_crop_clean_margin": 0.026048898696899414,
  "right_crop_perturbed_margin": 0.02252073585987091,
  "right_crop_semantic_drop": 0.0035281628370285034,
  "semantic_drop": 0.002989351749420166,
  "semantic_drop_weight": 8.0,
  "target_input_ssim": 0.78,
  "top_crop_clean_margin": 0.0015501230955123901,
  "top_crop_perturbed_margin": -0.01075105369091034,
  "top_crop_semantic_drop": 0.01230117678642273
}
