{
  "displacement": {
    "budget_max_disp_px": 8.0,
    "max_disp_px": 7.83138370513916,
    "max_disp_px_budget": 8.0,
    "mean_disp_px": 2.1782619953155518,
    "p95_disp_px": 4.600407600402832,
    "target_input_ssim": 0.88
  },
  "input": {
    "l2": 0.0428021123106774,
    "max_abs": 0.5411764979362488,
    "mean_abs": 0.024835506454110146,
    "psnr": 27.37069595514094,
    "ssim": 0.784468412399292
  },
  "output": {
    "l2": 0.0613139594021762,
    "max_abs": 0.658823549747467,
    "mean_abs": 0.03517378494143486,
    "psnr": 24.248812760477673,
    "ssim": 0.7555219531059265
  }
}
