{
  "displacement": {
    "budget_max_disp_px": 14.0,
    "max_disp_px": 10.100669860839844,
    "max_disp_px_budget": 14.0,
    "mean_disp_px": 2.8722288608551025,
    "p95_disp_px": 6.610982894897461,
    "target_input_ssim": 0.78
  },
  "input": {
    "l2": 0.05494258983420703,
    "max_abs": 0.6431372761726379,
    "mean_abs": 0.02928663231432438,
    "psnr": 25.201817461033563,
    "ssim": 0.7289257645606995
  },
  "output": {
    "l2": 0.07639537020512915,
    "max_abs": 0.8627451062202454,
    "mean_abs": 0.03752613067626953,
    "psnr": 22.338659204216743,
    "ssim": 0.7905430793762207
  }
}
