{
  "geometry_info": {
    "action_names": [
      "face_side_push_left",
      "face_side_push_right",
      "head_top_raise",
      "head_top_lower",
      "jaw_expand",
      "jaw_compress",
      "asymmetry_twist"
    ],
    "action_strength": 0.72,
    "action_values": {
      "asymmetry_twist": -0.1106898498595325,
      "face_side_push_left": -0.16915049352387776,
      "face_side_push_right": 0.108281173261658,
      "head_top_lower": 0.0015017052686940935,
      "head_top_raise": -0.07626336070033879,
      "jaw_compress": -0.08214539273686258,
      "jaw_expand": 0.03779287897626933
    },
    "active_actions": {
      "asymmetry_twist": -0.1106898498595325,
      "face_side_push_left": -0.16915049352387776,
      "face_side_push_right": 0.108281173261658,
      "head_top_lower": 0.0015017052686940935,
      "head_top_raise": -0.07626336070033879,
      "jaw_compress": -0.08214539273686258,
      "jaw_expand": 0.03779287897626933
    },
    "active_anchor_count": 7,
    "control_point_count": 15,
    "geometry_method": "landmark_piecewise_affine",
    "max_disp_px_budget": 8.0,
    "scale_factor": 0.2796707366247635,
    "source_control_points": [
      [
        112.63999938964844,
        248.3199920654297
      ],
      [
        112.63999938964844,
        253.44000244140625
      ],
      [
        399.3599853515625,
        248.3199920654297
      ],
      [
        399.3599853515625,
        253.44000244140625
      ],
      [
        256.0,
        87.04000091552734
      ],
      [
        174.0800018310547,
        394.239990234375
      ],
      [
        337.9200134277344,
        394.239990234375
      ],
      [
        0.0,
        0.0
      ],
      [
        511.0,
        0.0
      ],
      [
        0.0,
        511.0
      ],
      [
        511.0,
        511.0
      ],
      [
        256.0,
        0.0
      ],
      [
        256.0,
        511.0
      ],
      [
        0.0,
        256.0
      ],
      [
        511.0,
        256.0
      ]
    ],
    "target_control_points": [
      [
        113.61430358886719,
        248.9575653076172
      ],
      [
        113.3707275390625,
        253.44000244140625
      ],
      [
        399.9836730957031,
        247.6824188232422
      ],
      [
        399.8277587890625,
        253.44000244140625
      ],
      [
        256.0,
        87.48793029785156
      ],
      [
        173.38916015625,
        394.55877685546875
      ],
      [
        338.6108703613281,
        393.92120361328125
      ],
      [
        0.0,
        0.0
      ],
      [
        511.0,
        0.0
      ],
      [
        0.0,
        511.0
      ],
      [
        511.0,
        511.0
      ],
      [
        256.0,
        0.0
      ],
      [
        256.0,
        511.0
      ],
      [
        0.0,
        256.0
      ],
      [
        511.0,
        256.0
      ]
    ],
    "tps_regularization": 0.0001
  },
  "names": [
    "scale_logit",
    "action_face_side_push_left",
    "action_face_side_push_right",
    "action_head_top_raise",
    "action_head_top_lower",
    "action_jaw_expand",
    "action_jaw_compress",
    "action_asymmetry_twist"
  ],
  "values": [
    -1.100903034210205,
    -0.7007129788398743,
    0.40847113728523254,
    -0.2797674238681793,
    0.005369598977267742,
    0.13596516847610474,
    -0.3026346266269684,
    -0.41864264011383057
  ]
}
