{
  "clean_clip_positive_margin": 0.045783042907714844,
  "clean_semantic_success_score": 0.045783042907714844,
  "clip_available": true,
  "clip_semantic_drop": -0.0008082687854766846,
  "clip_warning": null,
  "crop_clip_available": true,
  "crop_clip_warning": null,
  "decision_label": "metric_only_candidate",
  "decision_reasons": [
    "semantic_drop_nonpositive:-0.0008",
    "semantic_drop_nonpositive:-0.0008",
    "semantic_drop_nonpositive:-0.0008"
  ],
  "edit_failure_score": 0.0,
  "final_attack_score": 0.11124610693060093,
  "full_image_semantic_drop": -0.0008082687854766846,
  "geometry_excess_penalty": 0.0,
  "geometry_excess_penalty_weight": 0.75,
  "identity_or_face_health_available": false,
  "input_damage_penalty": 0.0,
  "input_damage_penalty_weight": 3.0,
  "input_l2": 0.01070988638883576,
  "input_max_abs": 0.2352941334247589,
  "input_mean_abs": 0.005647378042340279,
  "input_preservation_score": 0.7863570849100748,
  "input_psnr": 39.40430272335059,
  "input_ssim": 0.974362850189209,
  "left_crop_clean_margin": 0.01863802969455719,
  "left_crop_perturbed_margin": 0.019367709755897522,
  "left_crop_semantic_drop": -0.000729680061340332,
  "max_disp_px_budget": 8.0,
  "mean_crop_margin": 0.009714752435684204,
  "mean_crop_semantic_drop": -0.0007176349560419718,
  "min_crop_margin": -0.01176232099533081,
  "min_crop_semantic_drop": -0.0035870224237442017,
  "output_disruption_score": 0.22249221386120185,
  "output_disruption_weight": 0.5,
  "output_l2": 0.04034830525916185,
  "output_max_abs": 0.6901960968971252,
  "output_mean_abs": 0.016037223860621452,
  "output_psnr": 27.883494042655524,
  "output_ssim": 0.9389010071754456,
  "perturbed_clip_positive_margin": 0.04659131169319153,
  "perturbed_semantic_success_score": 0.04659131169319153,
  "phase2_final_score": 0.11124610693060093,
  "phase2_output_disruption": 0.22249221386120185,
  "phase2_score_formula": "8.0*max(0,semantic_drop)+0.5*output_disruption-3.0*input_damage_penalty-0.75*geometry_excess_penalty",
  "phase4_budget_name": "strong",
  "phase4_final_score": 0.11124610693060093,
  "phase4_score_formula": "8.0*max(0,semantic_drop)+0.5*output_disruption-3.0*input_damage_penalty-0.75*geometry_excess_penalty",
  "right_crop_clean_margin": 0.0179518461227417,
  "right_crop_perturbed_margin": 0.0215388685464859,
  "right_crop_semantic_drop": -0.0035870224237442017,
  "semantic_drop": -0.0008082687854766846,
  "semantic_drop_weight": 8.0,
  "target_input_ssim": 0.88,
  "top_crop_clean_margin": -0.009598523378372192,
  "top_crop_perturbed_margin": -0.01176232099533081,
  "top_crop_semantic_drop": 0.002163797616958618
}
