{
  "budget": "existence_probe",
  "budget_max_disp_px": 8.0,
  "candidate_folder_abs": "/home/interns/Desktop/mat/phase2/outputs/phase2c_probe/semantic_heavy_cem/headphones_full/existence_probe/seed_00/candidates/cand_046_g03_m14",
  "candidate_index": 46,
  "candidate_name": "cand_046_g03_m14",
  "dct_modes": [
    [
      1,
      0
    ],
    [
      0,
      1
    ],
    [
      1,
      1
    ],
    [
      2,
      0
    ],
    [
      0,
      2
    ],
    [
      2,
      1
    ]
  ],
  "elapsed_seconds": 5.331094570457935,
  "generation": 3,
  "geometry_method": "region_local_tps",
  "initial_candidate": false,
  "input_l2": 0.014924290673558075,
  "input_max_abs": 0.49803924560546875,
  "input_mean_abs": 0.005194933619350195,
  "input_psnr": 36.522126019891715,
  "input_ssim": 0.9526835083961487,
  "max_disp_px": 1.5586316585540771,
  "max_disp_px_budget": 8.0,
  "mean_disp_px": 0.3417970836162567,
  "member": 14,
  "mesh_size": 4,
  "output_l2": 0.020951684989106364,
  "output_max_abs": 0.7411764860153198,
  "output_mean_abs": 0.01074430625885725,
  "output_psnr": 33.57562088398304,
  "output_ssim": 0.9388894438743591,
  "p95_disp_px": 1.1930030584335327,
  "phase": "phase2c_probe",
  "prompt": "add headphones",
  "prompt_priority": 1,
  "prompt_slug": "add_headphones",
  "region_count": 3,
  "region_key": "headphones_full",
  "scale_factor": 0.1988050639629364,
  "seed": 24002,
  "target_input_ssim": 0.86,
  "tps_size": 4
}
