{
  "displacement": {
    "budget_max_disp_px": 14.0,
    "max_disp_px": 9.976842880249023,
    "max_disp_px_budget": 14.0,
    "mean_disp_px": 3.441114902496338,
    "p95_disp_px": 8.036874771118164,
    "target_input_ssim": 0.78
  },
  "input": {
    "l2": 0.05090471993038456,
    "max_abs": 0.615686297416687,
    "mean_abs": 0.02866436541080475,
    "psnr": 25.864838952602124,
    "ssim": 0.7419640421867371
  },
  "output": {
    "l2": 0.05782677024879338,
    "max_abs": 0.7921568751335144,
    "mean_abs": 0.030466826632618904,
    "psnr": 24.75742126625635,
    "ssim": 0.7310072779655457
  }
}
