{
  "budget": "medium",
  "budget_max_disp_px": 4.0,
  "candidate_folder_abs": "/home/interns/Desktop/mat/phase3/outputs/breadth_probe/cases/face_002/igs_1p50/add_headphones/medium/seed_00/candidates/cand_012_g02_m04",
  "candidate_index": 12,
  "candidate_name": "cand_012_g02_m04",
  "dct_modes": [
    [
      1,
      0
    ],
    [
      0,
      1
    ],
    [
      1,
      1
    ],
    [
      2,
      0
    ],
    [
      0,
      2
    ],
    [
      2,
      1
    ]
  ],
  "elapsed_seconds": 4.8285921681672335,
  "generation": 2,
  "geometry_method": "region_local_tps",
  "initial_candidate": false,
  "input_l2": 0.02048967970451954,
  "input_max_abs": 0.5882353186607361,
  "input_mean_abs": 0.007182855159044266,
  "input_psnr": 33.76929660908392,
  "input_ssim": 0.9512712955474854,
  "max_disp_px": 1.8585271835327148,
  "max_disp_px_budget": 4.0,
  "mean_disp_px": 0.3530568480491638,
  "member": 4,
  "mesh_size": 4,
  "output_l2": 0.033488639594349716,
  "output_max_abs": 0.8470588326454163,
  "output_mean_abs": 0.013500850647687912,
  "output_psnr": 29.502049888060384,
  "output_ssim": 0.9217044711112976,
  "p95_disp_px": 1.4490922689437866,
  "phase": "phase3_breadth_probe",
  "prompt": "add headphones",
  "prompt_priority": 1,
  "prompt_slug": "add_headphones",
  "region_count": 3,
  "region_key": "headphones",
  "scale_factor": 0.4781450927257538,
  "seed": 34001,
  "target_input_ssim": 0.94,
  "tps_size": 4
}
