{
  "budget": "medium",
  "budget_max_disp_px": 4.0,
  "candidate_folder_abs": "/home/interns/Desktop/mat/phase2/outputs/phase2b_cem/add_headphones/medium/seed_00/candidates/cand_076_g05_m12",
  "candidate_index": 76,
  "candidate_name": "cand_076_g05_m12",
  "dct_modes": [
    [
      1,
      0
    ],
    [
      0,
      1
    ],
    [
      1,
      1
    ],
    [
      2,
      0
    ],
    [
      0,
      2
    ],
    [
      2,
      1
    ]
  ],
  "elapsed_seconds": 5.292247351258993,
  "generation": 5,
  "geometry_method": "combined_all",
  "initial_candidate": false,
  "input_l2": 0.012438627543569716,
  "input_max_abs": 0.32549023628234863,
  "input_mean_abs": 0.003894123015925288,
  "input_psnr": 38.104550725921186,
  "input_ssim": 0.9715709090232849,
  "max_disp_px": 1.8166624307632446,
  "max_disp_px_budget": 4.0,
  "mean_disp_px": 0.27402517199516296,
  "member": 12,
  "mesh_size": 4,
  "output_l2": 0.022177080401357612,
  "output_max_abs": 0.5882353186607361,
  "output_mean_abs": 0.010901532135903835,
  "output_psnr": 33.081912580364346,
  "output_ssim": 0.947130024433136,
  "p95_disp_px": 1.3489079475402832,
  "phase": "phase2b_cem",
  "prompt": "add headphones",
  "prompt_priority": 1,
  "prompt_slug": "add_headphones",
  "region_count": 3,
  "region_key": "headphones",
  "scale_factor": 0.4634343385696411,
  "seed": 23001,
  "target_input_ssim": 0.94,
  "tps_size": 4
}
