{
  "clean_clip_positive_margin": 0.027842342853546143,
  "clean_semantic_success_score": 0.027842342853546143,
  "clip_available": true,
  "clip_semantic_drop": -0.006661355495452881,
  "clip_warning": null,
  "decision_label": "metric_only_candidate",
  "decision_reasons": [
    "semantic_drop_nonpositive:-0.0067",
    "semantic_drop_nonpositive:-0.0067"
  ],
  "edit_failure_score": 0.0,
  "final_attack_score": 0.14157829717229448,
  "geometry_excess_penalty": 0.0,
  "geometry_excess_penalty_weight": 1.0,
  "identity_or_face_health_available": false,
  "input_damage_penalty": 0.0,
  "input_damage_penalty_weight": 3.0,
  "input_l2": 0.012438627543569716,
  "input_max_abs": 0.32549023628234863,
  "input_mean_abs": 0.003894123015925288,
  "input_preservation_score": 0.526181817054749,
  "input_psnr": 38.104550725921186,
  "input_ssim": 0.9715709090232849,
  "max_disp_px_budget": 4.0,
  "output_disruption_score": 0.14157829717229448,
  "output_disruption_weight": 1.0,
  "output_l2": 0.022177080401357612,
  "output_max_abs": 0.5882353186607361,
  "output_mean_abs": 0.010901532135903835,
  "output_psnr": 33.081912580364346,
  "output_ssim": 0.947130024433136,
  "perturbed_clip_positive_margin": 0.03450369834899902,
  "perturbed_semantic_success_score": 0.03450369834899902,
  "phase2_final_score": 0.14157829717229448,
  "phase2_output_disruption": 0.14157829717229448,
  "phase2_score_formula": "4*max(0,semantic_drop)+1*output_disruption-3*input_damage_penalty-1*geometry_excess_penalty",
  "semantic_drop": -0.006661355495452881,
  "semantic_drop_weight": 4.0,
  "target_input_ssim": 0.94
}
