{
  "displacement": {
    "budget_max_disp_px": 14.0,
    "max_disp_px": 9.716629028320312,
    "max_disp_px_budget": 14.0,
    "mean_disp_px": 1.476304054260254,
    "p95_disp_px": 3.721785068511963,
    "target_input_ssim": 0.78
  },
  "input": {
    "l2": 0.041329950533896584,
    "max_abs": 0.8078431487083435,
    "mean_abs": 0.019082732498645782,
    "psnr": 27.67470229014063,
    "ssim": 0.8524820804595947
  },
  "output": {
    "l2": 0.057082018399118035,
    "max_abs": 0.9843137264251709,
    "mean_abs": 0.02401600033044815,
    "psnr": 24.87001357586355,
    "ssim": 0.8372994065284729
  }
}
