{
  "clean_clip_positive_margin": 0.04767400026321411,
  "clean_semantic_success_score": 0.04767400026321411,
  "clip_available": true,
  "clip_semantic_drop": -0.0023952722549438477,
  "clip_warning": null,
  "crop_clip_available": false,
  "crop_clip_warning": null,
  "decision_label": "metric_only_candidate",
  "decision_reasons": [
    "semantic_drop_nonpositive:-0.0024",
    "semantic_drop_nonpositive:-0.0024"
  ],
  "edit_failure_score": 0.0,
  "final_attack_score": 0.2258399058120926,
  "full_image_semantic_drop": -0.0023952722549438477,
  "geometry_excess_penalty": 0.0,
  "geometry_excess_penalty_weight": 1.0,
  "identity_or_face_health_available": false,
  "input_damage_penalty": 0.0,
  "input_damage_penalty_weight": 3.0,
  "input_l2": 0.005130876837781192,
  "input_max_abs": 0.11764706671237946,
  "input_mean_abs": 0.0015104856574907899,
  "input_preservation_score": 0.9367243051528931,
  "input_psnr": 45.7961682015872,
  "input_ssim": 0.9936724305152893,
  "max_disp_px_budget": 6.0,
  "output_disruption_score": 0.2258399058120926,
  "output_disruption_weight": 1.0,
  "output_l2": 0.04321248652382393,
  "output_max_abs": 0.7882353067398071,
  "output_mean_abs": 0.019908882677555084,
  "output_psnr": 27.287814857757787,
  "output_ssim": 0.9470100402832031,
  "perturbed_clip_positive_margin": 0.05006927251815796,
  "perturbed_semantic_success_score": 0.05006927251815796,
  "phase2_final_score": 0.2258399058120926,
  "phase2_output_disruption": 0.2258399058120926,
  "phase2_score_formula": "4.0*max(0,semantic_drop)+1.0*output_disruption-3.0*input_damage_penalty-1.0*geometry_excess_penalty",
  "semantic_drop": -0.0023952722549438477,
  "semantic_drop_weight": 4.0,
  "target_input_ssim": 0.9
}
