{
  "displacement": {
    "foldover_fraction_det_below_0": 0.0,
    "jacobian_det_mean": 1.0,
    "jacobian_det_min": 0.973564624786377,
    "low_det_fraction_below_0p2": 0.0,
    "max_disp_px": 0.4440590441226959,
    "mean_disp_px": 0.08835211396217346,
    "p95_disp_px": 0.32608750462532043
  },
  "input": {
    "l2": 0.004826571059900058,
    "max_abs": 0.18431372940540314,
    "mean_abs": 0.0016375770792365074,
    "psnr": 46.327225909252476,
    "ssim": 0.9947774410247803
  },
  "output": {
    "l2": 0.013938879275078525,
    "max_abs": 0.40392160415649414,
    "mean_abs": 0.006532229017466307,
    "psnr": 37.11544286653295,
    "ssim": 0.9593971371650696
  }
}
