{
  "displacement": {
    "budget_max_disp_px": 14.0,
    "max_disp_px": 6.814083099365234,
    "max_disp_px_budget": 14.0,
    "mean_disp_px": 2.5823919773101807,
    "p95_disp_px": 5.23331356048584,
    "target_input_ssim": 0.78
  },
  "input": {
    "l2": 0.06689278746510931,
    "max_abs": 0.8823529481887817,
    "mean_abs": 0.03570960462093353,
    "psnr": 23.492414126845887,
    "ssim": 0.6674918532371521
  },
  "output": {
    "l2": 0.09310855571477918,
    "max_abs": 0.9019607901573181,
    "mean_abs": 0.04448219761252403,
    "psnr": 20.62020820013794,
    "ssim": 0.7070356011390686
  }
}
