{
  "displacement": {
    "budget_max_disp_px": 4.0,
    "max_disp_px": 3.9960007667541504,
    "max_disp_px_budget": 4.0,
    "mean_disp_px": 0.9645624160766602,
    "p95_disp_px": 3.996000051498413,
    "target_input_ssim": 0.94
  },
  "input": {
    "l2": 0.025645563712403584,
    "max_abs": 0.7529411911964417,
    "mean_abs": 0.00859023630619049,
    "psnr": 31.81975500625148,
    "ssim": 0.9132887721061707
  },
  "output": {
    "l2": 0.03241053003576302,
    "max_abs": 0.800000011920929,
    "mean_abs": 0.01650041900575161,
    "psnr": 29.786277330775228,
    "ssim": 0.9001728892326355
  }
}
