{
  "displacement": {
    "budget_max_disp_px": 6.0,
    "max_disp_px": 3.334113121032715,
    "max_disp_px_budget": 6.0,
    "mean_disp_px": 0.23314154148101807,
    "p95_disp_px": 1.9867223501205444,
    "target_input_ssim": 0.9
  },
  "input": {
    "l2": 0.018354189043923556,
    "max_abs": 0.8352941274642944,
    "mean_abs": 0.003712099278345704,
    "psnr": 34.725295989508325,
    "ssim": 0.9677998423576355
  },
  "output": {
    "l2": 0.0173347743284187,
    "max_abs": 0.5254902243614197,
    "mean_abs": 0.005556643474847078,
    "psnr": 35.221636156079505,
    "ssim": 0.9662430882453918
  }
}
