{
  "clean_clip_positive_margin": 0.027842342853546143,
  "clean_semantic_success_score": 0.027842342853546143,
  "clip_available": true,
  "clip_semantic_drop": -0.004839658737182617,
  "clip_warning": null,
  "crop_clip_available": true,
  "crop_clip_warning": null,
  "decision_label": "metric_only_candidate",
  "decision_reasons": [
    "semantic_drop_nonpositive:-0.0048",
    "semantic_drop_nonpositive:-0.0048"
  ],
  "edit_failure_score": 0.0,
  "final_attack_score": 0.030252312426514223,
  "full_image_semantic_drop": -0.004839658737182617,
  "geometry_excess_penalty": 0.0,
  "geometry_excess_penalty_weight": 0.75,
  "identity_or_face_health_available": false,
  "input_damage_penalty": 0.0,
  "input_damage_penalty_weight": 3.0,
  "input_l2": 0.01107071218971256,
  "input_max_abs": 0.6470588445663452,
  "input_mean_abs": 0.0021583903580904007,
  "input_preservation_score": 0.8548712049211775,
  "input_psnr": 39.11648879269974,
  "input_ssim": 0.9796819686889648,
  "left_crop_clean_margin": 0.02535329759120941,
  "left_crop_perturbed_margin": 0.025950148701667786,
  "left_crop_semantic_drop": -0.000596851110458374,
  "max_disp_px_budget": 8.0,
  "mean_crop_margin": 0.015079955259958902,
  "mean_crop_semantic_drop": 0.003031313419342041,
  "min_crop_margin": -0.003791794180870056,
  "min_crop_semantic_drop": -0.0015999823808670044,
  "output_disruption_score": 0.12100924970605689,
  "output_disruption_weight": 0.25,
  "output_l2": 0.021393467788643435,
  "output_max_abs": 0.7607843279838562,
  "output_mean_abs": 0.006730911787599325,
  "output_psnr": 33.39437624928543,
  "output_ssim": 0.9645646214485168,
  "perturbed_clip_positive_margin": 0.03268200159072876,
  "perturbed_semantic_success_score": 0.03268200159072876,
  "phase2_final_score": 0.030252312426514223,
  "phase2_output_disruption": 0.12100924970605689,
  "phase2_score_formula": "8.0*max(0,semantic_drop)+0.25*output_disruption-3.0*input_damage_penalty-0.75*geometry_excess_penalty",
  "right_crop_clean_margin": 0.021481528878211975,
  "right_crop_perturbed_margin": 0.02308151125907898,
  "right_crop_semantic_drop": -0.0015999823808670044,
  "semantic_drop": -0.004839658737182617,
  "semantic_drop_weight": 8.0,
  "target_input_ssim": 0.86,
  "top_crop_clean_margin": 0.007498979568481445,
  "top_crop_perturbed_margin": -0.003791794180870056,
  "top_crop_semantic_drop": 0.011290773749351501
}
