{
  "geometry_info": {
    "action_names": [
      "mouth_corner_raise",
      "mouth_corner_lower",
      "mouth_width_expand",
      "mouth_width_compress",
      "chin_raise",
      "chin_lower"
    ],
    "action_strength": 0.72,
    "action_values": {
      "chin_lower": -0.179972223356818,
      "chin_raise": 0.10843381109516893,
      "mouth_corner_lower": -0.16180467547601798,
      "mouth_corner_raise": -0.2857558172526008,
      "mouth_width_compress": 0.16163823328550558,
      "mouth_width_expand": 0.3397274986055135
    },
    "active_actions": {
      "chin_lower": -0.179972223356818,
      "chin_raise": 0.10843381109516893,
      "mouth_corner_lower": -0.16180467547601798,
      "mouth_corner_raise": -0.2857558172526008,
      "mouth_width_compress": 0.16163823328550558,
      "mouth_width_expand": 0.3397274986055135
    },
    "active_anchor_count": 4,
    "control_point_count": 12,
    "geometry_method": "landmark_piecewise_affine",
    "max_disp_px_budget": 8.0,
    "scale_factor": 0.35901733322623086,
    "source_control_points": [
      [
        204.8000030517578,
        335.3599853515625
      ],
      [
        307.20001220703125,
        335.3599853515625
      ],
      [
        256.0,
        419.8399963378906
      ],
      [
        256.0,
        376.32000732421875
      ],
      [
        0.0,
        0.0
      ],
      [
        511.0,
        0.0
      ],
      [
        0.0,
        511.0
      ],
      [
        511.0,
        511.0
      ],
      [
        256.0,
        0.0
      ],
      [
        256.0,
        511.0
      ],
      [
        0.0,
        256.0
      ],
      [
        511.0,
        256.0
      ]
    ],
    "target_control_points": [
      [
        203.7742156982422,
        336.0739440917969
      ],
      [
        308.2257995605469,
        336.0739440917969
      ],
      [
        256.0,
        418.17877197265625
      ],
      [
        256.0,
        375.4894104003906
      ],
      [
        0.0,
        0.0
      ],
      [
        511.0,
        0.0
      ],
      [
        0.0,
        511.0
      ],
      [
        511.0,
        511.0
      ],
      [
        256.0,
        0.0
      ],
      [
        256.0,
        511.0
      ],
      [
        0.0,
        256.0
      ],
      [
        511.0,
        256.0
      ]
    ],
    "tps_regularization": 0.0001
  },
  "names": [
    "scale_logit",
    "action_mouth_corner_raise",
    "action_mouth_corner_lower",
    "action_mouth_width_expand",
    "action_mouth_width_compress",
    "action_chin_raise",
    "action_chin_lower"
  ],
  "values": [
    -0.6969946026802063,
    -1.08743155002594,
    -0.48556286096572876,
    1.794853687286377,
    0.4849812388420105,
    0.31175127625465393,
    -0.5510292053222656
  ]
}
