{
  "budget": "strong",
  "budget_max_disp_px": 8.0,
  "candidate_folder_abs": "/home/interns/Desktop/mat/phase4/outputs/phase4c_real_landmark_sanity/cases/face_001/igs_1p50/make_the_person_smile_slightly/strong/seed_00/candidates/cand_008_g01_m08",
  "candidate_index": 8,
  "candidate_name": "cand_008_g01_m08",
  "case_id": "face_001__make_the_person_smile_slightly__igs_1p50",
  "elapsed_seconds": 5.533623876050115,
  "face_id": "face_001",
  "generation": 1,
  "geometry_method": "landmark_semantic_tps",
  "guidance_scale": 7.5,
  "image_guidance_scale": 1.5,
  "initial_candidate": false,
  "input_l2": 0.025684826652683863,
  "input_max_abs": 0.886274516582489,
  "input_mean_abs": 0.010701431892812252,
  "input_psnr": 31.80646721980662,
  "input_ssim": 0.9053600430488586,
  "landmark_count": 478,
  "landmark_detector": "mediapipe_python_solutions_face_mesh",
  "max_disp_px": 2.2853612899780273,
  "max_disp_px_budget": 8.0,
  "mean_disp_px": 0.8357473611831665,
  "member": 8,
  "output_l2": 0.03393730666722857,
  "output_max_abs": 0.9215686321258545,
  "output_mean_abs": 0.016090484336018562,
  "output_psnr": 29.38645254264982,
  "output_ssim": 0.8987217545509338,
  "p95_disp_px": 2.0578088760375977,
  "phase": "phase4c_real_landmark_sanity",
  "prompt": "make the person smile slightly",
  "prompt_slug": "make_the_person_smile_slightly",
  "prompt_type": "smile",
  "real_landmarks": true,
  "seed": 48001,
  "target_input_ssim": 0.88,
  "theta_names": [
    "scale_logit",
    "action_mouth_corner_raise",
    "action_mouth_corner_lower",
    "action_mouth_width_expand",
    "action_mouth_width_compress",
    "action_chin_raise",
    "action_chin_lower"
  ],
  "theta_values": [
    0.4319218397140503,
    0.6360474824905396,
    1.5529863834381104,
    0.4253629446029663,
    0.4735426604747772,
    -0.4366176128387451,
    -0.312107115983963
  ]
}
