{
  "displacement": {
    "budget_max_disp_px": 6.0,
    "max_disp_px": 3.8018863201141357,
    "max_disp_px_budget": 6.0,
    "mean_disp_px": 0.15638551115989685,
    "p95_disp_px": 1.1736575365066528,
    "target_input_ssim": 0.9
  },
  "input": {
    "l2": 0.008869605925372987,
    "max_abs": 0.4431372880935669,
    "mean_abs": 0.0013661854900419712,
    "psnr": 41.04191350694578,
    "ssim": 0.9931156039237976
  },
  "output": {
    "l2": 0.03226371992735636,
    "max_abs": 0.843137264251709,
    "mean_abs": 0.011363045312464237,
    "psnr": 29.825711219544836,
    "ssim": 0.9528565406799316
  }
}
