{
  "budget": "strong",
  "budget_max_disp_px": 8.0,
  "candidate_folder_abs": "/home/interns/Desktop/mat/phase4/outputs/phase4a_existence_probe/cases/face_003/igs_1p50/add_headphones/strong/seed_00/candidates/cand_023_g02_m03",
  "candidate_index": 23,
  "candidate_name": "cand_023_g02_m03",
  "case_id": "face_003__add_headphones__igs_1p50",
  "elapsed_seconds": 2.612328251823783,
  "face_id": "face_003",
  "generation": 2,
  "geometry_method": "landmark_piecewise_affine",
  "guidance_scale": 7.5,
  "image_guidance_scale": 1.5,
  "initial_candidate": false,
  "input_l2": 0.012194602718957358,
  "input_max_abs": 0.2352941334247589,
  "input_mean_abs": 0.006060443818569183,
  "input_psnr": 38.27664687506577,
  "input_ssim": 0.9644870758056641,
  "max_disp_px": 1.8341004848480225,
  "max_disp_px_budget": 8.0,
  "mean_disp_px": 0.41718897223472595,
  "member": 3,
  "output_l2": 0.030825931083168005,
  "output_max_abs": 0.8745098114013672,
  "output_mean_abs": 0.013421680778265,
  "output_psnr": 30.22167593735334,
  "output_ssim": 0.9178025126457214,
  "p95_disp_px": 1.1401139497756958,
  "phase": "phase4a_existence_probe",
  "prompt": "add headphones",
  "prompt_slug": "add_headphones",
  "prompt_type": "headphones",
  "seed": 46001,
  "target_input_ssim": 0.88,
  "theta_names": [
    "scale_logit",
    "action_face_side_push_left",
    "action_face_side_push_right",
    "action_head_top_raise",
    "action_head_top_lower",
    "action_jaw_expand",
    "action_jaw_compress",
    "action_asymmetry_twist"
  ],
  "theta_values": [
    -0.8267396688461304,
    0.630438506603241,
    0.34440651535987854,
    -0.5416162014007568,
    -0.8977838754653931,
    -0.17698527872562408,
    -0.22285957634449005,
    -1.094556212425232
  ]
}
