{
  "budget": "strong",
  "budget_max_disp_px": 8.0,
  "candidate_folder_abs": "/home/interns/Desktop/mat/phase4/outputs/phase4c_real_landmark_sanity/cases/face_003/igs_1p50/add_headphones/strong/seed_00/candidates/cand_001_g01_m01",
  "candidate_index": 1,
  "candidate_name": "cand_001_g01_m01",
  "case_id": "face_003__add_headphones__igs_1p50",
  "elapsed_seconds": 5.388258531689644,
  "face_id": "face_003",
  "generation": 1,
  "geometry_method": "landmark_piecewise_affine",
  "guidance_scale": 7.5,
  "image_guidance_scale": 1.5,
  "initial_candidate": false,
  "input_l2": 0.032357628489230884,
  "input_max_abs": 0.5058823823928833,
  "input_mean_abs": 0.016441481187939644,
  "input_psnr": 29.800466312136056,
  "input_ssim": 0.8569738268852234,
  "landmark_count": 478,
  "landmark_detector": "mediapipe_python_solutions_face_mesh",
  "max_disp_px": 4.354330062866211,
  "max_disp_px_budget": 8.0,
  "mean_disp_px": 1.3086133003234863,
  "member": 1,
  "output_l2": 0.051128994104830267,
  "output_max_abs": 0.929411768913269,
  "output_mean_abs": 0.024092325940728188,
  "output_psnr": 25.82665502715079,
  "output_ssim": 0.8195165991783142,
  "p95_disp_px": 3.1015841960906982,
  "phase": "phase4c_real_landmark_sanity",
  "prompt": "add headphones",
  "prompt_slug": "add_headphones",
  "prompt_type": "headphones",
  "real_landmarks": true,
  "seed": 44001,
  "target_input_ssim": 0.88,
  "theta_names": [
    "scale_logit",
    "action_face_side_push_left",
    "action_face_side_push_right",
    "action_head_top_raise",
    "action_head_top_lower",
    "action_jaw_expand",
    "action_jaw_compress",
    "action_asymmetry_twist"
  ],
  "theta_values": [
    -0.1407720148563385,
    -0.027263406664133072,
    0.2095479667186737,
    -0.6641787886619568,
    0.7402257919311523,
    -1.4744715690612793,
    0.40127795934677124,
    -1.5836689472198486
  ]
}
