{
  "geometry_info": {
    "action_names": [
      "eye_spread",
      "eye_compress",
      "eye_squint",
      "eye_raise_left",
      "eye_raise_right",
      "nose_bridge_shift_x",
      "asymmetry_twist"
    ],
    "action_strength": 0.72,
    "action_values": {
      "asymmetry_twist": -0.30028973748292626,
      "eye_compress": -0.33125954751916936,
      "eye_raise_left": 0.2883030070660508,
      "eye_raise_right": 0.35005065034833976,
      "eye_spread": 0.1267256412764631,
      "eye_squint": 0.0042719132026226405,
      "nose_bridge_shift_x": -0.049277515763077866
    },
    "active_actions": {
      "asymmetry_twist": -0.30028973748292626,
      "eye_compress": -0.33125954751916936,
      "eye_raise_left": 0.2883030070660508,
      "eye_raise_right": 0.35005065034833976,
      "eye_spread": 0.1267256412764631,
      "eye_squint": 0.0042719132026226405,
      "nose_bridge_shift_x": -0.049277515763077866
    },
    "active_anchor_count": 13,
    "control_point_count": 21,
    "geometry_method": "landmark_semantic_tps",
    "max_disp_px_budget": 8.0,
    "scale_factor": 0.4069212891160325,
    "source_control_points": [
      [
        212.48001098632812,
        217.60000610351562
      ],
      [
        184.32000732421875,
        217.60000610351562
      ],
      [
        299.5199890136719,
        217.60000610351562
      ],
      [
        327.67999267578125,
        217.60000610351562
      ],
      [
        212.48001098632812,
        199.67999267578125
      ],
      [
        212.48001098632812,
        235.52000427246094
      ],
      [
        299.5199890136719,
        199.67999267578125
      ],
      [
        299.5199890136719,
        235.52000427246094
      ],
      [
        256.0,
        263.67999267578125
      ],
      [
        112.63999938964844,
        248.3199920654297
      ],
      [
        174.0800018310547,
        394.239990234375
      ],
      [
        399.3599853515625,
        248.3199920654297
      ],
      [
        337.9200134277344,
        394.239990234375
      ],
      [
        0.0,
        0.0
      ],
      [
        511.0,
        0.0
      ],
      [
        0.0,
        511.0
      ],
      [
        511.0,
        511.0
      ],
      [
        256.0,
        0.0
      ],
      [
        256.0,
        511.0
      ],
      [
        0.0,
        256.0
      ],
      [
        511.0,
        256.0
      ]
    ],
    "target_control_points": [
      [
        209.84201049804688,
        215.9393768310547
      ],
      [
        181.6820068359375,
        217.60000610351562
      ],
      [
        302.1579895019531,
        215.58370971679688
      ],
      [
        330.3179931640625,
        217.60000610351562
      ],
      [
        212.48001098632812,
        198.04397583007812
      ],
      [
        212.48001098632812,
        234.6650848388672
      ],
      [
        299.5199890136719,
        197.6883087158203
      ],
      [
        299.5199890136719,
        234.4872589111328
      ],
      [
        255.71615600585938,
        263.67999267578125
      ],
      [
        112.63999938964844,
        250.04966735839844
      ],
      [
        174.0800018310547,
        395.1048278808594
      ],
      [
        399.3599853515625,
        246.59031677246094
      ],
      [
        337.9200134277344,
        393.3751525878906
      ],
      [
        0.0,
        0.0
      ],
      [
        511.0,
        0.0
      ],
      [
        0.0,
        511.0
      ],
      [
        511.0,
        511.0
      ],
      [
        256.0,
        0.0
      ],
      [
        256.0,
        511.0
      ],
      [
        0.0,
        256.0
      ],
      [
        511.0,
        256.0
      ]
    ],
    "tps_regularization": 0.0001
  },
  "names": [
    "scale_logit",
    "action_eye_spread",
    "action_eye_compress",
    "action_eye_squint",
    "action_eye_raise_left",
    "action_eye_raise_right",
    "action_nose_bridge_shift_x",
    "action_asymmetry_twist"
  ],
  "values": [
    -0.5264943242073059,
    0.3221231698989868,
    -1.1389580965042114,
    0.01049851719290018,
    0.8841619491577148,
    1.2942734956741333,
    -0.1216956228017807,
    -0.9459748268127441
  ]
}
