{
  "clean_clip_positive_margin": 0.05116361379623413,
  "clean_semantic_success_score": 0.05116361379623413,
  "clip_available": true,
  "clip_semantic_drop": 2.950429916381836e-05,
  "clip_warning": null,
  "crop_clip_available": true,
  "crop_clip_warning": null,
  "decision_label": "reject_input_damage",
  "decision_reasons": [
    "input_ssim_below_target:0.6982<0.8800",
    "semantic_drop_small:0.0000"
  ],
  "edit_failure_score": 2.950429916381836e-05,
  "final_attack_score": -4.075915817430157,
  "full_image_semantic_drop": 2.950429916381836e-05,
  "geometry_excess_penalty": 0.0,
  "geometry_excess_penalty_weight": 0.75,
  "identity_or_face_health_available": false,
  "input_damage_penalty": 1.454146900177002,
  "input_damage_penalty_weight": 3.0,
  "input_l2": 0.059056049734558844,
  "input_max_abs": 0.8588235378265381,
  "input_mean_abs": 0.03275537118315697,
  "input_preservation_score": 0.0,
  "input_psnr": 24.574712128068818,
  "input_ssim": 0.6982316374778748,
  "left_crop_clean_margin": 0.024231508374214172,
  "left_crop_perturbed_margin": 0.02510865032672882,
  "left_crop_semantic_drop": -0.0008771419525146484,
  "max_disp_px_budget": 8.0,
  "mean_crop_margin": 0.013261546691258749,
  "mean_crop_semantic_drop": -0.0011380761861801147,
  "min_crop_margin": -0.008156880736351013,
  "min_crop_semantic_drop": -0.005135640501976013,
  "output_disruption_score": 0.5725776974150772,
  "output_disruption_weight": 0.5,
  "output_l2": 0.08043945888154794,
  "output_max_abs": 0.8823529481887817,
  "output_mean_abs": 0.041950296610593796,
  "output_psnr": 21.890617191527852,
  "output_ssim": 0.7491801381111145,
  "perturbed_clip_positive_margin": 0.05113410949707031,
  "perturbed_semantic_success_score": 0.05113410949707031,
  "phase2_final_score": -4.075915817430157,
  "phase2_output_disruption": 0.5725776974150772,
  "phase2_score_formula": "8.0*max(0,semantic_drop)+0.5*output_disruption-3.0*input_damage_penalty-0.75*geometry_excess_penalty",
  "phase4_budget_name": "strong",
  "phase4_final_score": -4.075915817430157,
  "phase4_score_formula": "8.0*max(0,semantic_drop)+0.5*output_disruption-3.0*input_damage_penalty-0.75*geometry_excess_penalty",
  "right_crop_clean_margin": 0.025431424379348755,
  "right_crop_perturbed_margin": 0.022832870483398438,
  "right_crop_semantic_drop": 0.0025985538959503174,
  "semantic_drop": 2.950429916381836e-05,
  "semantic_drop_weight": 8.0,
  "target_input_ssim": 0.88,
  "top_crop_clean_margin": -0.013292521238327026,
  "top_crop_perturbed_margin": -0.008156880736351013,
  "top_crop_semantic_drop": -0.005135640501976013
}
