{
  "clean_clip_positive_margin": 0.029749155044555664,
  "clean_semantic_success_score": 0.029749155044555664,
  "clip_available": true,
  "clip_semantic_drop": -0.0003426074981689453,
  "clip_warning": null,
  "crop_clip_available": false,
  "crop_clip_warning": null,
  "decision_label": "metric_only_candidate",
  "decision_reasons": [
    "semantic_drop_nonpositive:-0.0003",
    "semantic_drop_nonpositive:-0.0003"
  ],
  "edit_failure_score": 0.0,
  "final_attack_score": 0.15657799175947068,
  "full_image_semantic_drop": -0.0003426074981689453,
  "geometry_excess_penalty": 0.0,
  "geometry_excess_penalty_weight": 1.0,
  "identity_or_face_health_available": false,
  "input_damage_penalty": 0.0,
  "input_damage_penalty_weight": 3.0,
  "input_l2": 0.014376396600988658,
  "input_max_abs": 0.615686297416687,
  "input_mean_abs": 0.0031129212584346533,
  "input_preservation_score": 0.7528618574142456,
  "input_psnr": 36.84699909744039,
  "input_ssim": 0.9752861857414246,
  "max_disp_px_budget": 6.0,
  "output_disruption_score": 0.15657799175947068,
  "output_disruption_weight": 1.0,
  "output_l2": 0.02534971816234081,
  "output_max_abs": 0.6745098233222961,
  "output_mean_abs": 0.009732447564601898,
  "output_psnr": 31.92053729562324,
  "output_ssim": 0.9448208808898926,
  "perturbed_clip_positive_margin": 0.03009176254272461,
  "perturbed_semantic_success_score": 0.03009176254272461,
  "phase2_final_score": 0.15657799175947068,
  "phase2_output_disruption": 0.15657799175947068,
  "phase2_score_formula": "4.0*max(0,semantic_drop)+1.0*output_disruption-3.0*input_damage_penalty-1.0*geometry_excess_penalty",
  "semantic_drop": -0.0003426074981689453,
  "semantic_drop_weight": 4.0,
  "target_input_ssim": 0.9
}
