{
  "action_names": [
    "face_side_push_left",
    "face_side_push_right",
    "head_top_raise",
    "head_top_lower",
    "jaw_expand",
    "jaw_compress",
    "asymmetry_twist"
  ],
  "action_strength": 0.72,
  "action_values": {
    "asymmetry_twist": 0.35522220908110114,
    "face_side_push_left": -0.36348985406694473,
    "face_side_push_right": -0.2718276963961415,
    "head_top_lower": -0.6687359341097983,
    "head_top_raise": -0.3146488115345805,
    "jaw_compress": -0.5779871711565354,
    "jaw_expand": 0.1610883076866024
  },
  "active_actions": {
    "asymmetry_twist": 0.35522220908110114,
    "face_side_push_left": -0.36348985406694473,
    "face_side_push_right": -0.2718276963961415,
    "head_top_lower": -0.6687359341097983,
    "head_top_raise": -0.3146488115345805,
    "jaw_compress": -0.5779871711565354,
    "jaw_expand": 0.1610883076866024
  },
  "active_anchor_count": 7,
  "control_point_count": 15,
  "geometry_method": "landmark_piecewise_affine",
  "max_disp_px_budget": 14.0,
  "scale_factor": 0.7131582696882901,
  "source_control_points": [
    [
      112.63999938964844,
      248.3199920654297
    ],
    [
      112.63999938964844,
      253.44000244140625
    ],
    [
      399.3599853515625,
      248.3199920654297
    ],
    [
      399.3599853515625,
      253.44000244140625
    ],
    [
      256.0,
      87.04000091552734
    ],
    [
      174.0800018310547,
      394.239990234375
    ],
    [
      337.9200134277344,
      394.239990234375
    ],
    [
      0.0,
      0.0
    ],
    [
      511.0,
      0.0
    ],
    [
      0.0,
      511.0
    ],
    [
      511.0,
      511.0
    ],
    [
      256.0,
      0.0
    ],
    [
      256.0,
      511.0
    ],
    [
      0.0,
      256.0
    ],
    [
      511.0,
      256.0
    ]
  ],
  "target_control_points": [
    [
      116.3039779663086,
      244.73934936523438
    ],
    [
      115.38798522949219,
      253.44000244140625
    ],
    [
      396.6199645996094,
      251.900634765625
    ],
    [
      397.3049621582031,
      253.44000244140625
    ],
    [
      256.0,
      83.4708023071289
    ],
    [
      166.630126953125,
      392.4496765136719
    ],
    [
      345.3699035644531,
      396.0303039550781
    ],
    [
      0.0,
      0.0
    ],
    [
      511.0,
      0.0
    ],
    [
      0.0,
      511.0
    ],
    [
      511.0,
      511.0
    ],
    [
      256.0,
      0.0
    ],
    [
      256.0,
      511.0
    ],
    [
      0.0,
      256.0
    ],
    [
      511.0,
      256.0
    ]
  ],
  "tps_regularization": 0.0001
}
