{
  "best_folder": "phase2/outputs/phase2c_probe/semantic_heavy_cem/headphones_ear_tight/strong/seed_00/candidates/cand_062_g04_m14",
  "budget": "strong",
  "budget_max_disp_px": 6.0,
  "candidate_folder": "phase2/outputs/phase2c_probe/semantic_heavy_cem/headphones_ear_tight/strong/seed_00/candidates/cand_062_g04_m14",
  "candidate_index": 62,
  "candidate_name": "cand_062_g04_m14",
  "clean_clip_positive_margin": 0.027842342853546143,
  "clean_semantic_success_score": 0.027842342853546143,
  "clip_available": true,
  "clip_semantic_drop": 0.02327248454093933,
  "clip_warning": null,
  "crop_clip_available": true,
  "crop_clip_warning": null,
  "dct_modes": [
    [
      1,
      0
    ],
    [
      0,
      1
    ],
    [
      1,
      1
    ],
    [
      2,
      0
    ],
    [
      0,
      2
    ],
    [
      2,
      1
    ]
  ],
  "decision_label": "weak_candidate",
  "decision_reasons": [],
  "edit_failure_score": 0.02327248454093933,
  "elapsed_seconds": 4.986587272956967,
  "final_attack_score": 0.20602883523738524,
  "full_image_semantic_drop": 0.02327248454093933,
  "generation": 4,
  "geometry_excess_penalty": 0.0,
  "geometry_excess_penalty_weight": 0.75,
  "geometry_method": "region_local_tps",
  "identity_or_face_health_available": false,
  "initial_candidate": false,
  "input_damage_penalty": 0.0,
  "input_damage_penalty_weight": 3.0,
  "input_l2": 0.005279575469064475,
  "input_max_abs": 0.4000000059604645,
  "input_mean_abs": 0.0011679006274789572,
  "input_preservation_score": 0.903838038444519,
  "input_psnr": 45.548019954078136,
  "input_ssim": 0.9903838038444519,
  "left_crop_clean_margin": 0.02535329759120941,
  "left_crop_perturbed_margin": 0.023198723793029785,
  "left_crop_semantic_drop": 0.0021545737981796265,
  "max_disp_px": 1.5363088846206665,
  "max_disp_px_budget": 6.0,
  "mean_crop_margin": 0.013815095027287802,
  "mean_crop_semantic_drop": 0.004296173652013143,
  "mean_disp_px": 0.12191546708345413,
  "member": 14,
  "mesh_size": 4,
  "min_crop_margin": 0.0010827332735061646,
  "min_crop_semantic_drop": 0.0021545737981796265,
  "output_disruption_score": 0.07939583563948233,
  "output_disruption_weight": 0.25,
  "output_l2": 0.013500483096004922,
  "output_max_abs": 0.7372549176216125,
  "output_mean_abs": 0.005659364629536867,
  "output_psnr": 37.39301381206238,
  "output_ssim": 0.9746060967445374,
  "p95_disp_px": 1.0557336807250977,
  "path_flow": "phase2/outputs/phase2c_probe/semantic_heavy_cem/headphones_ear_tight/strong/seed_00/candidates/cand_062_g04_m14/flow.png",
  "path_original": "phase2/outputs/phase2c_probe/semantic_heavy_cem/headphones_ear_tight/strong/seed_00/candidates/cand_062_g04_m14/original.png",
  "path_original_edited": "phase2/outputs/phase2c_probe/semantic_heavy_cem/headphones_ear_tight/strong/seed_00/candidates/cand_062_g04_m14/original_edited.png",
  "path_perturbed": "phase2/outputs/phase2c_probe/semantic_heavy_cem/headphones_ear_tight/strong/seed_00/candidates/cand_062_g04_m14/perturbed.png",
  "path_perturbed_edited": "phase2/outputs/phase2c_probe/semantic_heavy_cem/headphones_ear_tight/strong/seed_00/candidates/cand_062_g04_m14/perturbed_edited.png",
  "perturbed_clip_positive_margin": 0.0045698583126068115,
  "perturbed_semantic_success_score": 0.0045698583126068115,
  "phase": "phase2c_probe",
  "phase2_final_score": 0.20602883523738524,
  "phase2_output_disruption": 0.07939583563948233,
  "phase2_score_formula": "8.0*max(0,semantic_drop)+0.25*output_disruption-3.0*input_damage_penalty-0.75*geometry_excess_penalty",
  "prompt": "add headphones",
  "prompt_priority": 1,
  "prompt_slug": "add_headphones",
  "region_count": 2,
  "region_key": "headphones_ear_tight",
  "right_crop_clean_margin": 0.021481528878211975,
  "right_crop_perturbed_margin": 0.017163828015327454,
  "right_crop_semantic_drop": 0.0043177008628845215,
  "scale_factor": 0.26155418157577515,
  "seed": 24201,
  "semantic_drop": 0.02327248454093933,
  "semantic_drop_weight": 8.0,
  "target_input_ssim": 0.9,
  "top_crop_clean_margin": 0.007498979568481445,
  "top_crop_perturbed_margin": 0.0010827332735061646,
  "top_crop_semantic_drop": 0.006416246294975281,
  "tps_size": 4
}
