{
  "budget": "strong",
  "budget_max_disp_px": 8.0,
  "candidate_folder_abs": "/home/interns/Desktop/mat/phase4/outputs/phase4a_existence_probe/cases/face_002/igs_1p50/add_black_sunglasses/strong/seed_00/candidates/cand_033_g02_m13",
  "candidate_index": 33,
  "candidate_name": "cand_033_g02_m13",
  "case_id": "face_002__add_black_sunglasses__igs_1p50",
  "elapsed_seconds": 2.533084290102124,
  "face_id": "face_002",
  "generation": 2,
  "geometry_method": "landmark_piecewise_affine",
  "guidance_scale": 7.5,
  "image_guidance_scale": 1.5,
  "initial_candidate": false,
  "input_l2": 0.02642101405373471,
  "input_max_abs": 0.6196078658103943,
  "input_mean_abs": 0.012669873423874378,
  "input_psnr": 31.56101035858587,
  "input_ssim": 0.9156470894813538,
  "max_disp_px": 3.9292497634887695,
  "max_disp_px_budget": 8.0,
  "mean_disp_px": 0.9090065956115723,
  "member": 13,
  "output_l2": 0.032886954471415306,
  "output_max_abs": 0.8274509906768799,
  "output_mean_abs": 0.0176231749355793,
  "output_psnr": 29.659526858410064,
  "output_ssim": 0.8915016651153564,
  "p95_disp_px": 2.2176473140716553,
  "phase": "phase4a_existence_probe",
  "prompt": "add black sunglasses",
  "prompt_slug": "add_black_sunglasses",
  "prompt_type": "glasses",
  "seed": 42001,
  "target_input_ssim": 0.88,
  "theta_names": [
    "scale_logit",
    "action_eye_spread",
    "action_eye_compress",
    "action_eye_squint",
    "action_eye_raise_left",
    "action_eye_raise_right",
    "action_nose_bridge_shift_x",
    "action_asymmetry_twist"
  ],
  "theta_values": [
    1.1372720003128052,
    1.0110821723937988,
    0.5674729943275452,
    0.11970360577106476,
    -0.28697171807289124,
    0.8626782298088074,
    0.38878148794174194,
    0.6684673428535461
  ]
}
