{
  "budget": "medium",
  "budget_max_disp_px": 4.0,
  "candidate_folder_abs": "/home/interns/Desktop/mat/phase3/outputs/breadth_probe/cases/face_003/igs_1p00/add_a_small_beard/medium/seed_00/candidates/cand_014_g02_m06",
  "candidate_index": 14,
  "candidate_name": "cand_014_g02_m06",
  "dct_modes": [
    [
      1,
      0
    ],
    [
      0,
      1
    ],
    [
      1,
      1
    ],
    [
      2,
      0
    ],
    [
      0,
      2
    ],
    [
      2,
      1
    ]
  ],
  "elapsed_seconds": 4.827265856787562,
  "generation": 2,
  "geometry_method": "region_local_tps",
  "initial_candidate": false,
  "input_l2": 0.014296935222549706,
  "input_max_abs": 0.44705885648727417,
  "input_mean_abs": 0.0033440429251641035,
  "input_psnr": 36.89514101096036,
  "input_ssim": 0.9713857769966125,
  "max_disp_px": 3.5920331478118896,
  "max_disp_px_budget": 4.0,
  "mean_disp_px": 0.4467674791812897,
  "member": 6,
  "mesh_size": 4,
  "output_l2": 0.017501725460089806,
  "output_max_abs": 0.32549020648002625,
  "output_mean_abs": 0.00933521706610918,
  "output_psnr": 35.13838265958189,
  "output_ssim": 0.9483208656311035,
  "p95_disp_px": 3.1564860343933105,
  "phase": "phase3_breadth_probe",
  "prompt": "add a small beard",
  "prompt_priority": 4,
  "prompt_slug": "add_a_small_beard",
  "region_count": 1,
  "region_key": "beard",
  "scale_factor": 0.9679238796234131,
  "seed": 40001,
  "target_input_ssim": 0.94,
  "tps_size": 4
}
