{
  "budget": "existence_probe",
  "budget_max_disp_px": 8.0,
  "candidate_folder_abs": "/home/interns/Desktop/mat/phase2/outputs/phase2c_probe/semantic_heavy_cem/headphones_ear_tight/existence_probe/seed_00/candidates/cand_039_g03_m07",
  "candidate_index": 39,
  "candidate_name": "cand_039_g03_m07",
  "dct_modes": [
    [
      1,
      0
    ],
    [
      0,
      1
    ],
    [
      1,
      1
    ],
    [
      2,
      0
    ],
    [
      0,
      2
    ],
    [
      2,
      1
    ]
  ],
  "elapsed_seconds": 5.137666780501604,
  "generation": 3,
  "geometry_method": "region_local_tps",
  "initial_candidate": false,
  "input_l2": 0.007920050632480274,
  "input_max_abs": 0.7254902124404907,
  "input_mean_abs": 0.0016671725315973163,
  "input_psnr": 42.0254408395826,
  "input_ssim": 0.9858562350273132,
  "max_disp_px": 4.749610424041748,
  "max_disp_px_budget": 8.0,
  "mean_disp_px": 0.30022042989730835,
  "member": 7,
  "mesh_size": 4,
  "output_l2": 0.01794069035795309,
  "output_max_abs": 0.7215686440467834,
  "output_mean_abs": 0.006434247363358736,
  "output_psnr": 34.92321698628337,
  "output_ssim": 0.9703559875488281,
  "p95_disp_px": 2.8052515983581543,
  "phase": "phase2c_probe",
  "prompt": "add headphones",
  "prompt_priority": 1,
  "prompt_slug": "add_headphones",
  "region_count": 2,
  "region_key": "headphones_ear_tight",
  "scale_factor": 0.6183586120605469,
  "seed": 24202,
  "target_input_ssim": 0.86,
  "tps_size": 4
}
