{
  "budget": "strong",
  "budget_max_disp_px": 8.0,
  "candidate_folder_abs": "/home/interns/Desktop/mat/phase4/outputs/phase4a_existence_probe/cases/face_007/igs_1p00/make_the_person_smile_slightly/strong/seed_00/candidates/cand_031_g02_m11",
  "candidate_index": 31,
  "candidate_name": "cand_031_g02_m11",
  "case_id": "face_007__make_the_person_smile_slightly__igs_1p00",
  "elapsed_seconds": 2.7036169320344925,
  "face_id": "face_007",
  "generation": 2,
  "geometry_method": "landmark_semantic_tps",
  "guidance_scale": 7.5,
  "image_guidance_scale": 1.0,
  "initial_candidate": false,
  "input_l2": 0.029868066217568733,
  "input_max_abs": 0.6509804129600525,
  "input_mean_abs": 0.012975096702575684,
  "input_psnr": 30.495857890217795,
  "input_ssim": 0.9028436541557312,
  "max_disp_px": 2.4938740730285645,
  "max_disp_px_budget": 8.0,
  "mean_disp_px": 0.8859497904777527,
  "member": 11,
  "output_l2": 0.04660715629151239,
  "output_max_abs": 0.8039215803146362,
  "output_mean_abs": 0.02129456214606762,
  "output_psnr": 26.630947889677042,
  "output_ssim": 0.9073581695556641,
  "p95_disp_px": 2.163478374481201,
  "phase": "phase4a_existence_probe",
  "prompt": "make the person smile slightly",
  "prompt_slug": "make_the_person_smile_slightly",
  "prompt_type": "smile",
  "seed": 50001,
  "target_input_ssim": 0.88,
  "theta_names": [
    "scale_logit",
    "action_mouth_corner_raise",
    "action_mouth_corner_lower",
    "action_mouth_width_expand",
    "action_mouth_width_compress",
    "action_chin_raise",
    "action_chin_lower"
  ],
  "theta_values": [
    -0.9271780848503113,
    0.6115104556083679,
    0.2381250113248825,
    0.531461775302887,
    -0.8085419535636902,
    1.6886736154556274,
    0.8012461066246033
  ]
}
