{
  "budget": "existence_probe",
  "budget_max_disp_px": 14.0,
  "candidate_folder_abs": "/home/interns/Desktop/mat/phase4/outputs/phase4a_existence_probe/cases/face_002/igs_1p00/add_headphones/existence_probe/seed_00/candidates/cand_026_g02_m06",
  "candidate_index": 26,
  "candidate_name": "cand_026_g02_m06",
  "case_id": "face_002__add_headphones__igs_1p00",
  "elapsed_seconds": 2.8549723587930202,
  "face_id": "face_002",
  "generation": 2,
  "geometry_method": "landmark_semantic_tps",
  "guidance_scale": 7.5,
  "image_guidance_scale": 1.0,
  "initial_candidate": false,
  "input_l2": 0.07149566146990015,
  "input_max_abs": 0.9254902005195618,
  "input_mean_abs": 0.04031268507242203,
  "input_psnr": 22.914406228831446,
  "input_ssim": 0.6284930109977722,
  "max_disp_px": 12.601777076721191,
  "max_disp_px_budget": 14.0,
  "mean_disp_px": 4.460207462310791,
  "member": 6,
  "output_l2": 0.09543835253575182,
  "output_max_abs": 0.9176470637321472,
  "output_mean_abs": 0.04902911186218262,
  "output_psnr": 20.405541321961216,
  "output_ssim": 0.6821722984313965,
  "p95_disp_px": 10.083771705627441,
  "phase": "phase4a_existence_probe",
  "prompt": "add headphones",
  "prompt_slug": "add_headphones",
  "prompt_type": "headphones",
  "seed": 45101,
  "target_input_ssim": 0.78,
  "theta_names": [
    "scale_logit",
    "action_face_side_push_left",
    "action_face_side_push_right",
    "action_head_top_raise",
    "action_head_top_lower",
    "action_jaw_expand",
    "action_jaw_compress",
    "action_asymmetry_twist"
  ],
  "theta_values": [
    -0.5115342736244202,
    -0.23251505196094513,
    0.46992865204811096,
    -1.2587709426879883,
    0.551196277141571,
    1.4351239204406738,
    -0.2653977572917938,
    -0.8900818228721619
  ]
}
