{
  "budget": "strong",
  "budget_max_disp_px": 8.0,
  "candidate_folder_abs": "/home/interns/Desktop/mat/phase4/outputs/phase4a_existence_probe/cases/face_001/igs_1p50/make_the_person_smile_slightly/strong/seed_00/candidates/cand_050_g03_m10",
  "candidate_index": 50,
  "candidate_name": "cand_050_g03_m10",
  "case_id": "face_001__make_the_person_smile_slightly__igs_1p50",
  "elapsed_seconds": 2.625452235341072,
  "face_id": "face_001",
  "generation": 3,
  "geometry_method": "landmark_piecewise_affine",
  "guidance_scale": 7.5,
  "image_guidance_scale": 1.5,
  "initial_candidate": false,
  "input_l2": 0.04060415663991439,
  "input_max_abs": 0.886274516582489,
  "input_mean_abs": 0.01573832891881466,
  "input_psnr": 27.828590110044473,
  "input_ssim": 0.8613670468330383,
  "max_disp_px": 6.726109027862549,
  "max_disp_px_budget": 8.0,
  "mean_disp_px": 1.7153528928756714,
  "member": 10,
  "output_l2": 0.05778252792866497,
  "output_max_abs": 0.9529411792755127,
  "output_mean_abs": 0.025631124153733253,
  "output_psnr": 24.764069242410258,
  "output_ssim": 0.835449755191803,
  "p95_disp_px": 5.07405948638916,
  "phase": "phase4a_existence_probe",
  "prompt": "make the person smile slightly",
  "prompt_slug": "make_the_person_smile_slightly",
  "prompt_type": "smile",
  "seed": 49001,
  "target_input_ssim": 0.88,
  "theta_names": [
    "scale_logit",
    "action_mouth_corner_raise",
    "action_mouth_corner_lower",
    "action_mouth_width_expand",
    "action_mouth_width_compress",
    "action_chin_raise",
    "action_chin_lower"
  ],
  "theta_values": [
    0.4803522229194641,
    -0.26062020659446716,
    1.6475849151611328,
    0.49637770652770996,
    -0.5034268498420715,
    0.0349346362054348,
    -1.2580012083053589
  ]
}
