{
  "displacement": {
    "budget_max_disp_px": 6.0,
    "max_disp_px": 5.3697991371154785,
    "max_disp_px_budget": 6.0,
    "mean_disp_px": 0.33252766728401184,
    "p95_disp_px": 3.141408681869507,
    "target_input_ssim": 0.9
  },
  "input": {
    "l2": 0.02951517235740532,
    "max_abs": 0.772549033164978,
    "mean_abs": 0.005366820842027664,
    "psnr": 30.59909352640851,
    "ssim": 0.9629111289978027
  },
  "output": {
    "l2": 0.027582599546045,
    "max_abs": 0.886274516582489,
    "mean_abs": 0.006080269813537598,
    "psnr": 31.187296115414537,
    "ssim": 0.9647932648658752
  }
}
