{
  "action_names": [
    "eye_spread",
    "eye_compress",
    "eye_squint",
    "eye_raise_left",
    "eye_raise_right",
    "nose_bridge_shift_x",
    "asymmetry_twist"
  ],
  "action_strength": 0.72,
  "action_values": {
    "asymmetry_twist": 0.3481468963748504,
    "eye_compress": 0.5023387826444998,
    "eye_raise_left": -0.4208399736007334,
    "eye_raise_right": -0.04042348285629441,
    "eye_spread": -0.39156150800054595,
    "eye_squint": 0.5929442593160038,
    "nose_bridge_shift_x": -0.07490916185378713
  },
  "active_actions": {
    "asymmetry_twist": 0.3481468963748504,
    "eye_compress": 0.5023387826444998,
    "eye_raise_left": -0.4208399736007334,
    "eye_raise_right": -0.04042348285629441,
    "eye_spread": -0.39156150800054595,
    "eye_squint": 0.5929442593160038,
    "nose_bridge_shift_x": -0.07490916185378713
  },
  "active_anchor_count": 13,
  "control_point_count": 21,
  "geometry_method": "landmark_piecewise_affine",
  "max_disp_px_budget": 8.0,
  "scale_factor": 0.644511594099177,
  "source_control_points": [
    [
      212.48001098632812,
      217.60000610351562
    ],
    [
      184.32000732421875,
      217.60000610351562
    ],
    [
      299.5199890136719,
      217.60000610351562
    ],
    [
      327.67999267578125,
      217.60000610351562
    ],
    [
      212.48001098632812,
      199.67999267578125
    ],
    [
      212.48001098632812,
      235.52000427246094
    ],
    [
      299.5199890136719,
      199.67999267578125
    ],
    [
      299.5199890136719,
      235.52000427246094
    ],
    [
      256.0,
      263.67999267578125
    ],
    [
      112.63999938964844,
      248.3199920654297
    ],
    [
      174.0800018310547,
      394.239990234375
    ],
    [
      399.3599853515625,
      248.3199920654297
    ],
    [
      337.9200134277344,
      394.239990234375
    ],
    [
      0.0,
      0.0
    ],
    [
      511.0,
      0.0
    ],
    [
      0.0,
      511.0
    ],
    [
      511.0,
      511.0
    ],
    [
      256.0,
      0.0
    ],
    [
      256.0,
      511.0
    ],
    [
      0.0,
      256.0
    ],
    [
      511.0,
      256.0
    ]
  ],
  "target_control_points": [
    [
      217.62887573242188,
      220.0240478515625
    ],
    [
      189.4688720703125,
      217.60000610351562
    ],
    [
      294.3711242675781,
      217.8328399658203
    ],
    [
      322.5311279296875,
      217.60000610351562
    ],
    [
      212.48001098632812,
      205.51939392089844
    ],
    [
      212.48001098632812,
      233.31666564941406
    ],
    [
      299.5199890136719,
      203.32818603515625
    ],
    [
      299.5199890136719,
      232.2210693359375
    ],
    [
      255.5685272216797,
      263.67999267578125
    ],
    [
      112.63999938964844,
      246.31466674804688
    ],
    [
      174.0800018310547,
      393.2373352050781
    ],
    [
      399.3599853515625,
      250.3253173828125
    ],
    [
      337.9200134277344,
      395.2426452636719
    ],
    [
      0.0,
      0.0
    ],
    [
      511.0,
      0.0
    ],
    [
      0.0,
      511.0
    ],
    [
      511.0,
      511.0
    ],
    [
      256.0,
      0.0
    ],
    [
      256.0,
      511.0
    ],
    [
      0.0,
      256.0
    ],
    [
      511.0,
      256.0
    ]
  ],
  "tps_regularization": 0.0001
}
