{
  "budget": "existence_probe",
  "budget_max_disp_px": 14.0,
  "candidate_folder_abs": "/home/interns/Desktop/mat/phase4/outputs/phase4a_existence_probe/cases/face_002/igs_1p50/add_headphones/existence_probe/seed_00/candidates/cand_053_g03_m13",
  "candidate_index": 53,
  "candidate_name": "cand_053_g03_m13",
  "case_id": "face_002__add_headphones__igs_1p50",
  "elapsed_seconds": 2.3297059573233128,
  "face_id": "face_002",
  "generation": 3,
  "geometry_method": "landmark_piecewise_affine",
  "guidance_scale": 7.5,
  "image_guidance_scale": 1.5,
  "initial_candidate": false,
  "input_l2": 0.048414930634550594,
  "input_max_abs": 0.8784313797950745,
  "input_mean_abs": 0.024308467283844948,
  "input_psnr": 26.30041372072684,
  "input_ssim": 0.7854798436164856,
  "max_disp_px": 8.45140552520752,
  "max_disp_px_budget": 14.0,
  "mean_disp_px": 1.934728980064392,
  "member": 13,
  "output_l2": 0.06901955619007126,
  "output_max_abs": 0.8823529481887817,
  "output_mean_abs": 0.035661835223436356,
  "output_psnr": 23.220556752766257,
  "output_ssim": 0.7415481209754944,
  "p95_disp_px": 5.157786846160889,
  "phase": "phase4a_existence_probe",
  "prompt": "add headphones",
  "prompt_slug": "add_headphones",
  "prompt_type": "headphones",
  "seed": 51101,
  "target_input_ssim": 0.78,
  "theta_names": [
    "scale_logit",
    "action_face_side_push_left",
    "action_face_side_push_right",
    "action_head_top_raise",
    "action_head_top_lower",
    "action_jaw_expand",
    "action_jaw_compress",
    "action_asymmetry_twist"
  ],
  "theta_values": [
    0.2281571924686432,
    -1.0969359874725342,
    -0.5564015507698059,
    0.7901874780654907,
    0.4235929846763611,
    1.348221778869629,
    0.6939289569854736,
    -1.6052850484848022
  ]
}
