{
  "best_folder": "phase4/outputs/phase4a_existence_probe/cases/face_002/igs_1p50/add_headphones/existence_probe/seed_00/candidates/cand_053_g03_m13",
  "budget": "existence_probe",
  "budget_max_disp_px": 14.0,
  "candidate_folder": "phase4/outputs/phase4a_existence_probe/cases/face_002/igs_1p50/add_headphones/existence_probe/seed_00/candidates/cand_053_g03_m13",
  "candidate_index": 53,
  "candidate_name": "cand_053_g03_m13",
  "case_id": "face_002__add_headphones__igs_1p50",
  "clean_clip_positive_margin": 0.04682642221450806,
  "clean_semantic_success_score": 0.04682642221450806,
  "clip_available": true,
  "clip_semantic_drop": 0.006407350301742554,
  "clip_warning": null,
  "crop_clip_available": true,
  "crop_clip_warning": null,
  "decision_label": "metric_only_candidate",
  "decision_reasons": [
    "semantic_drop_small:0.0064",
    "semantic_drop_small:0.0064",
    "semantic_drop_small:0.0064"
  ],
  "edit_failure_score": 0.006407350301742554,
  "elapsed_seconds": 2.3297059573233128,
  "face_id": "face_002",
  "final_attack_score": 0.3185238543063358,
  "full_image_semantic_drop": 0.006407350301742554,
  "generation": 3,
  "geometry_excess_penalty": 0.0,
  "geometry_excess_penalty_weight": 0.75,
  "geometry_method": "landmark_piecewise_affine",
  "guidance_scale": 7.5,
  "identity_or_face_health_available": false,
  "image_guidance_scale": 1.5,
  "initial_candidate": false,
  "input_damage_penalty": 0.0,
  "input_damage_penalty_weight": 3.0,
  "input_l2": 0.048414930634550594,
  "input_max_abs": 0.8784313797950745,
  "input_mean_abs": 0.024308467283844948,
  "input_preservation_score": 0.024908380074934407,
  "input_psnr": 26.30041372072684,
  "input_ssim": 0.7854798436164856,
  "left_crop_clean_margin": 0.01800447702407837,
  "left_crop_perturbed_margin": 0.014852404594421387,
  "left_crop_semantic_drop": 0.0031520724296569824,
  "max_disp_px": 8.45140552520752,
  "max_disp_px_budget": 14.0,
  "mean_crop_margin": 0.010921726624170939,
  "mean_crop_semantic_drop": 0.0032487412293752036,
  "mean_disp_px": 1.934728980064392,
  "member": 13,
  "min_crop_margin": -0.002464398741722107,
  "min_crop_semantic_drop": 0.0017085373401641846,
  "output_disruption_score": 0.5345301037847907,
  "output_disruption_weight": 0.5,
  "output_l2": 0.06901955619007126,
  "output_max_abs": 0.8823529481887817,
  "output_mean_abs": 0.035661835223436356,
  "output_psnr": 23.220556752766257,
  "output_ssim": 0.7415481209754944,
  "p95_disp_px": 5.157786846160889,
  "path_clean_edit": "phase4/outputs/phase4a_existence_probe/cases/face_002/igs_1p50/add_headphones/existence_probe/seed_00/candidates/cand_053_g03_m13/clean_edit.png",
  "path_flow": "phase4/outputs/phase4a_existence_probe/cases/face_002/igs_1p50/add_headphones/existence_probe/seed_00/candidates/cand_053_g03_m13/flow.png",
  "path_landmarks_overlay_original": "phase4/outputs/phase4a_existence_probe/cases/face_002/igs_1p50/add_headphones/existence_probe/seed_00/candidates/cand_053_g03_m13/landmarks_overlay_original.jpg",
  "path_landmarks_overlay_perturbed": "phase4/outputs/phase4a_existence_probe/cases/face_002/igs_1p50/add_headphones/existence_probe/seed_00/candidates/cand_053_g03_m13/landmarks_overlay_perturbed.jpg",
  "path_original": "phase4/outputs/phase4a_existence_probe/cases/face_002/igs_1p50/add_headphones/existence_probe/seed_00/candidates/cand_053_g03_m13/original.png",
  "path_perturbed": "phase4/outputs/phase4a_existence_probe/cases/face_002/igs_1p50/add_headphones/existence_probe/seed_00/candidates/cand_053_g03_m13/perturbed.png",
  "path_perturbed_edit": "phase4/outputs/phase4a_existence_probe/cases/face_002/igs_1p50/add_headphones/existence_probe/seed_00/candidates/cand_053_g03_m13/perturbed_edit.png",
  "perturbed_clip_positive_margin": 0.0404190719127655,
  "perturbed_semantic_success_score": 0.0404190719127655,
  "phase": "phase4a_existence_probe",
  "phase2_final_score": 0.3185238543063358,
  "phase2_output_disruption": 0.5345301037847907,
  "phase2_score_formula": "8.0*max(0,semantic_drop)+0.5*output_disruption-3.0*input_damage_penalty-0.75*geometry_excess_penalty",
  "phase4_budget_name": "existence_probe",
  "phase4_final_score": 0.3185238543063358,
  "phase4_score_formula": "8.0*max(0,semantic_drop)+0.5*output_disruption-3.0*input_damage_penalty-0.75*geometry_excess_penalty",
  "prompt": "add headphones",
  "prompt_slug": "add_headphones",
  "prompt_type": "headphones",
  "right_crop_clean_margin": 0.02526278793811798,
  "right_crop_perturbed_margin": 0.020377174019813538,
  "right_crop_semantic_drop": 0.004885613918304443,
  "seed": 51101,
  "semantic_drop": 0.006407350301742554,
  "semantic_drop_weight": 8.0,
  "target_input_ssim": 0.78,
  "theta_names": [
    "scale_logit",
    "action_face_side_push_left",
    "action_face_side_push_right",
    "action_head_top_raise",
    "action_head_top_lower",
    "action_jaw_expand",
    "action_jaw_compress",
    "action_asymmetry_twist"
  ],
  "theta_values": [
    0.2281571924686432,
    -1.0969359874725342,
    -0.5564015507698059,
    0.7901874780654907,
    0.4235929846763611,
    1.348221778869629,
    0.6939289569854736,
    -1.6052850484848022
  ],
  "top_crop_clean_margin": -0.0007558614015579224,
  "top_crop_perturbed_margin": -0.002464398741722107,
  "top_crop_semantic_drop": 0.0017085373401641846
}
