{
  "displacement": {
    "foldover_fraction_det_below_0": 0.0,
    "jacobian_det_mean": 0.9999999403953552,
    "jacobian_det_min": 0.7475855350494385,
    "low_det_fraction_below_0p2": 0.0,
    "max_disp_px": 4.571112155914307,
    "mean_disp_px": 0.3958450257778168,
    "p95_disp_px": 2.509370803833008
  },
  "input": {
    "l2": 0.01804877077710069,
    "max_abs": 0.4156862795352936,
    "mean_abs": 0.005849475506693125,
    "psnr": 34.87104741300658,
    "ssim": 0.9431698322296143
  },
  "output": {
    "l2": 0.024587089613099022,
    "max_abs": 0.7058823704719543,
    "mean_abs": 0.010756012983620167,
    "psnr": 32.185857517764454,
    "ssim": 0.9135398864746094
  }
}
