{
  "geometry_info": {
    "action_names": [
      "eye_spread",
      "eye_compress",
      "eye_squint",
      "eye_raise_left",
      "eye_raise_right",
      "nose_bridge_shift_x",
      "asymmetry_twist"
    ],
    "action_strength": 0.72,
    "action_values": {
      "asymmetry_twist": -0.277569824026033,
      "eye_compress": 0.010573978369318825,
      "eye_raise_left": 0.7664584699452378,
      "eye_raise_right": 0.29874494247030486,
      "eye_spread": 0.7441981300789944,
      "eye_squint": -0.7788219714654514,
      "nose_bridge_shift_x": -0.10310542069260745
    },
    "active_actions": {
      "asymmetry_twist": -0.277569824026033,
      "eye_compress": 0.010573978369318825,
      "eye_raise_left": 0.7664584699452378,
      "eye_raise_right": 0.29874494247030486,
      "eye_spread": 0.7441981300789944,
      "eye_squint": -0.7788219714654514,
      "nose_bridge_shift_x": -0.10310542069260745
    },
    "active_anchor_count": 13,
    "control_point_count": 21,
    "geometry_method": "landmark_piecewise_affine",
    "max_disp_px_budget": 8.0,
    "scale_factor": 0.803164880424539,
    "source_control_points": [
      [
        212.48001098632812,
        217.60000610351562
      ],
      [
        184.32000732421875,
        217.60000610351562
      ],
      [
        299.5199890136719,
        217.60000610351562
      ],
      [
        327.67999267578125,
        217.60000610351562
      ],
      [
        212.48001098632812,
        199.67999267578125
      ],
      [
        212.48001098632812,
        235.52000427246094
      ],
      [
        299.5199890136719,
        199.67999267578125
      ],
      [
        299.5199890136719,
        235.52000427246094
      ],
      [
        256.0,
        263.67999267578125
      ],
      [
        112.63999938964844,
        248.3199920654297
      ],
      [
        174.0800018310547,
        394.239990234375
      ],
      [
        399.3599853515625,
        248.3199920654297
      ],
      [
        337.9200134277344,
        394.239990234375
      ],
      [
        0.0,
        0.0
      ],
      [
        511.0,
        0.0
      ],
      [
        0.0,
        511.0
      ],
      [
        511.0,
        511.0
      ],
      [
        256.0,
        0.0
      ],
      [
        256.0,
        511.0
      ],
      [
        0.0,
        256.0
      ],
      [
        511.0,
        256.0
      ]
    ],
    "target_control_points": [
      [
        208.25433349609375,
        213.18521118164062
      ],
      [
        180.09432983398438,
        217.60000610351562
      ],
      [
        303.74566650390625,
        215.87924194335938
      ],
      [
        331.9056701660156,
        217.60000610351562
      ],
      [
        212.48001098632812,
        190.7791748046875
      ],
      [
        212.48001098632812,
        237.79861450195312
      ],
      [
        299.5199890136719,
        193.47320556640625
      ],
      [
        299.5199890136719,
        239.1456298828125
      ],
      [
        255.40611267089844,
        263.67999267578125
      ],
      [
        112.63999938964844,
        249.91879272460938
      ],
      [
        174.0800018310547,
        395.0393981933594
      ],
      [
        399.3599853515625,
        246.72119140625
      ],
      [
        337.9200134277344,
        393.4405822753906
      ],
      [
        0.0,
        0.0
      ],
      [
        511.0,
        0.0
      ],
      [
        0.0,
        511.0
      ],
      [
        511.0,
        511.0
      ],
      [
        256.0,
        0.0
      ],
      [
        256.0,
        511.0
      ],
      [
        0.0,
        256.0
      ],
      [
        511.0,
        256.0
      ]
    ],
    "tps_regularization": 0.0001
  },
  "names": [
    "scale_logit",
    "action_eye_spread",
    "action_eye_compress",
    "action_eye_squint",
    "action_eye_raise_left",
    "action_eye_raise_right",
    "action_nose_bridge_shift_x",
    "action_asymmetry_twist"
  ],
  "values": [
    0.5599120855331421,
    1.6336668729782104,
    0.013166150078177452,
    -2.0870981216430664,
    1.8778197765350342,
    0.3906955122947693,
    -0.12908616662025452,
    -0.3604326546192169
  ]
}
