{
  "clean_clip_positive_margin": 0.027842342853546143,
  "clean_semantic_success_score": 0.027842342853546143,
  "clip_available": true,
  "clip_semantic_drop": -0.005392551422119141,
  "clip_warning": null,
  "crop_clip_available": true,
  "crop_clip_warning": null,
  "decision_label": "metric_only_candidate",
  "decision_reasons": [
    "semantic_drop_nonpositive:-0.0054",
    "semantic_drop_nonpositive:-0.0054"
  ],
  "edit_failure_score": 0.0,
  "final_attack_score": 0.04678652239861283,
  "full_image_semantic_drop": -0.005392551422119141,
  "geometry_excess_penalty": 0.0,
  "geometry_excess_penalty_weight": 0.75,
  "identity_or_face_health_available": false,
  "input_damage_penalty": 0.0,
  "input_damage_penalty_weight": 3.0,
  "input_l2": 0.019693871831274953,
  "input_max_abs": 0.4784314036369324,
  "input_mean_abs": 0.0051007443107664585,
  "input_preservation_score": 0.6846284185137068,
  "input_psnr": 34.11337785636091,
  "input_ssim": 0.955847978591919,
  "left_crop_clean_margin": 0.02535329759120941,
  "left_crop_perturbed_margin": 0.02299359440803528,
  "left_crop_semantic_drop": 0.0023597031831741333,
  "max_disp_px_budget": 8.0,
  "mean_crop_margin": 0.014176324009895325,
  "mean_crop_semantic_drop": 0.00393494466940562,
  "min_crop_margin": -0.00012004375457763672,
  "min_crop_semantic_drop": 0.0018261075019836426,
  "output_disruption_score": 0.1871460895944513,
  "output_disruption_weight": 0.25,
  "output_l2": 0.030225923190734715,
  "output_max_abs": 0.7450980544090271,
  "output_mean_abs": 0.013399009592831135,
  "output_psnr": 30.392408512060854,
  "output_ssim": 0.9337576031684875,
  "perturbed_clip_positive_margin": 0.03323489427566528,
  "perturbed_semantic_success_score": 0.03323489427566528,
  "phase2_final_score": 0.04678652239861283,
  "phase2_output_disruption": 0.1871460895944513,
  "phase2_score_formula": "8.0*max(0,semantic_drop)+0.25*output_disruption-3.0*input_damage_penalty-0.75*geometry_excess_penalty",
  "right_crop_clean_margin": 0.021481528878211975,
  "right_crop_perturbed_margin": 0.019655421376228333,
  "right_crop_semantic_drop": 0.0018261075019836426,
  "semantic_drop": -0.005392551422119141,
  "semantic_drop_weight": 8.0,
  "target_input_ssim": 0.86,
  "top_crop_clean_margin": 0.007498979568481445,
  "top_crop_perturbed_margin": -0.00012004375457763672,
  "top_crop_semantic_drop": 0.007619023323059082
}
