{
  "action_names": [
    "face_side_push_left",
    "face_side_push_right",
    "head_top_raise",
    "head_top_lower",
    "jaw_expand",
    "jaw_compress",
    "asymmetry_twist"
  ],
  "action_strength": 0.72,
  "action_values": {
    "asymmetry_twist": -0.6350365761496856,
    "face_side_push_left": -0.7224438549129032,
    "face_side_push_right": 0.6483067523854132,
    "head_top_lower": -0.3952673718013046,
    "head_top_raise": -0.46187398323047696,
    "jaw_compress": -0.23053214792083052,
    "jaw_expand": -0.19761989265038177
  },
  "active_actions": {
    "asymmetry_twist": -0.6350365761496856,
    "face_side_push_left": -0.7224438549129032,
    "face_side_push_right": 0.6483067523854132,
    "head_top_lower": -0.3952673718013046,
    "head_top_raise": -0.46187398323047696,
    "jaw_compress": -0.23053214792083052,
    "jaw_expand": -0.19761989265038177
  },
  "active_anchor_count": 7,
  "control_point_count": 15,
  "geometry_method": "landmark_piecewise_affine",
  "max_disp_px_budget": 8.0,
  "scale_factor": 0.7703206314074358,
  "source_control_points": [
    [
      112.63999938964844,
      248.3199920654297
    ],
    [
      112.63999938964844,
      253.44000244140625
    ],
    [
      399.3599853515625,
      248.3199920654297
    ],
    [
      399.3599853515625,
      253.44000244140625
    ],
    [
      256.0,
      87.04000091552734
    ],
    [
      174.0800018310547,
      394.239990234375
    ],
    [
      337.9200134277344,
      394.239990234375
    ],
    [
      0.0,
      0.0
    ],
    [
      511.0,
      0.0
    ],
    [
      0.0,
      511.0
    ],
    [
      511.0,
      511.0
    ],
    [
      256.0,
      0.0
    ],
    [
      256.0,
      511.0
    ],
    [
      0.0,
      256.0
    ],
    [
      511.0,
      256.0
    ]
  ],
  "target_control_points": [
    [
      116.80127716064453,
      251.97779846191406
    ],
    [
      115.76095581054688,
      253.44000244140625
    ],
    [
      403.09423828125,
      244.6621856689453
    ],
    [
      402.1606750488281,
      253.44000244140625
    ],
    [
      256.0,
      87.42365264892578
    ],
    [
      173.8904266357422,
      396.06890869140625
    ],
    [
      338.1095886230469,
      392.41107177734375
    ],
    [
      0.0,
      0.0
    ],
    [
      511.0,
      0.0
    ],
    [
      0.0,
      511.0
    ],
    [
      511.0,
      511.0
    ],
    [
      256.0,
      0.0
    ],
    [
      256.0,
      511.0
    ],
    [
      0.0,
      256.0
    ],
    [
      511.0,
      256.0
    ]
  ],
  "tps_regularization": 0.0001
}
