{
  "displacement": {
    "budget_max_disp_px": 4.0,
    "max_disp_px": 2.668614625930786,
    "max_disp_px_budget": 4.0,
    "mean_disp_px": 0.30578917264938354,
    "p95_disp_px": 2.0857009887695312,
    "target_input_ssim": 0.94
  },
  "input": {
    "l2": 0.013759096398739713,
    "max_abs": 0.5333333611488342,
    "mean_abs": 0.003084384836256504,
    "psnr": 37.22820173178762,
    "ssim": 0.9797123074531555
  },
  "output": {
    "l2": 0.03478890467350298,
    "max_abs": 0.9411764740943909,
    "mean_abs": 0.012859812937676907,
    "psnr": 29.17118489543745,
    "ssim": 0.9594621658325195
  }
}
