{
  "clean_clip_positive_margin": 0.04853600263595581,
  "clean_semantic_success_score": 0.04853600263595581,
  "clip_available": true,
  "clip_semantic_drop": 0.001331031322479248,
  "clip_warning": null,
  "crop_clip_available": false,
  "crop_clip_warning": null,
  "decision_label": "reject_input_damage",
  "decision_reasons": [
    "input_ssim_below_target:0.8799<0.8800",
    "semantic_drop_small:0.0013"
  ],
  "edit_failure_score": 0.001331031322479248,
  "final_attack_score": 0.17003069808692545,
  "full_image_semantic_drop": 0.001331031322479248,
  "geometry_excess_penalty": 0.0,
  "geometry_excess_penalty_weight": 0.75,
  "identity_or_face_health_available": false,
  "input_damage_penalty": 0.000496902465820348,
  "input_damage_penalty_weight": 3.0,
  "input_l2": 0.03779379507388671,
  "input_max_abs": 0.6470588445663452,
  "input_mean_abs": 0.015659164637327194,
  "input_preservation_score": 0.0,
  "input_psnr": 28.45158992197014,
  "input_ssim": 0.8799378871917725,
  "max_disp_px_budget": 8.0,
  "output_disruption_score": 0.321746309809105,
  "output_disruption_weight": 0.5,
  "output_l2": 0.04853925610885431,
  "output_max_abs": 1.0,
  "output_mean_abs": 0.020239397883415222,
  "output_psnr": 26.27813767516009,
  "output_ssim": 0.8724107146263123,
  "perturbed_clip_positive_margin": 0.04720497131347656,
  "perturbed_semantic_success_score": 0.04720497131347656,
  "phase2_final_score": 0.17003069808692545,
  "phase2_output_disruption": 0.321746309809105,
  "phase2_score_formula": "8.0*max(0,semantic_drop)+0.5*output_disruption-3.0*input_damage_penalty-0.75*geometry_excess_penalty",
  "phase4_budget_name": "strong",
  "phase4_final_score": 0.17003069808692545,
  "phase4_score_formula": "8.0*max(0,semantic_drop)+0.5*output_disruption-3.0*input_damage_penalty-0.75*geometry_excess_penalty",
  "semantic_drop": 0.001331031322479248,
  "semantic_drop_weight": 8.0,
  "target_input_ssim": 0.88
}
