{
  "displacement": {
    "budget_max_disp_px": 8.0,
    "max_disp_px": 2.4925777912139893,
    "max_disp_px_budget": 8.0,
    "mean_disp_px": 0.1541588306427002,
    "p95_disp_px": 1.3099579811096191,
    "target_input_ssim": 0.86
  },
  "input": {
    "l2": 0.012087704847923438,
    "max_abs": 0.32156863808631897,
    "mean_abs": 0.0026109779719263315,
    "psnr": 38.353123058892066,
    "ssim": 0.9731095433235168
  },
  "output": {
    "l2": 0.01707157708504376,
    "max_abs": 0.4901961088180542,
    "mean_abs": 0.006659668404608965,
    "psnr": 35.35452713166626,
    "ssim": 0.9607303142547607
  }
}
