{
  "displacement": {
    "budget_max_disp_px": 6.0,
    "max_disp_px": 3.871800661087036,
    "max_disp_px_budget": 6.0,
    "mean_disp_px": 0.5899806618690491,
    "p95_disp_px": 3.2448041439056396,
    "target_input_ssim": 0.9
  },
  "input": {
    "l2": 0.021464443579450203,
    "max_abs": 0.38431376218795776,
    "mean_abs": 0.007225740235298872,
    "psnr": 33.36560730419074,
    "ssim": 0.9240848422050476
  },
  "output": {
    "l2": 0.08940956687707996,
    "max_abs": 0.8666666746139526,
    "mean_abs": 0.04266445338726044,
    "psnr": 20.972320178973895,
    "ssim": 0.8309977650642395
  }
}
