{
  "clean_clip_positive_margin": 0.05089488625526428,
  "clean_semantic_success_score": 0.05089488625526428,
  "clip_available": true,
  "clip_semantic_drop": 0.002060621976852417,
  "clip_warning": null,
  "crop_clip_available": false,
  "crop_clip_warning": null,
  "decision_label": "metric_only_candidate",
  "decision_reasons": [
    "semantic_drop_small:0.0021",
    "semantic_drop_small:0.0021",
    "semantic_drop_small:0.0021"
  ],
  "edit_failure_score": 0.002060621976852417,
  "final_attack_score": 0.3077009704770705,
  "full_image_semantic_drop": 0.002060621976852417,
  "geometry_excess_penalty": 0.0,
  "geometry_excess_penalty_weight": 0.75,
  "identity_or_face_health_available": false,
  "input_damage_penalty": 0.0,
  "input_damage_penalty_weight": 3.0,
  "input_l2": 0.05928962272402487,
  "input_max_abs": 0.8549019694328308,
  "input_mean_abs": 0.02989237941801548,
  "input_preservation_score": 0.11069192669608366,
  "input_psnr": 24.54042626360012,
  "input_ssim": 0.8043522238731384,
  "max_disp_px_budget": 14.0,
  "output_disruption_score": 0.5824319893245024,
  "output_disruption_weight": 0.5,
  "output_l2": 0.09601656034897074,
  "output_max_abs": 0.8196078538894653,
  "output_mean_abs": 0.044856298714876175,
  "output_psnr": 20.353077120892223,
  "output_ssim": 0.8016342520713806,
  "perturbed_clip_positive_margin": 0.048834264278411865,
  "perturbed_semantic_success_score": 0.048834264278411865,
  "phase2_final_score": 0.3077009704770705,
  "phase2_output_disruption": 0.5824319893245024,
  "phase2_score_formula": "8.0*max(0,semantic_drop)+0.5*output_disruption-3.0*input_damage_penalty-0.75*geometry_excess_penalty",
  "phase4_budget_name": "existence_probe",
  "phase4_final_score": 0.3077009704770705,
  "phase4_score_formula": "8.0*max(0,semantic_drop)+0.5*output_disruption-3.0*input_damage_penalty-0.75*geometry_excess_penalty",
  "semantic_drop": 0.002060621976852417,
  "semantic_drop_weight": 8.0,
  "target_input_ssim": 0.78
}
