{
  "displacement": {
    "budget_max_disp_px": 4.0,
    "max_disp_px": 3.084803581237793,
    "max_disp_px_budget": 4.0,
    "mean_disp_px": 0.2020827978849411,
    "p95_disp_px": 1.9023442268371582,
    "target_input_ssim": 0.94
  },
  "input": {
    "l2": 0.016127945447804912,
    "max_abs": 0.7176470756530762,
    "mean_abs": 0.0032066444400697947,
    "psnr": 35.848419084350816,
    "ssim": 0.9739745259284973
  },
  "output": {
    "l2": 0.021282019975983148,
    "max_abs": 0.7529411911964417,
    "mean_abs": 0.006924370303750038,
    "psnr": 33.439743070031234,
    "ssim": 0.9625277519226074
  }
}
