{
  "displacement": {
    "budget_max_disp_px": 6.0,
    "max_disp_px": 2.6051371097564697,
    "max_disp_px_budget": 6.0,
    "mean_disp_px": 0.18030105531215668,
    "p95_disp_px": 1.6802031993865967,
    "target_input_ssim": 0.9
  },
  "input": {
    "l2": 0.015736710482146206,
    "max_abs": 0.6039215922355652,
    "mean_abs": 0.0031467017251998186,
    "psnr": 36.06172090174634,
    "ssim": 0.9731741547584534
  },
  "output": {
    "l2": 0.025716968842104764,
    "max_abs": 0.5215686559677124,
    "mean_abs": 0.016897141933441162,
    "psnr": 31.795604426250996,
    "ssim": 0.9654524922370911
  }
}
