{
  "displacement": {
    "budget_max_disp_px": 8.0,
    "max_disp_px": 3.984084367752075,
    "max_disp_px_budget": 8.0,
    "mean_disp_px": 0.6910592913627625,
    "p95_disp_px": 1.8661803007125854,
    "target_input_ssim": 0.88
  },
  "input": {
    "l2": 0.025582292757621354,
    "max_abs": 0.6431372165679932,
    "mean_abs": 0.01140738744288683,
    "psnr": 31.8412107082014,
    "ssim": 0.9281221032142639
  },
  "output": {
    "l2": 0.051093325496508336,
    "max_abs": 0.8745098114013672,
    "mean_abs": 0.019550783559679985,
    "psnr": 25.83271659196774,
    "ssim": 0.9114511609077454
  }
}
