{
  "budget": "medium",
  "budget_max_disp_px": 4.0,
  "candidate_folder_abs": "/home/interns/Desktop/mat/phase2/outputs/phase2a_probe/parallel_benchmark/parallel_2/candidates/cand_004_g01_m04",
  "candidate_index": 4,
  "candidate_name": "cand_004_g01_m04",
  "dct_modes": [
    [
      1,
      0
    ],
    [
      0,
      1
    ],
    [
      1,
      1
    ],
    [
      2,
      0
    ],
    [
      0,
      2
    ],
    [
      2,
      1
    ]
  ],
  "elapsed_seconds": 6.690203908830881,
  "generation": 1,
  "geometry_method": "region_local_dct",
  "initial_candidate": false,
  "input_l2": 0.011547301598895119,
  "input_max_abs": 0.49803924560546875,
  "input_mean_abs": 0.004091654438525438,
  "input_psnr": 38.75038981781843,
  "input_ssim": 0.9697936177253723,
  "max_disp_px": 1.340564489364624,
  "max_disp_px_budget": 4.0,
  "mean_disp_px": 0.28536203503608704,
  "member": 4,
  "mesh_size": 4,
  "output_l2": 0.020384654998342053,
  "output_max_abs": 0.7568627595901489,
  "output_mean_abs": 0.010540790855884552,
  "output_psnr": 33.81393268799828,
  "output_ssim": 0.944572925567627,
  "p95_disp_px": 1.1499278545379639,
  "phase": "benchmark_parallel_2",
  "prompt": "add headphones",
  "prompt_priority": 1,
  "prompt_slug": "add_headphones",
  "region_count": 3,
  "region_key": "headphones",
  "scale_factor": 0.5659709572792053,
  "seed": 99901,
  "target_input_ssim": 0.94,
  "tps_size": 4
}
