{
  "clean_clip_positive_margin": 0.055569812655448914,
  "clean_semantic_success_score": 0.055569812655448914,
  "clip_available": true,
  "clip_semantic_drop": 0.003124803304672241,
  "clip_warning": null,
  "crop_clip_available": true,
  "crop_clip_warning": null,
  "decision_label": "reject_input_damage",
  "decision_reasons": [
    "input_ssim_below_target:0.6707<0.7800",
    "semantic_drop_small:0.0031"
  ],
  "edit_failure_score": 0.003124803304672241,
  "final_attack_score": -2.197523750252464,
  "full_image_semantic_drop": 0.003124803304672241,
  "geometry_excess_penalty": 0.0,
  "geometry_excess_penalty_weight": 0.75,
  "identity_or_face_health_available": false,
  "input_damage_penalty": 0.8741052055358889,
  "input_damage_penalty_weight": 3.0,
  "input_l2": 0.09170244818577585,
  "input_max_abs": 0.8470588326454163,
  "input_mean_abs": 0.05036843195557594,
  "input_preservation_score": 0.0,
  "input_psnr": 20.752381395785967,
  "input_ssim": 0.6707368493080139,
  "left_crop_clean_margin": 0.027460142970085144,
  "left_crop_perturbed_margin": 0.032993823289871216,
  "left_crop_semantic_drop": -0.005533680319786072,
  "max_disp_px_budget": 14.0,
  "mean_crop_margin": 0.020257194836934406,
  "mean_crop_semantic_drop": -0.0032869279384613037,
  "min_crop_margin": -0.0016676634550094604,
  "min_crop_semantic_drop": -0.005533680319786072,
  "output_disruption_score": 0.7995868798356494,
  "output_disruption_weight": 0.5,
  "output_l2": 0.10456315865768094,
  "output_max_abs": 0.8705882430076599,
  "output_mean_abs": 0.059043142944574356,
  "output_psnr": 19.61242612008787,
  "output_ssim": 0.6186657547950745,
  "perturbed_clip_positive_margin": 0.05244500935077667,
  "perturbed_semantic_success_score": 0.05244500935077667,
  "phase2_final_score": -2.197523750252464,
  "phase2_output_disruption": 0.7995868798356494,
  "phase2_score_formula": "8.0*max(0,semantic_drop)+0.5*output_disruption-3.0*input_damage_penalty-0.75*geometry_excess_penalty",
  "phase4_budget_name": "existence_probe",
  "phase4_final_score": -2.197523750252464,
  "phase4_score_formula": "8.0*max(0,semantic_drop)+0.5*output_disruption-3.0*input_damage_penalty-0.75*geometry_excess_penalty",
  "right_crop_clean_margin": 0.025357991456985474,
  "right_crop_perturbed_margin": 0.029445424675941467,
  "right_crop_semantic_drop": -0.004087433218955994,
  "semantic_drop": 0.003124803304672241,
  "semantic_drop_weight": 8.0,
  "target_input_ssim": 0.78,
  "top_crop_clean_margin": -0.0019073337316513062,
  "top_crop_perturbed_margin": -0.0016676634550094604,
  "top_crop_semantic_drop": -0.0002396702766418457
}
