{
  "geometry_info": {
    "action_names": [
      "mouth_corner_raise",
      "mouth_corner_lower",
      "mouth_width_expand",
      "mouth_width_compress",
      "chin_raise",
      "chin_lower"
    ],
    "action_strength": 0.72,
    "action_values": {
      "chin_lower": 0.44162836458128063,
      "chin_raise": 0.45628212724635714,
      "mouth_corner_lower": -0.20997490561895896,
      "mouth_corner_raise": -0.14614984852701274,
      "mouth_width_compress": -0.25893639572997096,
      "mouth_width_expand": 0.6364824773579387
    },
    "active_actions": {
      "chin_lower": 0.44162836458128063,
      "chin_raise": 0.45628212724635714,
      "mouth_corner_lower": -0.20997490561895896,
      "mouth_corner_raise": -0.14614984852701274,
      "mouth_width_compress": -0.25893639572997096,
      "mouth_width_expand": 0.6364824773579387
    },
    "active_anchor_count": 4,
    "control_point_count": 12,
    "geometry_method": "landmark_semantic_tps",
    "max_disp_px_budget": 8.0,
    "scale_factor": 0.7058676557885217,
    "source_control_points": [
      [
        204.8000030517578,
        335.3599853515625
      ],
      [
        307.20001220703125,
        335.3599853515625
      ],
      [
        256.0,
        419.8399963378906
      ],
      [
        256.0,
        376.32000732421875
      ],
      [
        0.0,
        0.0
      ],
      [
        511.0,
        0.0
      ],
      [
        0.0,
        511.0
      ],
      [
        511.0,
        511.0
      ],
      [
        256.0,
        0.0
      ],
      [
        256.0,
        511.0
      ],
      [
        0.0,
        256.0
      ],
      [
        511.0,
        256.0
      ]
    ],
    "target_control_points": [
      [
        199.64239501953125,
        334.9923400878906
      ],
      [
        312.3576354980469,
        334.9923400878906
      ],
      [
        256.0,
        419.7555847167969
      ],
      [
        256.0,
        376.2778015136719
      ],
      [
        0.0,
        0.0
      ],
      [
        511.0,
        0.0
      ],
      [
        0.0,
        511.0
      ],
      [
        511.0,
        511.0
      ],
      [
        256.0,
        0.0
      ],
      [
        256.0,
        511.0
      ],
      [
        0.0,
        256.0
      ],
      [
        511.0,
        256.0
      ]
    ],
    "tps_regularization": 0.0001
  },
  "names": [
    "scale_logit",
    "action_mouth_corner_raise",
    "action_mouth_corner_lower",
    "action_mouth_width_expand",
    "action_mouth_width_compress",
    "action_chin_raise",
    "action_chin_lower"
  ],
  "values": [
    0.27112263441085815,
    -0.21008716523647308,
    -0.306742399930954,
    1.4812519550323486,
    -0.3847601115703583,
    0.7691125869750977,
    0.7342411875724792
  ]
}
