{
  "clean_clip_positive_margin": 0.02052225172519684,
  "clean_semantic_success_score": 0.02052225172519684,
  "clip_available": true,
  "clip_semantic_drop": 0.00011967122554779053,
  "clip_warning": null,
  "crop_clip_available": false,
  "crop_clip_warning": null,
  "decision_label": "reject_input_damage",
  "decision_reasons": [
    "input_ssim_below_target:0.8169<0.8800",
    "semantic_drop_small:0.0001"
  ],
  "edit_failure_score": 0.00011967122554779053,
  "final_attack_score": -1.2983895884664107,
  "full_image_semantic_drop": 0.00011967122554779053,
  "geometry_excess_penalty": 0.0,
  "geometry_excess_penalty_weight": 0.75,
  "identity_or_face_health_available": false,
  "input_damage_penalty": 0.5045576477050782,
  "input_damage_penalty_weight": 3.0,
  "input_l2": 0.05274365705463729,
  "input_max_abs": 0.8509804010391235,
  "input_mean_abs": 0.022926004603505135,
  "input_preservation_score": 0.0,
  "input_psnr": 25.5565952217632,
  "input_ssim": 0.8169302940368652,
  "max_disp_px_budget": 8.0,
  "output_disruption_score": 0.4286519696888827,
  "output_disruption_weight": 0.5,
  "output_l2": 0.06938461488926169,
  "output_max_abs": 0.8352941274642944,
  "output_mean_abs": 0.030620433390140533,
  "output_psnr": 23.17473635730859,
  "output_ssim": 0.8488864898681641,
  "perturbed_clip_positive_margin": 0.020402580499649048,
  "perturbed_semantic_success_score": 0.020402580499649048,
  "phase2_final_score": -1.2983895884664107,
  "phase2_output_disruption": 0.4286519696888827,
  "phase2_score_formula": "8.0*max(0,semantic_drop)+0.5*output_disruption-3.0*input_damage_penalty-0.75*geometry_excess_penalty",
  "phase4_budget_name": "strong",
  "phase4_final_score": -1.2983895884664107,
  "phase4_score_formula": "8.0*max(0,semantic_drop)+0.5*output_disruption-3.0*input_damage_penalty-0.75*geometry_excess_penalty",
  "semantic_drop": 0.00011967122554779053,
  "semantic_drop_weight": 8.0,
  "target_input_ssim": 0.88
}
