{
  "displacement": {
    "budget_max_disp_px": 6.0,
    "max_disp_px": 5.018275260925293,
    "max_disp_px_budget": 6.0,
    "mean_disp_px": 0.38800355792045593,
    "p95_disp_px": 3.362487554550171,
    "target_input_ssim": 0.9
  },
  "input": {
    "l2": 0.023270525056113094,
    "max_abs": 0.8745098114013672,
    "mean_abs": 0.004699831362813711,
    "psnr": 32.66387635111107,
    "ssim": 0.9623723030090332
  },
  "output": {
    "l2": 0.029880699732834175,
    "max_abs": 0.6274510025978088,
    "mean_abs": 0.011576919816434383,
    "psnr": 30.492184732480517,
    "ssim": 0.9593026638031006
  }
}
