{
  "clean_clip_positive_margin": 0.02052225172519684,
  "clean_semantic_success_score": 0.02052225172519684,
  "clip_available": true,
  "clip_semantic_drop": 0.003008410334587097,
  "clip_warning": null,
  "crop_clip_available": false,
  "crop_clip_warning": null,
  "decision_label": "metric_only_candidate",
  "decision_reasons": [
    "semantic_drop_small:0.0030",
    "semantic_drop_small:0.0030",
    "semantic_drop_small:0.0030"
  ],
  "edit_failure_score": 0.003008410334587097,
  "final_attack_score": 0.23216569660488462,
  "full_image_semantic_drop": 0.003008410334587097,
  "geometry_excess_penalty": 0.0,
  "geometry_excess_penalty_weight": 0.75,
  "identity_or_face_health_available": false,
  "input_damage_penalty": 0.0,
  "input_damage_penalty_weight": 3.0,
  "input_l2": 0.062161255931578,
  "input_max_abs": 0.8039215803146362,
  "input_mean_abs": 0.024810193106532097,
  "input_preservation_score": 0.07803860577669999,
  "input_psnr": 24.129604389083724,
  "input_ssim": 0.797168493270874,
  "max_disp_px_budget": 14.0,
  "output_disruption_score": 0.4161968278563757,
  "output_disruption_weight": 0.5,
  "output_l2": 0.06903410076292205,
  "output_max_abs": 0.800000011920929,
  "output_mean_abs": 0.026898933574557304,
  "output_psnr": 23.218726557784528,
  "output_ssim": 0.8599395751953125,
  "perturbed_clip_positive_margin": 0.01751384139060974,
  "perturbed_semantic_success_score": 0.01751384139060974,
  "phase2_final_score": 0.23216569660488462,
  "phase2_output_disruption": 0.4161968278563757,
  "phase2_score_formula": "8.0*max(0,semantic_drop)+0.5*output_disruption-3.0*input_damage_penalty-0.75*geometry_excess_penalty",
  "phase4_budget_name": "existence_probe",
  "phase4_final_score": 0.23216569660488462,
  "phase4_score_formula": "8.0*max(0,semantic_drop)+0.5*output_disruption-3.0*input_damage_penalty-0.75*geometry_excess_penalty",
  "semantic_drop": 0.003008410334587097,
  "semantic_drop_weight": 8.0,
  "target_input_ssim": 0.78
}
