{
  "budget": "existence_probe",
  "budget_max_disp_px": 14.0,
  "candidate_folder_abs": "/home/interns/Desktop/mat/phase4/outputs/phase4a_existence_probe/cases/face_001/igs_1p50/make_the_person_smile_slightly/existence_probe/seed_00/candidates/cand_043_g03_m03",
  "candidate_index": 43,
  "candidate_name": "cand_043_g03_m03",
  "case_id": "face_001__make_the_person_smile_slightly__igs_1p50",
  "elapsed_seconds": 2.9384959675371647,
  "face_id": "face_001",
  "generation": 3,
  "geometry_method": "landmark_semantic_tps",
  "guidance_scale": 7.5,
  "image_guidance_scale": 1.5,
  "initial_candidate": false,
  "input_l2": 0.03213360594085884,
  "input_max_abs": 0.886274516582489,
  "input_mean_abs": 0.015460144728422165,
  "input_psnr": 29.86081072871722,
  "input_ssim": 0.8556705117225647,
  "max_disp_px": 6.6371750831604,
  "max_disp_px_budget": 14.0,
  "mean_disp_px": 1.5224368572235107,
  "member": 3,
  "output_l2": 0.04282953321362598,
  "output_max_abs": 0.9725490212440491,
  "output_mean_abs": 0.020384229719638824,
  "output_psnr": 27.365133176486623,
  "output_ssim": 0.8536624312400818,
  "p95_disp_px": 3.623830795288086,
  "phase": "phase4a_existence_probe",
  "prompt": "make the person smile slightly",
  "prompt_slug": "make_the_person_smile_slightly",
  "prompt_type": "smile",
  "seed": 49101,
  "target_input_ssim": 0.78,
  "theta_names": [
    "scale_logit",
    "action_mouth_corner_raise",
    "action_mouth_corner_lower",
    "action_mouth_width_expand",
    "action_mouth_width_compress",
    "action_chin_raise",
    "action_chin_lower"
  ],
  "theta_values": [
    1.2876845598220825,
    0.19377949833869934,
    0.15623345971107483,
    0.7322429418563843,
    1.178767204284668,
    0.14528699219226837,
    -0.620985746383667
  ]
}
