{
  "action_names": [
    "mouth_corner_raise",
    "mouth_corner_lower",
    "mouth_width_expand",
    "mouth_width_compress",
    "chin_raise",
    "chin_lower"
  ],
  "action_strength": 0.72,
  "action_values": {
    "chin_lower": 0.3393128916420364,
    "chin_raise": 0.28760280360804674,
    "mouth_corner_lower": -0.5087593961184582,
    "mouth_corner_raise": 0.4294444790466528,
    "mouth_width_compress": 0.5356639382845836,
    "mouth_width_expand": 0.5435846772039248
  },
  "active_actions": {
    "chin_lower": 0.3393128916420364,
    "chin_raise": 0.28760280360804674,
    "mouth_corner_lower": -0.5087593961184582,
    "mouth_corner_raise": 0.4294444790466528,
    "mouth_width_compress": 0.5356639382845836,
    "mouth_width_expand": 0.5435846772039248
  },
  "active_anchor_count": 4,
  "control_point_count": 12,
  "geometry_method": "landmark_piecewise_affine",
  "max_disp_px_budget": 14.0,
  "scale_factor": 0.7146175235639438,
  "source_control_points": [
    [
      204.8000030517578,
      335.3599853515625
    ],
    [
      307.20001220703125,
      335.3599853515625
    ],
    [
      256.0,
      419.8399963378906
    ],
    [
      256.0,
      376.32000732421875
    ],
    [
      0.0,
      0.0
    ],
    [
      511.0,
      0.0
    ],
    [
      0.0,
      511.0
    ],
    [
      511.0,
      511.0
    ],
    [
      256.0,
      0.0
    ],
    [
      256.0,
      511.0
    ],
    [
      0.0,
      256.0
    ],
    [
      511.0,
      256.0
    ]
  ],
  "target_control_points": [
    [
      204.7201690673828,
      325.90289306640625
    ],
    [
      307.27984619140625,
      325.90289306640625
    ],
    [
      256.0,
      420.3612365722656
    ],
    [
      256.0,
      376.58062744140625
    ],
    [
      0.0,
      0.0
    ],
    [
      511.0,
      0.0
    ],
    [
      0.0,
      511.0
    ],
    [
      511.0,
      511.0
    ],
    [
      256.0,
      0.0
    ],
    [
      256.0,
      511.0
    ],
    [
      0.0,
      256.0
    ],
    [
      511.0,
      256.0
    ]
  ],
  "tps_regularization": 0.0001
}
