{
  "clean_clip_positive_margin": 0.020921379327774048,
  "clean_semantic_success_score": 0.020921379327774048,
  "clip_available": true,
  "clip_semantic_drop": 0.002385735511779785,
  "clip_warning": null,
  "crop_clip_available": false,
  "crop_clip_warning": null,
  "decision_label": "reject_input_damage",
  "decision_reasons": [
    "input_ssim_below_target:0.8082<0.8800",
    "semantic_drop_small:0.0024"
  ],
  "edit_failure_score": 0.002385735511779785,
  "final_attack_score": -1.480448779459636,
  "full_image_semantic_drop": 0.002385735511779785,
  "geometry_excess_penalty": 0.0,
  "geometry_excess_penalty_weight": 0.75,
  "identity_or_face_health_available": false,
  "input_damage_penalty": 0.5746088409423828,
  "input_damage_penalty_weight": 3.0,
  "input_l2": 0.047565870002573986,
  "input_max_abs": 0.8156862854957581,
  "input_mean_abs": 0.021717483177781105,
  "input_preservation_score": 0.0,
  "input_psnr": 26.45409110780463,
  "input_ssim": 0.8081738948822021,
  "max_disp_px_budget": 8.0,
  "output_disruption_score": 0.44858371854654844,
  "output_disruption_weight": 0.5,
  "output_l2": 0.061345919074694055,
  "output_max_abs": 0.9490196108818054,
  "output_mean_abs": 0.027275221422314644,
  "output_psnr": 24.244286452477244,
  "output_ssim": 0.7967999577522278,
  "perturbed_clip_positive_margin": 0.018535643815994263,
  "perturbed_semantic_success_score": 0.018535643815994263,
  "phase2_final_score": -1.480448779459636,
  "phase2_output_disruption": 0.44858371854654844,
  "phase2_score_formula": "8.0*max(0,semantic_drop)+0.5*output_disruption-3.0*input_damage_penalty-0.75*geometry_excess_penalty",
  "phase4_budget_name": "strong",
  "phase4_final_score": -1.480448779459636,
  "phase4_score_formula": "8.0*max(0,semantic_drop)+0.5*output_disruption-3.0*input_damage_penalty-0.75*geometry_excess_penalty",
  "semantic_drop": 0.002385735511779785,
  "semantic_drop_weight": 8.0,
  "target_input_ssim": 0.88
}
