{
  "clean_clip_positive_margin": 0.027842342853546143,
  "clean_semantic_success_score": 0.027842342853546143,
  "clip_available": true,
  "clip_semantic_drop": 0.017060160636901855,
  "clip_warning": null,
  "crop_clip_available": true,
  "crop_clip_warning": null,
  "decision_label": "weak_candidate",
  "decision_reasons": [
    "semantic_drop_small:0.0171"
  ],
  "edit_failure_score": 0.017060160636901855,
  "final_attack_score": 0.1674656745730377,
  "full_image_semantic_drop": 0.017060160636901855,
  "geometry_excess_penalty": 0.0,
  "geometry_excess_penalty_weight": 0.75,
  "identity_or_face_health_available": false,
  "input_damage_penalty": 0.0,
  "input_damage_penalty_weight": 3.0,
  "input_l2": 0.010850722139872863,
  "input_max_abs": 0.4941176474094391,
  "input_mean_abs": 0.0031178041826933622,
  "input_preservation_score": 0.8289908681597029,
  "input_psnr": 39.290827151653524,
  "input_ssim": 0.9760587215423584,
  "left_crop_clean_margin": 0.02535329759120941,
  "left_crop_perturbed_margin": 0.024713337421417236,
  "left_crop_semantic_drop": 0.0006399601697921753,
  "max_disp_px_budget": 8.0,
  "mean_crop_margin": 0.015007500847180685,
  "mean_crop_semantic_drop": 0.0031037678321202597,
  "min_crop_margin": -0.0012211203575134277,
  "min_crop_semantic_drop": -4.875659942626953e-05,
  "output_disruption_score": 0.12393755791129142,
  "output_disruption_weight": 0.25,
  "output_l2": 0.02040192752465971,
  "output_max_abs": 0.572549045085907,
  "output_mean_abs": 0.00761393690481782,
  "output_psnr": 33.80657599091538,
  "output_ssim": 0.9576701521873474,
  "perturbed_clip_positive_margin": 0.010782182216644287,
  "perturbed_semantic_success_score": 0.010782182216644287,
  "phase2_final_score": 0.1674656745730377,
  "phase2_output_disruption": 0.12393755791129142,
  "phase2_score_formula": "8.0*max(0,semantic_drop)+0.25*output_disruption-3.0*input_damage_penalty-0.75*geometry_excess_penalty",
  "right_crop_clean_margin": 0.021481528878211975,
  "right_crop_perturbed_margin": 0.021530285477638245,
  "right_crop_semantic_drop": -4.875659942626953e-05,
  "semantic_drop": 0.017060160636901855,
  "semantic_drop_weight": 8.0,
  "target_input_ssim": 0.86,
  "top_crop_clean_margin": 0.007498979568481445,
  "top_crop_perturbed_margin": -0.0012211203575134277,
  "top_crop_semantic_drop": 0.008720099925994873
}
