{
  "displacement": {
    "budget_max_disp_px": 6.0,
    "max_disp_px": 3.976382255554199,
    "max_disp_px_budget": 6.0,
    "mean_disp_px": 0.4897630214691162,
    "p95_disp_px": 2.5263893604278564,
    "target_input_ssim": 0.9
  },
  "input": {
    "l2": 0.024038788738511233,
    "max_abs": 0.8117647171020508,
    "mean_abs": 0.006493703927844763,
    "psnr": 32.381748385160996,
    "ssim": 0.9591013789176941
  },
  "output": {
    "l2": 0.03567603756829127,
    "max_abs": 0.95686274766922,
    "mean_abs": 0.012084237299859524,
    "psnr": 28.95246774835552,
    "ssim": 0.9357778429985046
  }
}
