{
  "displacement": {
    "budget_max_disp_px": 6.0,
    "max_disp_px": 3.9705684185028076,
    "max_disp_px_budget": 6.0,
    "mean_disp_px": 0.2169240564107895,
    "p95_disp_px": 1.9302910566329956,
    "target_input_ssim": 0.9
  },
  "input": {
    "l2": 0.01619635286396238,
    "max_abs": 0.41960787773132324,
    "mean_abs": 0.0033100703731179237,
    "psnr": 35.81165539973914,
    "ssim": 0.9739291071891785
  },
  "output": {
    "l2": 0.017935283479498083,
    "max_abs": 0.7686274647712708,
    "mean_abs": 0.004246721509844065,
    "psnr": 34.92583509221215,
    "ssim": 0.9777182936668396
  }
}
