{
  "displacement": {
    "budget_max_disp_px": 4.0,
    "max_disp_px": 1.0117417573928833,
    "max_disp_px_budget": 4.0,
    "mean_disp_px": 0.08210135996341705,
    "p95_disp_px": 0.7162094116210938,
    "target_input_ssim": 0.94
  },
  "input": {
    "l2": 0.009118191006491855,
    "max_abs": 0.5764706134796143,
    "mean_abs": 0.001884301076643169,
    "psnr": 40.80182629006747,
    "ssim": 0.9868088364601135
  },
  "output": {
    "l2": 0.015326361762083759,
    "max_abs": 0.8078431487083435,
    "mean_abs": 0.0047966912388801575,
    "psnr": 36.29121855219829,
    "ssim": 0.9739037156105042
  }
}
