{
  "budget": "existence_probe",
  "budget_max_disp_px": 14.0,
  "candidate_folder_abs": "/home/interns/Desktop/mat/phase4/outputs/phase4a_existence_probe/cases/face_002/igs_1p00/add_headphones/existence_probe/seed_00/candidates/cand_023_g02_m03",
  "candidate_index": 23,
  "candidate_name": "cand_023_g02_m03",
  "case_id": "face_002__add_headphones__igs_1p00",
  "elapsed_seconds": 2.468540996313095,
  "face_id": "face_002",
  "generation": 2,
  "geometry_method": "landmark_piecewise_affine",
  "guidance_scale": 7.5,
  "image_guidance_scale": 1.0,
  "initial_candidate": false,
  "input_l2": 0.042253208370375474,
  "input_max_abs": 0.6941176652908325,
  "input_mean_abs": 0.018217196688055992,
  "input_psnr": 27.482806172322384,
  "input_ssim": 0.8353808522224426,
  "max_disp_px": 5.509223937988281,
  "max_disp_px_budget": 14.0,
  "mean_disp_px": 1.1926308870315552,
  "member": 3,
  "output_l2": 0.07063675987712041,
  "output_max_abs": 0.9058823585510254,
  "output_mean_abs": 0.029143961146473885,
  "output_psnr": 23.019384603037935,
  "output_ssim": 0.8559762835502625,
  "p95_disp_px": 3.5355427265167236,
  "phase": "phase4a_existence_probe",
  "prompt": "add headphones",
  "prompt_slug": "add_headphones",
  "prompt_type": "headphones",
  "seed": 45101,
  "target_input_ssim": 0.78,
  "theta_names": [
    "scale_logit",
    "action_face_side_push_left",
    "action_face_side_push_right",
    "action_head_top_raise",
    "action_head_top_lower",
    "action_jaw_expand",
    "action_jaw_compress",
    "action_asymmetry_twist"
  ],
  "theta_values": [
    -0.6594758629798889,
    -1.1575660705566406,
    0.8250921368598938,
    -1.071359395980835,
    0.8373111486434937,
    2.248696804046631,
    1.9279471635818481,
    0.12649452686309814
  ]
}
