{
  "displacement": {
    "budget_max_disp_px": 4.0,
    "max_disp_px": 1.8594541549682617,
    "max_disp_px_budget": 4.0,
    "mean_disp_px": 0.22428098320960999,
    "p95_disp_px": 1.2006118297576904,
    "target_input_ssim": 0.94
  },
  "input": {
    "l2": 0.014410316191560186,
    "max_abs": 0.5098039507865906,
    "mean_abs": 0.004449442028999329,
    "psnr": 36.82652979559633,
    "ssim": 0.9738695025444031
  },
  "output": {
    "l2": 0.02468621791795563,
    "max_abs": 0.772549033164978,
    "mean_abs": 0.01003983709961176,
    "psnr": 32.150908831721026,
    "ssim": 0.9498546719551086
  }
}
