{
  "displacement": {
    "budget_max_disp_px": 4.0,
    "max_disp_px": 2.804594039916992,
    "max_disp_px_budget": 4.0,
    "mean_disp_px": 0.24303162097930908,
    "p95_disp_px": 1.6794397830963135,
    "target_input_ssim": 0.94
  },
  "input": {
    "l2": 0.012454502277393212,
    "max_abs": 0.6352941393852234,
    "mean_abs": 0.0027961982414126396,
    "psnr": 38.093472472145294,
    "ssim": 0.9766882061958313
  },
  "output": {
    "l2": 0.02203791451071598,
    "max_abs": 0.5803921818733215,
    "mean_abs": 0.008266434073448181,
    "psnr": 33.13659011958254,
    "ssim": 0.9504308700561523
  }
}
