{
  "clean_clip_positive_margin": 0.03089107573032379,
  "clean_semantic_success_score": 0.03089107573032379,
  "clip_available": true,
  "clip_semantic_drop": 0.004601374268531799,
  "clip_warning": null,
  "crop_clip_available": false,
  "crop_clip_warning": null,
  "decision_label": "metric_only_candidate",
  "decision_reasons": [
    "semantic_drop_small:0.0046",
    "semantic_drop_small:0.0046",
    "semantic_drop_small:0.0046"
  ],
  "edit_failure_score": 0.004601374268531799,
  "final_attack_score": 0.1760825788733511,
  "full_image_semantic_drop": 0.004601374268531799,
  "geometry_excess_penalty": 0.0,
  "geometry_excess_penalty_weight": 0.75,
  "identity_or_face_health_available": false,
  "input_damage_penalty": 0.0,
  "input_damage_penalty_weight": 3.0,
  "input_l2": 0.023137461914577804,
  "input_max_abs": 0.5411764979362488,
  "input_mean_abs": 0.008374632336199284,
  "input_preservation_score": 0.719216606833718,
  "input_psnr": 32.71368566217879,
  "input_ssim": 0.938227653503418,
  "max_disp_px_budget": 14.0,
  "output_disruption_score": 0.2785431694501934,
  "output_disruption_weight": 0.5,
  "output_l2": 0.037409408676482674,
  "output_max_abs": 0.5921568870544434,
  "output_mean_abs": 0.02076857164502144,
  "output_psnr": 28.540383131181713,
  "output_ssim": 0.8710944652557373,
  "perturbed_clip_positive_margin": 0.026289701461791992,
  "perturbed_semantic_success_score": 0.026289701461791992,
  "phase2_final_score": 0.1760825788733511,
  "phase2_output_disruption": 0.2785431694501934,
  "phase2_score_formula": "8.0*max(0,semantic_drop)+0.5*output_disruption-3.0*input_damage_penalty-0.75*geometry_excess_penalty",
  "phase4_budget_name": "existence_probe",
  "phase4_final_score": 0.1760825788733511,
  "phase4_score_formula": "8.0*max(0,semantic_drop)+0.5*output_disruption-3.0*input_damage_penalty-0.75*geometry_excess_penalty",
  "semantic_drop": 0.004601374268531799,
  "semantic_drop_weight": 8.0,
  "target_input_ssim": 0.78
}
