{
  "geometry_info": {
    "action_names": [
      "eye_spread",
      "eye_compress",
      "eye_squint",
      "eye_raise_left",
      "eye_raise_right",
      "nose_bridge_shift_x",
      "asymmetry_twist"
    ],
    "action_strength": 0.72,
    "action_values": {
      "asymmetry_twist": 0.461978766922293,
      "eye_compress": -0.6829509249276139,
      "eye_raise_left": -0.5334369847484718,
      "eye_raise_right": 0.6891766404952738,
      "eye_spread": -0.7930667110449986,
      "eye_squint": -0.7820564423587107,
      "nose_bridge_shift_x": -0.7606670154042506
    },
    "active_actions": {
      "asymmetry_twist": 0.461978766922293,
      "eye_compress": -0.6829509249276139,
      "eye_raise_left": -0.5334369847484718,
      "eye_raise_right": 0.6891766404952738,
      "eye_spread": -0.7930667110449986,
      "eye_squint": -0.7820564423587107,
      "nose_bridge_shift_x": -0.7606670154042506
    },
    "active_anchor_count": 13,
    "control_point_count": 21,
    "geometry_method": "landmark_semantic_tps",
    "max_disp_px_budget": 8.0,
    "scale_factor": 0.8185443939253918,
    "source_control_points": [
      [
        212.48001098632812,
        217.60000610351562
      ],
      [
        184.32000732421875,
        217.60000610351562
      ],
      [
        299.5199890136719,
        217.60000610351562
      ],
      [
        327.67999267578125,
        217.60000610351562
      ],
      [
        212.48001098632812,
        199.67999267578125
      ],
      [
        212.48001098632812,
        235.52000427246094
      ],
      [
        299.5199890136719,
        199.67999267578125
      ],
      [
        299.5199890136719,
        235.52000427246094
      ],
      [
        256.0,
        263.67999267578125
      ],
      [
        112.63999938964844,
        248.3199920654297
      ],
      [
        174.0800018310547,
        394.239990234375
      ],
      [
        399.3599853515625,
        248.3199920654297
      ],
      [
        337.9200134277344,
        394.239990234375
      ],
      [
        0.0,
        0.0
      ],
      [
        511.0,
        0.0
      ],
      [
        0.0,
        511.0
      ],
      [
        511.0,
        511.0
      ],
      [
        256.0,
        0.0
      ],
      [
        256.0,
        511.0
      ],
      [
        0.0,
        256.0
      ],
      [
        511.0,
        256.0
      ]
    ],
    "target_control_points": [
      [
        213.11427307128906,
        220.672607421875
      ],
      [
        184.9542694091797,
        217.60000610351562
      ],
      [
        298.8857116699219,
        213.63035583496094
      ],
      [
        327.04571533203125,
        217.60000610351562
      ],
      [
        212.48001098632812,
        198.24794006347656
      ],
      [
        212.48001098632812,
        241.56094360351562
      ],
      [
        299.5199890136719,
        191.2056884765625
      ],
      [
        299.5199890136719,
        238.03982543945312
      ],
      [
        251.61856079101562,
        263.67999267578125
      ],
      [
        112.63999938964844,
        245.65899658203125
      ],
      [
        174.0800018310547,
        392.90948486328125
      ],
      [
        399.3599853515625,
        250.98098754882812
      ],
      [
        337.9200134277344,
        395.57049560546875
      ],
      [
        0.0,
        0.0
      ],
      [
        511.0,
        0.0
      ],
      [
        0.0,
        511.0
      ],
      [
        511.0,
        511.0
      ],
      [
        256.0,
        0.0
      ],
      [
        256.0,
        511.0
      ],
      [
        0.0,
        256.0
      ],
      [
        511.0,
        256.0
      ]
    ],
    "tps_regularization": 0.0001
  },
  "names": [
    "scale_logit",
    "action_eye_spread",
    "action_eye_compress",
    "action_eye_squint",
    "action_eye_raise_left",
    "action_eye_raise_right",
    "action_nose_bridge_shift_x",
    "action_asymmetry_twist"
  ],
  "values": [
    0.6131789684295654,
    -2.0735933780670166,
    -1.2022777795791626,
    -1.8905761241912842,
    -0.7782302498817444,
    1.227847695350647,
    -1.6531771421432495,
    0.6392528414726257
  ]
}
