{
  "clean_clip_positive_margin": 0.04682642221450806,
  "clean_semantic_success_score": 0.04682642221450806,
  "clip_available": true,
  "clip_semantic_drop": -0.00031808018684387207,
  "clip_warning": null,
  "crop_clip_available": true,
  "crop_clip_warning": null,
  "decision_label": "reject_input_damage",
  "decision_reasons": [
    "input_ssim_below_target:0.8513<0.8800",
    "semantic_drop_nonpositive:-0.0003"
  ],
  "edit_failure_score": 0.0,
  "final_attack_score": -0.48709229024416145,
  "full_image_semantic_drop": -0.00031808018684387207,
  "geometry_excess_penalty": 0.0,
  "geometry_excess_penalty_weight": 0.75,
  "identity_or_face_health_available": false,
  "input_damage_penalty": 0.22983316421508793,
  "input_damage_penalty_weight": 3.0,
  "input_l2": 0.03249970195248461,
  "input_max_abs": 0.541176438331604,
  "input_mean_abs": 0.0177087914198637,
  "input_preservation_score": 0.0,
  "input_psnr": 29.762412436413168,
  "input_ssim": 0.851270854473114,
  "left_crop_clean_margin": 0.01800447702407837,
  "left_crop_perturbed_margin": 0.02487790584564209,
  "left_crop_semantic_drop": -0.006873428821563721,
  "max_disp_px_budget": 8.0,
  "mean_crop_margin": 0.015196914474169413,
  "mean_crop_semantic_drop": -0.0010264466206232707,
  "min_crop_margin": -0.0041231513023376465,
  "min_crop_semantic_drop": -0.006873428821563721,
  "output_disruption_score": 0.40481440480220465,
  "output_disruption_weight": 0.5,
  "output_l2": 0.05170511766192354,
  "output_max_abs": 0.6274510025978088,
  "output_mean_abs": 0.027148177847266197,
  "output_psnr": 25.729329384799186,
  "output_ssim": 0.8020060658454895,
  "perturbed_clip_positive_margin": 0.04714450240135193,
  "perturbed_semantic_success_score": 0.04714450240135193,
  "phase2_final_score": -0.48709229024416145,
  "phase2_output_disruption": 0.40481440480220465,
  "phase2_score_formula": "8.0*max(0,semantic_drop)+0.5*output_disruption-3.0*input_damage_penalty-0.75*geometry_excess_penalty",
  "phase4_budget_name": "strong",
  "phase4_final_score": -0.48709229024416145,
  "phase4_score_formula": "8.0*max(0,semantic_drop)+0.5*output_disruption-3.0*input_damage_penalty-0.75*geometry_excess_penalty",
  "right_crop_clean_margin": 0.02526278793811798,
  "right_crop_perturbed_margin": 0.024835988879203796,
  "right_crop_semantic_drop": 0.00042679905891418457,
  "semantic_drop": -0.00031808018684387207,
  "semantic_drop_weight": 8.0,
  "target_input_ssim": 0.88,
  "top_crop_clean_margin": -0.0007558614015579224,
  "top_crop_perturbed_margin": -0.0041231513023376465,
  "top_crop_semantic_drop": 0.003367289900779724
}
