{
  "displacement": {
    "budget_max_disp_px": 14.0,
    "max_disp_px": 3.065690279006958,
    "max_disp_px_budget": 14.0,
    "mean_disp_px": 1.0785017013549805,
    "p95_disp_px": 2.5560741424560547,
    "target_input_ssim": 0.78
  },
  "input": {
    "l2": 0.029306303930906684,
    "max_abs": 0.7372549176216125,
    "mean_abs": 0.01502008643001318,
    "psnr": 30.660779014124063,
    "ssim": 0.8915042281150818
  },
  "output": {
    "l2": 0.038712092160077254,
    "max_abs": 0.8666666746139526,
    "mean_abs": 0.020127495750784874,
    "psnr": 28.243067139870565,
    "ssim": 0.8711121678352356
  }
}
