{
  "displacement": {
    "foldover_fraction_det_below_0": 0.0,
    "jacobian_det_mean": 0.9999999403953552,
    "jacobian_det_min": 0.9300124049186707,
    "low_det_fraction_below_0p2": 0.0,
    "max_disp_px": 1.723852515220642,
    "mean_disp_px": 0.1815059781074524,
    "p95_disp_px": 0.820651650428772
  },
  "input": {
    "l2": 0.01029586014636023,
    "max_abs": 0.4156862795352936,
    "mean_abs": 0.0033654316794127226,
    "psnr": 39.74674730590506,
    "ssim": 0.9775990843772888
  },
  "output": {
    "l2": 0.01989592871002838,
    "max_abs": 0.729411780834198,
    "mean_abs": 0.008298677392303944,
    "psnr": 34.02471567749739,
    "ssim": 0.9437534213066101
  }
}
