{
  "displacement": {
    "budget_max_disp_px": 14.0,
    "max_disp_px": 13.986001968383789,
    "max_disp_px_budget": 14.0,
    "mean_disp_px": 8.461359977722168,
    "p95_disp_px": 13.986001014709473,
    "target_input_ssim": 0.78
  },
  "input": {
    "l2": 0.09683659853753858,
    "max_abs": 0.7529411911964417,
    "mean_abs": 0.05368764325976372,
    "psnr": 20.27920947802238,
    "ssim": 0.60019451379776
  },
  "output": {
    "l2": 0.11403279685264714,
    "max_abs": 0.929411768913269,
    "mean_abs": 0.06504333764314651,
    "psnr": 18.85940447438385,
    "ssim": 0.5392794609069824
  }
}
