{
  "budget": "strong",
  "budget_max_disp_px": 6.0,
  "candidate_folder_abs": "/home/interns/Desktop/mat/phase2/outputs/phase2c_probe/semantic_heavy_cem/headphones_top_only/strong/seed_00/candidates/cand_053_g04_m05",
  "candidate_index": 53,
  "candidate_name": "cand_053_g04_m05",
  "dct_modes": [
    [
      1,
      0
    ],
    [
      0,
      1
    ],
    [
      1,
      1
    ],
    [
      2,
      0
    ],
    [
      0,
      2
    ],
    [
      2,
      1
    ]
  ],
  "elapsed_seconds": 5.39729268848896,
  "generation": 4,
  "geometry_method": "region_local_tps",
  "initial_candidate": false,
  "input_l2": 0.005967661365553172,
  "input_max_abs": 0.16862744092941284,
  "input_mean_abs": 0.001393002807162702,
  "input_psnr": 44.483916576807665,
  "input_ssim": 0.9904038310050964,
  "max_disp_px": 0.7642127871513367,
  "max_disp_px_budget": 6.0,
  "mean_disp_px": 0.06847964227199554,
  "member": 5,
  "mesh_size": 4,
  "output_l2": 0.01503716550124243,
  "output_max_abs": 0.4901961088180542,
  "output_mean_abs": 0.006674618925899267,
  "output_psnr": 36.45668040678145,
  "output_ssim": 0.9670018553733826,
  "p95_disp_px": 0.5507904291152954,
  "phase": "phase2c_probe",
  "prompt": "add headphones",
  "prompt_priority": 1,
  "prompt_slug": "add_headphones",
  "region_count": 1,
  "region_key": "headphones_top_only",
  "scale_factor": 0.35145092010498047,
  "seed": 24301,
  "target_input_ssim": 0.9,
  "tps_size": 4
}
