{
  "clean_clip_positive_margin": 0.027842342853546143,
  "clean_semantic_success_score": 0.027842342853546143,
  "clip_available": true,
  "clip_semantic_drop": 0.022010058164596558,
  "clip_warning": null,
  "crop_clip_available": true,
  "crop_clip_warning": null,
  "decision_label": "weak_candidate",
  "decision_reasons": [],
  "edit_failure_score": 0.022010058164596558,
  "final_attack_score": 0.19501412623490255,
  "full_image_semantic_drop": 0.022010058164596558,
  "geometry_excess_penalty": 0.0,
  "geometry_excess_penalty_weight": 0.75,
  "identity_or_face_health_available": false,
  "input_damage_penalty": 0.0,
  "input_damage_penalty_weight": 3.0,
  "input_l2": 0.003408409058803675,
  "input_max_abs": 0.29803919792175293,
  "input_mean_abs": 0.0007814195123501122,
  "input_preservation_score": 0.9494075775146484,
  "input_psnr": 49.34896578209519,
  "input_ssim": 0.9949407577514648,
  "left_crop_clean_margin": 0.02535329759120941,
  "left_crop_perturbed_margin": 0.02360069751739502,
  "left_crop_semantic_drop": 0.001752600073814392,
  "max_disp_px_budget": 6.0,
  "mean_crop_margin": 0.01335182785987854,
  "mean_crop_semantic_drop": 0.004759440819422404,
  "min_crop_margin": -0.001641198992729187,
  "min_crop_semantic_drop": 0.001752600073814392,
  "output_disruption_score": 0.07573464367252034,
  "output_disruption_weight": 0.25,
  "output_l2": 0.012863359981431169,
  "output_max_abs": 0.6352941393852234,
  "output_mean_abs": 0.005651960149407387,
  "output_psnr": 37.81291152901374,
  "output_ssim": 0.9757187962532043,
  "perturbed_clip_positive_margin": 0.005832284688949585,
  "perturbed_semantic_success_score": 0.005832284688949585,
  "phase2_final_score": 0.19501412623490255,
  "phase2_output_disruption": 0.07573464367252034,
  "phase2_score_formula": "8.0*max(0,semantic_drop)+0.25*output_disruption-3.0*input_damage_penalty-0.75*geometry_excess_penalty",
  "right_crop_clean_margin": 0.021481528878211975,
  "right_crop_perturbed_margin": 0.018095985054969788,
  "right_crop_semantic_drop": 0.0033855438232421875,
  "semantic_drop": 0.022010058164596558,
  "semantic_drop_weight": 8.0,
  "target_input_ssim": 0.9,
  "top_crop_clean_margin": 0.007498979568481445,
  "top_crop_perturbed_margin": -0.001641198992729187,
  "top_crop_semantic_drop": 0.009140178561210632
}
