{
  "best_folder": "phase2/outputs/phase2c_probe/semantic_heavy_cem/headphones_sides_only/existence_probe/seed_00/candidates/cand_016_g01_m16",
  "budget": "existence_probe",
  "budget_max_disp_px": 8.0,
  "candidate_folder": "phase2/outputs/phase2c_probe/semantic_heavy_cem/headphones_sides_only/existence_probe/seed_00/candidates/cand_016_g01_m16",
  "candidate_index": 16,
  "candidate_name": "cand_016_g01_m16",
  "clean_clip_positive_margin": 0.027842342853546143,
  "clean_semantic_success_score": 0.027842342853546143,
  "clip_available": true,
  "clip_semantic_drop": -0.004904121160507202,
  "clip_warning": null,
  "crop_clip_available": true,
  "crop_clip_warning": null,
  "dct_modes": [
    [
      1,
      0
    ],
    [
      0,
      1
    ],
    [
      1,
      1
    ],
    [
      2,
      0
    ],
    [
      0,
      2
    ],
    [
      2,
      1
    ]
  ],
  "decision_label": "metric_only_candidate",
  "decision_reasons": [
    "semantic_drop_nonpositive:-0.0049",
    "semantic_drop_nonpositive:-0.0049"
  ],
  "edit_failure_score": 0.0,
  "elapsed_seconds": 5.340431300923228,
  "final_attack_score": 0.0554854846268091,
  "full_image_semantic_drop": -0.004904121160507202,
  "generation": 1,
  "geometry_excess_penalty": 0.0,
  "geometry_excess_penalty_weight": 0.75,
  "geometry_method": "region_local_tps",
  "identity_or_face_health_available": false,
  "initial_candidate": false,
  "input_damage_penalty": 0.0,
  "input_damage_penalty_weight": 3.0,
  "input_l2": 0.023663492967203863,
  "input_max_abs": 0.8941176533699036,
  "input_mean_abs": 0.006188001949340105,
  "input_preservation_score": 0.6096014976501465,
  "input_psnr": 32.518422975720355,
  "input_ssim": 0.9453442096710205,
  "left_crop_clean_margin": 0.02535329759120941,
  "left_crop_perturbed_margin": 0.022054553031921387,
  "left_crop_semantic_drop": 0.003298744559288025,
  "max_disp_px": 5.98565149307251,
  "max_disp_px_budget": 8.0,
  "mean_crop_margin": 0.011690199375152588,
  "mean_crop_semantic_drop": 0.006421069304148356,
  "mean_disp_px": 0.7969213724136353,
  "member": 16,
  "mesh_size": 4,
  "min_crop_margin": -0.007174760103225708,
  "min_crop_semantic_drop": 0.0012907236814498901,
  "output_disruption_score": 0.2219419385072364,
  "output_disruption_weight": 0.25,
  "output_l2": 0.03691787782005403,
  "output_max_abs": 0.7647058963775635,
  "output_mean_abs": 0.013970249332487583,
  "output_psnr": 28.655265436524697,
  "output_ssim": 0.9257295727729797,
  "p95_disp_px": 4.141057968139648,
  "path_flow": "phase2/outputs/phase2c_probe/semantic_heavy_cem/headphones_sides_only/existence_probe/seed_00/candidates/cand_016_g01_m16/flow.png",
  "path_original": "phase2/outputs/phase2c_probe/semantic_heavy_cem/headphones_sides_only/existence_probe/seed_00/candidates/cand_016_g01_m16/original.png",
  "path_original_edited": "phase2/outputs/phase2c_probe/semantic_heavy_cem/headphones_sides_only/existence_probe/seed_00/candidates/cand_016_g01_m16/original_edited.png",
  "path_perturbed": "phase2/outputs/phase2c_probe/semantic_heavy_cem/headphones_sides_only/existence_probe/seed_00/candidates/cand_016_g01_m16/perturbed.png",
  "path_perturbed_edited": "phase2/outputs/phase2c_probe/semantic_heavy_cem/headphones_sides_only/existence_probe/seed_00/candidates/cand_016_g01_m16/perturbed_edited.png",
  "perturbed_clip_positive_margin": 0.032746464014053345,
  "perturbed_semantic_success_score": 0.032746464014053345,
  "phase": "phase2c_probe",
  "phase2_final_score": 0.0554854846268091,
  "phase2_output_disruption": 0.2219419385072364,
  "phase2_score_formula": "8.0*max(0,semantic_drop)+0.25*output_disruption-3.0*input_damage_penalty-0.75*geometry_excess_penalty",
  "prompt": "add headphones",
  "prompt_priority": 1,
  "prompt_slug": "add_headphones",
  "region_count": 2,
  "region_key": "headphones_sides_only",
  "right_crop_clean_margin": 0.021481528878211975,
  "right_crop_perturbed_margin": 0.020190805196762085,
  "right_crop_semantic_drop": 0.0012907236814498901,
  "scale_factor": 0.7634758949279785,
  "seed": 24102,
  "semantic_drop": -0.004904121160507202,
  "semantic_drop_weight": 8.0,
  "target_input_ssim": 0.86,
  "top_crop_clean_margin": 0.007498979568481445,
  "top_crop_perturbed_margin": -0.007174760103225708,
  "top_crop_semantic_drop": 0.014673739671707153,
  "tps_size": 4
}
