{
  "budget": "existence_probe",
  "budget_max_disp_px": 14.0,
  "candidate_folder_abs": "/home/interns/Desktop/mat/phase4/outputs/phase4a_existence_probe/cases/face_001/igs_1p50/make_the_person_smile_slightly/existence_probe/seed_00/candidates/cand_078_g04_m18",
  "candidate_index": 78,
  "candidate_name": "cand_078_g04_m18",
  "case_id": "face_001__make_the_person_smile_slightly__igs_1p50",
  "elapsed_seconds": 2.752256516367197,
  "face_id": "face_001",
  "generation": 4,
  "geometry_method": "landmark_piecewise_affine",
  "guidance_scale": 7.5,
  "image_guidance_scale": 1.5,
  "initial_candidate": false,
  "input_l2": 0.07021965745174868,
  "input_max_abs": 0.8078431487083435,
  "input_mean_abs": 0.029329650104045868,
  "input_psnr": 23.070825869153083,
  "input_ssim": 0.7826274037361145,
  "max_disp_px": 13.986001968383789,
  "max_disp_px_budget": 14.0,
  "mean_disp_px": 4.6428141593933105,
  "member": 18,
  "output_l2": 0.0928124847556593,
  "output_max_abs": 0.8705882430076599,
  "output_mean_abs": 0.04029427841305733,
  "output_psnr": 20.64787200670084,
  "output_ssim": 0.7451190948486328,
  "p95_disp_px": 12.944280624389648,
  "phase": "phase4a_existence_probe",
  "prompt": "make the person smile slightly",
  "prompt_slug": "make_the_person_smile_slightly",
  "prompt_type": "smile",
  "seed": 49101,
  "target_input_ssim": 0.78,
  "theta_names": [
    "scale_logit",
    "action_mouth_corner_raise",
    "action_mouth_corner_lower",
    "action_mouth_width_expand",
    "action_mouth_width_compress",
    "action_chin_raise",
    "action_chin_lower"
  ],
  "theta_values": [
    2.5,
    0.25004294514656067,
    -1.8638793230056763,
    1.1889691352844238,
    -0.3994600474834442,
    0.09744667261838913,
    -1.2509175539016724
  ]
}
