{
  "clean_clip_positive_margin": 0.055569812655448914,
  "clean_semantic_success_score": 0.055569812655448914,
  "clip_available": true,
  "clip_semantic_drop": 0.0038084834814071655,
  "clip_warning": null,
  "crop_clip_available": true,
  "crop_clip_warning": null,
  "decision_label": "metric_only_candidate",
  "decision_reasons": [
    "semantic_drop_small:0.0038",
    "semantic_drop_small:0.0038",
    "semantic_drop_small:0.0038"
  ],
  "edit_failure_score": 0.0038084834814071655,
  "final_attack_score": 0.1875171786753515,
  "full_image_semantic_drop": 0.0038084834814071655,
  "geometry_excess_penalty": 0.0,
  "geometry_excess_penalty_weight": 0.75,
  "identity_or_face_health_available": false,
  "input_damage_penalty": 0.0,
  "input_damage_penalty_weight": 3.0,
  "input_l2": 0.03148465974917984,
  "input_max_abs": 0.7372549176216125,
  "input_mean_abs": 0.01577770709991455,
  "input_preservation_score": 0.1450846195220947,
  "input_psnr": 30.038019914065185,
  "input_ssim": 0.8974101543426514,
  "left_crop_clean_margin": 0.027460142970085144,
  "left_crop_perturbed_margin": 0.026699677109718323,
  "left_crop_semantic_drop": 0.0007604658603668213,
  "max_disp_px_budget": 8.0,
  "mean_crop_margin": 0.010093400875727335,
  "mean_crop_semantic_drop": 0.0068768660227457685,
  "min_crop_margin": -0.004343479871749878,
  "min_crop_semantic_drop": 0.0007604658603668213,
  "output_disruption_score": 0.31409862164818836,
  "output_disruption_weight": 0.5,
  "output_l2": 0.044764346192686745,
  "output_max_abs": 0.8549019694328308,
  "output_mean_abs": 0.021825717762112617,
  "output_psnr": 26.981355084577203,
  "output_ssim": 0.8649587631225586,
  "perturbed_clip_positive_margin": 0.05176132917404175,
  "perturbed_semantic_success_score": 0.05176132917404175,
  "phase2_final_score": 0.1875171786753515,
  "phase2_output_disruption": 0.31409862164818836,
  "phase2_score_formula": "8.0*max(0,semantic_drop)+0.5*output_disruption-3.0*input_damage_penalty-0.75*geometry_excess_penalty",
  "phase4_budget_name": "strong",
  "phase4_final_score": 0.1875171786753515,
  "phase4_score_formula": "8.0*max(0,semantic_drop)+0.5*output_disruption-3.0*input_damage_penalty-0.75*geometry_excess_penalty",
  "right_crop_clean_margin": 0.025357991456985474,
  "right_crop_perturbed_margin": 0.007924005389213562,
  "right_crop_semantic_drop": 0.01743398606777191,
  "semantic_drop": 0.0038084834814071655,
  "semantic_drop_weight": 8.0,
  "target_input_ssim": 0.88,
  "top_crop_clean_margin": -0.0019073337316513062,
  "top_crop_perturbed_margin": -0.004343479871749878,
  "top_crop_semantic_drop": 0.0024361461400985718
}
