{
  "budget": "medium",
  "budget_max_disp_px": 4.0,
  "candidate_folder_abs": "/home/interns/Desktop/mat/phase3/outputs/breadth_probe/cases/face_007/igs_1p00/make_the_person_smile_slightly/medium/seed_00/candidates/cand_007_g01_m07",
  "candidate_index": 7,
  "candidate_name": "cand_007_g01_m07",
  "dct_modes": [
    [
      1,
      0
    ],
    [
      0,
      1
    ],
    [
      1,
      1
    ],
    [
      2,
      0
    ],
    [
      0,
      2
    ],
    [
      2,
      1
    ]
  ],
  "elapsed_seconds": 4.733332058414817,
  "generation": 1,
  "geometry_method": "region_local_tps",
  "initial_candidate": false,
  "input_l2": 0.011733975925077095,
  "input_max_abs": 0.27450981736183167,
  "input_mean_abs": 0.002656754804775119,
  "input_psnr": 38.611096143455434,
  "input_ssim": 0.9749013781547546,
  "max_disp_px": 1.5677204132080078,
  "max_disp_px_budget": 4.0,
  "mean_disp_px": 0.11119125038385391,
  "member": 7,
  "mesh_size": 4,
  "output_l2": 0.02166638908861305,
  "output_max_abs": 0.8313725590705872,
  "output_mean_abs": 0.009047762490808964,
  "output_psnr": 33.28426923974155,
  "output_ssim": 0.9743048548698425,
  "p95_disp_px": 1.0568000078201294,
  "phase": "phase3_breadth_probe",
  "prompt": "make the person smile slightly",
  "prompt_priority": 9,
  "prompt_slug": "make_the_person_smile_slightly",
  "region_count": 1,
  "region_key": "smile",
  "scale_factor": 0.4002034068107605,
  "seed": 52001,
  "target_input_ssim": 0.94,
  "tps_size": 4
}
