{
  "displacement": {
    "budget_max_disp_px": 14.0,
    "max_disp_px": 11.48779296875,
    "max_disp_px_budget": 14.0,
    "mean_disp_px": 3.7127180099487305,
    "p95_disp_px": 9.243199348449707,
    "target_input_ssim": 0.78
  },
  "input": {
    "l2": 0.0673982941077783,
    "max_abs": 0.8705882430076599,
    "mean_abs": 0.0363357774913311,
    "psnr": 23.427021911713286,
    "ssim": 0.6815951466560364
  },
  "output": {
    "l2": 0.08930314726173323,
    "max_abs": 0.9372549057006836,
    "mean_abs": 0.046039387583732605,
    "psnr": 20.982664704800584,
    "ssim": 0.7258042693138123
  }
}
