{
  "displacement": {
    "budget_max_disp_px": 6.0,
    "max_disp_px": 2.7892987728118896,
    "max_disp_px_budget": 6.0,
    "mean_disp_px": 0.1924794316291809,
    "p95_disp_px": 1.793562650680542,
    "target_input_ssim": 0.9
  },
  "input": {
    "l2": 0.017735095803751526,
    "max_abs": 0.5647059082984924,
    "mean_abs": 0.00330446008592844,
    "psnr": 35.023329223143556,
    "ssim": 0.9730339050292969
  },
  "output": {
    "l2": 0.023137619147314024,
    "max_abs": 0.8352941274642944,
    "mean_abs": 0.0072696395218372345,
    "psnr": 32.71362663662279,
    "ssim": 0.9656909108161926
  }
}
