{
  "best_folder": "phase2/outputs/phase2c_probe/amplification/source_10_cand_091_g06_m11/strong/scale_1p5",
  "budget": "strong",
  "budget_max_disp_px": 6.0,
  "candidate_folder": "phase2/outputs/phase2c_probe/amplification/source_10_cand_091_g06_m11/strong/scale_1p5",
  "candidate_index": 199,
  "candidate_name": "amp_10_cand_091_g06_m11_x1p5_strong",
  "clean_clip_positive_margin": 0.027842342853546143,
  "clean_semantic_success_score": 0.027842342853546143,
  "clip_available": true,
  "clip_semantic_drop": -0.0002624094486236572,
  "clip_warning": null,
  "crop_clip_available": true,
  "crop_clip_warning": null,
  "dct_modes": [
    [
      1,
      0
    ],
    [
      0,
      1
    ],
    [
      1,
      1
    ],
    [
      2,
      0
    ],
    [
      0,
      2
    ],
    [
      2,
      1
    ]
  ],
  "decision_label": "metric_only_candidate",
  "decision_reasons": [
    "semantic_drop_nonpositive:-0.0003",
    "semantic_drop_nonpositive:-0.0003"
  ],
  "edit_failure_score": 0.0,
  "elapsed_seconds": 4.4631749633699656,
  "final_attack_score": 0.04581918120039213,
  "full_image_semantic_drop": -0.0002624094486236572,
  "generation": 0,
  "geometry_excess_penalty": 0.0,
  "geometry_excess_penalty_weight": 0.75,
  "geometry_method": "region_local_tps",
  "identity_or_face_health_available": false,
  "initial_candidate": false,
  "input_damage_penalty": 0.0,
  "input_damage_penalty_weight": 3.0,
  "input_l2": 0.01981619683753221,
  "input_max_abs": 0.4431372582912445,
  "input_mean_abs": 0.0067116874270141125,
  "input_preservation_score": 0.31876480579376204,
  "input_psnr": 34.059593849649985,
  "input_ssim": 0.9318764805793762,
  "left_crop_clean_margin": 0.02535329759120941,
  "left_crop_perturbed_margin": 0.022588074207305908,
  "left_crop_semantic_drop": 0.0027652233839035034,
  "max_disp_px": 3.035604476928711,
  "max_disp_px_budget": 6.0,
  "mean_crop_margin": 0.011322726806004843,
  "mean_crop_semantic_drop": 0.006788541873296102,
  "mean_disp_px": 0.5684793591499329,
  "member": 199,
  "mesh_size": 4,
  "min_crop_margin": -0.008582770824432373,
  "min_crop_semantic_drop": 0.0015186518430709839,
  "output_disruption_score": 0.1832767248015685,
  "output_disruption_weight": 0.25,
  "output_l2": 0.02615723311556089,
  "output_max_abs": 0.5529412031173706,
  "output_mean_abs": 0.01279275119304657,
  "output_psnr": 31.648163942579238,
  "output_ssim": 0.921352207660675,
  "p95_disp_px": 2.1628072261810303,
  "path_flow": "phase2/outputs/phase2c_probe/amplification/source_10_cand_091_g06_m11/strong/scale_1p5/flow.png",
  "path_original": "phase2/outputs/phase2c_probe/amplification/source_10_cand_091_g06_m11/strong/scale_1p5/original.png",
  "path_original_edited": "phase2/outputs/phase2c_probe/amplification/source_10_cand_091_g06_m11/strong/scale_1p5/original_edited.png",
  "path_perturbed": "phase2/outputs/phase2c_probe/amplification/source_10_cand_091_g06_m11/strong/scale_1p5/perturbed.png",
  "path_perturbed_edited": "phase2/outputs/phase2c_probe/amplification/source_10_cand_091_g06_m11/strong/scale_1p5/perturbed_edited.png",
  "perturbed_clip_positive_margin": 0.0281047523021698,
  "perturbed_semantic_success_score": 0.0281047523021698,
  "phase": "phase2c_probe",
  "phase2_final_score": 0.04581918120039213,
  "phase2_output_disruption": 0.1832767248015685,
  "phase2_score_formula": "8.0*max(0,semantic_drop)+0.25*output_disruption-3.0*input_damage_penalty-0.75*geometry_excess_penalty",
  "phase2c_applied_scale": 1.5,
  "phase2c_geometry_source": "phase2b_theta_scaled_flow",
  "phase2c_part": "amplification",
  "phase2c_scale_factor": 1.5,
  "prompt": "add headphones",
  "prompt_priority": 1,
  "prompt_slug": "add_headphones",
  "region_count": 3,
  "region_key": "source_regions",
  "region_variant": "source_regions",
  "right_crop_clean_margin": 0.021481528878211975,
  "right_crop_perturbed_margin": 0.01996287703514099,
  "right_crop_semantic_drop": 0.0015186518430709839,
  "scale_factor": 0.5195525288581848,
  "seed": 24001,
  "semantic_drop": -0.0002624094486236572,
  "semantic_drop_weight": 8.0,
  "source_candidate_folder": "phase2/outputs/phase2b_cem/add_headphones/medium/seed_00/candidates/cand_091_g06_m11",
  "source_candidate_name": "cand_091_g06_m11",
  "source_phase2_final_score": "0.26472979557080334",
  "source_semantic_drop": "0.02689194679260254",
  "target_input_ssim": 0.9,
  "top_crop_clean_margin": 0.007498979568481445,
  "top_crop_perturbed_margin": -0.008582770824432373,
  "top_crop_semantic_drop": 0.01608175039291382,
  "tps_size": 4
}
