{
  "clean_clip_positive_margin": 0.02052225172519684,
  "clean_semantic_success_score": 0.02052225172519684,
  "clip_available": true,
  "clip_semantic_drop": 0.0019467025995254517,
  "clip_warning": null,
  "crop_clip_available": false,
  "crop_clip_warning": null,
  "decision_label": "metric_only_candidate",
  "decision_reasons": [
    "semantic_drop_small:0.0019",
    "semantic_drop_small:0.0019",
    "semantic_drop_small:0.0019"
  ],
  "edit_failure_score": 0.0019467025995254517,
  "final_attack_score": 0.10266935140399716,
  "full_image_semantic_drop": 0.0019467025995254517,
  "geometry_excess_penalty": 0.0,
  "geometry_excess_penalty_weight": 0.75,
  "identity_or_face_health_available": false,
  "input_damage_penalty": 0.0,
  "input_damage_penalty_weight": 3.0,
  "input_l2": 0.021770008390252022,
  "input_max_abs": 0.7058823704719543,
  "input_mean_abs": 0.00930752046406269,
  "input_preservation_score": 0.4260484973589579,
  "input_psnr": 33.24282807159938,
  "input_ssim": 0.931125819683075,
  "max_disp_px_budget": 8.0,
  "output_disruption_score": 0.1741914612155871,
  "output_disruption_weight": 0.5,
  "output_l2": 0.029866349252604358,
  "output_max_abs": 0.7490196228027344,
  "output_mean_abs": 0.0128123564645648,
  "output_psnr": 30.496357212696456,
  "output_ssim": 0.9452739357948303,
  "perturbed_clip_positive_margin": 0.018575549125671387,
  "perturbed_semantic_success_score": 0.018575549125671387,
  "phase2_final_score": 0.10266935140399716,
  "phase2_output_disruption": 0.1741914612155871,
  "phase2_score_formula": "8.0*max(0,semantic_drop)+0.5*output_disruption-3.0*input_damage_penalty-0.75*geometry_excess_penalty",
  "phase4_budget_name": "strong",
  "phase4_final_score": 0.10266935140399716,
  "phase4_score_formula": "8.0*max(0,semantic_drop)+0.5*output_disruption-3.0*input_damage_penalty-0.75*geometry_excess_penalty",
  "semantic_drop": 0.0019467025995254517,
  "semantic_drop_weight": 8.0,
  "target_input_ssim": 0.88
}
