{
  "clean": {
    "l2": 0.09600778665665645,
    "max_abs": 0.8588235378265381,
    "mean_abs": 0.04129507765173912,
    "psnr": 20.353870846525474,
    "ssim": 0.745060384273529
  },
  "clean_clip_margin": 0.03964954614639282
}
