{
  "budget": "medium",
  "budget_max_disp_px": 4.0,
  "candidate_folder_abs": "/home/interns/Desktop/mat/phase2/outputs/phase2b_cem/add_headphones/medium/seed_00/candidates/cand_014_g01_m14",
  "candidate_index": 14,
  "candidate_name": "cand_014_g01_m14",
  "dct_modes": [
    [
      1,
      0
    ],
    [
      0,
      1
    ],
    [
      1,
      1
    ],
    [
      2,
      0
    ],
    [
      0,
      2
    ],
    [
      2,
      1
    ]
  ],
  "elapsed_seconds": 5.375355618074536,
  "generation": 1,
  "geometry_method": "region_local_mesh",
  "initial_candidate": false,
  "input_l2": 0.011177886437818666,
  "input_max_abs": 0.5176470875740051,
  "input_mean_abs": 0.0030492099467664957,
  "input_psnr": 39.03280613859486,
  "input_ssim": 0.9783101677894592,
  "max_disp_px": 1.5861786603927612,
  "max_disp_px_budget": 4.0,
  "mean_disp_px": 0.1729046106338501,
  "member": 14,
  "mesh_size": 4,
  "output_l2": 0.01696956234016256,
  "output_max_abs": 0.5568627715110779,
  "output_mean_abs": 0.007306624669581652,
  "output_psnr": 35.40658716743954,
  "output_ssim": 0.9618805050849915,
  "p95_disp_px": 0.9351781606674194,
  "phase": "phase2b_cem",
  "prompt": "add headphones",
  "prompt_priority": 1,
  "prompt_slug": "add_headphones",
  "region_count": 3,
  "region_key": "headphones",
  "scale_factor": 0.4046374261379242,
  "seed": 23001,
  "target_input_ssim": 0.94,
  "tps_size": 4
}
