{
  "clean_clip_positive_margin": 0.045523494482040405,
  "clean_semantic_success_score": 0.045523494482040405,
  "clip_available": true,
  "clip_semantic_drop": -0.001542210578918457,
  "clip_warning": null,
  "crop_clip_available": false,
  "crop_clip_warning": null,
  "decision_label": "metric_only_candidate",
  "decision_reasons": [
    "semantic_drop_nonpositive:-0.0015",
    "semantic_drop_nonpositive:-0.0015",
    "semantic_drop_nonpositive:-0.0015"
  ],
  "edit_failure_score": 0.0,
  "final_attack_score": 0.08860372011075661,
  "full_image_semantic_drop": -0.001542210578918457,
  "geometry_excess_penalty": 0.0,
  "geometry_excess_penalty_weight": 0.75,
  "identity_or_face_health_available": false,
  "input_damage_penalty": 0.0,
  "input_damage_penalty_weight": 3.0,
  "input_l2": 0.0226945993894959,
  "input_max_abs": 0.5490196347236633,
  "input_mean_abs": 0.009642940945923328,
  "input_preservation_score": 0.5151594281196594,
  "input_psnr": 32.881549582473674,
  "input_ssim": 0.9418191313743591,
  "max_disp_px_budget": 8.0,
  "output_disruption_score": 0.17720744022151322,
  "output_disruption_weight": 0.5,
  "output_l2": 0.02659622581904255,
  "output_max_abs": 0.6392157077789307,
  "output_mean_abs": 0.011895675212144852,
  "output_psnr": 31.50359976531703,
  "output_ssim": 0.929177463054657,
  "perturbed_clip_positive_margin": 0.04706570506095886,
  "perturbed_semantic_success_score": 0.04706570506095886,
  "phase2_final_score": 0.08860372011075661,
  "phase2_output_disruption": 0.17720744022151322,
  "phase2_score_formula": "8.0*max(0,semantic_drop)+0.5*output_disruption-3.0*input_damage_penalty-0.75*geometry_excess_penalty",
  "phase4_budget_name": "strong",
  "phase4_final_score": 0.08860372011075661,
  "phase4_score_formula": "8.0*max(0,semantic_drop)+0.5*output_disruption-3.0*input_damage_penalty-0.75*geometry_excess_penalty",
  "semantic_drop": -0.001542210578918457,
  "semantic_drop_weight": 8.0,
  "target_input_ssim": 0.88
}
