{
  "best_row": {
    "attack_score": 0.13300614699416685,
    "attack_score_gain_from_initial": 0.06285049770639353,
    "best_folder": "phase1/outputs/scale_probe/add_black_sunglasses/unet_prediction/strong/start_00/best",
    "budget": "strong",
    "budget_admissible": true,
    "elapsed_seconds": 50.78189034201205,
    "foldover_fraction_det_below_0": 0.0,
    "initial_attack_score": 0.07015564928777332,
    "input_damage_penalty": 0.0,
    "input_l2": 0.009141613385797293,
    "input_psnr": 40.779542994045315,
    "input_ssim": 0.9803776741027832,
    "iter": 50,
    "jacobian_det_mean": 1.0,
    "jacobian_det_min": 0.9491088390350342,
    "low_det_fraction_below_0p2": 0.0,
    "max_disp_px": 0.844221830368042,
    "mean_disp_px": 0.17877113819122314,
    "normalized_output_l2": 0.08057581528716612,
    "objective": "unet_prediction",
    "objective_scale_used": 1031.0892113402485,
    "output_disruption": 0.13300614699416685,
    "output_l2": 0.02014395382179153,
    "output_psnr": 33.917105656324836,
    "output_ssim": 0.9475696682929993,
    "p95_disp_px": 0.594122588634491,
    "path_flow": "phase1/outputs/scale_probe/add_black_sunglasses/unet_prediction/strong/start_00/checkpoints/iter_050/flow.png",
    "path_perturbed": "phase1/outputs/scale_probe/add_black_sunglasses/unet_prediction/strong/start_00/checkpoints/iter_050/perturbed.png",
    "path_perturbed_edited": "phase1/outputs/scale_probe/add_black_sunglasses/unet_prediction/strong/start_00/checkpoints/iter_050/perturbed_edited.png",
    "prompt": "add black sunglasses",
    "prompt_slug": "add_black_sunglasses",
    "start": 0,
    "target_input_ssim": 0.9
  },
  "checkpoint_rows": [
    {
      "attack_score": 0.07015564928777332,
      "budget": "strong",
      "foldover_fraction_det_below_0": 0.0,
      "input_damage_penalty": 0.0,
      "input_l2": 0.00464177811921072,
      "input_psnr": 46.66631246030547,
      "input_ssim": 0.995307445526123,
      "iter": 0,
      "jacobian_det_mean": 1.0,
      "jacobian_det_min": 0.9891078472137451,
      "low_det_fraction_below_0p2": 0.0,
      "max_disp_px": 0.5300926566123962,
      "mean_disp_px": 0.09410414099693298,
      "normalized_output_l2": 0.04313513527639027,
      "objective": "unet_prediction",
      "output_disruption": 0.07015564928777332,
      "output_l2": 0.010783783819097567,
      "output_psnr": 39.34457653916115,
      "output_ssim": 0.9729794859886169,
      "p95_disp_px": 0.3178038001060486,
      "path_flow": "phase1/outputs/scale_probe/add_black_sunglasses/unet_prediction/strong/start_00/checkpoints/iter_000/flow.png",
      "path_perturbed": "phase1/outputs/scale_probe/add_black_sunglasses/unet_prediction/strong/start_00/checkpoints/iter_000/perturbed.png",
      "path_perturbed_edited": "phase1/outputs/scale_probe/add_black_sunglasses/unet_prediction/strong/start_00/checkpoints/iter_000/perturbed_edited.png",
      "prompt": "add black sunglasses",
      "prompt_slug": "add_black_sunglasses",
      "start": 0,
      "target_input_ssim": 0.9
    },
    {
      "attack_score": 0.11075479443264166,
      "budget": "strong",
      "foldover_fraction_det_below_0": 0.0,
      "input_damage_penalty": 0.0,
      "input_l2": 0.007569809936136441,
      "input_psnr": 42.418300493812026,
      "input_ssim": 0.9868381023406982,
      "iter": 25,
      "jacobian_det_mean": 1.0,
      "jacobian_det_min": 0.9620028138160706,
      "low_det_fraction_below_0p2": 0.0,
      "max_disp_px": 0.9306098222732544,
      "mean_disp_px": 0.14142060279846191,
      "normalized_output_l2": 0.06492055113506476,
      "objective": "unet_prediction",
      "output_disruption": 0.11075479443264166,
      "output_l2": 0.01623013778376619,
      "output_psnr": 35.793555865366486,
      "output_ssim": 0.9541657567024231,
      "p95_disp_px": 0.48751741647720337,
      "path_flow": "phase1/outputs/scale_probe/add_black_sunglasses/unet_prediction/strong/start_00/checkpoints/iter_025/flow.png",
      "path_perturbed": "phase1/outputs/scale_probe/add_black_sunglasses/unet_prediction/strong/start_00/checkpoints/iter_025/perturbed.png",
      "path_perturbed_edited": "phase1/outputs/scale_probe/add_black_sunglasses/unet_prediction/strong/start_00/checkpoints/iter_025/perturbed_edited.png",
      "prompt": "add black sunglasses",
      "prompt_slug": "add_black_sunglasses",
      "start": 0,
      "target_input_ssim": 0.9
    },
    {
      "attack_score": 0.13300614699416685,
      "budget": "strong",
      "foldover_fraction_det_below_0": 0.0,
      "input_damage_penalty": 0.0,
      "input_l2": 0.009141613385797293,
      "input_psnr": 40.779542994045315,
      "input_ssim": 0.9803776741027832,
      "iter": 50,
      "jacobian_det_mean": 1.0,
      "jacobian_det_min": 0.9491088390350342,
      "low_det_fraction_below_0p2": 0.0,
      "max_disp_px": 0.844221830368042,
      "mean_disp_px": 0.17877113819122314,
      "normalized_output_l2": 0.08057581528716612,
      "objective": "unet_prediction",
      "output_disruption": 0.13300614699416685,
      "output_l2": 0.02014395382179153,
      "output_psnr": 33.917105656324836,
      "output_ssim": 0.9475696682929993,
      "p95_disp_px": 0.594122588634491,
      "path_flow": "phase1/outputs/scale_probe/add_black_sunglasses/unet_prediction/strong/start_00/checkpoints/iter_050/flow.png",
      "path_perturbed": "phase1/outputs/scale_probe/add_black_sunglasses/unet_prediction/strong/start_00/checkpoints/iter_050/perturbed.png",
      "path_perturbed_edited": "phase1/outputs/scale_probe/add_black_sunglasses/unet_prediction/strong/start_00/checkpoints/iter_050/perturbed_edited.png",
      "prompt": "add black sunglasses",
      "prompt_slug": "add_black_sunglasses",
      "start": 0,
      "target_input_ssim": 0.9
    }
  ]
}
