{
  "best_folder": "phase2/outputs/phase2c_probe/semantic_heavy_cem/headphones_ear_tight/existence_probe/seed_00/candidates/cand_044_g03_m12",
  "budget": "existence_probe",
  "budget_max_disp_px": 8.0,
  "candidate_folder": "phase2/outputs/phase2c_probe/semantic_heavy_cem/headphones_ear_tight/existence_probe/seed_00/candidates/cand_044_g03_m12",
  "candidate_index": 44,
  "candidate_name": "cand_044_g03_m12",
  "clean_clip_positive_margin": 0.027842342853546143,
  "clean_semantic_success_score": 0.027842342853546143,
  "clip_available": true,
  "clip_semantic_drop": -0.0038844943046569824,
  "clip_warning": null,
  "crop_clip_available": true,
  "crop_clip_warning": null,
  "dct_modes": [
    [
      1,
      0
    ],
    [
      0,
      1
    ],
    [
      1,
      1
    ],
    [
      2,
      0
    ],
    [
      0,
      2
    ],
    [
      2,
      1
    ]
  ],
  "decision_label": "metric_only_candidate",
  "decision_reasons": [
    "semantic_drop_nonpositive:-0.0039",
    "semantic_drop_nonpositive:-0.0039"
  ],
  "edit_failure_score": 0.0,
  "elapsed_seconds": 5.482147661969066,
  "final_attack_score": 0.02093731233443796,
  "full_image_semantic_drop": -0.0038844943046569824,
  "generation": 3,
  "geometry_excess_penalty": 0.0,
  "geometry_excess_penalty_weight": 0.75,
  "geometry_method": "combined_all",
  "identity_or_face_health_available": false,
  "initial_candidate": false,
  "input_damage_penalty": 0.0,
  "input_damage_penalty_weight": 3.0,
  "input_l2": 0.01037187530301302,
  "input_max_abs": 0.8784313797950745,
  "input_mean_abs": 0.0017262231558561325,
  "input_preservation_score": 0.8961465699332101,
  "input_psnr": 39.68285426446887,
  "input_ssim": 0.9854605197906494,
  "left_crop_clean_margin": 0.02535329759120941,
  "left_crop_perturbed_margin": 0.02566535770893097,
  "left_crop_semantic_drop": -0.0003120601177215576,
  "max_disp_px": 2.687866687774658,
  "max_disp_px_budget": 8.0,
  "mean_crop_margin": 0.01719265679518382,
  "mean_crop_semantic_drop": 0.0009186118841171265,
  "mean_disp_px": 0.16524899005889893,
  "member": 12,
  "mesh_size": 4,
  "min_crop_margin": 0.004639491438865662,
  "min_crop_semantic_drop": -0.0003120601177215576,
  "output_disruption_score": 0.08374924933775184,
  "output_disruption_weight": 0.25,
  "output_l2": 0.014714468210597628,
  "output_max_abs": 0.8274509906768799,
  "output_mean_abs": 0.005483843851834536,
  "output_psnr": 36.645108578696615,
  "output_ssim": 0.9751086235046387,
  "p95_disp_px": 1.3684877157211304,
  "path_flow": "phase2/outputs/phase2c_probe/semantic_heavy_cem/headphones_ear_tight/existence_probe/seed_00/candidates/cand_044_g03_m12/flow.png",
  "path_original": "phase2/outputs/phase2c_probe/semantic_heavy_cem/headphones_ear_tight/existence_probe/seed_00/candidates/cand_044_g03_m12/original.png",
  "path_original_edited": "phase2/outputs/phase2c_probe/semantic_heavy_cem/headphones_ear_tight/existence_probe/seed_00/candidates/cand_044_g03_m12/original_edited.png",
  "path_perturbed": "phase2/outputs/phase2c_probe/semantic_heavy_cem/headphones_ear_tight/existence_probe/seed_00/candidates/cand_044_g03_m12/perturbed.png",
  "path_perturbed_edited": "phase2/outputs/phase2c_probe/semantic_heavy_cem/headphones_ear_tight/existence_probe/seed_00/candidates/cand_044_g03_m12/perturbed_edited.png",
  "perturbed_clip_positive_margin": 0.031726837158203125,
  "perturbed_semantic_success_score": 0.031726837158203125,
  "phase": "phase2c_probe",
  "phase2_final_score": 0.02093731233443796,
  "phase2_output_disruption": 0.08374924933775184,
  "phase2_score_formula": "8.0*max(0,semantic_drop)+0.25*output_disruption-3.0*input_damage_penalty-0.75*geometry_excess_penalty",
  "prompt": "add headphones",
  "prompt_priority": 1,
  "prompt_slug": "add_headphones",
  "region_count": 2,
  "region_key": "headphones_ear_tight",
  "right_crop_clean_margin": 0.021481528878211975,
  "right_crop_perturbed_margin": 0.021273121237754822,
  "right_crop_semantic_drop": 0.00020840764045715332,
  "scale_factor": 0.412685364484787,
  "seed": 24202,
  "semantic_drop": -0.0038844943046569824,
  "semantic_drop_weight": 8.0,
  "target_input_ssim": 0.86,
  "top_crop_clean_margin": 0.007498979568481445,
  "top_crop_perturbed_margin": 0.004639491438865662,
  "top_crop_semantic_drop": 0.0028594881296157837,
  "tps_size": 4
}
