{
  "displacement": {
    "budget_max_disp_px": 8.0,
    "max_disp_px": 6.346706390380859,
    "max_disp_px_budget": 8.0,
    "mean_disp_px": 1.2503575086593628,
    "p95_disp_px": 3.735001564025879,
    "target_input_ssim": 0.88
  },
  "input": {
    "l2": 0.03872454601330181,
    "max_abs": 0.6274510025978088,
    "mean_abs": 0.016470232978463173,
    "psnr": 28.24027329968945,
    "ssim": 0.8737764358520508
  },
  "output": {
    "l2": 0.04682519621324875,
    "max_abs": 0.8980392217636108,
    "mean_abs": 0.018656374886631966,
    "psnr": 26.590407882192707,
    "ssim": 0.8760361671447754
  }
}
