{
  "geometry_info": {
    "action_names": [
      "face_side_push_left",
      "face_side_push_right",
      "head_top_raise",
      "head_top_lower",
      "jaw_expand",
      "jaw_compress",
      "asymmetry_twist"
    ],
    "action_strength": 0.72,
    "action_values": {
      "asymmetry_twist": 0.01960288953221342,
      "face_side_push_left": -0.39238357255757483,
      "face_side_push_right": 0.4361147947560114,
      "head_top_lower": 0.17127184261254882,
      "head_top_raise": 0.48889101182101075,
      "jaw_compress": 0.49661259280849224,
      "jaw_expand": -0.46200538799207314
    },
    "active_actions": {
      "asymmetry_twist": 0.01960288953221342,
      "face_side_push_left": -0.39238357255757483,
      "face_side_push_right": 0.4361147947560114,
      "head_top_lower": 0.17127184261254882,
      "head_top_raise": 0.48889101182101075,
      "jaw_compress": 0.49661259280849224,
      "jaw_expand": -0.46200538799207314
    },
    "active_anchor_count": 7,
    "control_point_count": 15,
    "geometry_method": "landmark_semantic_tps",
    "max_disp_px_budget": 8.0,
    "scale_factor": 0.7298886049475459,
    "source_control_points": [
      [
        112.63999938964844,
        248.3199920654297
      ],
      [
        112.63999938964844,
        253.44000244140625
      ],
      [
        399.3599853515625,
        248.3199920654297
      ],
      [
        399.3599853515625,
        253.44000244140625
      ],
      [
        256.0,
        87.04000091552734
      ],
      [
        174.0800018310547,
        394.239990234375
      ],
      [
        337.9200134277344,
        394.239990234375
      ],
      [
        0.0,
        0.0
      ],
      [
        511.0,
        0.0
      ],
      [
        0.0,
        511.0
      ],
      [
        511.0,
        511.0
      ],
      [
        256.0,
        0.0
      ],
      [
        256.0,
        511.0
      ],
      [
        0.0,
        256.0
      ],
      [
        511.0,
        256.0
      ]
    ],
    "target_control_points": [
      [
        114.90013122558594,
        248.2070770263672
      ],
      [
        114.33509826660156,
        253.44000244140625
      ],
      [
        401.87200927734375,
        248.4329071044922
      ],
      [
        401.2439880371094,
        253.44000244140625
      ],
      [
        256.0,
        85.21051788330078
      ],
      [
        179.6016387939453,
        394.18353271484375
      ],
      [
        332.39837646484375,
        394.29644775390625
      ],
      [
        0.0,
        0.0
      ],
      [
        511.0,
        0.0
      ],
      [
        0.0,
        511.0
      ],
      [
        511.0,
        511.0
      ],
      [
        256.0,
        0.0
      ],
      [
        256.0,
        511.0
      ],
      [
        0.0,
        256.0
      ],
      [
        511.0,
        256.0
      ]
    ],
    "tps_regularization": 0.0001
  },
  "names": [
    "scale_logit",
    "action_face_side_push_left",
    "action_face_side_push_right",
    "action_head_top_raise",
    "action_head_top_lower",
    "action_jaw_expand",
    "action_jaw_compress",
    "action_asymmetry_twist"
  ],
  "values": [
    0.3369161784648895,
    -0.6007651090621948,
    0.6892635822296143,
    0.8104091882705688,
    0.2391098290681839,
    -0.7463738918304443,
    0.8298492431640625,
    0.026863832026720047
  ]
}
