{
  "clean_clip_positive_margin": 0.020921379327774048,
  "clean_semantic_success_score": 0.020921379327774048,
  "clip_available": true,
  "clip_semantic_drop": 0.0020715445280075073,
  "clip_warning": null,
  "crop_clip_available": false,
  "crop_clip_warning": null,
  "decision_label": "metric_only_candidate",
  "decision_reasons": [
    "semantic_drop_small:0.0021",
    "semantic_drop_small:0.0021",
    "semantic_drop_small:0.0021"
  ],
  "edit_failure_score": 0.0020715445280075073,
  "final_attack_score": 0.13183316882885127,
  "full_image_semantic_drop": 0.0020715445280075073,
  "geometry_excess_penalty": 0.0,
  "geometry_excess_penalty_weight": 0.75,
  "identity_or_face_health_available": false,
  "input_damage_penalty": 0.0,
  "input_damage_penalty_weight": 3.0,
  "input_l2": 0.021459868255128665,
  "input_max_abs": 0.5960783958435059,
  "input_mean_abs": 0.008772746659815311,
  "input_preservation_score": 0.4474674264589945,
  "input_psnr": 33.367458971023225,
  "input_ssim": 0.9336960911750793,
  "max_disp_px_budget": 8.0,
  "output_disruption_score": 0.2305216252095824,
  "output_disruption_weight": 0.5,
  "output_l2": 0.03385222105402066,
  "output_max_abs": 0.7686274647712708,
  "output_mean_abs": 0.016537604853510857,
  "output_psnr": 29.40825663714783,
  "output_ssim": 0.9048872590065002,
  "perturbed_clip_positive_margin": 0.01884983479976654,
  "perturbed_semantic_success_score": 0.01884983479976654,
  "phase2_final_score": 0.13183316882885127,
  "phase2_output_disruption": 0.2305216252095824,
  "phase2_score_formula": "8.0*max(0,semantic_drop)+0.5*output_disruption-3.0*input_damage_penalty-0.75*geometry_excess_penalty",
  "phase4_budget_name": "strong",
  "phase4_final_score": 0.13183316882885127,
  "phase4_score_formula": "8.0*max(0,semantic_drop)+0.5*output_disruption-3.0*input_damage_penalty-0.75*geometry_excess_penalty",
  "semantic_drop": 0.0020715445280075073,
  "semantic_drop_weight": 8.0,
  "target_input_ssim": 0.88
}
