{
  "budget": "existence_probe",
  "budget_max_disp_px": 14.0,
  "candidate_folder_abs": "/home/interns/Desktop/mat/phase4/outputs/phase4a_existence_probe/cases/face_005/igs_1p50/add_headphones/existence_probe/seed_00/candidates/cand_009_g01_m09",
  "candidate_index": 9,
  "candidate_name": "cand_009_g01_m09",
  "case_id": "face_005__add_headphones__igs_1p50",
  "elapsed_seconds": 3.1395771745592356,
  "face_id": "face_005",
  "generation": 1,
  "geometry_method": "landmark_semantic_tps",
  "guidance_scale": 7.5,
  "image_guidance_scale": 1.5,
  "initial_candidate": false,
  "input_l2": 0.08623525394541955,
  "input_max_abs": 0.7529411911964417,
  "input_mean_abs": 0.050776127725839615,
  "input_psnr": 21.28630306773715,
  "input_ssim": 0.6790798306465149,
  "max_disp_px": 13.986001968383789,
  "max_disp_px_budget": 14.0,
  "mean_disp_px": 8.211236000061035,
  "member": 9,
  "output_l2": 0.1047972344212748,
  "output_max_abs": 0.8117647171020508,
  "output_mean_abs": 0.061204392462968826,
  "output_psnr": 19.593003562967134,
  "output_ssim": 0.6242815256118774,
  "p95_disp_px": 13.986001014709473,
  "phase": "phase4a_existence_probe",
  "prompt": "add headphones",
  "prompt_slug": "add_headphones",
  "prompt_type": "headphones",
  "seed": 44101,
  "target_input_ssim": 0.78,
  "theta_names": [
    "scale_logit",
    "action_face_side_push_left",
    "action_face_side_push_right",
    "action_head_top_raise",
    "action_head_top_lower",
    "action_jaw_expand",
    "action_jaw_compress",
    "action_asymmetry_twist"
  ],
  "theta_values": [
    0.9695701003074646,
    -1.1370059251785278,
    0.8435296416282654,
    1.536226749420166,
    -0.12191890180110931,
    0.28024545311927795,
    -0.10082107782363892,
    1.0682469606399536
  ]
}
