{
  "clean_clip_positive_margin": 0.02052225172519684,
  "clean_semantic_success_score": 0.02052225172519684,
  "clip_available": true,
  "clip_semantic_drop": 0.004557788372039795,
  "clip_warning": null,
  "crop_clip_available": false,
  "crop_clip_warning": null,
  "decision_label": "reject_input_damage",
  "decision_reasons": [
    "input_ssim_below_target:0.7719<0.7800",
    "semantic_drop_small:0.0046"
  ],
  "edit_failure_score": 0.004557788372039795,
  "final_attack_score": 0.11847772798317763,
  "full_image_semantic_drop": 0.004557788372039795,
  "geometry_excess_penalty": 0.0,
  "geometry_excess_penalty_weight": 0.75,
  "identity_or_face_health_available": false,
  "input_damage_penalty": 0.0646135711669924,
  "input_damage_penalty_weight": 3.0,
  "input_l2": 0.05503791912466934,
  "input_max_abs": 0.7529411911964417,
  "input_mean_abs": 0.025411611422896385,
  "input_preservation_score": 0.0,
  "input_psnr": 25.186759885624312,
  "input_ssim": 0.771923303604126,
  "max_disp_px_budget": 14.0,
  "output_disruption_score": 0.5517122690156729,
  "output_disruption_weight": 0.5,
  "output_l2": 0.08799189190754372,
  "output_max_abs": 0.800000011920929,
  "output_mean_abs": 0.03902497887611389,
  "output_psnr": 21.111146889279404,
  "output_ssim": 0.800255298614502,
  "perturbed_clip_positive_margin": 0.015964463353157043,
  "perturbed_semantic_success_score": 0.015964463353157043,
  "phase2_final_score": 0.11847772798317763,
  "phase2_output_disruption": 0.5517122690156729,
  "phase2_score_formula": "8.0*max(0,semantic_drop)+0.5*output_disruption-3.0*input_damage_penalty-0.75*geometry_excess_penalty",
  "phase4_budget_name": "existence_probe",
  "phase4_final_score": 0.11847772798317763,
  "phase4_score_formula": "8.0*max(0,semantic_drop)+0.5*output_disruption-3.0*input_damage_penalty-0.75*geometry_excess_penalty",
  "semantic_drop": 0.004557788372039795,
  "semantic_drop_weight": 8.0,
  "target_input_ssim": 0.78
}
