{
  "displacement": {
    "budget_max_disp_px": 14.0,
    "max_disp_px": 10.347855567932129,
    "max_disp_px_budget": 14.0,
    "mean_disp_px": 2.579897165298462,
    "p95_disp_px": 8.174260139465332,
    "target_input_ssim": 0.78
  },
  "input": {
    "l2": 0.04933668654394979,
    "max_abs": 0.8666666746139526,
    "mean_abs": 0.018605688586831093,
    "psnr": 26.136600422422113,
    "ssim": 0.8431932330131531
  },
  "output": {
    "l2": 0.07564405823787952,
    "max_abs": 0.9450980424880981,
    "mean_abs": 0.03214472159743309,
    "psnr": 22.424503593621136,
    "ssim": 0.7971283793449402
  }
}
