{
  "displacement": {
    "budget_max_disp_px": 6.0,
    "max_disp_px": 4.813621997833252,
    "max_disp_px_budget": 6.0,
    "mean_disp_px": 0.3058350682258606,
    "p95_disp_px": 2.6426429748535156,
    "target_input_ssim": 0.9
  },
  "input": {
    "l2": 0.024179058322901573,
    "max_abs": 0.9058823585510254,
    "mean_abs": 0.004758089315146208,
    "psnr": 32.33121234339349,
    "ssim": 0.9620795249938965
  },
  "output": {
    "l2": 0.026866277773586338,
    "max_abs": 0.6392157077789307,
    "mean_abs": 0.013227568008005619,
    "psnr": 31.415849986833283,
    "ssim": 0.9581215381622314
  }
}
