{
  "clean": {
    "l2": 0.058575112637157346,
    "max_abs": 0.6117647290229797,
    "mean_abs": 0.03746398165822029,
    "psnr": 24.64573735205103,
    "ssim": 0.8053755164146423
  },
  "clean_clip_margin": 0.02155444025993347
}
