{
  "best_candidate_this_generation": "cand_026_g02_m06",
  "best_score_this_generation": 0.1657648286869911,
  "budget": "strong",
  "cem_state": {
    "mean_abs": 0.5834660530090332,
    "method_probs": [
      0.34523809523809523,
      0.6547619047619048
    ],
    "methods": [
      "landmark_semantic_tps",
      "landmark_piecewise_affine"
    ],
    "std_max": 0.6619497537612915,
    "std_mean": 0.5458667874336243,
    "std_min": 0.40713363885879517
  },
  "decision_counts": {
    "metric_only_candidate": 15,
    "reject_input_damage": 5
  },
  "elapsed_seconds": 66.75322378985584,
  "elite": 4,
  "elite_candidate_names": [
    "cand_026_g02_m06",
    "cand_030_g02_m10",
    "cand_040_g02_m20",
    "cand_031_g02_m11"
  ],
  "face_id": "face_001",
  "generation": 2,
  "population": 20,
  "prompt": "make the person smile slightly"
}
