{
  "best_folder": "phase4/outputs/phase4a_existence_probe/cases/face_003/igs_1p00/add_headphones/strong/seed_00/candidates/cand_031_g02_m11",
  "budget": "strong",
  "budget_max_disp_px": 8.0,
  "candidate_folder": "phase4/outputs/phase4a_existence_probe/cases/face_003/igs_1p00/add_headphones/strong/seed_00/candidates/cand_031_g02_m11",
  "candidate_index": 31,
  "candidate_name": "cand_031_g02_m11",
  "case_id": "face_003__add_headphones__igs_1p00",
  "clean_clip_positive_margin": 0.045783042907714844,
  "clean_semantic_success_score": 0.045783042907714844,
  "clip_available": true,
  "clip_semantic_drop": 6.586313247680664e-05,
  "clip_warning": null,
  "crop_clip_available": true,
  "crop_clip_warning": null,
  "decision_label": "reject_input_damage",
  "decision_reasons": [
    "input_ssim_below_target:0.8068<0.8800",
    "semantic_drop_small:0.0001"
  ],
  "edit_failure_score": 6.586313247680664e-05,
  "elapsed_seconds": 3.047180987894535,
  "face_id": "face_003",
  "final_attack_score": -1.5473209366223266,
  "full_image_semantic_drop": 6.586313247680664e-05,
  "generation": 2,
  "geometry_excess_penalty": 0.0,
  "geometry_excess_penalty_weight": 0.75,
  "geometry_method": "landmark_semantic_tps",
  "guidance_scale": 7.5,
  "identity_or_face_health_available": false,
  "image_guidance_scale": 1.0,
  "initial_candidate": false,
  "input_damage_penalty": 0.5852308654785157,
  "input_damage_penalty_weight": 3.0,
  "input_l2": 0.039064754480630286,
  "input_max_abs": 0.5607843399047852,
  "input_mean_abs": 0.021155886352062225,
  "input_preservation_score": 0.0,
  "input_psnr": 28.164298017152113,
  "input_ssim": 0.8068461418151855,
  "left_crop_clean_margin": 0.01863802969455719,
  "left_crop_perturbed_margin": 0.014618068933486938,
  "left_crop_semantic_drop": 0.0040199607610702515,
  "max_disp_px": 5.638154983520508,
  "max_disp_px_budget": 8.0,
  "mean_crop_margin": 0.011826003591219584,
  "mean_crop_semantic_drop": -0.002828886111577352,
  "mean_disp_px": 1.9537842273712158,
  "member": 11,
  "min_crop_margin": 0.000308111310005188,
  "min_crop_semantic_drop": -0.00990663468837738,
  "output_disruption_score": 0.4156895095068118,
  "output_disruption_weight": 0.5,
  "output_l2": 0.061934913544801413,
  "output_max_abs": 0.8156862854957581,
  "output_mean_abs": 0.03012205846607685,
  "output_psnr": 24.161289286052664,
  "output_ssim": 0.8320501446723938,
  "p95_disp_px": 4.677706718444824,
  "path_clean_edit": "phase4/outputs/phase4a_existence_probe/cases/face_003/igs_1p00/add_headphones/strong/seed_00/candidates/cand_031_g02_m11/clean_edit.png",
  "path_flow": "phase4/outputs/phase4a_existence_probe/cases/face_003/igs_1p00/add_headphones/strong/seed_00/candidates/cand_031_g02_m11/flow.png",
  "path_landmarks_overlay_original": "phase4/outputs/phase4a_existence_probe/cases/face_003/igs_1p00/add_headphones/strong/seed_00/candidates/cand_031_g02_m11/landmarks_overlay_original.jpg",
  "path_landmarks_overlay_perturbed": "phase4/outputs/phase4a_existence_probe/cases/face_003/igs_1p00/add_headphones/strong/seed_00/candidates/cand_031_g02_m11/landmarks_overlay_perturbed.jpg",
  "path_original": "phase4/outputs/phase4a_existence_probe/cases/face_003/igs_1p00/add_headphones/strong/seed_00/candidates/cand_031_g02_m11/original.png",
  "path_perturbed": "phase4/outputs/phase4a_existence_probe/cases/face_003/igs_1p00/add_headphones/strong/seed_00/candidates/cand_031_g02_m11/perturbed.png",
  "path_perturbed_edit": "phase4/outputs/phase4a_existence_probe/cases/face_003/igs_1p00/add_headphones/strong/seed_00/candidates/cand_031_g02_m11/perturbed_edit.png",
  "perturbed_clip_positive_margin": 0.04571717977523804,
  "perturbed_semantic_success_score": 0.04571717977523804,
  "phase": "phase4a_existence_probe",
  "phase2_final_score": -1.5473209366223266,
  "phase2_output_disruption": 0.4156895095068118,
  "phase2_score_formula": "8.0*max(0,semantic_drop)+0.5*output_disruption-3.0*input_damage_penalty-0.75*geometry_excess_penalty",
  "phase4_budget_name": "strong",
  "phase4_final_score": -1.5473209366223266,
  "phase4_score_formula": "8.0*max(0,semantic_drop)+0.5*output_disruption-3.0*input_damage_penalty-0.75*geometry_excess_penalty",
  "prompt": "add headphones",
  "prompt_slug": "add_headphones",
  "prompt_type": "headphones",
  "right_crop_clean_margin": 0.0179518461227417,
  "right_crop_perturbed_margin": 0.020551830530166626,
  "right_crop_semantic_drop": -0.0025999844074249268,
  "seed": 52001,
  "semantic_drop": 6.586313247680664e-05,
  "semantic_drop_weight": 8.0,
  "target_input_ssim": 0.88,
  "theta_names": [
    "scale_logit",
    "action_face_side_push_left",
    "action_face_side_push_right",
    "action_head_top_raise",
    "action_head_top_lower",
    "action_jaw_expand",
    "action_jaw_compress",
    "action_asymmetry_twist"
  ],
  "theta_values": [
    -1.11140775680542,
    0.7905067801475525,
    -0.7003205418586731,
    -1.0205119848251343,
    -0.43446335196495056,
    0.010241636075079441,
    1.5558826923370361,
    -1.411750078201294
  ],
  "top_crop_clean_margin": -0.009598523378372192,
  "top_crop_perturbed_margin": 0.000308111310005188,
  "top_crop_semantic_drop": -0.00990663468837738
}
