{
  "clean_clip_positive_margin": 0.027842342853546143,
  "clean_semantic_success_score": 0.027842342853546143,
  "clip_available": true,
  "clip_semantic_drop": -0.0050879716873168945,
  "clip_warning": null,
  "crop_clip_available": true,
  "crop_clip_warning": null,
  "decision_label": "metric_only_candidate",
  "decision_reasons": [
    "semantic_drop_nonpositive:-0.0051",
    "semantic_drop_nonpositive:-0.0051"
  ],
  "edit_failure_score": 0.0,
  "final_attack_score": 0.034425207672557925,
  "full_image_semantic_drop": -0.0050879716873168945,
  "geometry_excess_penalty": 0.0,
  "geometry_excess_penalty_weight": 0.75,
  "identity_or_face_health_available": false,
  "input_damage_penalty": 0.0,
  "input_damage_penalty_weight": 3.0,
  "input_l2": 0.0134941059232675,
  "input_max_abs": 0.8627451062202454,
  "input_mean_abs": 0.004388776142150164,
  "input_preservation_score": 0.7636488505772182,
  "input_psnr": 37.3971177026303,
  "input_ssim": 0.9669108390808105,
  "left_crop_clean_margin": 0.02535329759120941,
  "left_crop_perturbed_margin": 0.026480361819267273,
  "left_crop_semantic_drop": -0.0011270642280578613,
  "max_disp_px_budget": 8.0,
  "mean_crop_margin": 0.01738061507542928,
  "mean_crop_semantic_drop": 0.0007306536038716634,
  "min_crop_margin": 0.004608094692230225,
  "min_crop_semantic_drop": -0.0011270642280578613,
  "output_disruption_score": 0.1377008306902317,
  "output_disruption_weight": 0.25,
  "output_l2": 0.02148171633287439,
  "output_max_abs": 0.6745098233222961,
  "output_mean_abs": 0.008452649228274822,
  "output_psnr": 33.358620451890836,
  "output_ssim": 0.9482260346412659,
  "perturbed_clip_positive_margin": 0.03293031454086304,
  "perturbed_semantic_success_score": 0.03293031454086304,
  "phase2_final_score": 0.034425207672557925,
  "phase2_output_disruption": 0.1377008306902317,
  "phase2_score_formula": "8.0*max(0,semantic_drop)+0.25*output_disruption-3.0*input_damage_penalty-0.75*geometry_excess_penalty",
  "right_crop_clean_margin": 0.021481528878211975,
  "right_crop_perturbed_margin": 0.021053388714790344,
  "right_crop_semantic_drop": 0.00042814016342163086,
  "semantic_drop": -0.0050879716873168945,
  "semantic_drop_weight": 8.0,
  "target_input_ssim": 0.86,
  "top_crop_clean_margin": 0.007498979568481445,
  "top_crop_perturbed_margin": 0.004608094692230225,
  "top_crop_semantic_drop": 0.0028908848762512207
}
