{
  "budget": "existence_probe",
  "budget_max_disp_px": 8.0,
  "candidate_folder_abs": "/home/interns/Desktop/mat/phase2/outputs/phase2a_probe/add_headphones/existence_probe/seed_00/candidates/cand_035_g03_m11",
  "candidate_index": 35,
  "candidate_name": "cand_035_g03_m11",
  "dct_modes": [
    [
      1,
      0
    ],
    [
      0,
      1
    ],
    [
      1,
      1
    ],
    [
      2,
      0
    ],
    [
      0,
      2
    ],
    [
      2,
      1
    ]
  ],
  "elapsed_seconds": 5.331697421148419,
  "generation": 3,
  "geometry_method": "combined_tps_dct",
  "initial_candidate": false,
  "input_l2": 0.031144998582852506,
  "input_max_abs": 0.6941176652908325,
  "input_mean_abs": 0.009751847013831139,
  "input_psnr": 30.132233691018733,
  "input_ssim": 0.9027872085571289,
  "max_disp_px": 5.794671058654785,
  "max_disp_px_budget": 8.0,
  "mean_disp_px": 1.1334894895553589,
  "member": 11,
  "mesh_size": 4,
  "output_l2": 0.04295471352282975,
  "output_max_abs": 0.772549033164978,
  "output_mean_abs": 0.014522436074912548,
  "output_psnr": 27.33978346103803,
  "output_ssim": 0.8929336667060852,
  "p95_disp_px": 4.686699390411377,
  "phase": "phase2a_probe",
  "prompt": "add headphones",
  "prompt_priority": 1,
  "prompt_slug": "add_headphones",
  "region_count": 3,
  "region_key": "headphones",
  "scale_factor": 0.7391161918640137,
  "seed": 22201,
  "target_input_ssim": 0.86,
  "tps_size": 4
}
