{
  "geometry_info": {
    "action_names": [
      "eye_spread",
      "eye_compress",
      "eye_squint",
      "eye_raise_left",
      "eye_raise_right",
      "nose_bridge_shift_x",
      "asymmetry_twist"
    ],
    "action_strength": 0.72,
    "action_values": {
      "asymmetry_twist": -0.5918194150751074,
      "eye_compress": 0.048945119346598294,
      "eye_raise_left": 0.7787485279785418,
      "eye_raise_right": 0.3607744587199898,
      "eye_spread": -0.39217380425091053,
      "eye_squint": -0.7805592072559014,
      "nose_bridge_shift_x": 0.7585644270128874
    },
    "active_actions": {
      "asymmetry_twist": -0.5918194150751074,
      "eye_compress": 0.048945119346598294,
      "eye_raise_left": 0.7787485279785418,
      "eye_raise_right": 0.3607744587199898,
      "eye_spread": -0.39217380425091053,
      "eye_squint": -0.7805592072559014,
      "nose_bridge_shift_x": 0.7585644270128874
    },
    "active_anchor_count": 13,
    "control_point_count": 21,
    "geometry_method": "landmark_piecewise_affine",
    "max_disp_px_budget": 8.0,
    "scale_factor": 0.8573352545293458,
    "source_control_points": [
      [
        212.48001098632812,
        217.60000610351562
      ],
      [
        184.32000732421875,
        217.60000610351562
      ],
      [
        299.5199890136719,
        217.60000610351562
      ],
      [
        327.67999267578125,
        217.60000610351562
      ],
      [
        212.48001098632812,
        199.67999267578125
      ],
      [
        212.48001098632812,
        235.52000427246094
      ],
      [
        299.5199890136719,
        199.67999267578125
      ],
      [
        299.5199890136719,
        235.52000427246094
      ],
      [
        256.0,
        263.67999267578125
      ],
      [
        112.63999938964844,
        248.3199920654297
      ],
      [
        174.0800018310547,
        394.239990234375
      ],
      [
        399.3599853515625,
        248.3199920654297
      ],
      [
        337.9200134277344,
        394.239990234375
      ],
      [
        0.0,
        0.0
      ],
      [
        511.0,
        0.0
      ],
      [
        0.0,
        511.0
      ],
      [
        511.0,
        511.0
      ],
      [
        256.0,
        0.0
      ],
      [
        256.0,
        511.0
      ],
      [
        0.0,
        256.0
      ],
      [
        511.0,
        256.0
      ]
    ],
    "target_control_points": [
      [
        215.02085876464844,
        213.11441040039062
      ],
      [
        186.86085510253906,
        217.60000610351562
      ],
      [
        296.9791564941406,
        215.52194213867188
      ],
      [
        325.13916015625,
        217.60000610351562
      ],
      [
        212.48001098632812,
        190.69837951660156
      ],
      [
        212.48001098632812,
        237.77322387695312
      ],
      [
        299.5199890136719,
        193.1059112548828
      ],
      [
        299.5199890136719,
        238.97698974609375
      ],
      [
        260.36932373046875,
        263.67999267578125
      ],
      [
        112.63999938964844,
        251.72886657714844
      ],
      [
        174.0800018310547,
        395.9444274902344
      ],
      [
        399.3599853515625,
        244.91111755371094
      ],
      [
        337.9200134277344,
        392.5355529785156
      ],
      [
        0.0,
        0.0
      ],
      [
        511.0,
        0.0
      ],
      [
        0.0,
        511.0
      ],
      [
        511.0,
        511.0
      ],
      [
        256.0,
        0.0
      ],
      [
        256.0,
        511.0
      ],
      [
        0.0,
        256.0
      ],
      [
        511.0,
        256.0
      ]
    ],
    "tps_regularization": 0.0001
  },
  "names": [
    "scale_logit",
    "action_eye_spread",
    "action_eye_compress",
    "action_eye_squint",
    "action_eye_raise_left",
    "action_eye_raise_right",
    "action_nose_bridge_shift_x",
    "action_asymmetry_twist"
  ],
  "values": [
    0.7638483643531799,
    -0.4940607249736786,
    0.05715196952223778,
    -1.530137062072754,
    1.517928957939148,
    0.4486747980117798,
    1.397422432899475,
    -0.8485305905342102
  ]
}
