{
  "displacement": {
    "budget_max_disp_px": 4.0,
    "max_disp_px": 3.002122640609741,
    "max_disp_px_budget": 4.0,
    "mean_disp_px": 0.6043872833251953,
    "p95_disp_px": 2.3113040924072266,
    "target_input_ssim": 0.94
  },
  "input": {
    "l2": 0.01891300205843989,
    "max_abs": 0.7490196228027344,
    "mean_abs": 0.006517248693853617,
    "psnr": 34.46479060349571,
    "ssim": 0.9354681968688965
  },
  "output": {
    "l2": 0.0238569105314466,
    "max_abs": 0.7568627595901489,
    "mean_abs": 0.01036019902676344,
    "psnr": 32.44771596270044,
    "ssim": 0.9279428124427795
  }
}
