{
  "displacement": {
    "budget_max_disp_px": 4.0,
    "max_disp_px": 2.5260863304138184,
    "max_disp_px_budget": 4.0,
    "mean_disp_px": 0.5193471312522888,
    "p95_disp_px": 2.1491687297821045,
    "target_input_ssim": 0.94
  },
  "input": {
    "l2": 0.01868750926577895,
    "max_abs": 0.5725489854812622,
    "mean_abs": 0.006102328654378653,
    "psnr": 34.568971579926846,
    "ssim": 0.9429702162742615
  },
  "output": {
    "l2": 0.024810466083871646,
    "max_abs": 0.7686274647712708,
    "mean_abs": 0.011173058301210403,
    "psnr": 32.10730154184138,
    "ssim": 0.9313351511955261
  }
}
