{
  "clean": {
    "l2": 0.04993710725397707,
    "max_abs": 0.5843137502670288,
    "mean_abs": 0.03523264825344086,
    "psnr": 26.031532379469972,
    "ssim": 0.8295512795448303
  },
  "clean_clip_margin": 0.01173853874206543
}
