{
  "budget": "strong",
  "budget_max_disp_px": 8.0,
  "candidate_folder_abs": "/home/interns/Desktop/mat/phase4/outputs/phase4a_existence_probe/cases/face_005/igs_1p50/add_a_small_beard/strong/seed_00/candidates/cand_073_g04_m13",
  "candidate_index": 73,
  "candidate_name": "cand_073_g04_m13",
  "case_id": "face_005__add_a_small_beard__igs_1p50",
  "elapsed_seconds": 2.654864000156522,
  "face_id": "face_005",
  "generation": 4,
  "geometry_method": "landmark_piecewise_affine",
  "guidance_scale": 7.5,
  "image_guidance_scale": 1.5,
  "initial_candidate": false,
  "input_l2": 0.03304385631100711,
  "input_max_abs": 0.6431372761726379,
  "input_mean_abs": 0.012304921634495258,
  "input_psnr": 29.618185500119285,
  "input_ssim": 0.9069662690162659,
  "max_disp_px": 7.992000579833984,
  "max_disp_px_budget": 8.0,
  "mean_disp_px": 1.2466626167297363,
  "member": 13,
  "output_l2": 0.05835975774195225,
  "output_max_abs": 0.7098039388656616,
  "output_mean_abs": 0.03310362622141838,
  "output_psnr": 24.67773039162097,
  "output_ssim": 0.8255401253700256,
  "p95_disp_px": 5.630812168121338,
  "phase": "phase4a_existence_probe",
  "prompt": "add a small beard",
  "prompt_slug": "add_a_small_beard",
  "prompt_type": "beard",
  "seed": 48001,
  "target_input_ssim": 0.88,
  "theta_names": [
    "scale_logit",
    "action_jaw_expand",
    "action_jaw_compress",
    "action_chin_raise",
    "action_chin_lower",
    "action_mouth_width_expand",
    "action_lower_face_shift"
  ],
  "theta_values": [
    1.1237832307815552,
    -1.3876597881317139,
    0.7819344401359558,
    0.37672698497772217,
    -1.5151468515396118,
    0.11643962562084198,
    1.6530014276504517
  ]
}
