{
  "budget": "strong",
  "budget_max_disp_px": 8.0,
  "candidate_folder_abs": "/home/interns/Desktop/mat/phase4/outputs/phase4a_existence_probe/cases/face_003/igs_1p50/add_headphones/strong/seed_00/candidates/cand_034_g02_m14",
  "candidate_index": 34,
  "candidate_name": "cand_034_g02_m14",
  "case_id": "face_003__add_headphones__igs_1p50",
  "elapsed_seconds": 2.502360036596656,
  "face_id": "face_003",
  "generation": 2,
  "geometry_method": "landmark_piecewise_affine",
  "guidance_scale": 7.5,
  "image_guidance_scale": 1.5,
  "initial_candidate": false,
  "input_l2": 0.021660090919126084,
  "input_max_abs": 0.3803921937942505,
  "input_mean_abs": 0.011548188515007496,
  "input_psnr": 33.28679449475701,
  "input_ssim": 0.9078866839408875,
  "max_disp_px": 2.4175868034362793,
  "max_disp_px_budget": 8.0,
  "mean_disp_px": 0.815130352973938,
  "member": 14,
  "output_l2": 0.04059792456560707,
  "output_max_abs": 0.7803921699523926,
  "output_mean_abs": 0.019289599731564522,
  "output_psnr": 27.829923354438023,
  "output_ssim": 0.8667533993721008,
  "p95_disp_px": 1.8326406478881836,
  "phase": "phase4a_existence_probe",
  "prompt": "add headphones",
  "prompt_slug": "add_headphones",
  "prompt_type": "headphones",
  "seed": 46001,
  "target_input_ssim": 0.88,
  "theta_names": [
    "scale_logit",
    "action_face_side_push_left",
    "action_face_side_push_right",
    "action_head_top_raise",
    "action_head_top_lower",
    "action_jaw_expand",
    "action_jaw_compress",
    "action_asymmetry_twist"
  ],
  "theta_values": [
    -0.2625158131122589,
    -0.7375829815864563,
    1.204285979270935,
    -0.7849016189575195,
    -1.0705920457839966,
    -0.2661844491958618,
    -1.8344789743423462,
    0.10951076447963715
  ]
}
