{
  "displacement": {
    "budget_max_disp_px": 6.0,
    "max_disp_px": 3.6714038848876953,
    "max_disp_px_budget": 6.0,
    "mean_disp_px": 0.6423019170761108,
    "p95_disp_px": 2.889732599258423,
    "target_input_ssim": 0.9
  },
  "input": {
    "l2": 0.020372589945366167,
    "max_abs": 0.4901961088180542,
    "mean_abs": 0.006747497711330652,
    "psnr": 33.819075122028444,
    "ssim": 0.9308733940124512
  },
  "output": {
    "l2": 0.027137656609816038,
    "max_abs": 0.7607843279838562,
    "mean_abs": 0.01393620204180479,
    "psnr": 31.328553144848925,
    "ssim": 0.9166979789733887
  }
}
