{
  "clean": {
    "l2": 0.1480925215352019,
    "max_abs": 0.9803921580314636,
    "mean_abs": 0.0891076922416687,
    "psnr": 16.58933744375539,
    "ssim": 0.6180624961853027
  },
  "clean_clip_margin": 0.03786283731460571
}
