{
  "budget": "strong",
  "budget_max_disp_px": 6.0,
  "candidate_folder_abs": "/home/interns/Desktop/mat/phase2/outputs/phase2a_probe/add_a_small_beard/strong/seed_00/candidates/cand_003_g01_m03",
  "candidate_index": 3,
  "candidate_name": "cand_003_g01_m03",
  "dct_modes": [
    [
      1,
      0
    ],
    [
      0,
      1
    ],
    [
      1,
      1
    ],
    [
      2,
      0
    ],
    [
      0,
      2
    ],
    [
      2,
      1
    ]
  ],
  "elapsed_seconds": 4.808197256177664,
  "generation": 1,
  "geometry_method": "combined_all",
  "initial_candidate": false,
  "input_l2": 0.01241147383909388,
  "input_max_abs": 0.6000000238418579,
  "input_mean_abs": 0.002574307844042778,
  "input_psnr": 38.123532875778785,
  "input_ssim": 0.9797419905662537,
  "max_disp_px": 2.9375662803649902,
  "max_disp_px_budget": 6.0,
  "mean_disp_px": 0.18170350790023804,
  "member": 3,
  "mesh_size": 4,
  "output_l2": 0.021644975499501166,
  "output_max_abs": 0.6313725709915161,
  "output_mean_abs": 0.007331931963562965,
  "output_psnr": 33.29285802879055,
  "output_ssim": 0.952081024646759,
  "p95_disp_px": 1.1563374996185303,
  "phase": "phase2a_probe",
  "prompt": "add a small beard",
  "prompt_priority": 4,
  "prompt_slug": "add_a_small_beard",
  "region_count": 1,
  "region_key": "beard",
  "scale_factor": 0.6228851079940796,
  "seed": 25101,
  "target_input_ssim": 0.9,
  "tps_size": 4
}
