{
  "clean_clip_positive_margin": 0.020921379327774048,
  "clean_semantic_success_score": 0.020921379327774048,
  "clip_available": true,
  "clip_semantic_drop": 0.0021004974842071533,
  "clip_warning": null,
  "crop_clip_available": false,
  "crop_clip_warning": null,
  "decision_label": "reject_input_damage",
  "decision_reasons": [
    "input_ssim_below_target:0.7209<0.7800",
    "semantic_drop_small:0.0021"
  ],
  "edit_failure_score": 0.0021004974842071533,
  "final_attack_score": -1.014404970150399,
  "full_image_semantic_drop": 0.0021004974842071533,
  "geometry_excess_penalty": 0.0,
  "geometry_excess_penalty_weight": 0.75,
  "identity_or_face_health_available": false,
  "input_damage_penalty": 0.47287057876586935,
  "input_damage_penalty_weight": 3.0,
  "input_l2": 0.08380769286852768,
  "input_max_abs": 0.7647058963775635,
  "input_mean_abs": 0.03886643424630165,
  "input_preservation_score": 0.0,
  "input_psnr": 21.534322296365865,
  "input_ssim": 0.7208911776542664,
  "max_disp_px_budget": 14.0,
  "output_disruption_score": 0.7748055725471038,
  "output_disruption_weight": 0.5,
  "output_l2": 0.11369492782095716,
  "output_max_abs": 0.9725490212440491,
  "output_mean_abs": 0.05293816328048706,
  "output_psnr": 18.885178194108995,
  "output_ssim": 0.6799741387367249,
  "perturbed_clip_positive_margin": 0.018820881843566895,
  "perturbed_semantic_success_score": 0.018820881843566895,
  "phase2_final_score": -1.014404970150399,
  "phase2_output_disruption": 0.7748055725471038,
  "phase2_score_formula": "8.0*max(0,semantic_drop)+0.5*output_disruption-3.0*input_damage_penalty-0.75*geometry_excess_penalty",
  "phase4_budget_name": "existence_probe",
  "phase4_final_score": -1.014404970150399,
  "phase4_score_formula": "8.0*max(0,semantic_drop)+0.5*output_disruption-3.0*input_damage_penalty-0.75*geometry_excess_penalty",
  "semantic_drop": 0.0021004974842071533,
  "semantic_drop_weight": 8.0,
  "target_input_ssim": 0.78
}
