{
  "clean_clip_positive_margin": 0.020921379327774048,
  "clean_semantic_success_score": 0.020921379327774048,
  "clip_available": true,
  "clip_semantic_drop": -0.002404838800430298,
  "clip_warning": null,
  "crop_clip_available": false,
  "crop_clip_warning": null,
  "decision_label": "reject_input_damage",
  "decision_reasons": [
    "input_ssim_below_target:0.7500<0.7800",
    "semantic_drop_nonpositive:-0.0024"
  ],
  "edit_failure_score": 0.0,
  "final_attack_score": -0.3833754194671235,
  "full_image_semantic_drop": -0.002404838800430298,
  "geometry_excess_penalty": 0.0,
  "geometry_excess_penalty_weight": 0.75,
  "identity_or_face_health_available": false,
  "input_damage_penalty": 0.24024604797363303,
  "input_damage_penalty_weight": 3.0,
  "input_l2": 0.06978114339980078,
  "input_max_abs": 0.8196078538894653,
  "input_mean_abs": 0.031112708151340485,
  "input_preservation_score": 0.0,
  "input_psnr": 23.125238373838478,
  "input_ssim": 0.7499692440032959,
  "max_disp_px_budget": 14.0,
  "output_disruption_score": 0.6747254489075512,
  "output_disruption_weight": 0.5,
  "output_l2": 0.09717819984285457,
  "output_max_abs": 0.929411768913269,
  "output_mean_abs": 0.04396162927150726,
  "output_psnr": 20.24862300390765,
  "output_ssim": 0.7139873504638672,
  "perturbed_clip_positive_margin": 0.023326218128204346,
  "perturbed_semantic_success_score": 0.023326218128204346,
  "phase2_final_score": -0.3833754194671235,
  "phase2_output_disruption": 0.6747254489075512,
  "phase2_score_formula": "8.0*max(0,semantic_drop)+0.5*output_disruption-3.0*input_damage_penalty-0.75*geometry_excess_penalty",
  "phase4_budget_name": "existence_probe",
  "phase4_final_score": -0.3833754194671235,
  "phase4_score_formula": "8.0*max(0,semantic_drop)+0.5*output_disruption-3.0*input_damage_penalty-0.75*geometry_excess_penalty",
  "semantic_drop": -0.002404838800430298,
  "semantic_drop_weight": 8.0,
  "target_input_ssim": 0.78
}
