{
  "best_folder": "phase4/outputs/phase4a_existence_probe/cases/face_003/igs_1p00/add_headphones/existence_probe/seed_00/candidates/cand_027_g02_m07",
  "budget": "existence_probe",
  "budget_max_disp_px": 14.0,
  "candidate_folder": "phase4/outputs/phase4a_existence_probe/cases/face_003/igs_1p00/add_headphones/existence_probe/seed_00/candidates/cand_027_g02_m07",
  "candidate_index": 27,
  "candidate_name": "cand_027_g02_m07",
  "case_id": "face_003__add_headphones__igs_1p00",
  "clean_clip_positive_margin": 0.045783042907714844,
  "clean_semantic_success_score": 0.045783042907714844,
  "clip_available": true,
  "clip_semantic_drop": 9.629130363464355e-05,
  "clip_warning": null,
  "crop_clip_available": true,
  "crop_clip_warning": null,
  "decision_label": "reject_input_damage",
  "decision_reasons": [
    "input_ssim_below_target:0.6918<0.7800",
    "semantic_drop_small:0.0001"
  ],
  "edit_failure_score": 9.629130363464355e-05,
  "elapsed_seconds": 2.5580091439187527,
  "face_id": "face_003",
  "final_attack_score": -1.8052165190234797,
  "full_image_semantic_drop": 9.629130363464355e-05,
  "generation": 2,
  "geometry_excess_penalty": 0.0,
  "geometry_excess_penalty_weight": 0.75,
  "geometry_method": "landmark_piecewise_affine",
  "guidance_scale": 7.5,
  "identity_or_face_health_available": false,
  "image_guidance_scale": 1.0,
  "initial_candidate": false,
  "input_damage_penalty": 0.7053038978576662,
  "input_damage_penalty_weight": 3.0,
  "input_l2": 0.06741013525821969,
  "input_max_abs": 0.6627451181411743,
  "input_mean_abs": 0.035471659153699875,
  "input_preservation_score": 0.0,
  "input_psnr": 23.425496028997053,
  "input_ssim": 0.6918370127677917,
  "left_crop_clean_margin": 0.01863802969455719,
  "left_crop_perturbed_margin": 0.01723615825176239,
  "left_crop_semantic_drop": 0.0014018714427947998,
  "max_disp_px": 13.986001014709473,
  "max_disp_px_budget": 14.0,
  "mean_crop_margin": 0.009802773594856262,
  "mean_crop_semantic_drop": -0.0008056561152140299,
  "mean_disp_px": 4.042621612548828,
  "member": 7,
  "min_crop_margin": -0.0041830092668533325,
  "min_crop_semantic_drop": -0.00541551411151886,
  "output_disruption_score": 0.6198496882408837,
  "output_disruption_weight": 0.5,
  "output_l2": 0.09244640331193754,
  "output_max_abs": 0.8470588326454163,
  "output_mean_abs": 0.0458858460187912,
  "output_psnr": 20.68219961376604,
  "output_ssim": 0.7499359250068665,
  "p95_disp_px": 11.469624519348145,
  "path_clean_edit": "phase4/outputs/phase4a_existence_probe/cases/face_003/igs_1p00/add_headphones/existence_probe/seed_00/candidates/cand_027_g02_m07/clean_edit.png",
  "path_flow": "phase4/outputs/phase4a_existence_probe/cases/face_003/igs_1p00/add_headphones/existence_probe/seed_00/candidates/cand_027_g02_m07/flow.png",
  "path_landmarks_overlay_original": "phase4/outputs/phase4a_existence_probe/cases/face_003/igs_1p00/add_headphones/existence_probe/seed_00/candidates/cand_027_g02_m07/landmarks_overlay_original.jpg",
  "path_landmarks_overlay_perturbed": "phase4/outputs/phase4a_existence_probe/cases/face_003/igs_1p00/add_headphones/existence_probe/seed_00/candidates/cand_027_g02_m07/landmarks_overlay_perturbed.jpg",
  "path_original": "phase4/outputs/phase4a_existence_probe/cases/face_003/igs_1p00/add_headphones/existence_probe/seed_00/candidates/cand_027_g02_m07/original.png",
  "path_perturbed": "phase4/outputs/phase4a_existence_probe/cases/face_003/igs_1p00/add_headphones/existence_probe/seed_00/candidates/cand_027_g02_m07/perturbed.png",
  "path_perturbed_edit": "phase4/outputs/phase4a_existence_probe/cases/face_003/igs_1p00/add_headphones/existence_probe/seed_00/candidates/cand_027_g02_m07/perturbed_edit.png",
  "perturbed_clip_positive_margin": 0.0456867516040802,
  "perturbed_semantic_success_score": 0.0456867516040802,
  "phase": "phase4a_existence_probe",
  "phase2_final_score": -1.8052165190234797,
  "phase2_output_disruption": 0.6198496882408837,
  "phase2_score_formula": "8.0*max(0,semantic_drop)+0.5*output_disruption-3.0*input_damage_penalty-0.75*geometry_excess_penalty",
  "phase4_budget_name": "existence_probe",
  "phase4_final_score": -1.8052165190234797,
  "phase4_score_formula": "8.0*max(0,semantic_drop)+0.5*output_disruption-3.0*input_damage_penalty-0.75*geometry_excess_penalty",
  "prompt": "add headphones",
  "prompt_slug": "add_headphones",
  "prompt_type": "headphones",
  "right_crop_clean_margin": 0.0179518461227417,
  "right_crop_perturbed_margin": 0.01635517179965973,
  "right_crop_semantic_drop": 0.0015966743230819702,
  "seed": 52101,
  "semantic_drop": 9.629130363464355e-05,
  "semantic_drop_weight": 8.0,
  "target_input_ssim": 0.78,
  "theta_names": [
    "scale_logit",
    "action_face_side_push_left",
    "action_face_side_push_right",
    "action_head_top_raise",
    "action_head_top_lower",
    "action_jaw_expand",
    "action_jaw_compress",
    "action_asymmetry_twist"
  ],
  "theta_values": [
    1.137897253036499,
    -0.49191853404045105,
    -0.939687192440033,
    0.39707526564598083,
    0.839439868927002,
    -1.0277702808380127,
    2.5,
    0.5825198888778687
  ],
  "top_crop_clean_margin": -0.009598523378372192,
  "top_crop_perturbed_margin": -0.0041830092668533325,
  "top_crop_semantic_drop": -0.00541551411151886
}
