{
  "clean_clip_positive_margin": 0.045783042907714844,
  "clean_semantic_success_score": 0.045783042907714844,
  "clip_available": true,
  "clip_semantic_drop": 9.629130363464355e-05,
  "clip_warning": null,
  "crop_clip_available": true,
  "crop_clip_warning": null,
  "decision_label": "reject_input_damage",
  "decision_reasons": [
    "input_ssim_below_target:0.6918<0.7800",
    "semantic_drop_small:0.0001"
  ],
  "edit_failure_score": 9.629130363464355e-05,
  "final_attack_score": -1.8052165190234797,
  "full_image_semantic_drop": 9.629130363464355e-05,
  "geometry_excess_penalty": 0.0,
  "geometry_excess_penalty_weight": 0.75,
  "identity_or_face_health_available": false,
  "input_damage_penalty": 0.7053038978576662,
  "input_damage_penalty_weight": 3.0,
  "input_l2": 0.06741013525821969,
  "input_max_abs": 0.6627451181411743,
  "input_mean_abs": 0.035471659153699875,
  "input_preservation_score": 0.0,
  "input_psnr": 23.425496028997053,
  "input_ssim": 0.6918370127677917,
  "left_crop_clean_margin": 0.01863802969455719,
  "left_crop_perturbed_margin": 0.01723615825176239,
  "left_crop_semantic_drop": 0.0014018714427947998,
  "max_disp_px_budget": 14.0,
  "mean_crop_margin": 0.009802773594856262,
  "mean_crop_semantic_drop": -0.0008056561152140299,
  "min_crop_margin": -0.0041830092668533325,
  "min_crop_semantic_drop": -0.00541551411151886,
  "output_disruption_score": 0.6198496882408837,
  "output_disruption_weight": 0.5,
  "output_l2": 0.09244640331193754,
  "output_max_abs": 0.8470588326454163,
  "output_mean_abs": 0.0458858460187912,
  "output_psnr": 20.68219961376604,
  "output_ssim": 0.7499359250068665,
  "perturbed_clip_positive_margin": 0.0456867516040802,
  "perturbed_semantic_success_score": 0.0456867516040802,
  "phase2_final_score": -1.8052165190234797,
  "phase2_output_disruption": 0.6198496882408837,
  "phase2_score_formula": "8.0*max(0,semantic_drop)+0.5*output_disruption-3.0*input_damage_penalty-0.75*geometry_excess_penalty",
  "phase4_budget_name": "existence_probe",
  "phase4_final_score": -1.8052165190234797,
  "phase4_score_formula": "8.0*max(0,semantic_drop)+0.5*output_disruption-3.0*input_damage_penalty-0.75*geometry_excess_penalty",
  "right_crop_clean_margin": 0.0179518461227417,
  "right_crop_perturbed_margin": 0.01635517179965973,
  "right_crop_semantic_drop": 0.0015966743230819702,
  "semantic_drop": 9.629130363464355e-05,
  "semantic_drop_weight": 8.0,
  "target_input_ssim": 0.78,
  "top_crop_clean_margin": -0.009598523378372192,
  "top_crop_perturbed_margin": -0.0041830092668533325,
  "top_crop_semantic_drop": -0.00541551411151886
}
