{
  "best_candidate_this_generation": "cand_002_g01_m02",
  "best_score_this_generation": 0.2653442345634584,
  "budget": "existence_probe",
  "cem_state": {
    "mean_abs": 0.4360109567642212,
    "method_probs": [
      0.34523809523809523,
      0.6547619047619048
    ],
    "methods": [
      "landmark_semantic_tps",
      "landmark_piecewise_affine"
    ],
    "std_max": 0.8999999761581421,
    "std_mean": 0.7113550901412964,
    "std_min": 0.4904712438583374
  },
  "decision_counts": {
    "metric_only_candidate": 8,
    "reject_input_damage": 12
  },
  "elapsed_seconds": 67.119089724496,
  "elite": 4,
  "elite_candidate_names": [
    "cand_002_g01_m02",
    "cand_018_g01_m18",
    "cand_003_g01_m03",
    "cand_014_g01_m14"
  ],
  "face_id": "face_002",
  "generation": 1,
  "population": 20,
  "prompt": "add headphones"
}
