{
  "displacement": {
    "budget_max_disp_px": 8.0,
    "max_disp_px": 4.588826656341553,
    "max_disp_px_budget": 8.0,
    "mean_disp_px": 1.0696594715118408,
    "p95_disp_px": 3.3140573501586914,
    "target_input_ssim": 0.88
  },
  "input": {
    "l2": 0.031114044084315055,
    "max_abs": 0.9019607901573181,
    "mean_abs": 0.012196148745715618,
    "psnr": 30.140870745773647,
    "ssim": 0.8942987322807312
  },
  "output": {
    "l2": 0.04118647781713251,
    "max_abs": 0.8509804010391235,
    "mean_abs": 0.01968458667397499,
    "psnr": 27.704906928528178,
    "ssim": 0.8763704299926758
  }
}
