{
  "best_folder": "phase4/outputs/phase4a_existence_probe/cases/face_002/igs_1p00/add_headphones/strong/seed_00/candidates/cand_039_g02_m19",
  "budget": "strong",
  "budget_max_disp_px": 8.0,
  "candidate_folder": "phase4/outputs/phase4a_existence_probe/cases/face_002/igs_1p00/add_headphones/strong/seed_00/candidates/cand_039_g02_m19",
  "candidate_index": 39,
  "candidate_name": "cand_039_g02_m19",
  "case_id": "face_002__add_headphones__igs_1p00",
  "clean_clip_positive_margin": 0.05116361379623413,
  "clean_semantic_success_score": 0.05116361379623413,
  "clip_available": true,
  "clip_semantic_drop": 0.003125995397567749,
  "clip_warning": null,
  "crop_clip_available": true,
  "crop_clip_warning": null,
  "decision_label": "reject_input_damage",
  "decision_reasons": [
    "input_ssim_below_target:0.7923<0.8800",
    "semantic_drop_small:0.0031"
  ],
  "edit_failure_score": 0.003125995397567749,
  "elapsed_seconds": 2.9905974194407463,
  "face_id": "face_002",
  "final_attack_score": -1.8334868578662387,
  "full_image_semantic_drop": 0.003125995397567749,
  "generation": 2,
  "geometry_excess_penalty": 0.0,
  "geometry_excess_penalty_weight": 0.75,
  "geometry_method": "landmark_semantic_tps",
  "guidance_scale": 7.5,
  "identity_or_face_health_available": false,
  "image_guidance_scale": 1.0,
  "initial_candidate": false,
  "input_damage_penalty": 0.7013078117370606,
  "input_damage_penalty_weight": 3.0,
  "input_l2": 0.04559422687290284,
  "input_max_abs": 0.7019608020782471,
  "input_mean_abs": 0.02394254505634308,
  "input_preservation_score": 0.0,
  "input_psnr": 26.821802881784865,
  "input_ssim": 0.7923365235328674,
  "left_crop_clean_margin": 0.024231508374214172,
  "left_crop_perturbed_margin": 0.025841087102890015,
  "left_crop_semantic_drop": -0.0016095787286758423,
  "max_disp_px": 5.600228786468506,
  "max_disp_px_budget": 8.0,
  "mean_crop_margin": 0.014573211471239725,
  "mean_crop_semantic_drop": -0.0024497409661610923,
  "mean_disp_px": 1.7110681533813477,
  "member": 19,
  "min_crop_margin": -0.009501546621322632,
  "min_crop_semantic_drop": -0.0037909746170043945,
  "output_disruption_score": 0.49085722832880196,
  "output_disruption_weight": 0.5,
  "output_l2": 0.07665076471617266,
  "output_max_abs": 0.8745098114013672,
  "output_mean_abs": 0.03377539664506912,
  "output_psnr": 22.30967015986927,
  "output_ssim": 0.8157458305358887,
  "p95_disp_px": 3.928940773010254,
  "path_clean_edit": "phase4/outputs/phase4a_existence_probe/cases/face_002/igs_1p00/add_headphones/strong/seed_00/candidates/cand_039_g02_m19/clean_edit.png",
  "path_flow": "phase4/outputs/phase4a_existence_probe/cases/face_002/igs_1p00/add_headphones/strong/seed_00/candidates/cand_039_g02_m19/flow.png",
  "path_landmarks_overlay_original": "phase4/outputs/phase4a_existence_probe/cases/face_002/igs_1p00/add_headphones/strong/seed_00/candidates/cand_039_g02_m19/landmarks_overlay_original.jpg",
  "path_landmarks_overlay_perturbed": "phase4/outputs/phase4a_existence_probe/cases/face_002/igs_1p00/add_headphones/strong/seed_00/candidates/cand_039_g02_m19/landmarks_overlay_perturbed.jpg",
  "path_original": "phase4/outputs/phase4a_existence_probe/cases/face_002/igs_1p00/add_headphones/strong/seed_00/candidates/cand_039_g02_m19/original.png",
  "path_perturbed": "phase4/outputs/phase4a_existence_probe/cases/face_002/igs_1p00/add_headphones/strong/seed_00/candidates/cand_039_g02_m19/perturbed.png",
  "path_perturbed_edit": "phase4/outputs/phase4a_existence_probe/cases/face_002/igs_1p00/add_headphones/strong/seed_00/candidates/cand_039_g02_m19/perturbed_edit.png",
  "perturbed_clip_positive_margin": 0.04803761839866638,
  "perturbed_semantic_success_score": 0.04803761839866638,
  "phase": "phase4a_existence_probe",
  "phase2_final_score": -1.8334868578662387,
  "phase2_output_disruption": 0.49085722832880196,
  "phase2_score_formula": "8.0*max(0,semantic_drop)+0.5*output_disruption-3.0*input_damage_penalty-0.75*geometry_excess_penalty",
  "phase4_budget_name": "strong",
  "phase4_final_score": -1.8334868578662387,
  "phase4_score_formula": "8.0*max(0,semantic_drop)+0.5*output_disruption-3.0*input_damage_penalty-0.75*geometry_excess_penalty",
  "prompt": "add headphones",
  "prompt_slug": "add_headphones",
  "prompt_type": "headphones",
  "right_crop_clean_margin": 0.025431424379348755,
  "right_crop_perturbed_margin": 0.027380093932151794,
  "right_crop_semantic_drop": -0.0019486695528030396,
  "seed": 45001,
  "semantic_drop": 0.003125995397567749,
  "semantic_drop_weight": 8.0,
  "target_input_ssim": 0.88,
  "theta_names": [
    "scale_logit",
    "action_face_side_push_left",
    "action_face_side_push_right",
    "action_head_top_raise",
    "action_head_top_lower",
    "action_jaw_expand",
    "action_jaw_compress",
    "action_asymmetry_twist"
  ],
  "theta_values": [
    0.19188587367534637,
    1.2083314657211304,
    -0.2523603141307831,
    -0.44467052817344666,
    -0.6563177704811096,
    -1.0536941289901733,
    -0.2509387731552124,
    -0.1886606514453888
  ],
  "top_crop_clean_margin": -0.013292521238327026,
  "top_crop_perturbed_margin": -0.009501546621322632,
  "top_crop_semantic_drop": -0.0037909746170043945
}
