{
  "geometry_info": {
    "action_names": [
      "mouth_corner_raise",
      "mouth_corner_lower",
      "mouth_width_expand",
      "mouth_width_compress",
      "chin_raise",
      "chin_lower"
    ],
    "action_strength": 0.72,
    "action_values": {
      "chin_lower": -0.336126324408203,
      "chin_raise": 0.3000953566194081,
      "mouth_corner_lower": -0.37831351421006465,
      "mouth_corner_raise": 0.2545157610385354,
      "mouth_width_compress": -0.2889776949496436,
      "mouth_width_expand": 0.4390402872619057
    },
    "active_actions": {
      "chin_lower": -0.336126324408203,
      "chin_raise": 0.3000953566194081,
      "mouth_corner_lower": -0.37831351421006465,
      "mouth_corner_raise": 0.2545157610385354,
      "mouth_width_compress": -0.2889776949496436,
      "mouth_width_expand": 0.4390402872619057
    },
    "active_anchor_count": 4,
    "control_point_count": 12,
    "geometry_method": "landmark_piecewise_affine",
    "max_disp_px_budget": 8.0,
    "scale_factor": 0.46129847145356295,
    "source_control_points": [
      [
        204.8000030517578,
        335.3599853515625
      ],
      [
        307.20001220703125,
        335.3599853515625
      ],
      [
        256.0,
        419.8399963378906
      ],
      [
        256.0,
        376.32000732421875
      ],
      [
        0.0,
        0.0
      ],
      [
        511.0,
        0.0
      ],
      [
        0.0,
        511.0
      ],
      [
        511.0,
        511.0
      ],
      [
        256.0,
        0.0
      ],
      [
        256.0,
        511.0
      ],
      [
        0.0,
        256.0
      ],
      [
        511.0,
        256.0
      ]
    ],
    "target_control_points": [
      [
        200.6066131591797,
        331.7148742675781
      ],
      [
        311.3934020996094,
        331.7148742675781
      ],
      [
        256.0,
        416.17535400390625
      ],
      [
        256.0,
        374.4877014160156
      ],
      [
        0.0,
        0.0
      ],
      [
        511.0,
        0.0
      ],
      [
        0.0,
        511.0
      ],
      [
        511.0,
        511.0
      ],
      [
        256.0,
        0.0
      ],
      [
        256.0,
        511.0
      ],
      [
        0.0,
        256.0
      ],
      [
        511.0,
        256.0
      ]
    ],
    "tps_regularization": 0.0001
  },
  "names": [
    "scale_logit",
    "action_mouth_corner_raise",
    "action_mouth_corner_lower",
    "action_mouth_width_expand",
    "action_mouth_width_compress",
    "action_chin_raise",
    "action_chin_lower"
  ],
  "values": [
    -0.36174917221069336,
    0.6208760738372803,
    -1.1571402549743652,
    1.8500306606292725,
    -0.735541820526123,
    0.7762427926063538,
    -0.9258487820625305
  ]
}
