{
  "displacement": {
    "budget_max_disp_px": 4.0,
    "max_disp_px": 1.3100478649139404,
    "max_disp_px_budget": 4.0,
    "mean_disp_px": 0.10214473307132721,
    "p95_disp_px": 0.9972270727157593,
    "target_input_ssim": 0.94
  },
  "input": {
    "l2": 0.009385562806677175,
    "max_abs": 0.43921568989753723,
    "mean_abs": 0.0019285912858322263,
    "psnr": 40.55079359456464,
    "ssim": 0.9888082146644592
  },
  "output": {
    "l2": 0.01637110564805556,
    "max_abs": 0.6980392336845398,
    "mean_abs": 0.004165523685514927,
    "psnr": 35.718439776899416,
    "ssim": 0.9829856753349304
  }
}
