{
  "clean_clip_positive_margin": 0.03089107573032379,
  "clean_semantic_success_score": 0.03089107573032379,
  "clip_available": true,
  "clip_semantic_drop": 0.009385958313941956,
  "clip_warning": null,
  "crop_clip_available": false,
  "crop_clip_warning": null,
  "decision_label": "metric_only_candidate",
  "decision_reasons": [
    "semantic_drop_small:0.0094",
    "semantic_drop_small:0.0094",
    "semantic_drop_small:0.0094"
  ],
  "edit_failure_score": 0.009385958313941956,
  "final_attack_score": 0.3231090580593192,
  "full_image_semantic_drop": 0.009385958313941956,
  "geometry_excess_penalty": 0.0,
  "geometry_excess_penalty_weight": 0.75,
  "identity_or_face_health_available": false,
  "input_damage_penalty": 0.0,
  "input_damage_penalty_weight": 3.0,
  "input_l2": 0.046580927014008476,
  "input_max_abs": 0.7058823704719543,
  "input_mean_abs": 0.021944137290120125,
  "input_preservation_score": 0.28758334029804566,
  "input_psnr": 26.635837455115457,
  "input_ssim": 0.8432683348655701,
  "max_disp_px_budget": 14.0,
  "output_disruption_score": 0.4960427830955672,
  "output_disruption_weight": 0.5,
  "output_l2": 0.06456228967361867,
  "output_max_abs": 0.843137264251709,
  "output_mean_abs": 0.037821993231773376,
  "output_psnr": 23.80042151894621,
  "output_ssim": 0.7622063755989075,
  "perturbed_clip_positive_margin": 0.021505117416381836,
  "perturbed_semantic_success_score": 0.021505117416381836,
  "phase2_final_score": 0.3231090580593192,
  "phase2_output_disruption": 0.4960427830955672,
  "phase2_score_formula": "8.0*max(0,semantic_drop)+0.5*output_disruption-3.0*input_damage_penalty-0.75*geometry_excess_penalty",
  "phase4_budget_name": "existence_probe",
  "phase4_final_score": 0.3231090580593192,
  "phase4_score_formula": "8.0*max(0,semantic_drop)+0.5*output_disruption-3.0*input_damage_penalty-0.75*geometry_excess_penalty",
  "semantic_drop": 0.009385958313941956,
  "semantic_drop_weight": 8.0,
  "target_input_ssim": 0.78
}
