{
  "displacement": {
    "budget_max_disp_px": 8.0,
    "max_disp_px": 7.992001056671143,
    "max_disp_px_budget": 8.0,
    "mean_disp_px": 1.8756484985351562,
    "p95_disp_px": 4.742533206939697,
    "target_input_ssim": 0.88
  },
  "input": {
    "l2": 0.04126814328300053,
    "max_abs": 0.7960784435272217,
    "mean_abs": 0.021159837022423744,
    "psnr": 27.687701405144573,
    "ssim": 0.8525819778442383
  },
  "output": {
    "l2": 0.048420907935812905,
    "max_abs": 0.6117647290229797,
    "mean_abs": 0.02792302705347538,
    "psnr": 26.299341428073,
    "ssim": 0.7830214500427246
  }
}
