{
  "action_names": [
    "face_side_push_left",
    "face_side_push_right",
    "head_top_raise",
    "head_top_lower",
    "jaw_expand",
    "jaw_compress",
    "asymmetry_twist"
  ],
  "action_strength": 0.72,
  "action_values": {
    "asymmetry_twist": -0.0568534984224159,
    "face_side_push_left": -0.0003415744404042432,
    "face_side_push_right": 0.10593307897301425,
    "head_top_lower": -0.3171223422455908,
    "head_top_raise": -0.2905312169889221,
    "jaw_compress": -0.2002015633064358,
    "jaw_expand": -0.21919091413503142
  },
  "active_actions": {
    "asymmetry_twist": -0.0568534984224159,
    "face_side_push_left": -0.0003415744404042432,
    "face_side_push_right": 0.10593307897301425,
    "head_top_lower": -0.3171223422455908,
    "head_top_raise": -0.2905312169889221,
    "jaw_compress": -0.2002015633064358,
    "jaw_expand": -0.21919091413503142
  },
  "active_anchor_count": 7,
  "control_point_count": 15,
  "geometry_method": "landmark_piecewise_affine",
  "max_disp_px_budget": 8.0,
  "scale_factor": 0.367898732398934,
  "source_control_points": [
    [
      112.63999938964844,
      248.3199920654297
    ],
    [
      112.63999938964844,
      253.44000244140625
    ],
    [
      399.3599853515625,
      248.3199920654297
    ],
    [
      399.3599853515625,
      253.44000244140625
    ],
    [
      256.0,
      87.04000091552734
    ],
    [
      174.0800018310547,
      394.239990234375
    ],
    [
      337.9200134277344,
      394.239990234375
    ],
    [
      0.0,
      0.0
    ],
    [
      511.0,
      0.0
    ],
    [
      0.0,
      511.0
    ],
    [
      511.0,
      511.0
    ],
    [
      256.0,
      0.0
    ],
    [
      256.0,
      511.0
    ],
    [
      0.0,
      256.0
    ],
    [
      511.0,
      256.0
    ]
  ],
  "target_control_points": [
    [
      112.6419677734375,
      248.6474609375
    ],
    [
      112.64147186279297,
      253.44000244140625
    ],
    [
      399.97015380859375,
      247.99252319335938
    ],
    [
      399.817626953125,
      253.44000244140625
    ],
    [
      256.0,
      86.88683319091797
    ],
    [
      174.1893768310547,
      394.4037170410156
    ],
    [
      337.8106384277344,
      394.0762634277344
    ],
    [
      0.0,
      0.0
    ],
    [
      511.0,
      0.0
    ],
    [
      0.0,
      511.0
    ],
    [
      511.0,
      511.0
    ],
    [
      256.0,
      0.0
    ],
    [
      256.0,
      511.0
    ],
    [
      0.0,
      256.0
    ],
    [
      511.0,
      256.0
    ]
  ],
  "tps_regularization": 0.0001
}
