{
  "clean_clip_positive_margin": 0.05116361379623413,
  "clean_semantic_success_score": 0.05116361379623413,
  "clip_available": true,
  "clip_semantic_drop": 0.0005592107772827148,
  "clip_warning": null,
  "crop_clip_available": true,
  "crop_clip_warning": null,
  "decision_label": "metric_only_candidate",
  "decision_reasons": [
    "semantic_drop_small:0.0006",
    "semantic_drop_small:0.0006",
    "semantic_drop_small:0.0006"
  ],
  "edit_failure_score": 0.0005592107772827148,
  "final_attack_score": 0.10573256021895454,
  "full_image_semantic_drop": 0.0005592107772827148,
  "geometry_excess_penalty": 0.0,
  "geometry_excess_penalty_weight": 0.75,
  "identity_or_face_health_available": false,
  "input_damage_penalty": 0.0,
  "input_damage_penalty_weight": 3.0,
  "input_l2": 0.006520063950177997,
  "input_max_abs": 0.32549020648002625,
  "input_mean_abs": 0.002283951733261347,
  "input_preservation_score": 0.9558195471763611,
  "input_psnr": 43.71496289188548,
  "input_ssim": 0.9946983456611633,
  "left_crop_clean_margin": 0.024231508374214172,
  "left_crop_perturbed_margin": 0.02290181815624237,
  "left_crop_semantic_drop": 0.0013296902179718018,
  "max_disp_px_budget": 8.0,
  "mean_crop_margin": 0.011215214927991232,
  "mean_crop_semantic_drop": 0.0009082555770874023,
  "min_crop_margin": -0.01540006697177887,
  "min_crop_semantic_drop": -0.000712469220161438,
  "output_disruption_score": 0.20251774800138564,
  "output_disruption_weight": 0.5,
  "output_l2": 0.04041387143809818,
  "output_max_abs": 0.8470588326454163,
  "output_mean_abs": 0.013838108628988266,
  "output_psnr": 27.869390888366294,
  "output_ssim": 0.9591377377510071,
  "perturbed_clip_positive_margin": 0.050604403018951416,
  "perturbed_semantic_success_score": 0.050604403018951416,
  "phase2_final_score": 0.10573256021895454,
  "phase2_output_disruption": 0.20251774800138564,
  "phase2_score_formula": "8.0*max(0,semantic_drop)+0.5*output_disruption-3.0*input_damage_penalty-0.75*geometry_excess_penalty",
  "phase4_budget_name": "strong",
  "phase4_final_score": 0.10573256021895454,
  "phase4_score_formula": "8.0*max(0,semantic_drop)+0.5*output_disruption-3.0*input_damage_penalty-0.75*geometry_excess_penalty",
  "right_crop_clean_margin": 0.025431424379348755,
  "right_crop_perturbed_margin": 0.026143893599510193,
  "right_crop_semantic_drop": -0.000712469220161438,
  "semantic_drop": 0.0005592107772827148,
  "semantic_drop_weight": 8.0,
  "target_input_ssim": 0.88,
  "top_crop_clean_margin": -0.013292521238327026,
  "top_crop_perturbed_margin": -0.01540006697177887,
  "top_crop_semantic_drop": 0.0021075457334518433
}
