{
  "budget": "strong",
  "budget_max_disp_px": 6.0,
  "candidate_folder_abs": "/home/interns/Desktop/mat/phase3/outputs/breadth_probe/cases/face_006/igs_2p00/add_black_sunglasses/strong/seed_00/candidates/cand_006_g01_m06",
  "candidate_index": 6,
  "candidate_name": "cand_006_g01_m06",
  "dct_modes": [
    [
      1,
      0
    ],
    [
      0,
      1
    ],
    [
      1,
      1
    ],
    [
      2,
      0
    ],
    [
      0,
      2
    ],
    [
      2,
      1
    ]
  ],
  "elapsed_seconds": 4.927096601575613,
  "generation": 1,
  "geometry_method": "combined_all",
  "initial_candidate": false,
  "input_l2": 0.01865589076289161,
  "input_max_abs": 0.5568627715110779,
  "input_mean_abs": 0.0038649265188723803,
  "input_psnr": 34.583680197354155,
  "input_ssim": 0.970596969127655,
  "max_disp_px": 4.577675819396973,
  "max_disp_px_budget": 6.0,
  "mean_disp_px": 0.26001429557800293,
  "member": 6,
  "mesh_size": 4,
  "output_l2": 0.021960925573639566,
  "output_max_abs": 0.7333333492279053,
  "output_mean_abs": 0.0050921873189508915,
  "output_psnr": 33.16698719786941,
  "output_ssim": 0.971118152141571,
  "p95_disp_px": 2.2466955184936523,
  "phase": "phase3_breadth_probe",
  "prompt": "add black sunglasses",
  "prompt_priority": 2,
  "prompt_slug": "add_black_sunglasses",
  "region_count": 1,
  "region_key": "glasses",
  "scale_factor": 0.7797797918319702,
  "seed": 50101,
  "target_input_ssim": 0.9,
  "tps_size": 4
}
