{
  "clean_clip_positive_margin": 0.027842342853546143,
  "clean_semantic_success_score": 0.027842342853546143,
  "clip_available": true,
  "clip_semantic_drop": -0.0020220577716827393,
  "clip_warning": null,
  "decision_label": "metric_only_candidate",
  "decision_reasons": [
    "semantic_drop_nonpositive:-0.0020",
    "semantic_drop_nonpositive:-0.0020"
  ],
  "edit_failure_score": 0.0,
  "final_attack_score": 0.23170669292017482,
  "geometry_excess_penalty": 0.0,
  "geometry_excess_penalty_weight": 1.0,
  "identity_or_face_health_available": false,
  "input_damage_penalty": 0.0,
  "input_damage_penalty_weight": 3.0,
  "input_l2": 0.025143468083336847,
  "input_max_abs": 0.8549019694328308,
  "input_mean_abs": 0.00802942831069231,
  "input_preservation_score": 0.2732399702072142,
  "input_psnr": 31.991496390139744,
  "input_ssim": 0.9273239970207214,
  "max_disp_px_budget": 6.0,
  "output_disruption_score": 0.23170669292017482,
  "output_disruption_weight": 1.0,
  "output_l2": 0.03538838380228644,
  "output_max_abs": 0.8705882430076599,
  "output_mean_abs": 0.013856858946383,
  "output_psnr": 29.02278542528109,
  "output_ssim": 0.909846842288971,
  "perturbed_clip_positive_margin": 0.029864400625228882,
  "perturbed_semantic_success_score": 0.029864400625228882,
  "phase2_final_score": 0.23170669292017482,
  "phase2_output_disruption": 0.23170669292017482,
  "phase2_score_formula": "4*max(0,semantic_drop)+1*output_disruption-3*input_damage_penalty-1*geometry_excess_penalty",
  "semantic_drop": -0.0020220577716827393,
  "semantic_drop_weight": 4.0,
  "target_input_ssim": 0.9
}
