{
  "action_names": [
    "jaw_expand",
    "jaw_compress",
    "chin_raise",
    "chin_lower",
    "mouth_width_expand",
    "lower_face_shift"
  ],
  "action_strength": 0.72,
  "action_values": {
    "chin_lower": 0.3106648967086849,
    "chin_raise": 0.11915555064794338,
    "jaw_compress": -0.20786274634569282,
    "jaw_expand": 0.4766932384609172,
    "lower_face_shift": -0.2244304038079153,
    "mouth_width_expand": 0.37582769698254764
  },
  "active_actions": {
    "chin_lower": 0.3106648967086849,
    "chin_raise": 0.11915555064794338,
    "jaw_compress": -0.20786274634569282,
    "jaw_expand": 0.4766932384609172,
    "lower_face_shift": -0.2244304038079153,
    "mouth_width_expand": 0.37582769698254764
  },
  "active_anchor_count": 6,
  "control_point_count": 14,
  "geometry_method": "landmark_semantic_tps",
  "max_disp_px_budget": 14.0,
  "scale_factor": 0.49165695005271365,
  "source_control_points": [
    [
      174.0800018310547,
      394.239990234375
    ],
    [
      337.9200134277344,
      394.239990234375
    ],
    [
      256.0,
      419.8399963378906
    ],
    [
      256.0,
      376.32000732421875
    ],
    [
      204.8000030517578,
      335.3599853515625
    ],
    [
      307.20001220703125,
      335.3599853515625
    ],
    [
      0.0,
      0.0
    ],
    [
      511.0,
      0.0
    ],
    [
      0.0,
      511.0
    ],
    [
      511.0,
      511.0
    ],
    [
      256.0,
      0.0
    ],
    [
      256.0,
      511.0
    ],
    [
      0.0,
      256.0
    ],
    [
      511.0,
      256.0
    ]
  ],
  "target_control_points": [
    [
      167.17967224121094,
      394.239990234375
    ],
    [
      344.8203430175781,
      394.239990234375
    ],
    [
      254.3032989501953,
      421.7704162597656
    ],
    [
      253.7377471923828,
      377.28521728515625
    ],
    [
      201.01165771484375,
      335.3599853515625
    ],
    [
      310.98834228515625,
      335.3599853515625
    ],
    [
      0.0,
      0.0
    ],
    [
      511.0,
      0.0
    ],
    [
      0.0,
      511.0
    ],
    [
      511.0,
      511.0
    ],
    [
      256.0,
      0.0
    ],
    [
      256.0,
      511.0
    ],
    [
      0.0,
      256.0
    ],
    [
      511.0,
      256.0
    ]
  ],
  "tps_regularization": 0.0001
}
