{
  "budget": "strong",
  "budget_max_disp_px": 6.0,
  "candidate_folder_abs": "/home/interns/Desktop/mat/phase3/outputs/breadth_probe/cases/face_005/igs_1p50/add_a_small_beard/strong/seed_00/candidates/cand_008_g01_m08",
  "candidate_index": 8,
  "candidate_name": "cand_008_g01_m08",
  "dct_modes": [
    [
      1,
      0
    ],
    [
      0,
      1
    ],
    [
      1,
      1
    ],
    [
      2,
      0
    ],
    [
      0,
      2
    ],
    [
      2,
      1
    ]
  ],
  "elapsed_seconds": 4.898431126028299,
  "generation": 1,
  "geometry_method": "region_local_tps",
  "initial_candidate": false,
  "input_l2": 0.016571477845720772,
  "input_max_abs": 0.5764706134796143,
  "input_mean_abs": 0.0036137651186436415,
  "input_psnr": 35.6127751887382,
  "input_ssim": 0.9761927723884583,
  "max_disp_px": 2.6378893852233887,
  "max_disp_px_budget": 6.0,
  "mean_disp_px": 0.2832215130329132,
  "member": 8,
  "mesh_size": 4,
  "output_l2": 0.020721954513365826,
  "output_max_abs": 0.43529412150382996,
  "output_mean_abs": 0.009617949835956097,
  "output_psnr": 33.671385678983086,
  "output_ssim": 0.9373751282691956,
  "p95_disp_px": 2.0927913188934326,
  "phase": "phase3_breadth_probe",
  "prompt": "add a small beard",
  "prompt_priority": 4,
  "prompt_slug": "add_a_small_beard",
  "region_count": 1,
  "region_key": "beard",
  "scale_factor": 0.4486514627933502,
  "seed": 47101,
  "target_input_ssim": 0.9,
  "tps_size": 4
}
