{
  "displacement": {
    "budget_max_disp_px": 6.0,
    "max_disp_px": 4.102994441986084,
    "max_disp_px_budget": 6.0,
    "mean_disp_px": 0.6803716421127319,
    "p95_disp_px": 3.365360975265503,
    "target_input_ssim": 0.9
  },
  "input": {
    "l2": 0.019002539100604628,
    "max_abs": 0.4078431725502014,
    "mean_abs": 0.007099614944308996,
    "psnr": 34.42376730335784,
    "ssim": 0.9237232208251953
  },
  "output": {
    "l2": 0.038051854374196566,
    "max_abs": 0.9254902005195618,
    "mean_abs": 0.013528998009860516,
    "psnr": 28.392483479651464,
    "ssim": 0.8966047167778015
  }
}
