{
  "budget": "existence_probe",
  "budget_max_disp_px": 8.0,
  "candidate_folder_abs": "/home/interns/Desktop/mat/phase2/outputs/phase2c_probe/semantic_heavy_cem/headphones_full/existence_probe/seed_00/candidates/cand_027_g02_m11",
  "candidate_index": 27,
  "candidate_name": "cand_027_g02_m11",
  "dct_modes": [
    [
      1,
      0
    ],
    [
      0,
      1
    ],
    [
      1,
      1
    ],
    [
      2,
      0
    ],
    [
      0,
      2
    ],
    [
      2,
      1
    ]
  ],
  "elapsed_seconds": 4.9737799651920795,
  "generation": 2,
  "geometry_method": "combined_all",
  "initial_candidate": false,
  "input_l2": 0.013169770919462774,
  "input_max_abs": 0.8470588326454163,
  "input_mean_abs": 0.004444980062544346,
  "input_psnr": 37.60843558546971,
  "input_ssim": 0.9637970924377441,
  "max_disp_px": 1.394252896308899,
  "max_disp_px_budget": 8.0,
  "mean_disp_px": 0.2924281060695648,
  "member": 11,
  "mesh_size": 4,
  "output_l2": 0.020955726164277214,
  "output_max_abs": 0.7411764860153198,
  "output_mean_abs": 0.010996763594448566,
  "output_psnr": 33.57394570526478,
  "output_ssim": 0.943929135799408,
  "p95_disp_px": 1.142903447151184,
  "phase": "phase2c_probe",
  "prompt": "add headphones",
  "prompt_priority": 1,
  "prompt_slug": "add_headphones",
  "region_count": 3,
  "region_key": "headphones_full",
  "scale_factor": 0.17783838510513306,
  "seed": 24002,
  "target_input_ssim": 0.86,
  "tps_size": 4
}
