{
  "clean_clip_positive_margin": 0.045426785945892334,
  "clean_semantic_success_score": 0.045426785945892334,
  "clip_available": true,
  "clip_semantic_drop": 0.0015506446361541748,
  "clip_warning": null,
  "crop_clip_available": true,
  "crop_clip_warning": null,
  "decision_label": "metric_only_candidate",
  "decision_reasons": [
    "semantic_drop_small:0.0016",
    "semantic_drop_small:0.0016"
  ],
  "edit_failure_score": 0.0015506446361541748,
  "final_attack_score": 0.2697985980232185,
  "full_image_semantic_drop": 0.0015506446361541748,
  "geometry_excess_penalty": 0.0,
  "geometry_excess_penalty_weight": 1.0,
  "identity_or_face_health_available": false,
  "input_damage_penalty": 0.0,
  "input_damage_penalty_weight": 3.0,
  "input_l2": 0.023731195817413467,
  "input_max_abs": 0.4705882668495178,
  "input_mean_abs": 0.006906053051352501,
  "input_preservation_score": 0.4342088699340819,
  "input_psnr": 32.49360754174754,
  "input_ssim": 0.9434208869934082,
  "left_crop_clean_margin": 0.012075066566467285,
  "left_crop_perturbed_margin": 0.010905981063842773,
  "left_crop_semantic_drop": 0.0011690855026245117,
  "max_disp_px_budget": 6.0,
  "mean_crop_margin": 0.004650607705116272,
  "mean_crop_semantic_drop": 0.002946446339289347,
  "min_crop_margin": -0.010743632912635803,
  "min_crop_semantic_drop": 0.0011690855026245117,
  "output_disruption_score": 0.2635960194786018,
  "output_disruption_weight": 1.0,
  "output_l2": 0.04610267811317308,
  "output_max_abs": 0.7411764860153198,
  "output_mean_abs": 0.016685718670487404,
  "output_psnr": 26.72547691260171,
  "output_ssim": 0.9208146929740906,
  "perturbed_clip_positive_margin": 0.04387614130973816,
  "perturbed_semantic_success_score": 0.04387614130973816,
  "phase2_final_score": 0.2697985980232185,
  "phase2_output_disruption": 0.2635960194786018,
  "phase2_score_formula": "4.0*max(0,semantic_drop)+1.0*output_disruption-3.0*input_damage_penalty-1.0*geometry_excess_penalty",
  "right_crop_clean_margin": 0.018729060888290405,
  "right_crop_perturbed_margin": 0.013789474964141846,
  "right_crop_semantic_drop": 0.00493958592414856,
  "semantic_drop": 0.0015506446361541748,
  "semantic_drop_weight": 4.0,
  "target_input_ssim": 0.9,
  "top_crop_clean_margin": -0.008012965321540833,
  "top_crop_perturbed_margin": -0.010743632912635803,
  "top_crop_semantic_drop": 0.0027306675910949707
}
