{
  "clean_clip_positive_margin": 0.035206615924835205,
  "clean_semantic_success_score": 0.035206615924835205,
  "clip_available": true,
  "clip_semantic_drop": -0.00025773048400878906,
  "clip_warning": null,
  "crop_clip_available": false,
  "crop_clip_warning": null,
  "decision_label": "metric_only_candidate",
  "decision_reasons": [
    "semantic_drop_nonpositive:-0.0003",
    "semantic_drop_nonpositive:-0.0003",
    "semantic_drop_nonpositive:-0.0003"
  ],
  "edit_failure_score": 0.0,
  "final_attack_score": 0.22603224868952712,
  "full_image_semantic_drop": -0.00025773048400878906,
  "geometry_excess_penalty": 0.0,
  "geometry_excess_penalty_weight": 0.75,
  "identity_or_face_health_available": false,
  "input_damage_penalty": 0.0,
  "input_damage_penalty_weight": 3.0,
  "input_l2": 0.05308603767079607,
  "input_max_abs": 0.800000011920929,
  "input_mean_abs": 0.015625743195414543,
  "input_preservation_score": 0.4586497545242309,
  "input_psnr": 25.500393781716273,
  "input_ssim": 0.8809029459953308,
  "max_disp_px_budget": 14.0,
  "output_disruption_score": 0.45206449737905424,
  "output_disruption_weight": 0.5,
  "output_l2": 0.06304554221719245,
  "output_max_abs": 0.7215686440467834,
  "output_mean_abs": 0.03381221741437912,
  "output_psnr": 24.006912316288282,
  "output_ssim": 0.8001176714897156,
  "perturbed_clip_positive_margin": 0.035464346408843994,
  "perturbed_semantic_success_score": 0.035464346408843994,
  "phase2_final_score": 0.22603224868952712,
  "phase2_output_disruption": 0.45206449737905424,
  "phase2_score_formula": "8.0*max(0,semantic_drop)+0.5*output_disruption-3.0*input_damage_penalty-0.75*geometry_excess_penalty",
  "phase4_budget_name": "existence_probe",
  "phase4_final_score": 0.22603224868952712,
  "phase4_score_formula": "8.0*max(0,semantic_drop)+0.5*output_disruption-3.0*input_damage_penalty-0.75*geometry_excess_penalty",
  "semantic_drop": -0.00025773048400878906,
  "semantic_drop_weight": 8.0,
  "target_input_ssim": 0.78
}
