{
  "clean_clip_positive_margin": 0.05116361379623413,
  "clean_semantic_success_score": 0.05116361379623413,
  "clip_available": true,
  "clip_semantic_drop": 0.004880309104919434,
  "clip_warning": null,
  "crop_clip_available": true,
  "crop_clip_warning": null,
  "decision_label": "metric_only_candidate",
  "decision_reasons": [
    "semantic_drop_small:0.0049",
    "semantic_drop_small:0.0049",
    "semantic_drop_small:0.0049"
  ],
  "edit_failure_score": 0.004880309104919434,
  "final_attack_score": 0.21752098415865456,
  "full_image_semantic_drop": 0.004880309104919434,
  "geometry_excess_penalty": 0.0,
  "geometry_excess_penalty_weight": 0.75,
  "identity_or_face_health_available": false,
  "input_damage_penalty": 0.0,
  "input_damage_penalty_weight": 3.0,
  "input_l2": 0.02397563906864906,
  "input_max_abs": 0.8352941274642944,
  "input_mean_abs": 0.01022267248481512,
  "input_preservation_score": 0.4680071870485941,
  "input_psnr": 32.40459615840032,
  "input_ssim": 0.9361608624458313,
  "left_crop_clean_margin": 0.024231508374214172,
  "left_crop_perturbed_margin": 0.02303837239742279,
  "left_crop_semantic_drop": 0.0011931359767913818,
  "max_disp_px_budget": 8.0,
  "mean_crop_margin": 0.00852381686369578,
  "mean_crop_semantic_drop": 0.003599653641382853,
  "min_crop_margin": -0.021481558680534363,
  "min_crop_semantic_drop": 0.0011931359767913818,
  "output_disruption_score": 0.3569570226385982,
  "output_disruption_weight": 0.5,
  "output_l2": 0.06407405542619007,
  "output_max_abs": 0.886274516582489,
  "output_mean_abs": 0.02419283799827099,
  "output_psnr": 23.866355748513733,
  "output_ssim": 0.8993391990661621,
  "perturbed_clip_positive_margin": 0.0462833046913147,
  "perturbed_semantic_success_score": 0.0462833046913147,
  "phase2_final_score": 0.21752098415865456,
  "phase2_output_disruption": 0.3569570226385982,
  "phase2_score_formula": "8.0*max(0,semantic_drop)+0.5*output_disruption-3.0*input_damage_penalty-0.75*geometry_excess_penalty",
  "phase4_budget_name": "strong",
  "phase4_final_score": 0.21752098415865456,
  "phase4_score_formula": "8.0*max(0,semantic_drop)+0.5*output_disruption-3.0*input_damage_penalty-0.75*geometry_excess_penalty",
  "right_crop_clean_margin": 0.025431424379348755,
  "right_crop_perturbed_margin": 0.024014636874198914,
  "right_crop_semantic_drop": 0.0014167875051498413,
  "semantic_drop": 0.004880309104919434,
  "semantic_drop_weight": 8.0,
  "target_input_ssim": 0.88,
  "top_crop_clean_margin": -0.013292521238327026,
  "top_crop_perturbed_margin": -0.021481558680534363,
  "top_crop_semantic_drop": 0.008189037442207336
}
