{
  "clean_clip_positive_margin": 0.05116361379623413,
  "clean_semantic_success_score": 0.05116361379623413,
  "clip_available": true,
  "clip_semantic_drop": 0.0075903236865997314,
  "clip_warning": null,
  "crop_clip_available": true,
  "crop_clip_warning": null,
  "decision_label": "reject_input_damage",
  "decision_reasons": [
    "input_ssim_below_target:0.7901<0.8800",
    "semantic_drop_small:0.0076"
  ],
  "edit_failure_score": 0.0075903236865997314,
  "final_attack_score": -1.8424918058054285,
  "full_image_semantic_drop": 0.0075903236865997314,
  "geometry_excess_penalty": 0.0,
  "geometry_excess_penalty_weight": 0.75,
  "identity_or_face_health_available": false,
  "input_damage_penalty": 0.7188477897644043,
  "input_damage_penalty_weight": 3.0,
  "input_l2": 0.05238531627616649,
  "input_max_abs": 0.8196078538894653,
  "input_mean_abs": 0.025707459077239037,
  "input_preservation_score": 0.0,
  "input_psnr": 25.61580859387641,
  "input_ssim": 0.7901440262794495,
  "left_crop_clean_margin": 0.024231508374214172,
  "left_crop_perturbed_margin": 0.02418525516986847,
  "left_crop_semantic_drop": 4.6253204345703125e-05,
  "max_disp_px_budget": 8.0,
  "mean_crop_margin": 0.012311031421025595,
  "mean_crop_semantic_drop": -0.00018756091594696045,
  "min_crop_margin": -0.009605005383491516,
  "min_crop_semantic_drop": -0.0036875158548355103,
  "output_disruption_score": 0.5066579479899733,
  "output_disruption_weight": 0.5,
  "output_l2": 0.07850238429821356,
  "output_max_abs": 0.843137264251709,
  "output_mean_abs": 0.03441706672310829,
  "output_psnr": 22.102343050615424,
  "output_ssim": 0.8073515892028809,
  "perturbed_clip_positive_margin": 0.0435732901096344,
  "perturbed_semantic_success_score": 0.0435732901096344,
  "phase2_final_score": -1.8424918058054285,
  "phase2_output_disruption": 0.5066579479899733,
  "phase2_score_formula": "8.0*max(0,semantic_drop)+0.5*output_disruption-3.0*input_damage_penalty-0.75*geometry_excess_penalty",
  "phase4_budget_name": "strong",
  "phase4_final_score": -1.8424918058054285,
  "phase4_score_formula": "8.0*max(0,semantic_drop)+0.5*output_disruption-3.0*input_damage_penalty-0.75*geometry_excess_penalty",
  "right_crop_clean_margin": 0.025431424379348755,
  "right_crop_perturbed_margin": 0.02235284447669983,
  "right_crop_semantic_drop": 0.0030785799026489258,
  "semantic_drop": 0.0075903236865997314,
  "semantic_drop_weight": 8.0,
  "target_input_ssim": 0.88,
  "top_crop_clean_margin": -0.013292521238327026,
  "top_crop_perturbed_margin": -0.009605005383491516,
  "top_crop_semantic_drop": -0.0036875158548355103
}
