{
  "displacement": {
    "budget_max_disp_px": 6.0,
    "max_disp_px": 3.4736697673797607,
    "max_disp_px_budget": 6.0,
    "mean_disp_px": 0.20671723783016205,
    "p95_disp_px": 1.7924346923828125,
    "target_input_ssim": 0.9
  },
  "input": {
    "l2": 0.01685075062306792,
    "max_abs": 0.6392157077789307,
    "mean_abs": 0.0032442479860037565,
    "psnr": 35.46761497099163,
    "ssim": 0.9741650223731995
  },
  "output": {
    "l2": 0.022867008586723844,
    "max_abs": 0.8156862854957581,
    "mean_abs": 0.007903140969574451,
    "psnr": 32.81581290310029,
    "ssim": 0.966502845287323
  }
}
