{
  "clean_clip_positive_margin": 0.055569812655448914,
  "clean_semantic_success_score": 0.055569812655448914,
  "clip_available": true,
  "clip_semantic_drop": 0.00022457540035247803,
  "clip_warning": null,
  "crop_clip_available": true,
  "crop_clip_warning": null,
  "decision_label": "metric_only_candidate",
  "decision_reasons": [
    "semantic_drop_small:0.0002",
    "semantic_drop_small:0.0002",
    "semantic_drop_small:0.0002"
  ],
  "edit_failure_score": 0.00022457540035247803,
  "final_attack_score": 0.10504964908202569,
  "full_image_semantic_drop": 0.00022457540035247803,
  "geometry_excess_penalty": 0.0,
  "geometry_excess_penalty_weight": 0.75,
  "identity_or_face_health_available": false,
  "input_damage_penalty": 0.0,
  "input_damage_penalty_weight": 3.0,
  "input_l2": 0.01742606404404688,
  "input_max_abs": 0.529411792755127,
  "input_mean_abs": 0.008876733481884003,
  "input_preservation_score": 0.6214682857195536,
  "input_psnr": 35.17601388371012,
  "input_ssim": 0.9545761942863464,
  "left_crop_clean_margin": 0.027460142970085144,
  "left_crop_perturbed_margin": 0.027933433651924133,
  "left_crop_semantic_drop": -0.00047329068183898926,
  "max_disp_px_budget": 8.0,
  "mean_crop_margin": 0.018307596445083618,
  "mean_crop_semantic_drop": -0.0013373295466105144,
  "min_crop_margin": -0.005646109580993652,
  "min_crop_semantic_drop": -0.0072774738073349,
  "output_disruption_score": 0.20650609175841173,
  "output_disruption_weight": 0.5,
  "output_l2": 0.03184923986713131,
  "output_max_abs": 0.8509804010391235,
  "output_mean_abs": 0.014996393583714962,
  "output_psnr": 29.938018566698076,
  "output_ssim": 0.9208908677101135,
  "perturbed_clip_positive_margin": 0.055345237255096436,
  "perturbed_semantic_success_score": 0.055345237255096436,
  "phase2_final_score": 0.10504964908202569,
  "phase2_output_disruption": 0.20650609175841173,
  "phase2_score_formula": "8.0*max(0,semantic_drop)+0.5*output_disruption-3.0*input_damage_penalty-0.75*geometry_excess_penalty",
  "phase4_budget_name": "strong",
  "phase4_final_score": 0.10504964908202569,
  "phase4_score_formula": "8.0*max(0,semantic_drop)+0.5*output_disruption-3.0*input_damage_penalty-0.75*geometry_excess_penalty",
  "right_crop_clean_margin": 0.025357991456985474,
  "right_crop_perturbed_margin": 0.032635465264320374,
  "right_crop_semantic_drop": -0.0072774738073349,
  "semantic_drop": 0.00022457540035247803,
  "semantic_drop_weight": 8.0,
  "target_input_ssim": 0.88,
  "top_crop_clean_margin": -0.0019073337316513062,
  "top_crop_perturbed_margin": -0.005646109580993652,
  "top_crop_semantic_drop": 0.003738775849342346
}
