{
  "budget": "existence_probe",
  "budget_max_disp_px": 14.0,
  "candidate_folder_abs": "/home/interns/Desktop/mat/phase4/outputs/phase4a_existence_probe/cases/face_005/igs_1p50/add_a_small_beard/existence_probe/seed_00/candidates/cand_059_g03_m19",
  "candidate_index": 59,
  "candidate_name": "cand_059_g03_m19",
  "case_id": "face_005__add_a_small_beard__igs_1p50",
  "elapsed_seconds": 2.839582910761237,
  "face_id": "face_005",
  "generation": 3,
  "geometry_method": "landmark_semantic_tps",
  "guidance_scale": 7.5,
  "image_guidance_scale": 1.5,
  "initial_candidate": false,
  "input_l2": 0.0645802284976184,
  "input_max_abs": 0.9019607901573181,
  "input_mean_abs": 0.03251882269978523,
  "input_psnr": 23.798008453927704,
  "input_ssim": 0.7903642654418945,
  "max_disp_px": 13.986001968383789,
  "max_disp_px_budget": 14.0,
  "mean_disp_px": 3.996286153793335,
  "member": 19,
  "output_l2": 0.08297945828579707,
  "output_max_abs": 0.8313725590705872,
  "output_mean_abs": 0.05034923180937767,
  "output_psnr": 21.62058809398691,
  "output_ssim": 0.7009102702140808,
  "p95_disp_px": 12.891019821166992,
  "phase": "phase4a_existence_probe",
  "prompt": "add a small beard",
  "prompt_slug": "add_a_small_beard",
  "prompt_type": "beard",
  "seed": 48101,
  "target_input_ssim": 0.78,
  "theta_names": [
    "scale_logit",
    "action_jaw_expand",
    "action_jaw_compress",
    "action_chin_raise",
    "action_chin_lower",
    "action_mouth_width_expand",
    "action_lower_face_shift"
  ],
  "theta_values": [
    0.9305992126464844,
    -0.5678575038909912,
    1.88289475440979,
    -0.23028790950775146,
    -0.10008354485034943,
    0.5893351435661316,
    -1.041392207145691
  ]
}
