{
  "displacement": {
    "foldover_fraction_det_below_0": 0.0,
    "jacobian_det_mean": 1.0,
    "jacobian_det_min": 0.9891099333763123,
    "low_det_fraction_below_0p2": 0.0,
    "max_disp_px": 0.5290063619613647,
    "mean_disp_px": 0.09403524547815323,
    "p95_disp_px": 0.3174896240234375
  },
  "input": {
    "l2": 0.004638523057068782,
    "max_abs": 0.1921568512916565,
    "mean_abs": 0.001659188885241747,
    "psnr": 46.67240560559296,
    "ssim": 0.9953143000602722
  },
  "output": {
    "l2": 0.010824579744899667,
    "max_abs": 0.3921568691730499,
    "mean_abs": 0.00567795941606164,
    "psnr": 39.3117791152222,
    "ssim": 0.9729399085044861
  }
}
