{
  "budget": "strong",
  "budget_max_disp_px": 6.0,
  "candidate_folder_abs": "/home/interns/Desktop/mat/phase3/outputs/breadth_probe/cases/face_005/igs_1p00/add_black_sunglasses/strong/seed_00/candidates/cand_004_g01_m04",
  "candidate_index": 4,
  "candidate_name": "cand_004_g01_m04",
  "dct_modes": [
    [
      1,
      0
    ],
    [
      0,
      1
    ],
    [
      1,
      1
    ],
    [
      2,
      0
    ],
    [
      0,
      2
    ],
    [
      2,
      1
    ]
  ],
  "elapsed_seconds": 4.918318731710315,
  "generation": 1,
  "geometry_method": "region_local_mesh",
  "initial_candidate": false,
  "input_l2": 0.009652989863155504,
  "input_max_abs": 0.6196078658103943,
  "input_mean_abs": 0.0015579573810100555,
  "input_psnr": 40.306762997461604,
  "input_ssim": 0.9909752011299133,
  "max_disp_px": 1.9321019649505615,
  "max_disp_px_budget": 6.0,
  "mean_disp_px": 0.10281278192996979,
  "member": 4,
  "mesh_size": 4,
  "output_l2": 0.033636025162907465,
  "output_max_abs": 0.772549033164978,
  "output_mean_abs": 0.010043715126812458,
  "output_psnr": 29.46390662597772,
  "output_ssim": 0.967442512512207,
  "p95_disp_px": 0.891481876373291,
  "phase": "phase3_breadth_probe",
  "prompt": "add black sunglasses",
  "prompt_priority": 2,
  "prompt_slug": "add_black_sunglasses",
  "region_count": 1,
  "region_key": "glasses",
  "scale_factor": 0.3285887539386749,
  "seed": 46101,
  "target_input_ssim": 0.9,
  "tps_size": 4
}
