{
  "action_names": [
    "face_side_push_left",
    "face_side_push_right",
    "head_top_raise",
    "head_top_lower",
    "jaw_expand",
    "jaw_compress",
    "asymmetry_twist"
  ],
  "action_strength": 0.72,
  "action_values": {
    "asymmetry_twist": -0.2443396270517997,
    "face_side_push_left": -0.038847054674633744,
    "face_side_push_right": -0.022729396775434296,
    "head_top_lower": -0.1491969951353486,
    "head_top_raise": 0.29523607853358397,
    "jaw_compress": -0.25924128815520586,
    "jaw_expand": -0.2207097399172432
  },
  "active_actions": {
    "asymmetry_twist": -0.2443396270517997,
    "face_side_push_left": -0.038847054674633744,
    "face_side_push_right": -0.022729396775434296,
    "head_top_lower": -0.1491969951353486,
    "head_top_raise": 0.29523607853358397,
    "jaw_compress": -0.25924128815520586,
    "jaw_expand": -0.2207097399172432
  },
  "active_anchor_count": 7,
  "control_point_count": 15,
  "geometry_method": "landmark_piecewise_affine",
  "max_disp_px_budget": 8.0,
  "scale_factor": 0.2992416378789087,
  "source_control_points": [
    [
      112.63999938964844,
      248.3199920654297
    ],
    [
      112.63999938964844,
      253.44000244140625
    ],
    [
      399.3599853515625,
      248.3199920654297
    ],
    [
      399.3599853515625,
      253.44000244140625
    ],
    [
      256.0,
      87.04000091552734
    ],
    [
      174.0800018310547,
      394.239990234375
    ],
    [
      337.9200134277344,
      394.239990234375
    ],
    [
      0.0,
      0.0
    ],
    [
      511.0,
      0.0
    ],
    [
      0.0,
      511.0
    ],
    [
      511.0,
      511.0
    ],
    [
      256.0,
      0.0
    ],
    [
      256.0,
      511.0
    ],
    [
      0.0,
      256.0
    ],
    [
      511.0,
      256.0
    ]
  ],
  "target_control_points": [
    [
      112.86376190185547,
      249.72738647460938
    ],
    [
      112.80781555175781,
      253.44000244140625
    ],
    [
      399.22906494140625,
      246.91259765625
    ],
    [
      399.26177978515625,
      253.44000244140625
    ],
    [
      256.0,
      84.48006439208984
    ],
    [
      173.85806274414062,
      394.9436950683594
    ],
    [
      338.1419677734375,
      393.5362854003906
    ],
    [
      0.0,
      0.0
    ],
    [
      511.0,
      0.0
    ],
    [
      0.0,
      511.0
    ],
    [
      511.0,
      511.0
    ],
    [
      256.0,
      0.0
    ],
    [
      256.0,
      511.0
    ],
    [
      0.0,
      256.0
    ],
    [
      511.0,
      256.0
    ]
  ],
  "tps_regularization": 0.0001
}
