{
  "action_names": [
    "mouth_corner_raise",
    "mouth_corner_lower",
    "mouth_width_expand",
    "mouth_width_compress",
    "chin_raise",
    "chin_lower"
  ],
  "action_strength": 0.72,
  "action_values": {
    "chin_lower": -0.24301621205982002,
    "chin_raise": 0.13336387185921222,
    "mouth_corner_lower": -0.12356705998148484,
    "mouth_corner_raise": 0.28797863236468074,
    "mouth_width_compress": -0.3730460325692376,
    "mouth_width_expand": 0.35785119203257143
  },
  "active_actions": {
    "chin_lower": -0.24301621205982002,
    "chin_raise": 0.13336387185921222,
    "mouth_corner_lower": -0.12356705998148484,
    "mouth_corner_raise": 0.28797863236468074,
    "mouth_width_compress": -0.3730460325692376,
    "mouth_width_expand": 0.35785119203257143
  },
  "active_anchor_count": 4,
  "control_point_count": 12,
  "geometry_method": "landmark_piecewise_affine",
  "max_disp_px_budget": 8.0,
  "scale_factor": 0.41403034934842575,
  "source_control_points": [
    [
      204.8000030517578,
      335.3599853515625
    ],
    [
      307.20001220703125,
      335.3599853515625
    ],
    [
      256.0,
      419.8399963378906
    ],
    [
      256.0,
      376.32000732421875
    ],
    [
      0.0,
      0.0
    ],
    [
      511.0,
      0.0
    ],
    [
      0.0,
      511.0
    ],
    [
      511.0,
      511.0
    ],
    [
      256.0,
      0.0
    ],
    [
      256.0,
      511.0
    ],
    [
      0.0,
      256.0
    ],
    [
      511.0,
      256.0
    ]
  ],
  "target_control_points": [
    [
      200.5900421142578,
      332.9894714355469
    ],
    [
      311.40997314453125,
      332.9894714355469
    ],
    [
      256.0,
      417.67205810546875
    ],
    [
      256.0,
      375.23602294921875
    ],
    [
      0.0,
      0.0
    ],
    [
      511.0,
      0.0
    ],
    [
      0.0,
      511.0
    ],
    [
      511.0,
      511.0
    ],
    [
      256.0,
      0.0
    ],
    [
      256.0,
      511.0
    ],
    [
      0.0,
      256.0
    ],
    [
      511.0,
      256.0
    ]
  ],
  "tps_regularization": 0.0001
}
