{
  "clean_clip_positive_margin": 0.035206615924835205,
  "clean_semantic_success_score": 0.035206615924835205,
  "clip_available": true,
  "clip_semantic_drop": 0.000994265079498291,
  "clip_warning": null,
  "crop_clip_available": false,
  "crop_clip_warning": null,
  "decision_label": "metric_only_candidate",
  "decision_reasons": [
    "semantic_drop_small:0.0010",
    "semantic_drop_small:0.0010",
    "semantic_drop_small:0.0010"
  ],
  "edit_failure_score": 0.000994265079498291,
  "final_attack_score": 0.21841197929304101,
  "full_image_semantic_drop": 0.000994265079498291,
  "geometry_excess_penalty": 0.0,
  "geometry_excess_penalty_weight": 0.75,
  "identity_or_face_health_available": false,
  "input_damage_penalty": 0.0,
  "input_damage_penalty_weight": 3.0,
  "input_l2": 0.06866207881292564,
  "input_max_abs": 0.886274516582489,
  "input_mean_abs": 0.024403231218457222,
  "input_preservation_score": 0.05241375619714899,
  "input_psnr": 23.26566104025153,
  "input_ssim": 0.7915310263633728,
  "max_disp_px_budget": 14.0,
  "output_disruption_score": 0.42091571731410937,
  "output_disruption_weight": 0.5,
  "output_l2": 0.05834667246302594,
  "output_max_abs": 0.6823529601097107,
  "output_mean_abs": 0.026698799803853035,
  "output_psnr": 24.6796781384403,
  "output_ssim": 0.8124709725379944,
  "perturbed_clip_positive_margin": 0.034212350845336914,
  "perturbed_semantic_success_score": 0.034212350845336914,
  "phase2_final_score": 0.21841197929304101,
  "phase2_output_disruption": 0.42091571731410937,
  "phase2_score_formula": "8.0*max(0,semantic_drop)+0.5*output_disruption-3.0*input_damage_penalty-0.75*geometry_excess_penalty",
  "phase4_budget_name": "existence_probe",
  "phase4_final_score": 0.21841197929304101,
  "phase4_score_formula": "8.0*max(0,semantic_drop)+0.5*output_disruption-3.0*input_damage_penalty-0.75*geometry_excess_penalty",
  "semantic_drop": 0.000994265079498291,
  "semantic_drop_weight": 8.0,
  "target_input_ssim": 0.78
}
