{
  "displacement": {
    "budget_max_disp_px": 8.0,
    "max_disp_px": 3.6816656589508057,
    "max_disp_px_budget": 8.0,
    "mean_disp_px": 1.1332347393035889,
    "p95_disp_px": 2.345224380493164,
    "target_input_ssim": 0.88
  },
  "input": {
    "l2": 0.02834101035689696,
    "max_abs": 0.686274528503418,
    "mean_abs": 0.014567798934876919,
    "psnr": 30.951693424323366,
    "ssim": 0.9052909016609192
  },
  "output": {
    "l2": 0.041090595891244336,
    "max_abs": 0.8627451062202454,
    "mean_abs": 0.02045106142759323,
    "psnr": 27.725151212045255,
    "ssim": 0.8751260638237
  }
}
