{
  "best_folder": "phase2/outputs/phase2c_probe/semantic_heavy_cem/headphones_sides_only/strong/seed_00/candidates/cand_027_g02_m11",
  "budget": "strong",
  "budget_max_disp_px": 6.0,
  "candidate_folder": "phase2/outputs/phase2c_probe/semantic_heavy_cem/headphones_sides_only/strong/seed_00/candidates/cand_027_g02_m11",
  "candidate_index": 27,
  "candidate_name": "cand_027_g02_m11",
  "clean_clip_positive_margin": 0.027842342853546143,
  "clean_semantic_success_score": 0.027842342853546143,
  "clip_available": true,
  "clip_semantic_drop": -0.00398486852645874,
  "clip_warning": null,
  "crop_clip_available": true,
  "crop_clip_warning": null,
  "dct_modes": [
    [
      1,
      0
    ],
    [
      0,
      1
    ],
    [
      1,
      1
    ],
    [
      2,
      0
    ],
    [
      0,
      2
    ],
    [
      2,
      1
    ]
  ],
  "decision_label": "metric_only_candidate",
  "decision_reasons": [
    "semantic_drop_nonpositive:-0.0040",
    "semantic_drop_nonpositive:-0.0040"
  ],
  "edit_failure_score": 0.0,
  "elapsed_seconds": 5.559079807251692,
  "final_attack_score": 0.030722830831166434,
  "full_image_semantic_drop": -0.00398486852645874,
  "generation": 2,
  "geometry_excess_penalty": 0.0,
  "geometry_excess_penalty_weight": 0.75,
  "geometry_method": "region_local_tps",
  "identity_or_face_health_available": false,
  "initial_candidate": false,
  "input_damage_penalty": 0.0,
  "input_damage_penalty_weight": 3.0,
  "input_l2": 0.01286063559813997,
  "input_max_abs": 0.5137255191802979,
  "input_mean_abs": 0.003578146919608116,
  "input_preservation_score": 0.6900779008865355,
  "input_psnr": 37.81475134372016,
  "input_ssim": 0.9690077900886536,
  "left_crop_clean_margin": 0.02535329759120941,
  "left_crop_perturbed_margin": 0.023332685232162476,
  "left_crop_semantic_drop": 0.002020612359046936,
  "max_disp_px": 2.0816965103149414,
  "max_disp_px_budget": 6.0,
  "mean_crop_margin": 0.015820751587549847,
  "mean_crop_semantic_drop": 0.0022905170917510986,
  "mean_disp_px": 0.33925861120224,
  "member": 11,
  "mesh_size": 4,
  "min_crop_margin": 0.005818173289299011,
  "min_crop_semantic_drop": 0.001680806279182434,
  "output_disruption_score": 0.12289132332466574,
  "output_disruption_weight": 0.25,
  "output_l2": 0.020056058107968497,
  "output_max_abs": 0.7607843279838562,
  "output_mean_abs": 0.007831132970750332,
  "output_psnr": 33.9550884155266,
  "output_ssim": 0.9573329091072083,
  "p95_disp_px": 1.7874796390533447,
  "path_flow": "phase2/outputs/phase2c_probe/semantic_heavy_cem/headphones_sides_only/strong/seed_00/candidates/cand_027_g02_m11/flow.png",
  "path_original": "phase2/outputs/phase2c_probe/semantic_heavy_cem/headphones_sides_only/strong/seed_00/candidates/cand_027_g02_m11/original.png",
  "path_original_edited": "phase2/outputs/phase2c_probe/semantic_heavy_cem/headphones_sides_only/strong/seed_00/candidates/cand_027_g02_m11/original_edited.png",
  "path_perturbed": "phase2/outputs/phase2c_probe/semantic_heavy_cem/headphones_sides_only/strong/seed_00/candidates/cand_027_g02_m11/perturbed.png",
  "path_perturbed_edited": "phase2/outputs/phase2c_probe/semantic_heavy_cem/headphones_sides_only/strong/seed_00/candidates/cand_027_g02_m11/perturbed_edited.png",
  "perturbed_clip_positive_margin": 0.03182721138000488,
  "perturbed_semantic_success_score": 0.03182721138000488,
  "phase": "phase2c_probe",
  "phase2_final_score": 0.030722830831166434,
  "phase2_output_disruption": 0.12289132332466574,
  "phase2_score_formula": "8.0*max(0,semantic_drop)+0.25*output_disruption-3.0*input_damage_penalty-0.75*geometry_excess_penalty",
  "prompt": "add headphones",
  "prompt_priority": 1,
  "prompt_slug": "add_headphones",
  "region_count": 2,
  "region_key": "headphones_sides_only",
  "right_crop_clean_margin": 0.021481528878211975,
  "right_crop_perturbed_margin": 0.01831139624118805,
  "right_crop_semantic_drop": 0.0031701326370239258,
  "scale_factor": 0.3540300130844116,
  "seed": 24101,
  "semantic_drop": -0.00398486852645874,
  "semantic_drop_weight": 8.0,
  "target_input_ssim": 0.9,
  "top_crop_clean_margin": 0.007498979568481445,
  "top_crop_perturbed_margin": 0.005818173289299011,
  "top_crop_semantic_drop": 0.001680806279182434,
  "tps_size": 4
}
