{
  "clean_clip_positive_margin": 0.04853600263595581,
  "clean_semantic_success_score": 0.04853600263595581,
  "clip_available": true,
  "clip_semantic_drop": 0.00994446873664856,
  "clip_warning": null,
  "crop_clip_available": false,
  "crop_clip_warning": null,
  "decision_label": "reject_input_damage",
  "decision_reasons": [
    "input_ssim_below_target:0.6992<0.7800",
    "semantic_drop_small:0.0099"
  ],
  "edit_failure_score": 0.00994446873664856,
  "final_attack_score": -1.5243469567233336,
  "full_image_semantic_drop": 0.00994446873664856,
  "geometry_excess_penalty": 0.0,
  "geometry_excess_penalty_weight": 0.75,
  "identity_or_face_health_available": false,
  "input_damage_penalty": 0.6460444831848147,
  "input_damage_penalty_weight": 3.0,
  "input_l2": 0.06837192828855744,
  "input_max_abs": 0.8901960849761963,
  "input_mean_abs": 0.03566315397620201,
  "input_preservation_score": 0.0,
  "input_psnr": 23.302443431026386,
  "input_ssim": 0.6992444396018982,
  "max_disp_px_budget": 14.0,
  "output_disruption_score": 0.6684614858758439,
  "output_disruption_weight": 0.5,
  "output_l2": 0.08911275470584604,
  "output_max_abs": 1.0,
  "output_mean_abs": 0.042945411056280136,
  "output_psnr": 21.001202619166314,
  "output_ssim": 0.6879895329475403,
  "perturbed_clip_positive_margin": 0.03859153389930725,
  "perturbed_semantic_success_score": 0.03859153389930725,
  "phase2_final_score": -1.5243469567233336,
  "phase2_output_disruption": 0.6684614858758439,
  "phase2_score_formula": "8.0*max(0,semantic_drop)+0.5*output_disruption-3.0*input_damage_penalty-0.75*geometry_excess_penalty",
  "phase4_budget_name": "existence_probe",
  "phase4_final_score": -1.5243469567233336,
  "phase4_score_formula": "8.0*max(0,semantic_drop)+0.5*output_disruption-3.0*input_damage_penalty-0.75*geometry_excess_penalty",
  "semantic_drop": 0.00994446873664856,
  "semantic_drop_weight": 8.0,
  "target_input_ssim": 0.78
}
