{
  "action_names": [
    "face_side_push_left",
    "face_side_push_right",
    "head_top_raise",
    "head_top_lower",
    "jaw_expand",
    "jaw_compress",
    "asymmetry_twist"
  ],
  "action_strength": 0.72,
  "action_values": {
    "asymmetry_twist": -0.38128920067601063,
    "face_side_push_left": -0.21024744597854778,
    "face_side_push_right": 0.6159197081003398,
    "head_top_lower": -0.23652547975039523,
    "head_top_raise": -0.501406183056615,
    "jaw_compress": -0.5297138806202499,
    "jaw_expand": 0.2696909479344409
  },
  "active_actions": {
    "asymmetry_twist": -0.38128920067601063,
    "face_side_push_left": -0.21024744597854778,
    "face_side_push_right": 0.6159197081003398,
    "head_top_lower": -0.23652547975039523,
    "head_top_raise": -0.501406183056615,
    "jaw_compress": -0.5297138806202499,
    "jaw_expand": 0.2696909479344409
  },
  "active_anchor_count": 7,
  "control_point_count": 15,
  "geometry_method": "landmark_piecewise_affine",
  "max_disp_px_budget": 8.0,
  "scale_factor": 0.7111675957691248,
  "source_control_points": [
    [
      112.63999938964844,
      248.3199920654297
    ],
    [
      112.63999938964844,
      253.44000244140625
    ],
    [
      399.3599853515625,
      248.3199920654297
    ],
    [
      399.3599853515625,
      253.44000244140625
    ],
    [
      256.0,
      87.04000091552734
    ],
    [
      174.0800018310547,
      394.239990234375
    ],
    [
      337.9200134277344,
      394.239990234375
    ],
    [
      0.0,
      0.0
    ],
    [
      511.0,
      0.0
    ],
    [
      0.0,
      511.0
    ],
    [
      511.0,
      511.0
    ],
    [
      256.0,
      0.0
    ],
    [
      256.0,
      511.0
    ],
    [
      0.0,
      256.0
    ],
    [
      511.0,
      256.0
    ]
  ],
  "target_control_points": [
    [
      113.85102844238281,
      250.51622009277344
    ],
    [
      113.54827117919922,
      253.44000244140625
    ],
    [
      402.9076843261719,
      246.12376403808594
    ],
    [
      402.020751953125,
      253.44000244140625
    ],
    [
      256.0,
      88.56571197509766
    ],
    [
      169.47543334960938,
      395.3381042480469
    ],
    [
      342.52459716796875,
      393.1418762207031
    ],
    [
      0.0,
      0.0
    ],
    [
      511.0,
      0.0
    ],
    [
      0.0,
      511.0
    ],
    [
      511.0,
      511.0
    ],
    [
      256.0,
      0.0
    ],
    [
      256.0,
      511.0
    ],
    [
      0.0,
      256.0
    ],
    [
      511.0,
      256.0
    ]
  ],
  "tps_regularization": 0.0001
}
