{
  "geometry_info": {
    "action_names": [
      "face_side_push_left",
      "face_side_push_right",
      "head_top_raise",
      "head_top_lower",
      "jaw_expand",
      "jaw_compress",
      "asymmetry_twist"
    ],
    "action_strength": 0.72,
    "action_values": {
      "asymmetry_twist": -0.5620724608770322,
      "face_side_push_left": -0.4301697713670868,
      "face_side_push_right": -0.5183515321395493,
      "head_top_lower": 0.5759567901924504,
      "head_top_raise": 0.39511496982596667,
      "jaw_compress": -0.04562292558729488,
      "jaw_expand": 0.43425380374437816
    },
    "active_actions": {
      "asymmetry_twist": -0.5620724608770322,
      "face_side_push_left": -0.4301697713670868,
      "face_side_push_right": -0.5183515321395493,
      "head_top_lower": 0.5759567901924504,
      "head_top_raise": 0.39511496982596667,
      "jaw_compress": -0.04562292558729488,
      "jaw_expand": 0.43425380374437816
    },
    "active_anchor_count": 7,
    "control_point_count": 15,
    "geometry_method": "landmark_piecewise_affine",
    "max_disp_px_budget": 14.0,
    "scale_factor": 0.8447804326407413,
    "source_control_points": [
      [
        112.63999938964844,
        248.3199920654297
      ],
      [
        112.63999938964844,
        253.44000244140625
      ],
      [
        399.3599853515625,
        248.3199920654297
      ],
      [
        399.3599853515625,
        253.44000244140625
      ],
      [
        256.0,
        87.04000091552734
      ],
      [
        174.0800018310547,
        394.239990234375
      ],
      [
        337.9200134277344,
        394.239990234375
      ],
      [
        0.0,
        0.0
      ],
      [
        511.0,
        0.0
      ],
      [
        0.0,
        511.0
      ],
      [
        511.0,
        511.0
      ],
      [
        256.0,
        0.0
      ],
      [
        256.0,
        511.0
      ],
      [
        0.0,
        256.0
      ],
      [
        511.0,
        256.0
      ]
    ],
    "target_control_points": [
      [
        116.97611236572266,
        253.98568725585938
      ],
      [
        115.89208221435547,
        253.44000244140625
      ],
      [
        394.135009765625,
        242.654296875
      ],
      [
        395.4412536621094,
        253.44000244140625
      ],
      [
        256.0,
        88.86288452148438
      ],
      [
        169.2428436279297,
        397.0728454589844
      ],
      [
        342.7571716308594,
        391.4071350097656
      ],
      [
        0.0,
        0.0
      ],
      [
        511.0,
        0.0
      ],
      [
        0.0,
        511.0
      ],
      [
        511.0,
        511.0
      ],
      [
        256.0,
        0.0
      ],
      [
        256.0,
        511.0
      ],
      [
        0.0,
        256.0
      ],
      [
        511.0,
        256.0
      ]
    ],
    "tps_regularization": 0.0001
  },
  "names": [
    "scale_logit",
    "action_face_side_push_left",
    "action_face_side_push_right",
    "action_head_top_raise",
    "action_head_top_lower",
    "action_jaw_expand",
    "action_jaw_compress",
    "action_asymmetry_twist"
  ],
  "values": [
    0.7120345830917358,
    -0.5616612434387207,
    -0.7146640419960022,
    0.5071392059326172,
    0.8324378132820129,
    0.5682098865509033,
    -0.0540582574903965,
    -0.8023480176925659
  ]
}
