{
  "clean_clip_positive_margin": 0.05116361379623413,
  "clean_semantic_success_score": 0.05116361379623413,
  "clip_available": true,
  "clip_semantic_drop": 0.009564906358718872,
  "clip_warning": null,
  "crop_clip_available": true,
  "crop_clip_warning": null,
  "decision_label": "metric_only_candidate",
  "decision_reasons": [
    "semantic_drop_small:0.0096",
    "semantic_drop_small:0.0096",
    "semantic_drop_small:0.0096"
  ],
  "edit_failure_score": 0.009564906358718872,
  "final_attack_score": 0.3215568927873086,
  "full_image_semantic_drop": 0.009564906358718872,
  "geometry_excess_penalty": 0.0,
  "geometry_excess_penalty_weight": 0.75,
  "identity_or_face_health_available": false,
  "input_damage_penalty": 0.0,
  "input_damage_penalty_weight": 3.0,
  "input_l2": 0.05393097844168202,
  "input_max_abs": 0.8941176533699036,
  "input_mean_abs": 0.025667890906333923,
  "input_preservation_score": 0.033594131469726445,
  "input_psnr": 25.36323400923075,
  "input_ssim": 0.7873907089233398,
  "left_crop_clean_margin": 0.024231508374214172,
  "left_crop_perturbed_margin": 0.024733126163482666,
  "left_crop_semantic_drop": -0.0005016177892684937,
  "max_disp_px_budget": 14.0,
  "mean_crop_margin": 0.014236440261205038,
  "mean_crop_semantic_drop": -0.002112969756126404,
  "min_crop_margin": -0.008807763457298279,
  "min_crop_semantic_drop": -0.0044847577810287476,
  "output_disruption_score": 0.4900752838351153,
  "output_disruption_weight": 0.5,
  "output_l2": 0.07533138831202742,
  "output_max_abs": 0.9137254953384399,
  "output_mean_abs": 0.032461073249578476,
  "output_psnr": 22.460480574168756,
  "output_ssim": 0.8112502694129944,
  "perturbed_clip_positive_margin": 0.04159870743751526,
  "perturbed_semantic_success_score": 0.04159870743751526,
  "phase2_final_score": 0.3215568927873086,
  "phase2_output_disruption": 0.4900752838351153,
  "phase2_score_formula": "8.0*max(0,semantic_drop)+0.5*output_disruption-3.0*input_damage_penalty-0.75*geometry_excess_penalty",
  "phase4_budget_name": "existence_probe",
  "phase4_final_score": 0.3215568927873086,
  "phase4_score_formula": "8.0*max(0,semantic_drop)+0.5*output_disruption-3.0*input_damage_penalty-0.75*geometry_excess_penalty",
  "right_crop_clean_margin": 0.025431424379348755,
  "right_crop_perturbed_margin": 0.026783958077430725,
  "right_crop_semantic_drop": -0.0013525336980819702,
  "semantic_drop": 0.009564906358718872,
  "semantic_drop_weight": 8.0,
  "target_input_ssim": 0.78,
  "top_crop_clean_margin": -0.013292521238327026,
  "top_crop_perturbed_margin": -0.008807763457298279,
  "top_crop_semantic_drop": -0.0044847577810287476
}
