{
  "best_folder": "phase4/outputs/phase4a_existence_probe/cases/face_003/igs_1p50/add_headphones/existence_probe/seed_00/candidates/cand_004_g01_m04",
  "budget": "existence_probe",
  "budget_max_disp_px": 14.0,
  "candidate_folder": "phase4/outputs/phase4a_existence_probe/cases/face_003/igs_1p50/add_headphones/existence_probe/seed_00/candidates/cand_004_g01_m04",
  "candidate_index": 4,
  "candidate_name": "cand_004_g01_m04",
  "case_id": "face_003__add_headphones__igs_1p50",
  "clean_clip_positive_margin": 0.04772844910621643,
  "clean_semantic_success_score": 0.04772844910621643,
  "clip_available": true,
  "clip_semantic_drop": -0.0003803074359893799,
  "clip_warning": null,
  "crop_clip_available": true,
  "crop_clip_warning": null,
  "decision_label": "reject_input_damage",
  "decision_reasons": [
    "input_ssim_below_target:0.7201<0.7800",
    "semantic_drop_nonpositive:-0.0004"
  ],
  "edit_failure_score": 0.0,
  "elapsed_seconds": 2.505071312189102,
  "face_id": "face_003",
  "final_attack_score": -1.124516776470368,
  "full_image_semantic_drop": -0.0003803074359893799,
  "generation": 1,
  "geometry_excess_penalty": 0.0,
  "geometry_excess_penalty_weight": 0.75,
  "geometry_method": "landmark_piecewise_affine",
  "guidance_scale": 7.5,
  "identity_or_face_health_available": false,
  "image_guidance_scale": 1.5,
  "initial_candidate": false,
  "input_damage_penalty": 0.4793736839294436,
  "input_damage_penalty_weight": 3.0,
  "input_l2": 0.05963489869398085,
  "input_max_abs": 0.6039215922355652,
  "input_mean_abs": 0.031110232695937157,
  "input_preservation_score": 0.0,
  "input_psnr": 24.48999028352575,
  "input_ssim": 0.7200782895088196,
  "left_crop_clean_margin": 0.018402695655822754,
  "left_crop_perturbed_margin": 0.01862405240535736,
  "left_crop_semantic_drop": -0.00022135674953460693,
  "max_disp_px": 10.401472091674805,
  "max_disp_px_budget": 14.0,
  "mean_crop_margin": 0.015163550774256388,
  "mean_crop_semantic_drop": 0.0001703550418217977,
  "mean_disp_px": 3.330618143081665,
  "member": 4,
  "min_crop_margin": 0.005507424473762512,
  "min_crop_semantic_drop": -0.003957301378250122,
  "output_disruption_score": 0.6272085506359254,
  "output_disruption_weight": 0.5,
  "output_l2": 0.0762900908450165,
  "output_max_abs": 0.9333333373069763,
  "output_mean_abs": 0.039726484566926956,
  "output_psnr": 22.35063735906835,
  "output_ssim": 0.6779518127441406,
  "p95_disp_px": 7.979363918304443,
  "path_clean_edit": "phase4/outputs/phase4a_existence_probe/cases/face_003/igs_1p50/add_headphones/existence_probe/seed_00/candidates/cand_004_g01_m04/clean_edit.png",
  "path_flow": "phase4/outputs/phase4a_existence_probe/cases/face_003/igs_1p50/add_headphones/existence_probe/seed_00/candidates/cand_004_g01_m04/flow.png",
  "path_landmarks_overlay_original": "phase4/outputs/phase4a_existence_probe/cases/face_003/igs_1p50/add_headphones/existence_probe/seed_00/candidates/cand_004_g01_m04/landmarks_overlay_original.jpg",
  "path_landmarks_overlay_perturbed": "phase4/outputs/phase4a_existence_probe/cases/face_003/igs_1p50/add_headphones/existence_probe/seed_00/candidates/cand_004_g01_m04/landmarks_overlay_perturbed.jpg",
  "path_original": "phase4/outputs/phase4a_existence_probe/cases/face_003/igs_1p50/add_headphones/existence_probe/seed_00/candidates/cand_004_g01_m04/original.png",
  "path_perturbed": "phase4/outputs/phase4a_existence_probe/cases/face_003/igs_1p50/add_headphones/existence_probe/seed_00/candidates/cand_004_g01_m04/perturbed.png",
  "path_perturbed_edit": "phase4/outputs/phase4a_existence_probe/cases/face_003/igs_1p50/add_headphones/existence_probe/seed_00/candidates/cand_004_g01_m04/perturbed_edit.png",
  "perturbed_clip_positive_margin": 0.04810875654220581,
  "perturbed_semantic_success_score": 0.04810875654220581,
  "phase": "phase4a_existence_probe",
  "phase2_final_score": -1.124516776470368,
  "phase2_output_disruption": 0.6272085506359254,
  "phase2_score_formula": "8.0*max(0,semantic_drop)+0.5*output_disruption-3.0*input_damage_penalty-0.75*geometry_excess_penalty",
  "phase4_budget_name": "existence_probe",
  "phase4_final_score": -1.124516776470368,
  "phase4_score_formula": "8.0*max(0,semantic_drop)+0.5*output_disruption-3.0*input_damage_penalty-0.75*geometry_excess_penalty",
  "prompt": "add headphones",
  "prompt_slug": "add_headphones",
  "prompt_type": "headphones",
  "right_crop_clean_margin": 0.026048898696899414,
  "right_crop_perturbed_margin": 0.021359175443649292,
  "right_crop_semantic_drop": 0.004689723253250122,
  "seed": 46101,
  "semantic_drop": -0.0003803074359893799,
  "semantic_drop_weight": 8.0,
  "target_input_ssim": 0.78,
  "theta_names": [
    "scale_logit",
    "action_face_side_push_left",
    "action_face_side_push_right",
    "action_head_top_raise",
    "action_head_top_lower",
    "action_jaw_expand",
    "action_jaw_compress",
    "action_asymmetry_twist"
  ],
  "theta_values": [
    0.24435627460479736,
    0.05771724134683609,
    0.07916036993265152,
    2.061100959777832,
    -0.5654200911521912,
    -1.5017318725585938,
    0.6017854809761047,
    -0.7284774780273438
  ],
  "top_crop_clean_margin": 0.0015501230955123901,
  "top_crop_perturbed_margin": 0.005507424473762512,
  "top_crop_semantic_drop": -0.003957301378250122
}
