{
  "clean_clip_positive_margin": 0.027842342853546143,
  "clean_semantic_success_score": 0.027842342853546143,
  "clip_available": true,
  "clip_semantic_drop": 0.0036971569061279297,
  "clip_warning": null,
  "crop_clip_available": true,
  "crop_clip_warning": null,
  "decision_label": "metric_only_candidate",
  "decision_reasons": [
    "semantic_drop_small:0.0037",
    "semantic_drop_small:0.0037"
  ],
  "edit_failure_score": 0.0036971569061279297,
  "final_attack_score": 0.0487361566266807,
  "full_image_semantic_drop": 0.0036971569061279297,
  "geometry_excess_penalty": 0.0,
  "geometry_excess_penalty_weight": 0.75,
  "identity_or_face_health_available": false,
  "input_damage_penalty": 0.0,
  "input_damage_penalty_weight": 3.0,
  "input_l2": 0.0042695114053290534,
  "input_max_abs": 0.45098039507865906,
  "input_mean_abs": 0.0008597380947321653,
  "input_preservation_score": 0.9462318420410156,
  "input_psnr": 47.3924364391274,
  "input_ssim": 0.9946231842041016,
  "left_crop_clean_margin": 0.02535329759120941,
  "left_crop_perturbed_margin": 0.023820728063583374,
  "left_crop_semantic_drop": 0.0015325695276260376,
  "max_disp_px_budget": 6.0,
  "mean_crop_margin": 0.013713419437408447,
  "mean_crop_semantic_drop": 0.004397849241892497,
  "min_crop_margin": -0.0004722326993942261,
  "min_crop_semantic_drop": 0.0015325695276260376,
  "output_disruption_score": 0.07663560551062906,
  "output_disruption_weight": 0.25,
  "output_l2": 0.013105498357752174,
  "output_max_abs": 0.6627451181411743,
  "output_mean_abs": 0.005862556863576174,
  "output_psnr": 37.650929193078476,
  "output_ssim": 0.9757863879203796,
  "perturbed_clip_positive_margin": 0.024145185947418213,
  "perturbed_semantic_success_score": 0.024145185947418213,
  "phase2_final_score": 0.0487361566266807,
  "phase2_output_disruption": 0.07663560551062906,
  "phase2_score_formula": "8.0*max(0,semantic_drop)+0.25*output_disruption-3.0*input_damage_penalty-0.75*geometry_excess_penalty",
  "right_crop_clean_margin": 0.021481528878211975,
  "right_crop_perturbed_margin": 0.017791762948036194,
  "right_crop_semantic_drop": 0.0036897659301757812,
  "semantic_drop": 0.0036971569061279297,
  "semantic_drop_weight": 8.0,
  "target_input_ssim": 0.9,
  "top_crop_clean_margin": 0.007498979568481445,
  "top_crop_perturbed_margin": -0.0004722326993942261,
  "top_crop_semantic_drop": 0.007971212267875671
}
