{
  "action_names": [
    "face_side_push_left",
    "face_side_push_right",
    "head_top_raise",
    "head_top_lower",
    "jaw_expand",
    "jaw_compress",
    "asymmetry_twist"
  ],
  "action_strength": 0.72,
  "action_values": {
    "asymmetry_twist": -0.265377889715815,
    "face_side_push_left": -0.3417614843510233,
    "face_side_push_right": -0.22377947155060346,
    "head_top_lower": -0.08573531405395514,
    "head_top_raise": -0.1841151435348743,
    "jaw_compress": 0.39318557058850023,
    "jaw_expand": -0.39395611276687803
  },
  "active_actions": {
    "asymmetry_twist": -0.265377889715815,
    "face_side_push_left": -0.3417614843510233,
    "face_side_push_right": -0.22377947155060346,
    "head_top_lower": -0.08573531405395514,
    "head_top_raise": -0.1841151435348743,
    "jaw_compress": 0.39318557058850023,
    "jaw_expand": -0.39395611276687803
  },
  "active_anchor_count": 7,
  "control_point_count": 15,
  "geometry_method": "landmark_piecewise_affine",
  "max_disp_px_budget": 8.0,
  "scale_factor": 0.4852368641448678,
  "source_control_points": [
    [
      112.63999938964844,
      248.3199920654297
    ],
    [
      112.63999938964844,
      253.44000244140625
    ],
    [
      399.3599853515625,
      248.3199920654297
    ],
    [
      399.3599853515625,
      253.44000244140625
    ],
    [
      256.0,
      87.04000091552734
    ],
    [
      174.0800018310547,
      394.239990234375
    ],
    [
      337.9200134277344,
      394.239990234375
    ],
    [
      0.0,
      0.0
    ],
    [
      511.0,
      0.0
    ],
    [
      0.0,
      511.0
    ],
    [
      511.0,
      511.0
    ],
    [
      256.0,
      0.0
    ],
    [
      256.0,
      511.0
    ],
    [
      0.0,
      256.0
    ],
    [
      511.0,
      256.0
    ]
  ],
  "target_control_points": [
    [
      114.6085433959961,
      249.84857177734375
    ],
    [
      114.11640930175781,
      253.44000244140625
    ],
    [
      398.0710144042969,
      246.79141235351562
    ],
    [
      398.39324951171875,
      253.44000244140625
    ],
    [
      256.0,
      87.6066665649414
    ],
    [
      178.6139373779297,
      395.0042724609375
    ],
    [
      333.3860778808594,
      393.4757080078125
    ],
    [
      0.0,
      0.0
    ],
    [
      511.0,
      0.0
    ],
    [
      0.0,
      511.0
    ],
    [
      511.0,
      511.0
    ],
    [
      256.0,
      0.0
    ],
    [
      256.0,
      511.0
    ],
    [
      0.0,
      256.0
    ],
    [
      511.0,
      256.0
    ]
  ],
  "tps_regularization": 0.0001
}
