{
  "displacement": {
    "budget_max_disp_px": 6.0,
    "max_disp_px": 1.2699227333068848,
    "max_disp_px_budget": 6.0,
    "mean_disp_px": 0.09561976045370102,
    "p95_disp_px": 0.7724495530128479,
    "target_input_ssim": 0.9
  },
  "input": {
    "l2": 0.006231821726162068,
    "max_abs": 0.6980392336845398,
    "mean_abs": 0.0011772754369303584,
    "psnr": 44.10769958055931,
    "ssim": 0.9918241500854492
  },
  "output": {
    "l2": 0.013308061156324207,
    "max_abs": 0.5803921818733215,
    "mean_abs": 0.005364906042814255,
    "psnr": 37.51770424053513,
    "ssim": 0.9764337539672852
  }
}
