{
  "action_names": [
    "eye_spread",
    "eye_compress",
    "eye_squint",
    "eye_raise_left",
    "eye_raise_right",
    "nose_bridge_shift_x",
    "asymmetry_twist"
  ],
  "action_strength": 0.72,
  "action_values": {
    "asymmetry_twist": -0.02248848981635742,
    "eye_compress": -0.11967319056531721,
    "eye_raise_left": -0.358696596209523,
    "eye_raise_right": 0.5522828889725575,
    "eye_spread": -0.43916847513534685,
    "eye_squint": 0.014487333621777418,
    "nose_bridge_shift_x": -0.6010558465360551
  },
  "active_actions": {
    "asymmetry_twist": -0.02248848981635742,
    "eye_compress": -0.11967319056531721,
    "eye_raise_left": -0.358696596209523,
    "eye_raise_right": 0.5522828889725575,
    "eye_spread": -0.43916847513534685,
    "eye_squint": 0.014487333621777418,
    "nose_bridge_shift_x": -0.6010558465360551
  },
  "active_anchor_count": 13,
  "control_point_count": 21,
  "geometry_method": "landmark_piecewise_affine",
  "landmark_count": 478,
  "landmark_detector": "mediapipe_python_solutions_face_mesh",
  "max_disp_px_budget": 8.0,
  "require_real_landmarks": true,
  "scale_factor": 0.6378720294436184,
  "source_control_points": [
    [
      190.21414184570312,
      159.2659912109375
    ],
    [
      163.99778747558594,
      159.2659912109375
    ],
    [
      306.25543212890625,
      175.0582275390625
    ],
    [
      331.9805908203125,
      175.0582275390625
    ],
    [
      190.21414184570312,
      149.36541748046875
    ],
    [
      190.21414184570312,
      169.16656494140625
    ],
    [
      306.25543212890625,
      166.18838500976562
    ],
    [
      306.25543212890625,
      183.92808532714844
    ],
    [
      251.65289306640625,
      190.71658325195312
    ],
    [
      104.53517150878906,
      219.31192016601562
    ],
    [
      121.2041244506836,
      337.6188049316406
    ],
    [
      363.7645263671875,
      219.31192016601562
    ],
    [
      320.013916015625,
      337.6188049316406
    ],
    [
      0.0,
      0.0
    ],
    [
      511.0,
      0.0
    ],
    [
      0.0,
      511.0
    ],
    [
      511.0,
      511.0
    ],
    [
      256.0,
      0.0
    ],
    [
      256.0,
      511.0
    ],
    [
      0.0,
      256.0
    ],
    [
      511.0,
      256.0
    ]
  ],
  "target_control_points": [
    [
      192.05442810058594,
      161.3320770263672
    ],
    [
      165.83807373046875,
      159.2659912109375
    ],
    [
      304.4151306152344,
      171.8770751953125
    ],
    [
      330.1402893066406,
      175.0582275390625
    ],
    [
      190.21414184570312,
      151.51495361328125
    ],
    [
      190.21414184570312,
      170.1161651611328
    ],
    [
      306.25543212890625,
      163.09068298339844
    ],
    [
      306.25543212890625,
      182.25405883789062
    ],
    [
      248.19081115722656,
      190.71658325195312
    ],
    [
      104.53517150878906,
      219.4414520263672
    ],
    [
      121.2041244506836,
      337.6835632324219
    ],
    [
      363.7645263671875,
      219.18238830566406
    ],
    [
      320.013916015625,
      337.5540466308594
    ],
    [
      0.0,
      0.0
    ],
    [
      511.0,
      0.0
    ],
    [
      0.0,
      511.0
    ],
    [
      511.0,
      511.0
    ],
    [
      256.0,
      0.0
    ],
    [
      256.0,
      511.0
    ],
    [
      0.0,
      256.0
    ],
    [
      511.0,
      256.0
    ]
  ],
  "tps_regularization": 0.0001
}
