{
  "displacement": {
    "budget_max_disp_px": 6.0,
    "max_disp_px": 4.8241868019104,
    "max_disp_px_budget": 6.0,
    "mean_disp_px": 0.7164270877838135,
    "p95_disp_px": 3.2686917781829834,
    "target_input_ssim": 0.9
  },
  "input": {
    "l2": 0.025525636220020933,
    "max_abs": 0.8509804010391235,
    "mean_abs": 0.008041709661483765,
    "psnr": 31.86046848852259,
    "ssim": 0.9217116832733154
  },
  "output": {
    "l2": 0.034378845842302094,
    "max_abs": 0.7372549176216125,
    "mean_abs": 0.013467702083289623,
    "psnr": 29.274174148519275,
    "ssim": 0.9077115058898926
  }
}
