{
  "displacement": {
    "budget_max_disp_px": 8.0,
    "max_disp_px": 6.407562732696533,
    "max_disp_px_budget": 8.0,
    "mean_disp_px": 0.9910504817962646,
    "p95_disp_px": 3.3676700592041016,
    "target_input_ssim": 0.88
  },
  "input": {
    "l2": 0.03438925021015608,
    "max_abs": 0.6431372761726379,
    "mean_abs": 0.014004216529428959,
    "psnr": 29.271545860205052,
    "ssim": 0.8983182907104492
  },
  "output": {
    "l2": 0.04253261068202763,
    "max_abs": 1.0,
    "mean_abs": 0.01867172308266163,
    "psnr": 27.42555918324551,
    "ssim": 0.884188175201416
  }
}
