{
  "displacement": {
    "budget_max_disp_px": 14.0,
    "max_disp_px": 3.2127718925476074,
    "max_disp_px_budget": 14.0,
    "mean_disp_px": 0.5346704721450806,
    "p95_disp_px": 1.5763746500015259,
    "target_input_ssim": 0.78
  },
  "input": {
    "l2": 0.017254232065155042,
    "max_abs": 0.6470588445663452,
    "mean_abs": 0.007227488327771425,
    "psnr": 35.26208730210916,
    "ssim": 0.9482290744781494
  },
  "output": {
    "l2": 0.028547741614956587,
    "max_abs": 0.7882353067398071,
    "mean_abs": 0.01446622982621193,
    "psnr": 30.88856485376133,
    "ssim": 0.9200964570045471
  }
}
