{
  "best_folder": "phase4/outputs/phase4a_existence_probe/cases/face_002/igs_1p50/add_headphones/existence_probe/seed_00/candidates/cand_078_g04_m18",
  "budget": "existence_probe",
  "budget_max_disp_px": 14.0,
  "candidate_folder": "phase4/outputs/phase4a_existence_probe/cases/face_002/igs_1p50/add_headphones/existence_probe/seed_00/candidates/cand_078_g04_m18",
  "candidate_index": 78,
  "candidate_name": "cand_078_g04_m18",
  "case_id": "face_002__add_headphones__igs_1p50",
  "clean_clip_positive_margin": 0.04682642221450806,
  "clean_semantic_success_score": 0.04682642221450806,
  "clip_available": true,
  "clip_semantic_drop": 0.004201382398605347,
  "clip_warning": null,
  "crop_clip_available": true,
  "crop_clip_warning": null,
  "decision_label": "metric_only_candidate",
  "decision_reasons": [
    "semantic_drop_small:0.0042",
    "semantic_drop_small:0.0042",
    "semantic_drop_small:0.0042"
  ],
  "edit_failure_score": 0.004201382398605347,
  "elapsed_seconds": 2.5307920817285776,
  "face_id": "face_002",
  "final_attack_score": 0.2702736078025616,
  "full_image_semantic_drop": 0.004201382398605347,
  "generation": 4,
  "geometry_excess_penalty": 0.0,
  "geometry_excess_penalty_weight": 0.75,
  "geometry_method": "landmark_piecewise_affine",
  "guidance_scale": 7.5,
  "identity_or_face_health_available": false,
  "image_guidance_scale": 1.5,
  "initial_candidate": false,
  "input_damage_penalty": 0.0,
  "input_damage_penalty_weight": 3.0,
  "input_l2": 0.0435529852329199,
  "input_max_abs": 0.7058823704719543,
  "input_mean_abs": 0.022159159183502197,
  "input_preservation_score": 0.11404956470836282,
  "input_psnr": 27.219641439646864,
  "input_ssim": 0.8050909042358398,
  "left_crop_clean_margin": 0.01800447702407837,
  "left_crop_perturbed_margin": 0.023231729865074158,
  "left_crop_semantic_drop": -0.005227252840995789,
  "max_disp_px": 6.1244893074035645,
  "max_disp_px_budget": 14.0,
  "mean_crop_margin": 0.015687718987464905,
  "mean_crop_semantic_drop": -0.0015172511339187622,
  "mean_disp_px": 1.614560842514038,
  "member": 18,
  "min_crop_margin": -0.0016325712203979492,
  "min_crop_semantic_drop": -0.005227252840995789,
  "output_disruption_score": 0.47332509722743765,
  "output_disruption_weight": 0.5,
  "output_l2": 0.058762317812528046,
  "output_max_abs": 0.8509804010391235,
  "output_mean_abs": 0.03115219809114933,
  "output_psnr": 24.618021645879868,
  "output_ssim": 0.7617241740226746,
  "p95_disp_px": 4.252984523773193,
  "path_clean_edit": "phase4/outputs/phase4a_existence_probe/cases/face_002/igs_1p50/add_headphones/existence_probe/seed_00/candidates/cand_078_g04_m18/clean_edit.png",
  "path_flow": "phase4/outputs/phase4a_existence_probe/cases/face_002/igs_1p50/add_headphones/existence_probe/seed_00/candidates/cand_078_g04_m18/flow.png",
  "path_landmarks_overlay_original": "phase4/outputs/phase4a_existence_probe/cases/face_002/igs_1p50/add_headphones/existence_probe/seed_00/candidates/cand_078_g04_m18/landmarks_overlay_original.jpg",
  "path_landmarks_overlay_perturbed": "phase4/outputs/phase4a_existence_probe/cases/face_002/igs_1p50/add_headphones/existence_probe/seed_00/candidates/cand_078_g04_m18/landmarks_overlay_perturbed.jpg",
  "path_original": "phase4/outputs/phase4a_existence_probe/cases/face_002/igs_1p50/add_headphones/existence_probe/seed_00/candidates/cand_078_g04_m18/original.png",
  "path_perturbed": "phase4/outputs/phase4a_existence_probe/cases/face_002/igs_1p50/add_headphones/existence_probe/seed_00/candidates/cand_078_g04_m18/perturbed.png",
  "path_perturbed_edit": "phase4/outputs/phase4a_existence_probe/cases/face_002/igs_1p50/add_headphones/existence_probe/seed_00/candidates/cand_078_g04_m18/perturbed_edit.png",
  "perturbed_clip_positive_margin": 0.04262503981590271,
  "perturbed_semantic_success_score": 0.04262503981590271,
  "phase": "phase4a_existence_probe",
  "phase2_final_score": 0.2702736078025616,
  "phase2_output_disruption": 0.47332509722743765,
  "phase2_score_formula": "8.0*max(0,semantic_drop)+0.5*output_disruption-3.0*input_damage_penalty-0.75*geometry_excess_penalty",
  "phase4_budget_name": "existence_probe",
  "phase4_final_score": 0.2702736078025616,
  "phase4_score_formula": "8.0*max(0,semantic_drop)+0.5*output_disruption-3.0*input_damage_penalty-0.75*geometry_excess_penalty",
  "prompt": "add headphones",
  "prompt_slug": "add_headphones",
  "prompt_type": "headphones",
  "right_crop_clean_margin": 0.02526278793811798,
  "right_crop_perturbed_margin": 0.025463998317718506,
  "right_crop_semantic_drop": -0.0002012103796005249,
  "seed": 51101,
  "semantic_drop": 0.004201382398605347,
  "semantic_drop_weight": 8.0,
  "target_input_ssim": 0.78,
  "theta_names": [
    "scale_logit",
    "action_face_side_push_left",
    "action_face_side_push_right",
    "action_head_top_raise",
    "action_head_top_lower",
    "action_jaw_expand",
    "action_jaw_compress",
    "action_asymmetry_twist"
  ],
  "theta_values": [
    -0.17580147087574005,
    -0.6720260381698608,
    -0.035618964582681656,
    -0.5414198637008667,
    0.7758458256721497,
    1.286858320236206,
    0.5038020610809326,
    -0.6043615341186523
  ],
  "top_crop_clean_margin": -0.0007558614015579224,
  "top_crop_perturbed_margin": -0.0016325712203979492,
  "top_crop_semantic_drop": 0.0008767098188400269
}
