{
  "clean_clip_positive_margin": 0.020921379327774048,
  "clean_semantic_success_score": 0.020921379327774048,
  "clip_available": true,
  "clip_semantic_drop": 0.0023875385522842407,
  "clip_warning": null,
  "crop_clip_available": false,
  "crop_clip_warning": null,
  "decision_label": "metric_only_candidate",
  "decision_reasons": [
    "semantic_drop_small:0.0024",
    "semantic_drop_small:0.0024",
    "semantic_drop_small:0.0024"
  ],
  "edit_failure_score": 0.0023875385522842407,
  "final_attack_score": 0.3109363690723937,
  "full_image_semantic_drop": 0.0023875385522842407,
  "geometry_excess_penalty": 0.0,
  "geometry_excess_penalty_weight": 0.75,
  "identity_or_face_health_available": false,
  "input_damage_penalty": 0.0,
  "input_damage_penalty_weight": 3.0,
  "input_l2": 0.061291957398457574,
  "input_max_abs": 0.8039215803146362,
  "input_mean_abs": 0.024369090795516968,
  "input_preservation_score": 0.14612472057342518,
  "input_psnr": 24.25193017900289,
  "input_ssim": 0.8121474385261536,
  "max_disp_px_budget": 14.0,
  "output_disruption_score": 0.5836721213082395,
  "output_disruption_weight": 0.5,
  "output_l2": 0.08795871216604914,
  "output_max_abs": 0.9019607901573181,
  "output_mean_abs": 0.03790873661637306,
  "output_psnr": 21.114422758410683,
  "output_ssim": 0.768162727355957,
  "perturbed_clip_positive_margin": 0.018533840775489807,
  "perturbed_semantic_success_score": 0.018533840775489807,
  "phase2_final_score": 0.3109363690723937,
  "phase2_output_disruption": 0.5836721213082395,
  "phase2_score_formula": "8.0*max(0,semantic_drop)+0.5*output_disruption-3.0*input_damage_penalty-0.75*geometry_excess_penalty",
  "phase4_budget_name": "existence_probe",
  "phase4_final_score": 0.3109363690723937,
  "phase4_score_formula": "8.0*max(0,semantic_drop)+0.5*output_disruption-3.0*input_damage_penalty-0.75*geometry_excess_penalty",
  "semantic_drop": 0.0023875385522842407,
  "semantic_drop_weight": 8.0,
  "target_input_ssim": 0.78
}
