{
  "displacement": {
    "budget_max_disp_px": 4.0,
    "max_disp_px": 3.9960007667541504,
    "max_disp_px_budget": 4.0,
    "mean_disp_px": 0.7579576969146729,
    "p95_disp_px": 2.8837430477142334,
    "target_input_ssim": 0.94
  },
  "input": {
    "l2": 0.02345163569742677,
    "max_abs": 0.4901961088180542,
    "mean_abs": 0.0077984873205423355,
    "psnr": 32.596537217108065,
    "ssim": 0.9200441241264343
  },
  "output": {
    "l2": 0.029504973714033992,
    "max_abs": 0.6235294342041016,
    "mean_abs": 0.01396953035145998,
    "psnr": 30.602095358750834,
    "ssim": 0.9124599099159241
  }
}
