{
  "geometry_info": {
    "action_names": [
      "face_side_push_left",
      "face_side_push_right",
      "head_top_raise",
      "head_top_lower",
      "jaw_expand",
      "jaw_compress",
      "asymmetry_twist"
    ],
    "action_strength": 0.72,
    "action_values": {
      "asymmetry_twist": 0.656257971384604,
      "face_side_push_left": 0.5415198855616783,
      "face_side_push_right": 0.17432262396571793,
      "head_top_lower": -0.7046142142344277,
      "head_top_raise": -0.3765960635180164,
      "jaw_compress": -0.753147435937003,
      "jaw_expand": 0.4219850395882174
    },
    "active_actions": {
      "asymmetry_twist": 0.656257971384604,
      "face_side_push_left": 0.5415198855616783,
      "face_side_push_right": 0.17432262396571793,
      "head_top_lower": -0.7046142142344277,
      "head_top_raise": -0.3765960635180164,
      "jaw_compress": -0.753147435937003,
      "jaw_expand": 0.4219850395882174
    },
    "active_anchor_count": 7,
    "control_point_count": 15,
    "geometry_method": "landmark_piecewise_affine",
    "max_disp_px_budget": 14.0,
    "scale_factor": 0.7635505683250441,
    "source_control_points": [
      [
        112.63999938964844,
        248.3199920654297
      ],
      [
        112.63999938964844,
        253.44000244140625
      ],
      [
        399.3599853515625,
        248.3199920654297
      ],
      [
        399.3599853515625,
        253.44000244140625
      ],
      [
        256.0,
        87.04000091552734
      ],
      [
        174.0800018310547,
        394.239990234375
      ],
      [
        337.9200134277344,
        394.239990234375
      ],
      [
        0.0,
        0.0
      ],
      [
        511.0,
        0.0
      ],
      [
        0.0,
        511.0
      ],
      [
        511.0,
        511.0
      ],
      [
        256.0,
        0.0
      ],
      [
        256.0,
        511.0
      ],
      [
        0.0,
        256.0
      ],
      [
        511.0,
        256.0
      ]
    ],
    "target_control_points": [
      [
        107.18148040771484,
        241.7049102783203
      ],
      [
        108.54611206054688,
        253.44000244140625
      ],
      [
        401.1171569824219,
        254.93507385253906
      ],
      [
        400.6778564453125,
        253.44000244140625
      ],
      [
        256.0,
        83.73358154296875
      ],
      [
        162.2346649169922,
        390.9324645996094
      ],
      [
        349.7653503417969,
        397.5475158691406
      ],
      [
        0.0,
        0.0
      ],
      [
        511.0,
        0.0
      ],
      [
        0.0,
        511.0
      ],
      [
        511.0,
        511.0
      ],
      [
        256.0,
        0.0
      ],
      [
        256.0,
        511.0
      ],
      [
        0.0,
        256.0
      ],
      [
        511.0,
        256.0
      ]
    ],
    "tps_regularization": 0.0001
  },
  "names": [
    "scale_logit",
    "action_face_side_push_left",
    "action_face_side_push_right",
    "action_head_top_raise",
    "action_head_top_lower",
    "action_jaw_expand",
    "action_jaw_compress",
    "action_asymmetry_twist"
  ],
  "values": [
    0.43426135182380676,
    0.885598361492157,
    0.2324008196592331,
    -0.5403025150299072,
    -1.6076551675796509,
    0.6222051978111267,
    -2.4910919666290283,
    1.2913588285446167
  ]
}
