{
  "best_folder": "phase4/outputs/phase4a_existence_probe/cases/face_003/igs_1p50/add_headphones/existence_probe/seed_00/candidates/cand_007_g01_m07",
  "budget": "existence_probe",
  "budget_max_disp_px": 14.0,
  "candidate_folder": "phase4/outputs/phase4a_existence_probe/cases/face_003/igs_1p50/add_headphones/existence_probe/seed_00/candidates/cand_007_g01_m07",
  "candidate_index": 7,
  "candidate_name": "cand_007_g01_m07",
  "case_id": "face_003__add_headphones__igs_1p50",
  "clean_clip_positive_margin": 0.04772844910621643,
  "clean_semantic_success_score": 0.04772844910621643,
  "clip_available": true,
  "clip_semantic_drop": 0.001321166753768921,
  "clip_warning": null,
  "crop_clip_available": true,
  "crop_clip_warning": null,
  "decision_label": "reject_input_damage",
  "decision_reasons": [
    "input_ssim_below_target:0.7388<0.7800",
    "semantic_drop_small:0.0013"
  ],
  "edit_failure_score": 0.001321166753768921,
  "elapsed_seconds": 2.5832840278744698,
  "face_id": "face_003",
  "final_attack_score": -0.6603267923706557,
  "full_image_semantic_drop": 0.001321166753768921,
  "generation": 1,
  "geometry_excess_penalty": 0.0,
  "geometry_excess_penalty_weight": 0.75,
  "geometry_method": "landmark_piecewise_affine",
  "guidance_scale": 7.5,
  "identity_or_face_health_available": false,
  "image_guidance_scale": 1.5,
  "initial_candidate": false,
  "input_damage_penalty": 0.32961868286132834,
  "input_damage_penalty_weight": 3.0,
  "input_l2": 0.05908159973049999,
  "input_max_abs": 0.6235294342041016,
  "input_mean_abs": 0.0301340464502573,
  "input_preservation_score": 0.0,
  "input_psnr": 24.570955079414762,
  "input_ssim": 0.738797664642334,
  "left_crop_clean_margin": 0.018402695655822754,
  "left_crop_perturbed_margin": 0.015914559364318848,
  "left_crop_semantic_drop": 0.0024881362915039062,
  "max_disp_px": 12.3831205368042,
  "max_disp_px_budget": 14.0,
  "mean_crop_margin": 0.016036182641983032,
  "mean_crop_semantic_drop": -0.0007022768259048462,
  "mean_disp_px": 3.207305431365967,
  "member": 7,
  "min_crop_margin": 0.008554279804229736,
  "min_crop_semantic_drop": -0.007004156708717346,
  "output_disruption_score": 0.6359198443663557,
  "output_disruption_weight": 0.5,
  "output_l2": 0.08191078286797901,
  "output_max_abs": 0.9450980424880981,
  "output_mean_abs": 0.04068099707365036,
  "output_psnr": 21.733178464959163,
  "output_ssim": 0.6917232871055603,
  "p95_disp_px": 8.609543800354004,
  "path_clean_edit": "phase4/outputs/phase4a_existence_probe/cases/face_003/igs_1p50/add_headphones/existence_probe/seed_00/candidates/cand_007_g01_m07/clean_edit.png",
  "path_flow": "phase4/outputs/phase4a_existence_probe/cases/face_003/igs_1p50/add_headphones/existence_probe/seed_00/candidates/cand_007_g01_m07/flow.png",
  "path_landmarks_overlay_original": "phase4/outputs/phase4a_existence_probe/cases/face_003/igs_1p50/add_headphones/existence_probe/seed_00/candidates/cand_007_g01_m07/landmarks_overlay_original.jpg",
  "path_landmarks_overlay_perturbed": "phase4/outputs/phase4a_existence_probe/cases/face_003/igs_1p50/add_headphones/existence_probe/seed_00/candidates/cand_007_g01_m07/landmarks_overlay_perturbed.jpg",
  "path_original": "phase4/outputs/phase4a_existence_probe/cases/face_003/igs_1p50/add_headphones/existence_probe/seed_00/candidates/cand_007_g01_m07/original.png",
  "path_perturbed": "phase4/outputs/phase4a_existence_probe/cases/face_003/igs_1p50/add_headphones/existence_probe/seed_00/candidates/cand_007_g01_m07/perturbed.png",
  "path_perturbed_edit": "phase4/outputs/phase4a_existence_probe/cases/face_003/igs_1p50/add_headphones/existence_probe/seed_00/candidates/cand_007_g01_m07/perturbed_edit.png",
  "perturbed_clip_positive_margin": 0.04640728235244751,
  "perturbed_semantic_success_score": 0.04640728235244751,
  "phase": "phase4a_existence_probe",
  "phase2_final_score": -0.6603267923706557,
  "phase2_output_disruption": 0.6359198443663557,
  "phase2_score_formula": "8.0*max(0,semantic_drop)+0.5*output_disruption-3.0*input_damage_penalty-0.75*geometry_excess_penalty",
  "phase4_budget_name": "existence_probe",
  "phase4_final_score": -0.6603267923706557,
  "phase4_score_formula": "8.0*max(0,semantic_drop)+0.5*output_disruption-3.0*input_damage_penalty-0.75*geometry_excess_penalty",
  "prompt": "add headphones",
  "prompt_slug": "add_headphones",
  "prompt_type": "headphones",
  "right_crop_clean_margin": 0.026048898696899414,
  "right_crop_perturbed_margin": 0.023639708757400513,
  "right_crop_semantic_drop": 0.0024091899394989014,
  "seed": 46101,
  "semantic_drop": 0.001321166753768921,
  "semantic_drop_weight": 8.0,
  "target_input_ssim": 0.78,
  "theta_names": [
    "scale_logit",
    "action_face_side_push_left",
    "action_face_side_push_right",
    "action_head_top_raise",
    "action_head_top_lower",
    "action_jaw_expand",
    "action_jaw_compress",
    "action_asymmetry_twist"
  ],
  "theta_values": [
    0.43426135182380676,
    0.885598361492157,
    0.2324008196592331,
    -0.5403025150299072,
    -1.6076551675796509,
    0.6222051978111267,
    -2.4910919666290283,
    1.2913588285446167
  ],
  "top_crop_clean_margin": 0.0015501230955123901,
  "top_crop_perturbed_margin": 0.008554279804229736,
  "top_crop_semantic_drop": -0.007004156708717346
}
