{
  "budget": "existence_probe",
  "budget_max_disp_px": 8.0,
  "candidate_folder_abs": "/home/interns/Desktop/mat/phase2/outputs/phase2a_probe/add_a_small_beard/existence_probe/seed_00/candidates/cand_029_g03_m05",
  "candidate_index": 29,
  "candidate_name": "cand_029_g03_m05",
  "dct_modes": [
    [
      1,
      0
    ],
    [
      0,
      1
    ],
    [
      1,
      1
    ],
    [
      2,
      0
    ],
    [
      0,
      2
    ],
    [
      2,
      1
    ]
  ],
  "elapsed_seconds": 4.84554310888052,
  "generation": 3,
  "geometry_method": "region_local_mesh",
  "initial_candidate": false,
  "input_l2": 0.025687079184062857,
  "input_max_abs": 0.686274528503418,
  "input_mean_abs": 0.00530225969851017,
  "input_psnr": 31.805705510126664,
  "input_ssim": 0.9567718505859375,
  "max_disp_px": 5.730294704437256,
  "max_disp_px_budget": 8.0,
  "mean_disp_px": 0.4846620261669159,
  "member": 5,
  "mesh_size": 4,
  "output_l2": 0.03748987124416985,
  "output_max_abs": 0.7176470756530762,
  "output_mean_abs": 0.011547558940947056,
  "output_psnr": 28.52172102247993,
  "output_ssim": 0.924079418182373,
  "p95_disp_px": 4.008277416229248,
  "phase": "phase2a_probe",
  "prompt": "add a small beard",
  "prompt_priority": 4,
  "prompt_slug": "add_a_small_beard",
  "region_count": 1,
  "region_key": "beard",
  "scale_factor": 0.731880784034729,
  "seed": 25201,
  "target_input_ssim": 0.86,
  "tps_size": 4
}
