{
  "budget": "medium",
  "budget_max_disp_px": 4.0,
  "candidate_folder_abs": "/home/interns/Desktop/mat/phase2/outputs/phase2a_probe/add_a_small_beard/medium/seed_00/candidates/cand_026_g03_m02",
  "candidate_index": 26,
  "candidate_name": "cand_026_g03_m02",
  "dct_modes": [
    [
      1,
      0
    ],
    [
      0,
      1
    ],
    [
      1,
      1
    ],
    [
      2,
      0
    ],
    [
      0,
      2
    ],
    [
      2,
      1
    ]
  ],
  "elapsed_seconds": 5.238120196387172,
  "generation": 3,
  "geometry_method": "region_local_dct",
  "initial_candidate": false,
  "input_l2": 0.01649590134468939,
  "input_max_abs": 0.6196078658103943,
  "input_mean_abs": 0.003643608884885907,
  "input_psnr": 35.65247898784688,
  "input_ssim": 0.9688301682472229,
  "max_disp_px": 2.446599006652832,
  "max_disp_px_budget": 4.0,
  "mean_disp_px": 0.32107013463974,
  "member": 2,
  "mesh_size": 4,
  "output_l2": 0.02668679761185632,
  "output_max_abs": 0.6745098233222961,
  "output_mean_abs": 0.008922073058784008,
  "output_psnr": 31.47407075950082,
  "output_ssim": 0.9405346512794495,
  "p95_disp_px": 2.28393816947937,
  "phase": "phase2a_probe",
  "prompt": "add a small beard",
  "prompt_priority": 4,
  "prompt_slug": "add_a_small_beard",
  "region_count": 1,
  "region_key": "beard",
  "scale_factor": 0.934117317199707,
  "seed": 25001,
  "target_input_ssim": 0.94,
  "tps_size": 4
}
