{
  "action_names": [
    "face_side_push_left",
    "face_side_push_right",
    "head_top_raise",
    "head_top_lower",
    "jaw_expand",
    "jaw_compress",
    "asymmetry_twist"
  ],
  "action_strength": 0.72,
  "action_values": {
    "asymmetry_twist": 0.1350945046488063,
    "face_side_push_left": 0.3920051568074609,
    "face_side_push_right": -0.16520782212950127,
    "head_top_lower": 0.5874935827141909,
    "head_top_raise": -0.335745211507061,
    "jaw_compress": -0.3791941934354556,
    "jaw_expand": -0.1368166745045306
  },
  "active_actions": {
    "asymmetry_twist": 0.1350945046488063,
    "face_side_push_left": 0.3920051568074609,
    "face_side_push_right": -0.16520782212950127,
    "head_top_lower": 0.5874935827141909,
    "head_top_raise": -0.335745211507061,
    "jaw_compress": -0.3791941934354556,
    "jaw_expand": -0.1368166745045306
  },
  "active_anchor_count": 7,
  "control_point_count": 15,
  "geometry_method": "landmark_semantic_tps",
  "max_disp_px_budget": 8.0,
  "scale_factor": 0.8314847819775293,
  "source_control_points": [
    [
      112.63999938964844,
      248.3199920654297
    ],
    [
      112.63999938964844,
      253.44000244140625
    ],
    [
      399.3599853515625,
      248.3199920654297
    ],
    [
      399.3599853515625,
      253.44000244140625
    ],
    [
      256.0,
      87.04000091552734
    ],
    [
      174.0800018310547,
      394.239990234375
    ],
    [
      337.9200134277344,
      394.239990234375
    ],
    [
      0.0,
      0.0
    ],
    [
      511.0,
      0.0
    ],
    [
      0.0,
      511.0
    ],
    [
      511.0,
      511.0
    ],
    [
      256.0,
      0.0
    ],
    [
      256.0,
      511.0
    ],
    [
      0.0,
      256.0
    ],
    [
      511.0,
      256.0
    ]
  ],
  "target_control_points": [
    [
      110.38204956054688,
      247.54185485839844
    ],
    [
      110.94654083251953,
      253.44000244140625
    ],
    [
      398.40838623046875,
      249.09812927246094
    ],
    [
      398.64630126953125,
      253.44000244140625
    ],
    [
      256.0,
      92.35785675048828
    ],
    [
      172.6839141845703,
      393.8509216308594
    ],
    [
      339.31610107421875,
      394.6290588378906
    ],
    [
      0.0,
      0.0
    ],
    [
      511.0,
      0.0
    ],
    [
      0.0,
      511.0
    ],
    [
      511.0,
      511.0
    ],
    [
      256.0,
      0.0
    ],
    [
      256.0,
      511.0
    ],
    [
      0.0,
      256.0
    ],
    [
      511.0,
      256.0
    ]
  ],
  "tps_regularization": 0.0001
}
