{
  "action_names": [
    "mouth_corner_raise",
    "mouth_corner_lower",
    "mouth_width_expand",
    "mouth_width_compress",
    "chin_raise",
    "chin_lower"
  ],
  "action_strength": 0.72,
  "action_values": {
    "chin_lower": -0.14563076796800434,
    "chin_raise": 0.041627039347883414,
    "mouth_corner_lower": 0.08897207163792874,
    "mouth_corner_raise": 0.19468315178835435,
    "mouth_width_compress": -0.16695247006937808,
    "mouth_width_expand": -0.17600473241711792
  },
  "active_actions": {
    "chin_lower": -0.14563076796800434,
    "chin_raise": 0.041627039347883414,
    "mouth_corner_lower": 0.08897207163792874,
    "mouth_corner_raise": 0.19468315178835435,
    "mouth_width_compress": -0.16695247006937808,
    "mouth_width_expand": -0.17600473241711792
  },
  "active_anchor_count": 4,
  "control_point_count": 12,
  "geometry_method": "landmark_semantic_tps",
  "max_disp_px_budget": 8.0,
  "scale_factor": 0.22146880409503306,
  "source_control_points": [
    [
      204.8000030517578,
      335.3599853515625
    ],
    [
      307.20001220703125,
      335.3599853515625
    ],
    [
      256.0,
      419.8399963378906
    ],
    [
      256.0,
      376.32000732421875
    ],
    [
      0.0,
      0.0
    ],
    [
      511.0,
      0.0
    ],
    [
      0.0,
      511.0
    ],
    [
      511.0,
      511.0
    ],
    [
      256.0,
      0.0
    ],
    [
      256.0,
      511.0
    ],
    [
      0.0,
      256.0
    ],
    [
      511.0,
      256.0
    ]
  ],
  "target_control_points": [
    [
      204.85214233398438,
      334.7510986328125
    ],
    [
      307.1478576660156,
      334.7510986328125
    ],
    [
      256.0,
      418.7613830566406
    ],
    [
      256.0,
      375.78070068359375
    ],
    [
      0.0,
      0.0
    ],
    [
      511.0,
      0.0
    ],
    [
      0.0,
      511.0
    ],
    [
      511.0,
      511.0
    ],
    [
      256.0,
      0.0
    ],
    [
      256.0,
      511.0
    ],
    [
      0.0,
      256.0
    ],
    [
      511.0,
      256.0
    ]
  ],
  "tps_regularization": 0.0001
}
