{
  "clean_clip_positive_margin": 0.04853600263595581,
  "clean_semantic_success_score": 0.04853600263595581,
  "clip_available": true,
  "clip_semantic_drop": 0.00605010986328125,
  "clip_warning": null,
  "crop_clip_available": false,
  "crop_clip_warning": null,
  "decision_label": "reject_input_damage",
  "decision_reasons": [
    "input_ssim_below_target:0.7416<0.7800",
    "semantic_drop_small:0.0061"
  ],
  "edit_failure_score": 0.00605010986328125,
  "final_attack_score": -0.5675635657115685,
  "full_image_semantic_drop": 0.00605010986328125,
  "geometry_excess_penalty": 0.0,
  "geometry_excess_penalty_weight": 0.75,
  "identity_or_face_health_available": false,
  "input_damage_penalty": 0.3071806335449221,
  "input_damage_penalty_weight": 3.0,
  "input_l2": 0.06431843309889688,
  "input_max_abs": 0.9019607901573181,
  "input_mean_abs": 0.031644053757190704,
  "input_preservation_score": 0.0,
  "input_psnr": 23.833290884940766,
  "input_ssim": 0.7416024208068848,
  "max_disp_px_budget": 14.0,
  "output_disruption_score": 0.6111549120338955,
  "output_disruption_weight": 0.5,
  "output_l2": 0.0853769923545966,
  "output_max_abs": 1.0,
  "output_mean_abs": 0.038409337401390076,
  "output_psnr": 21.37318297021729,
  "output_ssim": 0.730353057384491,
  "perturbed_clip_positive_margin": 0.04248589277267456,
  "perturbed_semantic_success_score": 0.04248589277267456,
  "phase2_final_score": -0.5675635657115685,
  "phase2_output_disruption": 0.6111549120338955,
  "phase2_score_formula": "8.0*max(0,semantic_drop)+0.5*output_disruption-3.0*input_damage_penalty-0.75*geometry_excess_penalty",
  "phase4_budget_name": "existence_probe",
  "phase4_final_score": -0.5675635657115685,
  "phase4_score_formula": "8.0*max(0,semantic_drop)+0.5*output_disruption-3.0*input_damage_penalty-0.75*geometry_excess_penalty",
  "semantic_drop": 0.00605010986328125,
  "semantic_drop_weight": 8.0,
  "target_input_ssim": 0.78
}
