{
  "best_folder": "phase2/outputs/phase2c_probe/amplification/source_14_cand_009_g01_m09/strong/scale_1p0",
  "budget": "strong",
  "budget_max_disp_px": 6.0,
  "candidate_folder": "phase2/outputs/phase2c_probe/amplification/source_14_cand_009_g01_m09/strong/scale_1p0",
  "candidate_index": 281,
  "candidate_name": "amp_14_cand_009_g01_m09_x1p0_strong",
  "clean_clip_positive_margin": 0.027842342853546143,
  "clean_semantic_success_score": 0.027842342853546143,
  "clip_available": true,
  "clip_semantic_drop": 0.025317132472991943,
  "clip_warning": null,
  "crop_clip_available": true,
  "crop_clip_warning": null,
  "dct_modes": [
    [
      1,
      0
    ],
    [
      0,
      1
    ],
    [
      1,
      1
    ],
    [
      2,
      0
    ],
    [
      0,
      2
    ],
    [
      2,
      1
    ]
  ],
  "decision_label": "weak_candidate",
  "decision_reasons": [],
  "edit_failure_score": 0.025317132472991943,
  "elapsed_seconds": 4.552128793671727,
  "final_attack_score": 0.23156204434604444,
  "full_image_semantic_drop": 0.025317132472991943,
  "generation": 0,
  "geometry_excess_penalty": 0.0,
  "geometry_excess_penalty_weight": 0.75,
  "geometry_method": "combined_tps_dct",
  "identity_or_face_health_available": false,
  "initial_candidate": false,
  "input_damage_penalty": 0.0,
  "input_damage_penalty_weight": 3.0,
  "input_l2": 0.00752958504789272,
  "input_max_abs": 0.1921568512916565,
  "input_mean_abs": 0.002541017485782504,
  "input_preservation_score": 0.8364704847335815,
  "input_psnr": 42.46457913833935,
  "input_ssim": 0.9836470484733582,
  "left_crop_clean_margin": 0.02535329759120941,
  "left_crop_perturbed_margin": 0.025753676891326904,
  "left_crop_semantic_drop": -0.0004003793001174927,
  "max_disp_px": 0.9638221859931946,
  "max_disp_px_budget": 6.0,
  "mean_crop_margin": 0.015509232878684998,
  "mean_crop_semantic_drop": 0.0026020358006159463,
  "mean_disp_px": 0.17448297142982483,
  "member": 281,
  "mesh_size": 4,
  "min_crop_margin": 0.0008439421653747559,
  "min_crop_semantic_drop": -0.0004003793001174927,
  "output_disruption_score": 0.11609993824843555,
  "output_disruption_weight": 0.25,
  "output_l2": 0.017837729179571046,
  "output_max_abs": 0.6313725709915161,
  "output_mean_abs": 0.009489888325333595,
  "output_psnr": 34.97320868031126,
  "output_ssim": 0.9552509784698486,
  "p95_disp_px": 0.7860679626464844,
  "path_flow": "phase2/outputs/phase2c_probe/amplification/source_14_cand_009_g01_m09/strong/scale_1p0/flow.png",
  "path_original": "phase2/outputs/phase2c_probe/amplification/source_14_cand_009_g01_m09/strong/scale_1p0/original.png",
  "path_original_edited": "phase2/outputs/phase2c_probe/amplification/source_14_cand_009_g01_m09/strong/scale_1p0/original_edited.png",
  "path_perturbed": "phase2/outputs/phase2c_probe/amplification/source_14_cand_009_g01_m09/strong/scale_1p0/perturbed.png",
  "path_perturbed_edited": "phase2/outputs/phase2c_probe/amplification/source_14_cand_009_g01_m09/strong/scale_1p0/perturbed_edited.png",
  "perturbed_clip_positive_margin": 0.0025252103805541992,
  "perturbed_semantic_success_score": 0.0025252103805541992,
  "phase": "phase2c_probe",
  "phase2_final_score": 0.23156204434604444,
  "phase2_output_disruption": 0.11609993824843555,
  "phase2_score_formula": "8.0*max(0,semantic_drop)+0.25*output_disruption-3.0*input_damage_penalty-0.75*geometry_excess_penalty",
  "phase2c_applied_scale": 1.0,
  "phase2c_geometry_source": "phase2b_theta_scaled_flow",
  "phase2c_part": "amplification",
  "phase2c_scale_factor": 1.0,
  "prompt": "add headphones",
  "prompt_priority": 1,
  "prompt_slug": "add_headphones",
  "region_count": 3,
  "region_key": "source_regions",
  "region_variant": "source_regions",
  "right_crop_clean_margin": 0.021481528878211975,
  "right_crop_perturbed_margin": 0.019930079579353333,
  "right_crop_semantic_drop": 0.0015514492988586426,
  "scale_factor": 0.24587301909923553,
  "seed": 24001,
  "semantic_drop": 0.025317132472991943,
  "semantic_drop_weight": 8.0,
  "source_candidate_folder": "phase2/outputs/phase2b_cem/add_headphones/medium/seed_00/candidates/cand_009_g01_m09",
  "source_candidate_name": "cand_009_g01_m09",
  "source_phase2_final_score": "0.21736846814040334",
  "source_semantic_drop": "0.025317132472991943",
  "target_input_ssim": 0.9,
  "top_crop_clean_margin": 0.007498979568481445,
  "top_crop_perturbed_margin": 0.0008439421653747559,
  "top_crop_semantic_drop": 0.0066550374031066895,
  "tps_size": 4
}
