{
  "budget": "strong",
  "budget_max_disp_px": 6.0,
  "candidate_folder_abs": "/home/interns/Desktop/mat/phase3/outputs/breadth_probe/cases/face_005/igs_1p50/add_headphones/strong/seed_00/candidates/cand_003_g01_m03",
  "candidate_index": 3,
  "candidate_name": "cand_003_g01_m03",
  "dct_modes": [
    [
      1,
      0
    ],
    [
      0,
      1
    ],
    [
      1,
      1
    ],
    [
      2,
      0
    ],
    [
      0,
      2
    ],
    [
      2,
      1
    ]
  ],
  "elapsed_seconds": 4.9298796989023685,
  "generation": 1,
  "geometry_method": "combined_tps_dct",
  "initial_candidate": false,
  "input_l2": 0.025351561932424178,
  "input_max_abs": 0.7529411911964417,
  "input_mean_abs": 0.008427804335951805,
  "input_psnr": 31.919905564691035,
  "input_ssim": 0.9407208561897278,
  "max_disp_px": 4.764965057373047,
  "max_disp_px_budget": 6.0,
  "mean_disp_px": 0.7478316426277161,
  "member": 3,
  "mesh_size": 4,
  "output_l2": 0.035571482349569666,
  "output_max_abs": 0.8784313797950745,
  "output_mean_abs": 0.01360169518738985,
  "output_psnr": 28.97796072674584,
  "output_ssim": 0.9156176447868347,
  "p95_disp_px": 3.494520664215088,
  "phase": "phase3_breadth_probe",
  "prompt": "add headphones",
  "prompt_priority": 1,
  "prompt_slug": "add_headphones",
  "region_count": 3,
  "region_key": "headphones",
  "scale_factor": 0.8103681802749634,
  "seed": 45101,
  "target_input_ssim": 0.9,
  "tps_size": 4
}
