{
  "displacement": {
    "budget_max_disp_px": 8.0,
    "max_disp_px": 5.05826997756958,
    "max_disp_px_budget": 8.0,
    "mean_disp_px": 0.6999852061271667,
    "p95_disp_px": 2.236872673034668,
    "target_input_ssim": 0.88
  },
  "input": {
    "l2": 0.030940380003023887,
    "max_abs": 0.6901960968971252,
    "mean_abs": 0.010111791081726551,
    "psnr": 30.18948713386882,
    "ssim": 0.9323263168334961
  },
  "output": {
    "l2": 0.04004453266970338,
    "max_abs": 0.7215686440467834,
    "mean_abs": 0.01885504089295864,
    "psnr": 27.94913540605841,
    "ssim": 0.8794558048248291
  }
}
