{
  "geometry_info": {
    "action_names": [
      "eye_spread",
      "eye_compress",
      "eye_squint",
      "eye_raise_left",
      "eye_raise_right",
      "nose_bridge_shift_x",
      "asymmetry_twist"
    ],
    "action_strength": 0.72,
    "action_values": {
      "asymmetry_twist": -0.2779994834166447,
      "eye_compress": -0.4102633627791422,
      "eye_raise_left": -0.4796116430104494,
      "eye_raise_right": 0.5626794135808436,
      "eye_spread": -0.10595509584599433,
      "eye_squint": -0.4191261923684663,
      "nose_bridge_shift_x": 0.34293562719728105
    },
    "active_actions": {
      "asymmetry_twist": -0.2779994834166447,
      "eye_compress": -0.4102633627791422,
      "eye_raise_left": -0.4796116430104494,
      "eye_raise_right": 0.5626794135808436,
      "eye_spread": -0.10595509584599433,
      "eye_squint": -0.4191261923684663,
      "nose_bridge_shift_x": 0.34293562719728105
    },
    "active_anchor_count": 13,
    "control_point_count": 21,
    "geometry_method": "landmark_piecewise_affine",
    "max_disp_px_budget": 8.0,
    "scale_factor": 0.6873706847184484,
    "source_control_points": [
      [
        212.48001098632812,
        217.60000610351562
      ],
      [
        184.32000732421875,
        217.60000610351562
      ],
      [
        299.5199890136719,
        217.60000610351562
      ],
      [
        327.67999267578125,
        217.60000610351562
      ],
      [
        212.48001098632812,
        199.67999267578125
      ],
      [
        212.48001098632812,
        235.52000427246094
      ],
      [
        299.5199890136719,
        199.67999267578125
      ],
      [
        299.5199890136719,
        235.52000427246094
      ],
      [
        256.0,
        263.67999267578125
      ],
      [
        112.63999938964844,
        248.3199920654297
      ],
      [
        174.0800018310547,
        394.239990234375
      ],
      [
        399.3599853515625,
        248.3199920654297
      ],
      [
        337.9200134277344,
        394.239990234375
      ],
      [
        0.0,
        0.0
      ],
      [
        511.0,
        0.0
      ],
      [
        0.0,
        511.0
      ],
      [
        511.0,
        511.0
      ],
      [
        256.0,
        0.0
      ],
      [
        256.0,
        511.0
      ],
      [
        0.0,
        256.0
      ],
      [
        511.0,
        256.0
      ]
    ],
    "target_control_points": [
      [
        210.72718811035156,
        220.36256408691406
      ],
      [
        182.5671844482422,
        217.60000610351562
      ],
      [
        301.2727966308594,
        214.35897827148438
      ],
      [
        329.43280029296875,
        217.60000610351562
      ],
      [
        212.48001098632812,
        200.02838134765625
      ],
      [
        212.48001098632812,
        239.31546020507812
      ],
      [
        299.5199890136719,
        194.02479553222656
      ],
      [
        299.5199890136719,
        236.31365966796875
      ],
      [
        257.9753112792969,
        263.67999267578125
      ],
      [
        112.63999938964844,
        249.9212646484375
      ],
      [
        174.0800018310547,
        395.0406188964844
      ],
      [
        399.3599853515625,
        246.71871948242188
      ],
      [
        337.9200134277344,
        393.4393615722656
      ],
      [
        0.0,
        0.0
      ],
      [
        511.0,
        0.0
      ],
      [
        0.0,
        511.0
      ],
      [
        511.0,
        511.0
      ],
      [
        256.0,
        0.0
      ],
      [
        256.0,
        511.0
      ],
      [
        0.0,
        256.0
      ],
      [
        511.0,
        256.0
      ]
    ],
    "tps_regularization": 0.0001
  },
  "names": [
    "scale_logit",
    "action_eye_spread",
    "action_eye_compress",
    "action_eye_squint",
    "action_eye_raise_left",
    "action_eye_raise_right",
    "action_nose_bridge_shift_x",
    "action_asymmetry_twist"
  ],
  "values": [
    0.22200340032577515,
    -0.15538407862186432,
    -0.6882537007331848,
    -0.7085277438163757,
    -0.8628987669944763,
    1.1525490283966064,
    0.5478529334068298,
    -0.4289446473121643
  ]
}
