{
  "budget": "existence_probe",
  "budget_max_disp_px": 14.0,
  "candidate_folder_abs": "/home/interns/Desktop/mat/phase4/outputs/phase4a_existence_probe/cases/face_005/igs_1p50/add_headphones/existence_probe/seed_00/candidates/cand_034_g02_m14",
  "candidate_index": 34,
  "candidate_name": "cand_034_g02_m14",
  "case_id": "face_005__add_headphones__igs_1p50",
  "elapsed_seconds": 2.7494790013879538,
  "face_id": "face_005",
  "generation": 2,
  "geometry_method": "landmark_piecewise_affine",
  "guidance_scale": 7.5,
  "image_guidance_scale": 1.5,
  "initial_candidate": false,
  "input_l2": 0.04120115626222505,
  "input_max_abs": 0.6980392336845398,
  "input_mean_abs": 0.021530961617827415,
  "input_psnr": 27.70181191659087,
  "input_ssim": 0.844142496585846,
  "max_disp_px": 7.094109058380127,
  "max_disp_px_budget": 14.0,
  "mean_disp_px": 1.9206753969192505,
  "member": 14,
  "output_l2": 0.05613372950312569,
  "output_max_abs": 0.8313725590705872,
  "output_mean_abs": 0.028928183019161224,
  "output_psnr": 25.015522049310338,
  "output_ssim": 0.8040475845336914,
  "p95_disp_px": 5.049036979675293,
  "phase": "phase4a_existence_probe",
  "prompt": "add headphones",
  "prompt_slug": "add_headphones",
  "prompt_type": "headphones",
  "seed": 44101,
  "target_input_ssim": 0.78,
  "theta_names": [
    "scale_logit",
    "action_face_side_push_left",
    "action_face_side_push_right",
    "action_head_top_raise",
    "action_head_top_lower",
    "action_jaw_expand",
    "action_jaw_compress",
    "action_asymmetry_twist"
  ],
  "theta_values": [
    0.10432693362236023,
    1.2978706359863281,
    0.45460423827171326,
    0.11146754771471024,
    0.04309948906302452,
    -0.7857396006584167,
    0.44675296545028687,
    -0.3504645824432373
  ]
}
