{
  "best_folder": "phase2/outputs/phase2c_probe/semantic_heavy_cem/headphones_top_only/existence_probe/seed_00/candidates/cand_030_g02_m14",
  "budget": "existence_probe",
  "budget_max_disp_px": 8.0,
  "candidate_folder": "phase2/outputs/phase2c_probe/semantic_heavy_cem/headphones_top_only/existence_probe/seed_00/candidates/cand_030_g02_m14",
  "candidate_index": 30,
  "candidate_name": "cand_030_g02_m14",
  "clean_clip_positive_margin": 0.027842342853546143,
  "clean_semantic_success_score": 0.027842342853546143,
  "clip_available": true,
  "clip_semantic_drop": 0.014984577894210815,
  "clip_warning": null,
  "crop_clip_available": true,
  "crop_clip_warning": null,
  "dct_modes": [
    [
      1,
      0
    ],
    [
      0,
      1
    ],
    [
      1,
      1
    ],
    [
      2,
      0
    ],
    [
      0,
      2
    ],
    [
      2,
      1
    ]
  ],
  "decision_label": "metric_only_candidate",
  "decision_reasons": [
    "semantic_drop_small:0.0150",
    "semantic_drop_small:0.0150"
  ],
  "edit_failure_score": 0.014984577894210815,
  "elapsed_seconds": 5.494653292000294,
  "final_attack_score": 0.15201842607254912,
  "full_image_semantic_drop": 0.014984577894210815,
  "generation": 2,
  "geometry_excess_penalty": 0.0,
  "geometry_excess_penalty_weight": 0.75,
  "geometry_method": "region_local_tps",
  "identity_or_face_health_available": false,
  "initial_candidate": false,
  "input_damage_penalty": 0.0,
  "input_damage_penalty_weight": 3.0,
  "input_l2": 0.01436921926114326,
  "input_max_abs": 0.3960784375667572,
  "input_mean_abs": 0.003276566043496132,
  "input_preservation_score": 0.7282505035400391,
  "input_psnr": 36.85133656464836,
  "input_ssim": 0.9619550704956055,
  "left_crop_clean_margin": 0.02535329759120941,
  "left_crop_perturbed_margin": 0.02501620352268219,
  "left_crop_semantic_drop": 0.0003370940685272217,
  "max_disp_px": 1.9898161888122559,
  "max_disp_px_budget": 8.0,
  "mean_crop_margin": 0.016449347138404846,
  "mean_crop_semantic_drop": 0.0016619215408960979,
  "mean_disp_px": 0.18696759641170502,
  "member": 14,
  "mesh_size": 4,
  "min_crop_margin": 0.0033548325300216675,
  "min_crop_semantic_drop": 0.0003370940685272217,
  "output_disruption_score": 0.12856721167545032,
  "output_disruption_weight": 0.25,
  "output_l2": 0.019323540937852143,
  "output_max_abs": 0.49803924560546875,
  "output_mean_abs": 0.008618856780230999,
  "output_psnr": 34.2782657686967,
  "output_ssim": 0.9487269520759583,
  "p95_disp_px": 1.4085463285446167,
  "path_flow": "phase2/outputs/phase2c_probe/semantic_heavy_cem/headphones_top_only/existence_probe/seed_00/candidates/cand_030_g02_m14/flow.png",
  "path_original": "phase2/outputs/phase2c_probe/semantic_heavy_cem/headphones_top_only/existence_probe/seed_00/candidates/cand_030_g02_m14/original.png",
  "path_original_edited": "phase2/outputs/phase2c_probe/semantic_heavy_cem/headphones_top_only/existence_probe/seed_00/candidates/cand_030_g02_m14/original_edited.png",
  "path_perturbed": "phase2/outputs/phase2c_probe/semantic_heavy_cem/headphones_top_only/existence_probe/seed_00/candidates/cand_030_g02_m14/perturbed.png",
  "path_perturbed_edited": "phase2/outputs/phase2c_probe/semantic_heavy_cem/headphones_top_only/existence_probe/seed_00/candidates/cand_030_g02_m14/perturbed_edited.png",
  "perturbed_clip_positive_margin": 0.012857764959335327,
  "perturbed_semantic_success_score": 0.012857764959335327,
  "phase": "phase2c_probe",
  "phase2_final_score": 0.15201842607254912,
  "phase2_output_disruption": 0.12856721167545032,
  "phase2_score_formula": "8.0*max(0,semantic_drop)+0.25*output_disruption-3.0*input_damage_penalty-0.75*geometry_excess_penalty",
  "prompt": "add headphones",
  "prompt_priority": 1,
  "prompt_slug": "add_headphones",
  "region_count": 1,
  "region_key": "headphones_top_only",
  "right_crop_clean_margin": 0.021481528878211975,
  "right_crop_perturbed_margin": 0.02097700536251068,
  "right_crop_semantic_drop": 0.0005045235157012939,
  "scale_factor": 0.2538030743598938,
  "seed": 24302,
  "semantic_drop": 0.014984577894210815,
  "semantic_drop_weight": 8.0,
  "target_input_ssim": 0.86,
  "top_crop_clean_margin": 0.007498979568481445,
  "top_crop_perturbed_margin": 0.0033548325300216675,
  "top_crop_semantic_drop": 0.004144147038459778,
  "tps_size": 4
}
