{
  "clean_clip_positive_margin": 0.027842342853546143,
  "clean_semantic_success_score": 0.027842342853546143,
  "clip_available": true,
  "clip_semantic_drop": -0.00478789210319519,
  "clip_warning": null,
  "crop_clip_available": true,
  "crop_clip_warning": null,
  "decision_label": "metric_only_candidate",
  "decision_reasons": [
    "semantic_drop_nonpositive:-0.0048",
    "semantic_drop_nonpositive:-0.0048"
  ],
  "edit_failure_score": 0.0,
  "final_attack_score": 0.016862555371624947,
  "full_image_semantic_drop": -0.00478789210319519,
  "geometry_excess_penalty": 0.0,
  "geometry_excess_penalty_weight": 0.75,
  "identity_or_face_health_available": false,
  "input_damage_penalty": 0.0,
  "input_damage_penalty_weight": 3.0,
  "input_l2": 0.005207807885675678,
  "input_max_abs": 0.22352942824363708,
  "input_mean_abs": 0.0012568853562697768,
  "input_preservation_score": 0.9224684068134853,
  "input_psnr": 45.66690090250642,
  "input_ssim": 0.9891455769538879,
  "left_crop_clean_margin": 0.02535329759120941,
  "left_crop_perturbed_margin": 0.025097787380218506,
  "left_crop_semantic_drop": 0.00025551021099090576,
  "max_disp_px_budget": 8.0,
  "mean_crop_margin": 0.016963476936022442,
  "mean_crop_semantic_drop": 0.0011477917432785034,
  "min_crop_margin": 0.0074003636837005615,
  "min_crop_semantic_drop": 9.861588478088379e-05,
  "output_disruption_score": 0.06745022148649979,
  "output_disruption_weight": 0.25,
  "output_l2": 0.01176461480746937,
  "output_max_abs": 0.5882353186607361,
  "output_mean_abs": 0.004517208784818649,
  "output_psnr": 38.588445755189056,
  "output_ssim": 0.9796082377433777,
  "perturbed_clip_positive_margin": 0.03263023495674133,
  "perturbed_semantic_success_score": 0.03263023495674133,
  "phase2_final_score": 0.016862555371624947,
  "phase2_output_disruption": 0.06745022148649979,
  "phase2_score_formula": "8.0*max(0,semantic_drop)+0.25*output_disruption-3.0*input_damage_penalty-0.75*geometry_excess_penalty",
  "right_crop_clean_margin": 0.021481528878211975,
  "right_crop_perturbed_margin": 0.018392279744148254,
  "right_crop_semantic_drop": 0.0030892491340637207,
  "semantic_drop": -0.00478789210319519,
  "semantic_drop_weight": 8.0,
  "target_input_ssim": 0.86,
  "top_crop_clean_margin": 0.007498979568481445,
  "top_crop_perturbed_margin": 0.0074003636837005615,
  "top_crop_semantic_drop": 9.861588478088379e-05
}
