{
  "best_candidate_this_generation": "cand_038_g03_m06",
  "best_score_this_generation": 0.1765758167589292,
  "budget": "existence_probe",
  "cem_state": {
    "mean_abs": 0.5280739068984985,
    "method_probs": [
      0.951195058139535,
      0.024402470930232564,
      0.024402470930232564
    ],
    "methods": [
      "region_local_tps",
      "combined_tps_dct",
      "combined_all"
    ],
    "std_max": 0.44999998807907104,
    "std_mean": 0.2699939012527466,
    "std_min": 0.0686957836151123
  },
  "decision_counts": {
    "metric_only_candidate": 13,
    "weak_candidate": 3
  },
  "elapsed_seconds": 103.04658820480108,
  "elite": 4,
  "elite_candidate_names": [
    "cand_038_g03_m06",
    "cand_034_g03_m02",
    "cand_048_g03_m16",
    "cand_047_g03_m15"
  ],
  "generation": 3,
  "population": 16,
  "prompt": "add headphones",
  "region_variant": "headphones_top_only"
}
