{
  "displacement": {
    "budget_max_disp_px": 14.0,
    "max_disp_px": 6.244690418243408,
    "max_disp_px_budget": 14.0,
    "mean_disp_px": 1.6235195398330688,
    "p95_disp_px": 5.010900497436523,
    "target_input_ssim": 0.78
  },
  "input": {
    "l2": 0.047604284427648115,
    "max_abs": 0.7529411911964417,
    "mean_abs": 0.019243383780121803,
    "psnr": 26.44707917266967,
    "ssim": 0.8284674286842346
  },
  "output": {
    "l2": 0.053519340720275026,
    "max_abs": 0.8078431487083435,
    "mean_abs": 0.020967289805412292,
    "psnr": 25.429784901557323,
    "ssim": 0.891975462436676
  }
}
