{
  "action_names": [
    "jaw_expand",
    "jaw_compress",
    "chin_raise",
    "chin_lower",
    "mouth_width_expand",
    "lower_face_shift"
  ],
  "action_strength": 0.72,
  "action_values": {
    "chin_lower": -0.4289457084874286,
    "chin_raise": 0.6313441523614134,
    "jaw_compress": 0.2888479581618152,
    "jaw_expand": -0.7896126519530748,
    "lower_face_shift": -0.3988557855847553,
    "mouth_width_expand": 0.023005614847191522
  },
  "active_actions": {
    "chin_lower": -0.4289457084874286,
    "chin_raise": 0.6313441523614134,
    "jaw_compress": 0.2888479581618152,
    "jaw_expand": -0.7896126519530748,
    "lower_face_shift": -0.3988557855847553,
    "mouth_width_expand": 0.023005614847191522
  },
  "active_anchor_count": 6,
  "control_point_count": 14,
  "geometry_method": "landmark_piecewise_affine",
  "max_disp_px_budget": 8.0,
  "scale_factor": 0.8003255714340776,
  "source_control_points": [
    [
      174.0800018310547,
      394.239990234375
    ],
    [
      337.9200134277344,
      394.239990234375
    ],
    [
      256.0,
      419.8399963378906
    ],
    [
      256.0,
      376.32000732421875
    ],
    [
      204.8000030517578,
      335.3599853515625
    ],
    [
      307.20001220703125,
      335.3599853515625
    ],
    [
      0.0,
      0.0
    ],
    [
      511.0,
      0.0
    ],
    [
      0.0,
      511.0
    ],
    [
      511.0,
      511.0
    ],
    [
      256.0,
      0.0
    ],
    [
      256.0,
      511.0
    ],
    [
      0.0,
      256.0
    ],
    [
      511.0,
      256.0
    ]
  ],
  "target_control_points": [
    [
      180.29193115234375,
      394.239990234375
    ],
    [
      331.70806884765625,
      394.239990234375
    ],
    [
      254.27694702148438,
      413.73272705078125
    ],
    [
      253.7025909423828,
      373.266357421875
    ],
    [
      204.66749572753906,
      335.3599853515625
    ],
    [
      307.33251953125,
      335.3599853515625
    ],
    [
      0.0,
      0.0
    ],
    [
      511.0,
      0.0
    ],
    [
      0.0,
      511.0
    ],
    [
      511.0,
      511.0
    ],
    [
      256.0,
      0.0
    ],
    [
      256.0,
      511.0
    ],
    [
      0.0,
      256.0
    ],
    [
      511.0,
      256.0
    ]
  ],
  "tps_regularization": 0.0001
}
