{
  "clean_clip_positive_margin": 0.05089488625526428,
  "clean_semantic_success_score": 0.05089488625526428,
  "clip_available": true,
  "clip_semantic_drop": 0.004887640476226807,
  "clip_warning": null,
  "crop_clip_available": false,
  "crop_clip_warning": null,
  "decision_label": "metric_only_candidate",
  "decision_reasons": [
    "semantic_drop_small:0.0049",
    "semantic_drop_small:0.0049",
    "semantic_drop_small:0.0049"
  ],
  "edit_failure_score": 0.004887640476226807,
  "final_attack_score": 0.2646522678423969,
  "full_image_semantic_drop": 0.004887640476226807,
  "geometry_excess_penalty": 0.0,
  "geometry_excess_penalty_weight": 0.75,
  "identity_or_face_health_available": false,
  "input_damage_penalty": 0.0,
  "input_damage_penalty_weight": 3.0,
  "input_l2": 0.030527201089019237,
  "input_max_abs": 0.7764706015586853,
  "input_mean_abs": 0.015295525081455708,
  "input_preservation_score": 0.5568196881901134,
  "input_psnr": 30.306260250297314,
  "input_ssim": 0.902500331401825,
  "max_disp_px_budget": 14.0,
  "output_disruption_score": 0.4511022880651649,
  "output_disruption_weight": 0.5,
  "output_l2": 0.07459976561313113,
  "output_max_abs": 0.8352941274642944,
  "output_mean_abs": 0.036856040358543396,
  "output_psnr": 22.545250740917588,
  "output_ssim": 0.8472967743873596,
  "perturbed_clip_positive_margin": 0.046007245779037476,
  "perturbed_semantic_success_score": 0.046007245779037476,
  "phase2_final_score": 0.2646522678423969,
  "phase2_output_disruption": 0.4511022880651649,
  "phase2_score_formula": "8.0*max(0,semantic_drop)+0.5*output_disruption-3.0*input_damage_penalty-0.75*geometry_excess_penalty",
  "phase4_budget_name": "existence_probe",
  "phase4_final_score": 0.2646522678423969,
  "phase4_score_formula": "8.0*max(0,semantic_drop)+0.5*output_disruption-3.0*input_damage_penalty-0.75*geometry_excess_penalty",
  "semantic_drop": 0.004887640476226807,
  "semantic_drop_weight": 8.0,
  "target_input_ssim": 0.78
}
