{
  "displacement": {
    "budget_max_disp_px": 8.0,
    "max_disp_px": 4.896773815155029,
    "max_disp_px_budget": 8.0,
    "mean_disp_px": 1.451040506362915,
    "p95_disp_px": 3.8666882514953613,
    "target_input_ssim": 0.88
  },
  "input": {
    "l2": 0.045983003264047716,
    "max_abs": 0.8078431487083435,
    "mean_abs": 0.02342085726559162,
    "psnr": 26.748053345802333,
    "ssim": 0.8024640679359436
  },
  "output": {
    "l2": 0.07055736330183633,
    "max_abs": 0.8705882430076599,
    "mean_abs": 0.031159602105617523,
    "psnr": 23.029153139400776,
    "ssim": 0.8150216937065125
  }
}
