{
  "budget": "strong",
  "budget_max_disp_px": 8.0,
  "candidate_folder_abs": "/home/interns/Desktop/mat/phase4/outputs/phase4a_existence_probe/cases/face_003/igs_1p50/add_headphones/strong/seed_00/candidates/cand_076_g04_m16",
  "candidate_index": 76,
  "candidate_name": "cand_076_g04_m16",
  "case_id": "face_003__add_headphones__igs_1p50",
  "elapsed_seconds": 2.523468568921089,
  "face_id": "face_003",
  "generation": 4,
  "geometry_method": "landmark_piecewise_affine",
  "guidance_scale": 7.5,
  "image_guidance_scale": 1.5,
  "initial_candidate": false,
  "input_l2": 0.018151526553952135,
  "input_max_abs": 0.3686274588108063,
  "input_mean_abs": 0.008958053775131702,
  "input_psnr": 34.82173689346237,
  "input_ssim": 0.923882007598877,
  "max_disp_px": 2.677489757537842,
  "max_disp_px_budget": 8.0,
  "mean_disp_px": 0.5732755661010742,
  "member": 16,
  "output_l2": 0.03561759283521699,
  "output_max_abs": 0.7137255072593689,
  "output_mean_abs": 0.016086511313915253,
  "output_psnr": 28.966708701221965,
  "output_ssim": 0.8853006362915039,
  "p95_disp_px": 1.6174840927124023,
  "phase": "phase4a_existence_probe",
  "prompt": "add headphones",
  "prompt_slug": "add_headphones",
  "prompt_type": "headphones",
  "seed": 46001,
  "target_input_ssim": 0.88,
  "theta_names": [
    "scale_logit",
    "action_face_side_push_left",
    "action_face_side_push_right",
    "action_head_top_raise",
    "action_head_top_lower",
    "action_jaw_expand",
    "action_jaw_compress",
    "action_asymmetry_twist"
  ],
  "theta_values": [
    -0.36382219195365906,
    -0.4157300889492035,
    2.0291757583618164,
    -0.5440061092376709,
    -0.07010277360677719,
    0.3477528393268585,
    0.4539260268211365,
    -0.2923527956008911
  ]
}
