{
  "budget": "existence_probe",
  "budget_max_disp_px": 14.0,
  "candidate_folder_abs": "/home/interns/Desktop/mat/phase4/outputs/phase4a_existence_probe/cases/face_005/igs_1p50/add_headphones/existence_probe/seed_00/candidates/cand_008_g01_m08",
  "candidate_index": 8,
  "candidate_name": "cand_008_g01_m08",
  "case_id": "face_005__add_headphones__igs_1p50",
  "elapsed_seconds": 3.1652406211942434,
  "face_id": "face_005",
  "generation": 1,
  "geometry_method": "landmark_semantic_tps",
  "guidance_scale": 7.5,
  "image_guidance_scale": 1.5,
  "initial_candidate": false,
  "input_l2": 0.09369370638004244,
  "input_max_abs": 0.9058823585510254,
  "input_mean_abs": 0.0554768405854702,
  "input_psnr": 20.565791613667525,
  "input_ssim": 0.6564531922340393,
  "max_disp_px": 13.986001968383789,
  "max_disp_px_budget": 14.0,
  "mean_disp_px": 7.78393030166626,
  "member": 8,
  "output_l2": 0.11030664204856284,
  "output_max_abs": 0.8470588326454163,
  "output_mean_abs": 0.06599711626768112,
  "output_psnr": 19.1479667197927,
  "output_ssim": 0.5994234681129456,
  "p95_disp_px": 13.986000061035156,
  "phase": "phase4a_existence_probe",
  "prompt": "add headphones",
  "prompt_slug": "add_headphones",
  "prompt_type": "headphones",
  "seed": 44101,
  "target_input_ssim": 0.78,
  "theta_names": [
    "scale_logit",
    "action_face_side_push_left",
    "action_face_side_push_right",
    "action_head_top_raise",
    "action_head_top_lower",
    "action_jaw_expand",
    "action_jaw_compress",
    "action_asymmetry_twist"
  ],
  "theta_values": [
    1.5653502941131592,
    0.4754561185836792,
    -0.13653606176376343,
    0.19849465787410736,
    -0.11908818781375885,
    -2.5,
    0.8077779412269592,
    0.441978394985199
  ]
}
