{
  "displacement": {
    "budget_max_disp_px": 4.0,
    "max_disp_px": 1.9861953258514404,
    "max_disp_px_budget": 4.0,
    "mean_disp_px": 0.2839822471141815,
    "p95_disp_px": 1.2225377559661865,
    "target_input_ssim": 0.94
  },
  "input": {
    "l2": 0.012014902427594424,
    "max_abs": 0.34117645025253296,
    "mean_abs": 0.004240427631884813,
    "psnr": 38.40559503457889,
    "ssim": 0.9643939137458801
  },
  "output": {
    "l2": 0.020296156938447812,
    "max_abs": 0.6000000238418579,
    "mean_abs": 0.010179557837545872,
    "psnr": 33.85172375250384,
    "ssim": 0.9419642090797424
  }
}
