{
  "action_names": [
    "face_side_push_left",
    "face_side_push_right",
    "head_top_raise",
    "head_top_lower",
    "jaw_expand",
    "jaw_compress",
    "asymmetry_twist"
  ],
  "action_strength": 0.72,
  "action_values": {
    "asymmetry_twist": -0.1507161485371061,
    "face_side_push_left": 0.551513174863985,
    "face_side_push_right": 0.05891067198071721,
    "head_top_lower": 0.5952829375527167,
    "head_top_raise": -0.041158485263537305,
    "jaw_compress": -0.07204095826128001,
    "jaw_expand": 0.5909485780354874
  },
  "active_actions": {
    "asymmetry_twist": -0.1507161485371061,
    "face_side_push_left": 0.551513174863985,
    "face_side_push_right": 0.05891067198071721,
    "head_top_lower": 0.5952829375527167,
    "head_top_raise": -0.041158485263537305,
    "jaw_compress": -0.07204095826128001,
    "jaw_expand": 0.5909485780354874
  },
  "active_anchor_count": 7,
  "control_point_count": 15,
  "geometry_method": "landmark_piecewise_affine",
  "max_disp_px_budget": 8.0,
  "scale_factor": 0.729070694205062,
  "source_control_points": [
    [
      112.63999938964844,
      248.3199920654297
    ],
    [
      112.63999938964844,
      253.44000244140625
    ],
    [
      399.3599853515625,
      248.3199920654297
    ],
    [
      399.3599853515625,
      253.44000244140625
    ],
    [
      256.0,
      87.04000091552734
    ],
    [
      174.0800018310547,
      394.239990234375
    ],
    [
      337.9200134277344,
      394.239990234375
    ],
    [
      0.0,
      0.0
    ],
    [
      511.0,
      0.0
    ],
    [
      0.0,
      511.0
    ],
    [
      511.0,
      511.0
    ],
    [
      256.0,
      0.0
    ],
    [
      256.0,
      511.0
    ],
    [
      0.0,
      256.0
    ],
    [
      511.0,
      256.0
    ]
  ],
  "target_control_points": [
    [
      109.46328735351562,
      249.1881103515625
    ],
    [
      110.25746154785156,
      253.44000244140625
    ],
    [
      399.6993103027344,
      247.45187377929688
    ],
    [
      399.6144714355469,
      253.44000244140625
    ],
    [
      256.0,
      90.70590209960938
    ],
    [
      170.2611846923828,
      394.6740417480469
    ],
    [
      341.73883056640625,
      393.8059387207031
    ],
    [
      0.0,
      0.0
    ],
    [
      511.0,
      0.0
    ],
    [
      0.0,
      511.0
    ],
    [
      511.0,
      511.0
    ],
    [
      256.0,
      0.0
    ],
    [
      256.0,
      511.0
    ],
    [
      0.0,
      256.0
    ],
    [
      511.0,
      256.0
    ]
  ],
  "tps_regularization": 0.0001
}
