{
  "displacement": {
    "budget_max_disp_px": 8.0,
    "max_disp_px": 3.863744020462036,
    "max_disp_px_budget": 8.0,
    "mean_disp_px": 1.358904242515564,
    "p95_disp_px": 2.9782001972198486,
    "target_input_ssim": 0.88
  },
  "input": {
    "l2": 0.03060759809617459,
    "max_abs": 0.7058823704719543,
    "mean_abs": 0.016281086951494217,
    "psnr": 30.28341499871378,
    "ssim": 0.8830070495605469
  },
  "output": {
    "l2": 0.043283016342225526,
    "max_abs": 0.9019607901573181,
    "mean_abs": 0.02234710194170475,
    "psnr": 27.273649627559543,
    "ssim": 0.8510701060295105
  }
}
