{
  "displacement": {
    "foldover_fraction_det_below_0": 0.0,
    "jacobian_det_mean": 1.0,
    "jacobian_det_min": 0.9801590442657471,
    "low_det_fraction_below_0p2": 0.0,
    "max_disp_px": 0.4334917962551117,
    "mean_disp_px": 0.0929630696773529,
    "p95_disp_px": 0.3493506610393524
  },
  "input": {
    "l2": 0.004476727651464137,
    "max_abs": 0.11764708161354065,
    "mean_abs": 0.0015892182709649205,
    "psnr": 46.98078651556568,
    "ssim": 0.995233952999115
  },
  "output": {
    "l2": 0.014531595927941846,
    "max_abs": 0.6078431606292725,
    "mean_abs": 0.006067377049475908,
    "psnr": 36.75373373656211,
    "ssim": 0.971261203289032
  }
}
