{
  "displacement": {
    "budget_max_disp_px": 6.0,
    "max_disp_px": 2.2459216117858887,
    "max_disp_px_budget": 6.0,
    "mean_disp_px": 0.40848344564437866,
    "p95_disp_px": 1.9133671522140503,
    "target_input_ssim": 0.9
  },
  "input": {
    "l2": 0.017640275490950107,
    "max_abs": 0.5686274766921997,
    "mean_abs": 0.0054188258945941925,
    "psnr": 35.06989273412345,
    "ssim": 0.9548816680908203
  },
  "output": {
    "l2": 0.02713021813668031,
    "max_abs": 0.8705882430076599,
    "mean_abs": 0.011892969720065594,
    "psnr": 31.330934286820636,
    "ssim": 0.9338837265968323
  }
}
