{
  "displacement": {
    "budget_max_disp_px": 14.0,
    "max_disp_px": 5.040261268615723,
    "max_disp_px_budget": 14.0,
    "mean_disp_px": 1.2918504476547241,
    "p95_disp_px": 3.979743003845215,
    "target_input_ssim": 0.78
  },
  "input": {
    "l2": 0.03452286440992372,
    "max_abs": 0.9137254953384399,
    "mean_abs": 0.012859576381742954,
    "psnr": 29.237863548931312,
    "ssim": 0.8838515281677246
  },
  "output": {
    "l2": 0.04713632092521793,
    "max_abs": 0.8588235378265381,
    "mean_abs": 0.021172024309635162,
    "psnr": 26.53288635911485,
    "ssim": 0.8662691712379456
  }
}
