{
  "best_folder": "phase4/outputs/phase4a_existence_probe/cases/face_003/igs_1p50/add_headphones/existence_probe/seed_00/candidates/cand_019_g01_m19",
  "budget": "existence_probe",
  "budget_max_disp_px": 14.0,
  "candidate_folder": "phase4/outputs/phase4a_existence_probe/cases/face_003/igs_1p50/add_headphones/existence_probe/seed_00/candidates/cand_019_g01_m19",
  "candidate_index": 19,
  "candidate_name": "cand_019_g01_m19",
  "case_id": "face_003__add_headphones__igs_1p50",
  "clean_clip_positive_margin": 0.04772844910621643,
  "clean_semantic_success_score": 0.04772844910621643,
  "clip_available": true,
  "clip_semantic_drop": 0.007515370845794678,
  "clip_warning": null,
  "crop_clip_available": true,
  "crop_clip_warning": null,
  "decision_label": "reject_input_damage",
  "decision_reasons": [
    "input_ssim_below_target:0.5941<0.7800",
    "semantic_drop_small:0.0075"
  ],
  "edit_failure_score": 0.007515370845794678,
  "elapsed_seconds": 2.9689051918685436,
  "face_id": "face_003",
  "final_attack_score": -3.956505512781381,
  "full_image_semantic_drop": 0.007515370845794678,
  "generation": 1,
  "geometry_excess_penalty": 0.0,
  "geometry_excess_penalty_weight": 0.75,
  "geometry_method": "landmark_semantic_tps",
  "guidance_scale": 7.5,
  "identity_or_face_health_available": false,
  "image_guidance_scale": 1.5,
  "initial_candidate": false,
  "input_damage_penalty": 1.487360706329346,
  "input_damage_penalty_weight": 3.0,
  "input_l2": 0.08451891883645503,
  "input_max_abs": 0.7372549176216125,
  "input_mean_abs": 0.04827700927853584,
  "input_preservation_score": 0.0,
  "input_psnr": 21.46092134133078,
  "input_ssim": 0.5940799117088318,
  "left_crop_clean_margin": 0.018402695655822754,
  "left_crop_perturbed_margin": 0.017811357975006104,
  "left_crop_semantic_drop": 0.0005913376808166504,
  "max_disp_px": 13.986001968383789,
  "max_disp_px_budget": 14.0,
  "mean_crop_margin": 0.010587796568870544,
  "mean_crop_semantic_drop": 0.004746109247207642,
  "mean_disp_px": 7.197486400604248,
  "member": 19,
  "min_crop_margin": -0.009896576404571533,
  "min_crop_semantic_drop": 0.0005913376808166504,
  "output_disruption_score": 0.8909072788805985,
  "output_disruption_weight": 0.5,
  "output_l2": 0.10504548033702432,
  "output_max_abs": 0.9019607901573181,
  "output_mean_abs": 0.06014455482363701,
  "output_psnr": 19.57245257423562,
  "output_ssim": 0.5292746424674988,
  "p95_disp_px": 13.986000061035156,
  "path_clean_edit": "phase4/outputs/phase4a_existence_probe/cases/face_003/igs_1p50/add_headphones/existence_probe/seed_00/candidates/cand_019_g01_m19/clean_edit.png",
  "path_flow": "phase4/outputs/phase4a_existence_probe/cases/face_003/igs_1p50/add_headphones/existence_probe/seed_00/candidates/cand_019_g01_m19/flow.png",
  "path_landmarks_overlay_original": "phase4/outputs/phase4a_existence_probe/cases/face_003/igs_1p50/add_headphones/existence_probe/seed_00/candidates/cand_019_g01_m19/landmarks_overlay_original.jpg",
  "path_landmarks_overlay_perturbed": "phase4/outputs/phase4a_existence_probe/cases/face_003/igs_1p50/add_headphones/existence_probe/seed_00/candidates/cand_019_g01_m19/landmarks_overlay_perturbed.jpg",
  "path_original": "phase4/outputs/phase4a_existence_probe/cases/face_003/igs_1p50/add_headphones/existence_probe/seed_00/candidates/cand_019_g01_m19/original.png",
  "path_perturbed": "phase4/outputs/phase4a_existence_probe/cases/face_003/igs_1p50/add_headphones/existence_probe/seed_00/candidates/cand_019_g01_m19/perturbed.png",
  "path_perturbed_edit": "phase4/outputs/phase4a_existence_probe/cases/face_003/igs_1p50/add_headphones/existence_probe/seed_00/candidates/cand_019_g01_m19/perturbed_edit.png",
  "perturbed_clip_positive_margin": 0.04021307826042175,
  "perturbed_semantic_success_score": 0.04021307826042175,
  "phase": "phase4a_existence_probe",
  "phase2_final_score": -3.956505512781381,
  "phase2_output_disruption": 0.8909072788805985,
  "phase2_score_formula": "8.0*max(0,semantic_drop)+0.5*output_disruption-3.0*input_damage_penalty-0.75*geometry_excess_penalty",
  "phase4_budget_name": "existence_probe",
  "phase4_final_score": -3.956505512781381,
  "phase4_score_formula": "8.0*max(0,semantic_drop)+0.5*output_disruption-3.0*input_damage_penalty-0.75*geometry_excess_penalty",
  "prompt": "add headphones",
  "prompt_slug": "add_headphones",
  "prompt_type": "headphones",
  "right_crop_clean_margin": 0.026048898696899414,
  "right_crop_perturbed_margin": 0.023848608136177063,
  "right_crop_semantic_drop": 0.002200290560722351,
  "seed": 46101,
  "semantic_drop": 0.007515370845794678,
  "semantic_drop_weight": 8.0,
  "target_input_ssim": 0.78,
  "theta_names": [
    "scale_logit",
    "action_face_side_push_left",
    "action_face_side_push_right",
    "action_head_top_raise",
    "action_head_top_lower",
    "action_jaw_expand",
    "action_jaw_compress",
    "action_asymmetry_twist"
  ],
  "theta_values": [
    0.08940386027097702,
    0.34104272723197937,
    -0.3666495680809021,
    0.13686226308345795,
    1.2426753044128418,
    2.1325604915618896,
    -0.6754893064498901,
    -0.9611374735832214
  ],
  "top_crop_clean_margin": 0.0015501230955123901,
  "top_crop_perturbed_margin": -0.009896576404571533,
  "top_crop_semantic_drop": 0.011446699500083923
}
