{
  "best_folder": "phase2/outputs/phase2c_probe/semantic_heavy_cem/headphones_sides_only/strong/seed_00/candidates/cand_053_g04_m05",
  "budget": "strong",
  "budget_max_disp_px": 6.0,
  "candidate_folder": "phase2/outputs/phase2c_probe/semantic_heavy_cem/headphones_sides_only/strong/seed_00/candidates/cand_053_g04_m05",
  "candidate_index": 53,
  "candidate_name": "cand_053_g04_m05",
  "clean_clip_positive_margin": 0.027842342853546143,
  "clean_semantic_success_score": 0.027842342853546143,
  "clip_available": true,
  "clip_semantic_drop": 0.013689190149307251,
  "clip_warning": null,
  "crop_clip_available": true,
  "crop_clip_warning": null,
  "dct_modes": [
    [
      1,
      0
    ],
    [
      0,
      1
    ],
    [
      1,
      1
    ],
    [
      2,
      0
    ],
    [
      0,
      2
    ],
    [
      2,
      1
    ]
  ],
  "decision_label": "metric_only_candidate",
  "decision_reasons": [
    "semantic_drop_small:0.0137",
    "semantic_drop_small:0.0137"
  ],
  "edit_failure_score": 0.013689190149307251,
  "elapsed_seconds": 5.602892585098743,
  "final_attack_score": 0.13632600493061528,
  "full_image_semantic_drop": 0.013689190149307251,
  "generation": 4,
  "geometry_excess_penalty": 0.0,
  "geometry_excess_penalty_weight": 0.75,
  "geometry_method": "region_local_tps",
  "identity_or_face_health_available": false,
  "initial_candidate": false,
  "input_damage_penalty": 0.0,
  "input_damage_penalty_weight": 3.0,
  "input_l2": 0.00909619942263445,
  "input_max_abs": 0.4627451002597809,
  "input_mean_abs": 0.0027815678622573614,
  "input_preservation_score": 0.7759884595870972,
  "input_psnr": 40.82280053720609,
  "input_ssim": 0.9775988459587097,
  "left_crop_clean_margin": 0.02535329759120941,
  "left_crop_perturbed_margin": 0.02719031274318695,
  "left_crop_semantic_drop": -0.001837015151977539,
  "max_disp_px": 1.603967547416687,
  "max_disp_px_budget": 6.0,
  "mean_crop_margin": 0.01762505869070689,
  "mean_crop_semantic_drop": 0.0004862099885940552,
  "mean_disp_px": 0.22926370799541473,
  "member": 5,
  "mesh_size": 4,
  "min_crop_margin": 0.006668984889984131,
  "min_crop_semantic_drop": -0.001837015151977539,
  "output_disruption_score": 0.10724993494462913,
  "output_disruption_weight": 0.25,
  "output_l2": 0.016525750228047236,
  "output_max_abs": 0.6941176652908325,
  "output_mean_abs": 0.007518278434872627,
  "output_psnr": 35.63677631006246,
  "output_ssim": 0.9588530659675598,
  "p95_disp_px": 1.159279704093933,
  "path_flow": "phase2/outputs/phase2c_probe/semantic_heavy_cem/headphones_sides_only/strong/seed_00/candidates/cand_053_g04_m05/flow.png",
  "path_original": "phase2/outputs/phase2c_probe/semantic_heavy_cem/headphones_sides_only/strong/seed_00/candidates/cand_053_g04_m05/original.png",
  "path_original_edited": "phase2/outputs/phase2c_probe/semantic_heavy_cem/headphones_sides_only/strong/seed_00/candidates/cand_053_g04_m05/original_edited.png",
  "path_perturbed": "phase2/outputs/phase2c_probe/semantic_heavy_cem/headphones_sides_only/strong/seed_00/candidates/cand_053_g04_m05/perturbed.png",
  "path_perturbed_edited": "phase2/outputs/phase2c_probe/semantic_heavy_cem/headphones_sides_only/strong/seed_00/candidates/cand_053_g04_m05/perturbed_edited.png",
  "perturbed_clip_positive_margin": 0.014153152704238892,
  "perturbed_semantic_success_score": 0.014153152704238892,
  "phase": "phase2c_probe",
  "phase2_final_score": 0.13632600493061528,
  "phase2_output_disruption": 0.10724993494462913,
  "phase2_score_formula": "8.0*max(0,semantic_drop)+0.25*output_disruption-3.0*input_damage_penalty-0.75*geometry_excess_penalty",
  "prompt": "add headphones",
  "prompt_priority": 1,
  "prompt_slug": "add_headphones",
  "region_count": 2,
  "region_key": "headphones_sides_only",
  "right_crop_clean_margin": 0.021481528878211975,
  "right_crop_perturbed_margin": 0.019015878438949585,
  "right_crop_semantic_drop": 0.00246565043926239,
  "scale_factor": 0.2727835774421692,
  "seed": 24101,
  "semantic_drop": 0.013689190149307251,
  "semantic_drop_weight": 8.0,
  "target_input_ssim": 0.9,
  "top_crop_clean_margin": 0.007498979568481445,
  "top_crop_perturbed_margin": 0.006668984889984131,
  "top_crop_semantic_drop": 0.0008299946784973145,
  "tps_size": 4
}
