{
  "clean_clip_positive_margin": 0.04772844910621643,
  "clean_semantic_success_score": 0.04772844910621643,
  "clip_available": true,
  "clip_semantic_drop": 0.007513105869293213,
  "clip_warning": null,
  "crop_clip_available": true,
  "crop_clip_warning": null,
  "decision_label": "metric_only_candidate",
  "decision_reasons": [
    "semantic_drop_small:0.0075",
    "semantic_drop_small:0.0075",
    "semantic_drop_small:0.0075"
  ],
  "edit_failure_score": 0.007513105869293213,
  "final_attack_score": 0.13613673387739678,
  "full_image_semantic_drop": 0.007513105869293213,
  "geometry_excess_penalty": 0.0,
  "geometry_excess_penalty_weight": 0.75,
  "identity_or_face_health_available": false,
  "input_damage_penalty": 0.0,
  "input_damage_penalty_weight": 3.0,
  "input_l2": 0.009224272044327247,
  "input_max_abs": 0.23529411852359772,
  "input_mean_abs": 0.003888060338795185,
  "input_preservation_score": 0.8629137873649597,
  "input_psnr": 40.70135794425863,
  "input_ssim": 0.9835496544837952,
  "left_crop_clean_margin": 0.018402695655822754,
  "left_crop_perturbed_margin": 0.016756653785705566,
  "left_crop_semantic_drop": 0.0016460418701171875,
  "max_disp_px_budget": 8.0,
  "mean_crop_margin": 0.011276309688886007,
  "mean_crop_semantic_drop": 0.00405759612719218,
  "min_crop_margin": -0.005851283669471741,
  "min_crop_semantic_drop": 0.0016460418701171875,
  "output_disruption_score": 0.15206377384610215,
  "output_disruption_weight": 0.5,
  "output_l2": 0.025286611610519986,
  "output_max_abs": 0.5568627715110779,
  "output_mean_abs": 0.009883700869977474,
  "output_psnr": 31.94218723868982,
  "output_ssim": 0.9490826725959778,
  "perturbed_clip_positive_margin": 0.04021534323692322,
  "perturbed_semantic_success_score": 0.04021534323692322,
  "phase2_final_score": 0.13613673387739678,
  "phase2_output_disruption": 0.15206377384610215,
  "phase2_score_formula": "8.0*max(0,semantic_drop)+0.5*output_disruption-3.0*input_damage_penalty-0.75*geometry_excess_penalty",
  "phase4_budget_name": "strong",
  "phase4_final_score": 0.13613673387739678,
  "phase4_score_formula": "8.0*max(0,semantic_drop)+0.5*output_disruption-3.0*input_damage_penalty-0.75*geometry_excess_penalty",
  "right_crop_clean_margin": 0.026048898696899414,
  "right_crop_perturbed_margin": 0.022923558950424194,
  "right_crop_semantic_drop": 0.0031253397464752197,
  "semantic_drop": 0.007513105869293213,
  "semantic_drop_weight": 8.0,
  "target_input_ssim": 0.88,
  "top_crop_clean_margin": 0.0015501230955123901,
  "top_crop_perturbed_margin": -0.005851283669471741,
  "top_crop_semantic_drop": 0.007401406764984131
}
