{
  "clean_clip_positive_margin": 0.030473262071609497,
  "clean_semantic_success_score": 0.030473262071609497,
  "clip_available": true,
  "clip_semantic_drop": 0.0006124675273895264,
  "clip_warning": null,
  "crop_clip_available": false,
  "crop_clip_warning": null,
  "decision_label": "metric_only_candidate",
  "decision_reasons": [
    "semantic_drop_small:0.0006",
    "semantic_drop_small:0.0006"
  ],
  "edit_failure_score": 0.0006124675273895264,
  "final_attack_score": 0.13965195591817883,
  "full_image_semantic_drop": 0.0006124675273895264,
  "geometry_excess_penalty": 0.0,
  "geometry_excess_penalty_weight": 1.0,
  "identity_or_face_health_available": false,
  "input_damage_penalty": 0.0,
  "input_damage_penalty_weight": 3.0,
  "input_l2": 0.011529897716612357,
  "input_max_abs": 0.3803921639919281,
  "input_mean_abs": 0.0025134263560175896,
  "input_preservation_score": 0.6931741635004682,
  "input_psnr": 38.763490907545524,
  "input_ssim": 0.9815904498100281,
  "max_disp_px_budget": 4.0,
  "output_disruption_score": 0.13720208580862073,
  "output_disruption_weight": 1.0,
  "output_l2": 0.021802455622878143,
  "output_max_abs": 0.4000000059604645,
  "output_mean_abs": 0.010138561949133873,
  "output_psnr": 33.229891776160045,
  "output_ssim": 0.9500077366828918,
  "perturbed_clip_positive_margin": 0.02986079454421997,
  "perturbed_semantic_success_score": 0.02986079454421997,
  "phase2_final_score": 0.13965195591817883,
  "phase2_output_disruption": 0.13720208580862073,
  "phase2_score_formula": "4.0*max(0,semantic_drop)+1.0*output_disruption-3.0*input_damage_penalty-1.0*geometry_excess_penalty",
  "semantic_drop": 0.0006124675273895264,
  "semantic_drop_weight": 4.0,
  "target_input_ssim": 0.94
}
