{
  "budget": "medium",
  "budget_max_disp_px": 4.0,
  "candidate_folder_abs": "/home/interns/Desktop/mat/phase2/outputs/phase2b_cem/add_headphones/medium/seed_00/candidates/cand_079_g05_m15",
  "candidate_index": 79,
  "candidate_name": "cand_079_g05_m15",
  "dct_modes": [
    [
      1,
      0
    ],
    [
      0,
      1
    ],
    [
      1,
      1
    ],
    [
      2,
      0
    ],
    [
      0,
      2
    ],
    [
      2,
      1
    ]
  ],
  "elapsed_seconds": 5.3418348748236895,
  "generation": 5,
  "geometry_method": "region_local_tps",
  "initial_candidate": false,
  "input_l2": 0.01542893108719957,
  "input_max_abs": 0.8470588326454163,
  "input_mean_abs": 0.00539194792509079,
  "input_psnr": 36.233283214331486,
  "input_ssim": 0.948373019695282,
  "max_disp_px": 2.025618076324463,
  "max_disp_px_budget": 4.0,
  "mean_disp_px": 0.39827221632003784,
  "member": 15,
  "mesh_size": 4,
  "output_l2": 0.023849681333605603,
  "output_max_abs": 0.7176470756530762,
  "output_mean_abs": 0.0107627734541893,
  "output_psnr": 32.45034838780752,
  "output_ssim": 0.9321504235267639,
  "p95_disp_px": 1.6271580457687378,
  "phase": "phase2b_cem",
  "prompt": "add headphones",
  "prompt_priority": 1,
  "prompt_slug": "add_headphones",
  "region_count": 3,
  "region_key": "headphones",
  "scale_factor": 0.5167393088340759,
  "seed": 23001,
  "target_input_ssim": 0.94,
  "tps_size": 4
}
