{
  "action_names": [
    "mouth_corner_raise",
    "mouth_corner_lower",
    "mouth_width_expand",
    "mouth_width_compress",
    "chin_raise",
    "chin_lower"
  ],
  "action_strength": 0.72,
  "action_values": {
    "chin_lower": 0.21964084571414244,
    "chin_raise": 0.02759293633902764,
    "mouth_corner_lower": 0.2075411915287041,
    "mouth_corner_raise": 0.3181616609531216,
    "mouth_width_compress": -0.2026457684651307,
    "mouth_width_expand": 0.07010513096584572
  },
  "active_actions": {
    "chin_lower": 0.21964084571414244,
    "chin_raise": 0.02759293633902764,
    "mouth_corner_lower": 0.2075411915287041,
    "mouth_corner_raise": 0.3181616609531216,
    "mouth_width_compress": -0.2026457684651307,
    "mouth_width_expand": 0.07010513096584572
  },
  "active_anchor_count": 4,
  "control_point_count": 12,
  "geometry_method": "landmark_semantic_tps",
  "max_disp_px_budget": 8.0,
  "scale_factor": 0.32730784786543865,
  "source_control_points": [
    [
      204.8000030517578,
      335.3599853515625
    ],
    [
      307.20001220703125,
      335.3599853515625
    ],
    [
      256.0,
      419.8399963378906
    ],
    [
      256.0,
      376.32000732421875
    ],
    [
      0.0,
      0.0
    ],
    [
      511.0,
      0.0
    ],
    [
      0.0,
      511.0
    ],
    [
      511.0,
      511.0
    ],
    [
      256.0,
      0.0
    ],
    [
      256.0,
      511.0
    ],
    [
      0.0,
      256.0
    ],
    [
      511.0,
      256.0
    ]
  ],
  "target_control_points": [
    [
      203.2289581298828,
      334.7228088378906
    ],
    [
      308.77105712890625,
      334.7228088378906
    ],
    [
      256.0,
      420.9461975097656
    ],
    [
      256.0,
      376.87310791015625
    ],
    [
      0.0,
      0.0
    ],
    [
      511.0,
      0.0
    ],
    [
      0.0,
      511.0
    ],
    [
      511.0,
      511.0
    ],
    [
      256.0,
      0.0
    ],
    [
      256.0,
      511.0
    ],
    [
      0.0,
      256.0
    ],
    [
      511.0,
      256.0
    ]
  ],
  "tps_regularization": 0.0001
}
