{
  "clean_clip_positive_margin": 0.020921379327774048,
  "clean_semantic_success_score": 0.020921379327774048,
  "clip_available": true,
  "clip_semantic_drop": 0.0015159249305725098,
  "clip_warning": null,
  "crop_clip_available": false,
  "crop_clip_warning": null,
  "decision_label": "metric_only_candidate",
  "decision_reasons": [
    "semantic_drop_small:0.0015",
    "semantic_drop_small:0.0015",
    "semantic_drop_small:0.0015"
  ],
  "edit_failure_score": 0.0015159249305725098,
  "final_attack_score": 0.13408485700189293,
  "full_image_semantic_drop": 0.0015159249305725098,
  "geometry_excess_penalty": 0.0,
  "geometry_excess_penalty_weight": 0.75,
  "identity_or_face_health_available": false,
  "input_damage_penalty": 0.0,
  "input_damage_penalty_weight": 3.0,
  "input_l2": 0.024702800183012578,
  "input_max_abs": 0.8627451062202454,
  "input_mean_abs": 0.011340943165123463,
  "input_preservation_score": 0.22312746445337928,
  "input_psnr": 32.145076290999064,
  "input_ssim": 0.9067752957344055,
  "max_disp_px_budget": 8.0,
  "output_disruption_score": 0.24391491511462574,
  "output_disruption_weight": 0.5,
  "output_l2": 0.03389866972714276,
  "output_max_abs": 0.8549019694328308,
  "output_mean_abs": 0.017627978697419167,
  "output_psnr": 29.396346886379064,
  "output_ssim": 0.8916797637939453,
  "perturbed_clip_positive_margin": 0.019405454397201538,
  "perturbed_semantic_success_score": 0.019405454397201538,
  "phase2_final_score": 0.13408485700189293,
  "phase2_output_disruption": 0.24391491511462574,
  "phase2_score_formula": "8.0*max(0,semantic_drop)+0.5*output_disruption-3.0*input_damage_penalty-0.75*geometry_excess_penalty",
  "phase4_budget_name": "strong",
  "phase4_final_score": 0.13408485700189293,
  "phase4_score_formula": "8.0*max(0,semantic_drop)+0.5*output_disruption-3.0*input_damage_penalty-0.75*geometry_excess_penalty",
  "semantic_drop": 0.0015159249305725098,
  "semantic_drop_weight": 8.0,
  "target_input_ssim": 0.88
}
