{
  "budget": "existence_probe",
  "budget_max_disp_px": 14.0,
  "candidate_folder_abs": "/home/interns/Desktop/mat/phase4/outputs/phase4a_existence_probe/cases/face_002/igs_1p50/add_headphones/existence_probe/seed_00/candidates/cand_063_g04_m03",
  "candidate_index": 63,
  "candidate_name": "cand_063_g04_m03",
  "case_id": "face_002__add_headphones__igs_1p50",
  "elapsed_seconds": 2.3718379382044077,
  "face_id": "face_002",
  "generation": 4,
  "geometry_method": "landmark_piecewise_affine",
  "guidance_scale": 7.5,
  "image_guidance_scale": 1.5,
  "initial_candidate": false,
  "input_l2": 0.03245000251088919,
  "input_max_abs": 0.8745098114013672,
  "input_mean_abs": 0.016086271032691002,
  "input_psnr": 29.775705305182704,
  "input_ssim": 0.8736069798469543,
  "max_disp_px": 5.225789546966553,
  "max_disp_px_budget": 14.0,
  "mean_disp_px": 1.2369087934494019,
  "member": 3,
  "output_l2": 0.047744404738802294,
  "output_max_abs": 0.843137264251709,
  "output_mean_abs": 0.025760076940059662,
  "output_psnr": 26.42155033854507,
  "output_ssim": 0.8290807604789734,
  "p95_disp_px": 3.438772201538086,
  "phase": "phase4a_existence_probe",
  "prompt": "add headphones",
  "prompt_slug": "add_headphones",
  "prompt_type": "headphones",
  "seed": 51101,
  "target_input_ssim": 0.78,
  "theta_names": [
    "scale_logit",
    "action_face_side_push_left",
    "action_face_side_push_right",
    "action_head_top_raise",
    "action_head_top_lower",
    "action_jaw_expand",
    "action_jaw_compress",
    "action_asymmetry_twist"
  ],
  "theta_values": [
    -0.2988347113132477,
    -0.7321255803108215,
    0.13348732888698578,
    -0.005845500621944666,
    0.18918859958648682,
    0.9449750185012817,
    0.9759167432785034,
    -1.3496060371398926
  ]
}
