{
  "clean_clip_positive_margin": 0.03089107573032379,
  "clean_semantic_success_score": 0.03089107573032379,
  "clip_available": true,
  "clip_semantic_drop": 0.008408471941947937,
  "clip_warning": null,
  "crop_clip_available": false,
  "crop_clip_warning": null,
  "decision_label": "metric_only_candidate",
  "decision_reasons": [
    "semantic_drop_small:0.0084",
    "semantic_drop_small:0.0084",
    "semantic_drop_small:0.0084"
  ],
  "edit_failure_score": 0.008408471941947937,
  "final_attack_score": 0.36569983626417524,
  "full_image_semantic_drop": 0.008408471941947937,
  "geometry_excess_penalty": 0.0,
  "geometry_excess_penalty_weight": 0.75,
  "identity_or_face_health_available": false,
  "input_damage_penalty": 0.0,
  "input_damage_penalty_weight": 3.0,
  "input_l2": 0.05881056408224538,
  "input_max_abs": 0.8941176533699036,
  "input_mean_abs": 0.029970088973641396,
  "input_preservation_score": 0.10489781336350863,
  "input_psnr": 24.610893100742906,
  "input_ssim": 0.8030775189399719,
  "max_disp_px_budget": 14.0,
  "output_disruption_score": 0.5968641214571835,
  "output_disruption_weight": 0.5,
  "output_l2": 0.07827224267031851,
  "output_max_abs": 0.8313725590705872,
  "output_mean_abs": 0.047139208763837814,
  "output_psnr": 22.127844450371057,
  "output_ssim": 0.7162248492240906,
  "perturbed_clip_positive_margin": 0.022482603788375854,
  "perturbed_semantic_success_score": 0.022482603788375854,
  "phase2_final_score": 0.36569983626417524,
  "phase2_output_disruption": 0.5968641214571835,
  "phase2_score_formula": "8.0*max(0,semantic_drop)+0.5*output_disruption-3.0*input_damage_penalty-0.75*geometry_excess_penalty",
  "phase4_budget_name": "existence_probe",
  "phase4_final_score": 0.36569983626417524,
  "phase4_score_formula": "8.0*max(0,semantic_drop)+0.5*output_disruption-3.0*input_damage_penalty-0.75*geometry_excess_penalty",
  "semantic_drop": 0.008408471941947937,
  "semantic_drop_weight": 8.0,
  "target_input_ssim": 0.78
}
