{
  "budget": "existence_probe",
  "budget_max_disp_px": 14.0,
  "candidate_folder_abs": "/home/interns/Desktop/mat/phase4/outputs/phase4c_real_landmark_sanity/cases/face_001/igs_1p50/make_the_person_smile_slightly/existence_probe/seed_00/candidates/cand_019_g02_m07",
  "candidate_index": 19,
  "candidate_name": "cand_019_g02_m07",
  "case_id": "face_001__make_the_person_smile_slightly__igs_1p50",
  "elapsed_seconds": 4.698356855660677,
  "face_id": "face_001",
  "generation": 2,
  "geometry_method": "landmark_piecewise_affine",
  "guidance_scale": 7.5,
  "image_guidance_scale": 1.5,
  "initial_candidate": false,
  "input_l2": 0.04077314185011391,
  "input_max_abs": 0.8980392217636108,
  "input_mean_abs": 0.016413064673542976,
  "input_psnr": 27.792516437822453,
  "input_ssim": 0.8563552498817444,
  "landmark_count": 478,
  "landmark_detector": "mediapipe_python_solutions_face_mesh",
  "max_disp_px": 7.285076141357422,
  "max_disp_px_budget": 14.0,
  "mean_disp_px": 1.8360824584960938,
  "member": 7,
  "output_l2": 0.05714307715242418,
  "output_max_abs": 0.9607843160629272,
  "output_mean_abs": 0.02483743242919445,
  "output_psnr": 24.860727531660945,
  "output_ssim": 0.8336123824119568,
  "p95_disp_px": 5.389537811279297,
  "phase": "phase4c_real_landmark_sanity",
  "prompt": "make the person smile slightly",
  "prompt_slug": "make_the_person_smile_slightly",
  "prompt_type": "smile",
  "real_landmarks": true,
  "seed": 48101,
  "target_input_ssim": 0.78,
  "theta_names": [
    "scale_logit",
    "action_mouth_corner_raise",
    "action_mouth_corner_lower",
    "action_mouth_width_expand",
    "action_mouth_width_compress",
    "action_chin_raise",
    "action_chin_lower"
  ],
  "theta_values": [
    -0.44027870893478394,
    -1.4778867959976196,
    0.13336779177188873,
    0.36411699652671814,
    -1.7390756607055664,
    0.20473654568195343,
    0.7138224244117737
  ]
}
