{
  "best_folder": "phase4/outputs/phase4a_existence_probe/cases/face_002/igs_1p50/add_headphones/existence_probe/seed_00/candidates/cand_067_g04_m07",
  "budget": "existence_probe",
  "budget_max_disp_px": 14.0,
  "candidate_folder": "phase4/outputs/phase4a_existence_probe/cases/face_002/igs_1p50/add_headphones/existence_probe/seed_00/candidates/cand_067_g04_m07",
  "candidate_index": 67,
  "candidate_name": "cand_067_g04_m07",
  "case_id": "face_002__add_headphones__igs_1p50",
  "clean_clip_positive_margin": 0.04682642221450806,
  "clean_semantic_success_score": 0.04682642221450806,
  "clip_available": true,
  "clip_semantic_drop": 0.003307819366455078,
  "clip_warning": null,
  "crop_clip_available": true,
  "crop_clip_warning": null,
  "decision_label": "metric_only_candidate",
  "decision_reasons": [
    "semantic_drop_small:0.0033",
    "semantic_drop_small:0.0033",
    "semantic_drop_small:0.0033"
  ],
  "edit_failure_score": 0.003307819366455078,
  "elapsed_seconds": 2.4612319134175777,
  "face_id": "face_002",
  "final_attack_score": 0.2071153624462998,
  "full_image_semantic_drop": 0.003307819366455078,
  "generation": 4,
  "geometry_excess_penalty": 0.0,
  "geometry_excess_penalty_weight": 0.75,
  "geometry_method": "landmark_piecewise_affine",
  "guidance_scale": 7.5,
  "identity_or_face_health_available": false,
  "image_guidance_scale": 1.5,
  "initial_candidate": false,
  "input_damage_penalty": 0.0,
  "input_damage_penalty_weight": 3.0,
  "input_l2": 0.029984334881232887,
  "input_max_abs": 0.6352940797805786,
  "input_mean_abs": 0.015520871616899967,
  "input_preservation_score": 0.4338959455490112,
  "input_psnr": 30.462111606601802,
  "input_ssim": 0.8754571080207825,
  "left_crop_clean_margin": 0.01800447702407837,
  "left_crop_perturbed_margin": 0.019992202520370483,
  "left_crop_semantic_drop": -0.0019877254962921143,
  "max_disp_px": 2.790187120437622,
  "max_disp_px_budget": 14.0,
  "mean_crop_margin": 0.013591920336087545,
  "mean_crop_semantic_drop": 0.0005785475174585978,
  "mean_disp_px": 0.8160967826843262,
  "member": 7,
  "min_crop_margin": -0.0017425119876861572,
  "min_crop_semantic_drop": -0.0019877254962921143,
  "output_disruption_score": 0.36130561502931835,
  "output_disruption_weight": 0.5,
  "output_l2": 0.0476911566460091,
  "output_max_abs": 0.8352941274642944,
  "output_mean_abs": 0.025487089529633522,
  "output_psnr": 26.43124289127325,
  "output_ssim": 0.829459011554718,
  "p95_disp_px": 1.8794775009155273,
  "path_clean_edit": "phase4/outputs/phase4a_existence_probe/cases/face_002/igs_1p50/add_headphones/existence_probe/seed_00/candidates/cand_067_g04_m07/clean_edit.png",
  "path_flow": "phase4/outputs/phase4a_existence_probe/cases/face_002/igs_1p50/add_headphones/existence_probe/seed_00/candidates/cand_067_g04_m07/flow.png",
  "path_landmarks_overlay_original": "phase4/outputs/phase4a_existence_probe/cases/face_002/igs_1p50/add_headphones/existence_probe/seed_00/candidates/cand_067_g04_m07/landmarks_overlay_original.jpg",
  "path_landmarks_overlay_perturbed": "phase4/outputs/phase4a_existence_probe/cases/face_002/igs_1p50/add_headphones/existence_probe/seed_00/candidates/cand_067_g04_m07/landmarks_overlay_perturbed.jpg",
  "path_original": "phase4/outputs/phase4a_existence_probe/cases/face_002/igs_1p50/add_headphones/existence_probe/seed_00/candidates/cand_067_g04_m07/original.png",
  "path_perturbed": "phase4/outputs/phase4a_existence_probe/cases/face_002/igs_1p50/add_headphones/existence_probe/seed_00/candidates/cand_067_g04_m07/perturbed.png",
  "path_perturbed_edit": "phase4/outputs/phase4a_existence_probe/cases/face_002/igs_1p50/add_headphones/existence_probe/seed_00/candidates/cand_067_g04_m07/perturbed_edit.png",
  "perturbed_clip_positive_margin": 0.04351860284805298,
  "perturbed_semantic_success_score": 0.04351860284805298,
  "phase": "phase4a_existence_probe",
  "phase2_final_score": 0.2071153624462998,
  "phase2_output_disruption": 0.36130561502931835,
  "phase2_score_formula": "8.0*max(0,semantic_drop)+0.5*output_disruption-3.0*input_damage_penalty-0.75*geometry_excess_penalty",
  "phase4_budget_name": "existence_probe",
  "phase4_final_score": 0.2071153624462998,
  "phase4_score_formula": "8.0*max(0,semantic_drop)+0.5*output_disruption-3.0*input_damage_penalty-0.75*geometry_excess_penalty",
  "prompt": "add headphones",
  "prompt_slug": "add_headphones",
  "prompt_type": "headphones",
  "right_crop_clean_margin": 0.02526278793811798,
  "right_crop_perturbed_margin": 0.022526070475578308,
  "right_crop_semantic_drop": 0.002736717462539673,
  "seed": 51101,
  "semantic_drop": 0.003307819366455078,
  "semantic_drop_weight": 8.0,
  "target_input_ssim": 0.78,
  "theta_names": [
    "scale_logit",
    "action_face_side_push_left",
    "action_face_side_push_right",
    "action_head_top_raise",
    "action_head_top_lower",
    "action_jaw_expand",
    "action_jaw_compress",
    "action_asymmetry_twist"
  ],
  "theta_values": [
    -0.27209559082984924,
    -0.6097486019134521,
    -0.3846139907836914,
    1.1261481046676636,
    0.695629358291626,
    0.7562164068222046,
    0.16366711258888245,
    0.13108564913272858
  ],
  "top_crop_clean_margin": -0.0007558614015579224,
  "top_crop_perturbed_margin": -0.0017425119876861572,
  "top_crop_semantic_drop": 0.0009866505861282349
}
