{
  "displacement": {
    "budget_max_disp_px": 8.0,
    "max_disp_px": 2.1631109714508057,
    "max_disp_px_budget": 8.0,
    "mean_disp_px": 0.39111194014549255,
    "p95_disp_px": 1.1201175451278687,
    "target_input_ssim": 0.88
  },
  "input": {
    "l2": 0.015602561365940007,
    "max_abs": 0.35686275362968445,
    "mean_abs": 0.006478612776845694,
    "psnr": 36.13608201267694,
    "ssim": 0.9629324078559875
  },
  "output": {
    "l2": 0.03195400103636604,
    "max_abs": 0.7764706015586853,
    "mean_abs": 0.01352855283766985,
    "psnr": 29.909495101144575,
    "ssim": 0.9478171467781067
  }
}
