{
  "best_candidate_this_generation": "cand_063_g04_m03",
  "best_score_this_generation": 0.3954274220823414,
  "budget": "existence_probe",
  "cem_state": {
    "mean_abs": 0.8655785322189331,
    "method_probs": [
      0.9557738095238095,
      0.044226190476190474
    ],
    "methods": [
      "landmark_semantic_tps",
      "landmark_piecewise_affine"
    ],
    "std_max": 0.5325891375541687,
    "std_mean": 0.39447417855262756,
    "std_min": 0.2296406626701355
  },
  "decision_counts": {
    "metric_only_candidate": 15,
    "reject_input_damage": 5
  },
  "elapsed_seconds": 68.62682097963989,
  "elite": 4,
  "elite_candidate_names": [
    "cand_063_g04_m03",
    "cand_077_g04_m17",
    "cand_071_g04_m11",
    "cand_072_g04_m12"
  ],
  "face_id": "face_005",
  "generation": 4,
  "population": 20,
  "prompt": "add a small beard"
}
