{
  "best_candidate_this_generation": "cand_059_g03_m19",
  "best_score_this_generation": 0.4029095822839507,
  "budget": "existence_probe",
  "cem_state": {
    "mean_abs": 0.712614893913269,
    "method_probs": [
      0.9178571428571429,
      0.08214285714285713
    ],
    "methods": [
      "landmark_semantic_tps",
      "landmark_piecewise_affine"
    ],
    "std_max": 0.657611608505249,
    "std_mean": 0.4649654030799866,
    "std_min": 0.22252494096755981
  },
  "decision_counts": {
    "metric_only_candidate": 15,
    "reject_input_damage": 5
  },
  "elapsed_seconds": 65.7170337382704,
  "elite": 4,
  "elite_candidate_names": [
    "cand_059_g03_m19",
    "cand_046_g03_m06",
    "cand_057_g03_m17",
    "cand_060_g03_m20"
  ],
  "face_id": "face_005",
  "generation": 3,
  "population": 20,
  "prompt": "add a small beard"
}
