{
  "best_folder": "phase4/outputs/phase4a_existence_probe/cases/face_003/igs_1p50/add_headphones/existence_probe/seed_00/candidates/cand_080_g04_m20",
  "budget": "existence_probe",
  "budget_max_disp_px": 14.0,
  "candidate_folder": "phase4/outputs/phase4a_existence_probe/cases/face_003/igs_1p50/add_headphones/existence_probe/seed_00/candidates/cand_080_g04_m20",
  "candidate_index": 80,
  "candidate_name": "cand_080_g04_m20",
  "case_id": "face_003__add_headphones__igs_1p50",
  "clean_clip_positive_margin": 0.04772844910621643,
  "clean_semantic_success_score": 0.04772844910621643,
  "clip_available": true,
  "clip_semantic_drop": 0.02686479687690735,
  "clip_warning": null,
  "crop_clip_available": true,
  "crop_clip_warning": null,
  "decision_label": "reject_input_damage",
  "decision_reasons": [
    "input_ssim_below_target:0.7479<0.7800"
  ],
  "edit_failure_score": 0.02686479687690735,
  "elapsed_seconds": 2.6372623164206743,
  "face_id": "face_003",
  "final_attack_score": -0.25706196725495534,
  "full_image_semantic_drop": 0.02686479687690735,
  "generation": 4,
  "geometry_excess_penalty": 0.0,
  "geometry_excess_penalty_weight": 0.75,
  "geometry_method": "landmark_piecewise_affine",
  "guidance_scale": 7.5,
  "identity_or_face_health_available": false,
  "image_guidance_scale": 1.5,
  "initial_candidate": false,
  "input_damage_penalty": 0.2571952247619631,
  "input_damage_penalty_weight": 3.0,
  "input_l2": 0.05353969673015985,
  "input_max_abs": 0.6392157077789307,
  "input_mean_abs": 0.028013259172439575,
  "input_preservation_score": 0.0,
  "input_psnr": 25.426481863127833,
  "input_ssim": 0.7478505969047546,
  "left_crop_clean_margin": 0.018402695655822754,
  "left_crop_perturbed_margin": 0.019589930772781372,
  "left_crop_semantic_drop": -0.0011872351169586182,
  "max_disp_px": 9.215293884277344,
  "max_disp_px_budget": 14.0,
  "mean_crop_margin": 0.010810439785321554,
  "mean_crop_semantic_drop": 0.004523466030756633,
  "mean_disp_px": 2.8113603591918945,
  "member": 20,
  "min_crop_margin": -0.009759709239006042,
  "min_crop_semantic_drop": -0.0011872351169586182,
  "output_disruption_score": 0.5992106640313504,
  "output_disruption_weight": 0.5,
  "output_l2": 0.07465086489852363,
  "output_max_abs": 0.929411768913269,
  "output_mean_abs": 0.03797447308897972,
  "output_psnr": 22.53930312422312,
  "output_ssim": 0.6993927955627441,
  "p95_disp_px": 6.137391090393066,
  "path_clean_edit": "phase4/outputs/phase4a_existence_probe/cases/face_003/igs_1p50/add_headphones/existence_probe/seed_00/candidates/cand_080_g04_m20/clean_edit.png",
  "path_flow": "phase4/outputs/phase4a_existence_probe/cases/face_003/igs_1p50/add_headphones/existence_probe/seed_00/candidates/cand_080_g04_m20/flow.png",
  "path_landmarks_overlay_original": "phase4/outputs/phase4a_existence_probe/cases/face_003/igs_1p50/add_headphones/existence_probe/seed_00/candidates/cand_080_g04_m20/landmarks_overlay_original.jpg",
  "path_landmarks_overlay_perturbed": "phase4/outputs/phase4a_existence_probe/cases/face_003/igs_1p50/add_headphones/existence_probe/seed_00/candidates/cand_080_g04_m20/landmarks_overlay_perturbed.jpg",
  "path_original": "phase4/outputs/phase4a_existence_probe/cases/face_003/igs_1p50/add_headphones/existence_probe/seed_00/candidates/cand_080_g04_m20/original.png",
  "path_perturbed": "phase4/outputs/phase4a_existence_probe/cases/face_003/igs_1p50/add_headphones/existence_probe/seed_00/candidates/cand_080_g04_m20/perturbed.png",
  "path_perturbed_edit": "phase4/outputs/phase4a_existence_probe/cases/face_003/igs_1p50/add_headphones/existence_probe/seed_00/candidates/cand_080_g04_m20/perturbed_edit.png",
  "perturbed_clip_positive_margin": 0.020863652229309082,
  "perturbed_semantic_success_score": 0.020863652229309082,
  "phase": "phase4a_existence_probe",
  "phase2_final_score": -0.25706196725495534,
  "phase2_output_disruption": 0.5992106640313504,
  "phase2_score_formula": "8.0*max(0,semantic_drop)+0.5*output_disruption-3.0*input_damage_penalty-0.75*geometry_excess_penalty",
  "phase4_budget_name": "existence_probe",
  "phase4_final_score": -0.25706196725495534,
  "phase4_score_formula": "8.0*max(0,semantic_drop)+0.5*output_disruption-3.0*input_damage_penalty-0.75*geometry_excess_penalty",
  "prompt": "add headphones",
  "prompt_slug": "add_headphones",
  "prompt_type": "headphones",
  "right_crop_clean_margin": 0.026048898696899414,
  "right_crop_perturbed_margin": 0.02260109782218933,
  "right_crop_semantic_drop": 0.003447800874710083,
  "seed": 46101,
  "semantic_drop": 0.02686479687690735,
  "semantic_drop_weight": 8.0,
  "target_input_ssim": 0.78,
  "theta_names": [
    "scale_logit",
    "action_face_side_push_left",
    "action_face_side_push_right",
    "action_head_top_raise",
    "action_head_top_lower",
    "action_jaw_expand",
    "action_jaw_compress",
    "action_asymmetry_twist"
  ],
  "theta_values": [
    0.5085702538490295,
    -1.477160096168518,
    -0.5929117798805237,
    -0.2378438115119934,
    -1.8614915609359741,
    0.26711565256118774,
    -0.7550118565559387,
    0.7577950358390808
  ],
  "top_crop_clean_margin": 0.0015501230955123901,
  "top_crop_perturbed_margin": -0.009759709239006042,
  "top_crop_semantic_drop": 0.011309832334518433
}
