{
  "best_folder": "phase4/outputs/phase4a_existence_probe/cases/face_002/igs_1p50/add_headphones/strong/seed_00/candidates/cand_024_g02_m04",
  "budget": "strong",
  "budget_max_disp_px": 8.0,
  "candidate_folder": "phase4/outputs/phase4a_existence_probe/cases/face_002/igs_1p50/add_headphones/strong/seed_00/candidates/cand_024_g02_m04",
  "candidate_index": 24,
  "candidate_name": "cand_024_g02_m04",
  "case_id": "face_002__add_headphones__igs_1p50",
  "clean_clip_positive_margin": 0.04682642221450806,
  "clean_semantic_success_score": 0.04682642221450806,
  "clip_available": true,
  "clip_semantic_drop": 0.0013439357280731201,
  "clip_warning": null,
  "crop_clip_available": true,
  "crop_clip_warning": null,
  "decision_label": "metric_only_candidate",
  "decision_reasons": [
    "semantic_drop_small:0.0013",
    "semantic_drop_small:0.0013",
    "semantic_drop_small:0.0013"
  ],
  "edit_failure_score": 0.0013439357280731201,
  "elapsed_seconds": 2.4093077667057514,
  "face_id": "face_002",
  "final_attack_score": 0.0902473865784076,
  "full_image_semantic_drop": 0.0013439357280731201,
  "generation": 2,
  "geometry_excess_penalty": 0.0,
  "geometry_excess_penalty_weight": 0.75,
  "geometry_method": "landmark_piecewise_affine",
  "guidance_scale": 7.5,
  "identity_or_face_health_available": false,
  "image_guidance_scale": 1.5,
  "initial_candidate": false,
  "input_damage_penalty": 0.0,
  "input_damage_penalty_weight": 3.0,
  "input_l2": 0.011979042918902442,
  "input_max_abs": 0.28235292434692383,
  "input_mean_abs": 0.0054769981652498245,
  "input_preservation_score": 0.7964585820833842,
  "input_psnr": 38.431557581577906,
  "input_ssim": 0.9755750298500061,
  "left_crop_clean_margin": 0.01800447702407837,
  "left_crop_perturbed_margin": 0.01976628601551056,
  "left_crop_semantic_drop": -0.00176180899143219,
  "max_disp_px": 1.0515010356903076,
  "max_disp_px_budget": 8.0,
  "mean_crop_margin": 0.013962859908739725,
  "mean_crop_semantic_drop": 0.00020760794480641684,
  "mean_disp_px": 0.25862276554107666,
  "member": 4,
  "min_crop_margin": -0.0003204941749572754,
  "min_crop_semantic_drop": -0.00176180899143219,
  "output_disruption_score": 0.15899180150764528,
  "output_disruption_weight": 0.5,
  "output_l2": 0.023910057486934817,
  "output_max_abs": 0.6352941393852234,
  "output_mean_abs": 0.012495509348809719,
  "output_psnr": 32.428387594180904,
  "output_ssim": 0.936648428440094,
  "p95_disp_px": 0.7203510403633118,
  "path_clean_edit": "phase4/outputs/phase4a_existence_probe/cases/face_002/igs_1p50/add_headphones/strong/seed_00/candidates/cand_024_g02_m04/clean_edit.png",
  "path_flow": "phase4/outputs/phase4a_existence_probe/cases/face_002/igs_1p50/add_headphones/strong/seed_00/candidates/cand_024_g02_m04/flow.png",
  "path_landmarks_overlay_original": "phase4/outputs/phase4a_existence_probe/cases/face_002/igs_1p50/add_headphones/strong/seed_00/candidates/cand_024_g02_m04/landmarks_overlay_original.jpg",
  "path_landmarks_overlay_perturbed": "phase4/outputs/phase4a_existence_probe/cases/face_002/igs_1p50/add_headphones/strong/seed_00/candidates/cand_024_g02_m04/landmarks_overlay_perturbed.jpg",
  "path_original": "phase4/outputs/phase4a_existence_probe/cases/face_002/igs_1p50/add_headphones/strong/seed_00/candidates/cand_024_g02_m04/original.png",
  "path_perturbed": "phase4/outputs/phase4a_existence_probe/cases/face_002/igs_1p50/add_headphones/strong/seed_00/candidates/cand_024_g02_m04/perturbed.png",
  "path_perturbed_edit": "phase4/outputs/phase4a_existence_probe/cases/face_002/igs_1p50/add_headphones/strong/seed_00/candidates/cand_024_g02_m04/perturbed_edit.png",
  "perturbed_clip_positive_margin": 0.045482486486434937,
  "perturbed_semantic_success_score": 0.045482486486434937,
  "phase": "phase4a_existence_probe",
  "phase2_final_score": 0.0902473865784076,
  "phase2_output_disruption": 0.15899180150764528,
  "phase2_score_formula": "8.0*max(0,semantic_drop)+0.5*output_disruption-3.0*input_damage_penalty-0.75*geometry_excess_penalty",
  "phase4_budget_name": "strong",
  "phase4_final_score": 0.0902473865784076,
  "phase4_score_formula": "8.0*max(0,semantic_drop)+0.5*output_disruption-3.0*input_damage_penalty-0.75*geometry_excess_penalty",
  "prompt": "add headphones",
  "prompt_slug": "add_headphones",
  "prompt_type": "headphones",
  "right_crop_clean_margin": 0.02526278793811798,
  "right_crop_perturbed_margin": 0.022442787885665894,
  "right_crop_semantic_drop": 0.0028200000524520874,
  "seed": 51001,
  "semantic_drop": 0.0013439357280731201,
  "semantic_drop_weight": 8.0,
  "target_input_ssim": 0.88,
  "theta_names": [
    "scale_logit",
    "action_face_side_push_left",
    "action_face_side_push_right",
    "action_head_top_raise",
    "action_head_top_lower",
    "action_jaw_expand",
    "action_jaw_compress",
    "action_asymmetry_twist"
  ],
  "theta_values": [
    -1.8773328065872192,
    -0.009582346305251122,
    0.41126158833503723,
    -0.1824750006198883,
    -0.046225227415561676,
    0.1608562469482422,
    -0.7969169616699219,
    0.3144456148147583
  ],
  "top_crop_clean_margin": -0.0007558614015579224,
  "top_crop_perturbed_margin": -0.0003204941749572754,
  "top_crop_semantic_drop": -0.00043536722660064697
}
