{
  "displacement": {
    "budget_max_disp_px": 6.0,
    "max_disp_px": 3.012620210647583,
    "max_disp_px_budget": 6.0,
    "mean_disp_px": 0.27318164706230164,
    "p95_disp_px": 1.7525768280029297,
    "target_input_ssim": 0.9
  },
  "input": {
    "l2": 0.012793403287780294,
    "max_abs": 0.34117648005485535,
    "mean_abs": 0.0031573770102113485,
    "psnr": 37.860278191749835,
    "ssim": 0.9797089695930481
  },
  "output": {
    "l2": 0.024043197714027586,
    "max_abs": 0.8196078538894653,
    "mean_abs": 0.008436998352408409,
    "psnr": 32.38015544453251,
    "ssim": 0.9614975452423096
  }
}
