{
  "clean_clip_positive_margin": 0.020921379327774048,
  "clean_semantic_success_score": 0.020921379327774048,
  "clip_available": true,
  "clip_semantic_drop": 0.0008762478828430176,
  "clip_warning": null,
  "crop_clip_available": false,
  "crop_clip_warning": null,
  "decision_label": "metric_only_candidate",
  "decision_reasons": [
    "semantic_drop_small:0.0009",
    "semantic_drop_small:0.0009"
  ],
  "edit_failure_score": 0.0008762478828430176,
  "final_attack_score": 0.087448502309686,
  "full_image_semantic_drop": 0.0008762478828430176,
  "geometry_excess_penalty": 0.0,
  "geometry_excess_penalty_weight": 1.0,
  "identity_or_face_health_available": false,
  "input_damage_penalty": 0.0,
  "input_damage_penalty_weight": 3.0,
  "input_l2": 0.008615116476800485,
  "input_max_abs": 0.43529412150382996,
  "input_mean_abs": 0.0015457401750609279,
  "input_preservation_score": 0.8536954323450726,
  "input_psnr": 41.29477692986807,
  "input_ssim": 0.9912217259407043,
  "max_disp_px_budget": 4.0,
  "output_disruption_score": 0.08394351077831393,
  "output_disruption_weight": 1.0,
  "output_l2": 0.015664792241545034,
  "output_max_abs": 0.8156862854957581,
  "output_mean_abs": 0.006069956347346306,
  "output_psnr": 36.10150721379285,
  "output_ssim": 0.9787156581878662,
  "perturbed_clip_positive_margin": 0.02004513144493103,
  "perturbed_semantic_success_score": 0.02004513144493103,
  "phase2_final_score": 0.087448502309686,
  "phase2_output_disruption": 0.08394351077831393,
  "phase2_score_formula": "4.0*max(0,semantic_drop)+1.0*output_disruption-3.0*input_damage_penalty-1.0*geometry_excess_penalty",
  "semantic_drop": 0.0008762478828430176,
  "semantic_drop_weight": 4.0,
  "target_input_ssim": 0.94
}
