{
  "best_folder": "phase2/outputs/phase2c_probe/semantic_heavy_cem/headphones_sides_only/strong/seed_00/candidates/cand_028_g02_m12",
  "budget": "strong",
  "budget_max_disp_px": 6.0,
  "candidate_folder": "phase2/outputs/phase2c_probe/semantic_heavy_cem/headphones_sides_only/strong/seed_00/candidates/cand_028_g02_m12",
  "candidate_index": 28,
  "candidate_name": "cand_028_g02_m12",
  "clean_clip_positive_margin": 0.027842342853546143,
  "clean_semantic_success_score": 0.027842342853546143,
  "clip_available": true,
  "clip_semantic_drop": 0.019057631492614746,
  "clip_warning": null,
  "crop_clip_available": true,
  "crop_clip_warning": null,
  "dct_modes": [
    [
      1,
      0
    ],
    [
      0,
      1
    ],
    [
      1,
      1
    ],
    [
      2,
      0
    ],
    [
      0,
      2
    ],
    [
      2,
      1
    ]
  ],
  "decision_label": "weak_candidate",
  "decision_reasons": [
    "semantic_drop_small:0.0191"
  ],
  "edit_failure_score": 0.019057631492614746,
  "elapsed_seconds": 4.993227003142238,
  "final_attack_score": 0.1823306349094894,
  "full_image_semantic_drop": 0.019057631492614746,
  "generation": 2,
  "geometry_excess_penalty": 0.0,
  "geometry_excess_penalty_weight": 0.75,
  "geometry_method": "region_local_tps",
  "identity_or_face_health_available": false,
  "initial_candidate": false,
  "input_damage_penalty": 0.0,
  "input_damage_penalty_weight": 3.0,
  "input_l2": 0.011815844204240982,
  "input_max_abs": 0.541176438331604,
  "input_mean_abs": 0.0033910011406987906,
  "input_preservation_score": 0.7126585245132445,
  "input_psnr": 38.550704879454486,
  "input_ssim": 0.9712658524513245,
  "left_crop_clean_margin": 0.02535329759120941,
  "left_crop_perturbed_margin": 0.025666862726211548,
  "left_crop_semantic_drop": -0.00031356513500213623,
  "max_disp_px": 1.7960231304168701,
  "max_disp_px_budget": 6.0,
  "mean_crop_margin": 0.016207148631413777,
  "mean_crop_semantic_drop": 0.0019041200478871663,
  "mean_disp_px": 0.3018569350242615,
  "member": 12,
  "mesh_size": 4,
  "min_crop_margin": 0.007799699902534485,
  "min_crop_semantic_drop": -0.00031356513500213623,
  "output_disruption_score": 0.11947833187428565,
  "output_disruption_weight": 0.25,
  "output_l2": 0.01913132937512659,
  "output_max_abs": 0.7254902124404907,
  "output_mean_abs": 0.007525784429162741,
  "output_psnr": 34.36509702368553,
  "output_ssim": 0.9570469856262207,
  "p95_disp_px": 1.4761651754379272,
  "path_flow": "phase2/outputs/phase2c_probe/semantic_heavy_cem/headphones_sides_only/strong/seed_00/candidates/cand_028_g02_m12/flow.png",
  "path_original": "phase2/outputs/phase2c_probe/semantic_heavy_cem/headphones_sides_only/strong/seed_00/candidates/cand_028_g02_m12/original.png",
  "path_original_edited": "phase2/outputs/phase2c_probe/semantic_heavy_cem/headphones_sides_only/strong/seed_00/candidates/cand_028_g02_m12/original_edited.png",
  "path_perturbed": "phase2/outputs/phase2c_probe/semantic_heavy_cem/headphones_sides_only/strong/seed_00/candidates/cand_028_g02_m12/perturbed.png",
  "path_perturbed_edited": "phase2/outputs/phase2c_probe/semantic_heavy_cem/headphones_sides_only/strong/seed_00/candidates/cand_028_g02_m12/perturbed_edited.png",
  "perturbed_clip_positive_margin": 0.008784711360931396,
  "perturbed_semantic_success_score": 0.008784711360931396,
  "phase": "phase2c_probe",
  "phase2_final_score": 0.1823306349094894,
  "phase2_output_disruption": 0.11947833187428565,
  "phase2_score_formula": "8.0*max(0,semantic_drop)+0.25*output_disruption-3.0*input_damage_penalty-0.75*geometry_excess_penalty",
  "prompt": "add headphones",
  "prompt_priority": 1,
  "prompt_slug": "add_headphones",
  "region_count": 2,
  "region_key": "headphones_sides_only",
  "right_crop_clean_margin": 0.021481528878211975,
  "right_crop_perturbed_margin": 0.0151548832654953,
  "right_crop_semantic_drop": 0.006326645612716675,
  "scale_factor": 0.3054461181163788,
  "seed": 24101,
  "semantic_drop": 0.019057631492614746,
  "semantic_drop_weight": 8.0,
  "target_input_ssim": 0.9,
  "top_crop_clean_margin": 0.007498979568481445,
  "top_crop_perturbed_margin": 0.007799699902534485,
  "top_crop_semantic_drop": -0.00030072033405303955,
  "tps_size": 4
}
