{
  "action_names": [
    "jaw_expand",
    "jaw_compress",
    "chin_raise",
    "chin_lower",
    "mouth_width_expand",
    "lower_face_shift"
  ],
  "action_strength": 0.72,
  "action_values": {
    "chin_lower": 0.8458413527527096,
    "chin_raise": 0.5332796309805923,
    "jaw_compress": 0.30785689757632706,
    "jaw_expand": -0.46771034584800597,
    "lower_face_shift": -0.3018457462781306,
    "mouth_width_expand": -0.48920670885618955
  },
  "active_actions": {
    "chin_lower": 0.8458413527527096,
    "chin_raise": 0.5332796309805923,
    "jaw_compress": 0.30785689757632706,
    "jaw_expand": -0.46771034584800597,
    "lower_face_shift": -0.3018457462781306,
    "mouth_width_expand": -0.48920670885618955
  },
  "active_anchor_count": 6,
  "control_point_count": 14,
  "geometry_method": "landmark_semantic_tps",
  "max_disp_px_budget": 14.0,
  "scale_factor": 0.9287182884108633,
  "source_control_points": [
    [
      174.0800018310547,
      394.239990234375
    ],
    [
      337.9200134277344,
      394.239990234375
    ],
    [
      256.0,
      419.8399963378906
    ],
    [
      256.0,
      376.32000732421875
    ],
    [
      204.8000030517578,
      335.3599853515625
    ],
    [
      307.20001220703125,
      335.3599853515625
    ],
    [
      0.0,
      0.0
    ],
    [
      511.0,
      0.0
    ],
    [
      0.0,
      511.0
    ],
    [
      511.0,
      511.0
    ],
    [
      256.0,
      0.0
    ],
    [
      256.0,
      511.0
    ],
    [
      0.0,
      256.0
    ],
    [
      511.0,
      256.0
    ]
  ],
  "target_control_points": [
    [
      181.89772033691406,
      394.239990234375
    ],
    [
      330.102294921875,
      394.239990234375
    ],
    [
      253.71804809570312,
      422.9906311035156
    ],
    [
      252.9573974609375,
      377.89532470703125
    ],
    [
      209.731201171875,
      335.3599853515625
    ],
    [
      302.268798828125,
      335.3599853515625
    ],
    [
      0.0,
      0.0
    ],
    [
      511.0,
      0.0
    ],
    [
      0.0,
      511.0
    ],
    [
      511.0,
      511.0
    ],
    [
      256.0,
      0.0
    ],
    [
      256.0,
      511.0
    ],
    [
      0.0,
      256.0
    ],
    [
      511.0,
      256.0
    ]
  ],
  "tps_regularization": 0.0001
}
