{
  "displacement": {
    "budget_max_disp_px": 6.0,
    "max_disp_px": 2.484318733215332,
    "max_disp_px_budget": 6.0,
    "mean_disp_px": 0.1729450225830078,
    "p95_disp_px": 1.5399482250213623,
    "target_input_ssim": 0.9
  },
  "input": {
    "l2": 0.014007370974411182,
    "max_abs": 0.38823533058166504,
    "mean_abs": 0.0028563307132571936,
    "psnr": 37.07286738485996,
    "ssim": 0.9766883254051208
  },
  "output": {
    "l2": 0.01551353896938503,
    "max_abs": 0.7019608020782471,
    "mean_abs": 0.00403529591858387,
    "psnr": 36.18578238085736,
    "ssim": 0.9777790904045105
  }
}
