{
  "clean_clip_positive_margin": 0.04853600263595581,
  "clean_semantic_success_score": 0.04853600263595581,
  "clip_available": true,
  "clip_semantic_drop": -0.0011188387870788574,
  "clip_warning": null,
  "crop_clip_available": false,
  "crop_clip_warning": null,
  "decision_label": "metric_only_candidate",
  "decision_reasons": [
    "semantic_drop_nonpositive:-0.0011",
    "semantic_drop_nonpositive:-0.0011"
  ],
  "edit_failure_score": 0.0,
  "final_attack_score": 0.11019896085146792,
  "full_image_semantic_drop": -0.0011188387870788574,
  "geometry_excess_penalty": 0.0,
  "geometry_excess_penalty_weight": 1.0,
  "identity_or_face_health_available": false,
  "input_damage_penalty": 0.0,
  "input_damage_penalty_weight": 3.0,
  "input_l2": 0.01368614924705607,
  "input_max_abs": 0.4862745404243469,
  "input_mean_abs": 0.002861097687855363,
  "input_preservation_score": 0.8083376884460449,
  "input_psnr": 37.27437456690598,
  "input_ssim": 0.9808337688446045,
  "max_disp_px_budget": 6.0,
  "output_disruption_score": 0.11019896085146792,
  "output_disruption_weight": 1.0,
  "output_l2": 0.021619361179778297,
  "output_max_abs": 0.7764706015586853,
  "output_mean_abs": 0.004828582052141428,
  "output_psnr": 33.30314285908441,
  "output_ssim": 0.9762784838676453,
  "perturbed_clip_positive_margin": 0.04965484142303467,
  "perturbed_semantic_success_score": 0.04965484142303467,
  "phase2_final_score": 0.11019896085146792,
  "phase2_output_disruption": 0.11019896085146792,
  "phase2_score_formula": "4.0*max(0,semantic_drop)+1.0*output_disruption-3.0*input_damage_penalty-1.0*geometry_excess_penalty",
  "semantic_drop": -0.0011188387870788574,
  "semantic_drop_weight": 4.0,
  "target_input_ssim": 0.9
}
