{
  "best_folder": "phase4/outputs/phase4a_existence_probe/cases/face_003/igs_1p50/add_headphones/strong/seed_00/candidates/cand_012_g01_m12",
  "budget": "strong",
  "budget_max_disp_px": 8.0,
  "candidate_folder": "phase4/outputs/phase4a_existence_probe/cases/face_003/igs_1p50/add_headphones/strong/seed_00/candidates/cand_012_g01_m12",
  "candidate_index": 12,
  "candidate_name": "cand_012_g01_m12",
  "case_id": "face_003__add_headphones__igs_1p50",
  "clean_clip_positive_margin": 0.04772844910621643,
  "clean_semantic_success_score": 0.04772844910621643,
  "clip_available": true,
  "clip_semantic_drop": 0.002268075942993164,
  "clip_warning": null,
  "crop_clip_available": true,
  "crop_clip_warning": null,
  "decision_label": "reject_input_damage",
  "decision_reasons": [
    "input_ssim_below_target:0.7691<0.8800",
    "semantic_drop_small:0.0023"
  ],
  "edit_failure_score": 0.002268075942993164,
  "elapsed_seconds": 2.686588216573,
  "face_id": "face_003",
  "final_attack_score": -2.3826243457379603,
  "full_image_semantic_drop": 0.002268075942993164,
  "generation": 1,
  "geometry_excess_penalty": 0.0,
  "geometry_excess_penalty_weight": 0.75,
  "geometry_method": "landmark_piecewise_affine",
  "guidance_scale": 7.5,
  "identity_or_face_health_available": false,
  "image_guidance_scale": 1.5,
  "initial_candidate": false,
  "input_damage_penalty": 0.887188949584961,
  "input_damage_penalty_weight": 3.0,
  "input_l2": 0.048240508984697256,
  "input_max_abs": 0.6117647290229797,
  "input_mean_abs": 0.025471225380897522,
  "input_preservation_score": 0.0,
  "input_psnr": 26.331762372217455,
  "input_ssim": 0.7691013813018799,
  "left_crop_clean_margin": 0.018402695655822754,
  "left_crop_perturbed_margin": 0.020071208477020264,
  "left_crop_semantic_drop": -0.0016685128211975098,
  "max_disp_px": 7.527691841125488,
  "max_disp_px_budget": 8.0,
  "mean_crop_margin": 0.010278075933456421,
  "mean_crop_semantic_drop": 0.005055829882621765,
  "mean_disp_px": 2.350813150405884,
  "member": 12,
  "min_crop_margin": -0.010549962520599365,
  "min_crop_semantic_drop": -0.0016685128211975098,
  "output_disruption_score": 0.5215957909459548,
  "output_disruption_weight": 0.5,
  "output_l2": 0.06265259160684239,
  "output_max_abs": 0.9019607901573181,
  "output_mean_abs": 0.03320576623082161,
  "output_psnr": 24.061219196581884,
  "output_ssim": 0.7290145754814148,
  "p95_disp_px": 5.14150333404541,
  "path_clean_edit": "phase4/outputs/phase4a_existence_probe/cases/face_003/igs_1p50/add_headphones/strong/seed_00/candidates/cand_012_g01_m12/clean_edit.png",
  "path_flow": "phase4/outputs/phase4a_existence_probe/cases/face_003/igs_1p50/add_headphones/strong/seed_00/candidates/cand_012_g01_m12/flow.png",
  "path_landmarks_overlay_original": "phase4/outputs/phase4a_existence_probe/cases/face_003/igs_1p50/add_headphones/strong/seed_00/candidates/cand_012_g01_m12/landmarks_overlay_original.jpg",
  "path_landmarks_overlay_perturbed": "phase4/outputs/phase4a_existence_probe/cases/face_003/igs_1p50/add_headphones/strong/seed_00/candidates/cand_012_g01_m12/landmarks_overlay_perturbed.jpg",
  "path_original": "phase4/outputs/phase4a_existence_probe/cases/face_003/igs_1p50/add_headphones/strong/seed_00/candidates/cand_012_g01_m12/original.png",
  "path_perturbed": "phase4/outputs/phase4a_existence_probe/cases/face_003/igs_1p50/add_headphones/strong/seed_00/candidates/cand_012_g01_m12/perturbed.png",
  "path_perturbed_edit": "phase4/outputs/phase4a_existence_probe/cases/face_003/igs_1p50/add_headphones/strong/seed_00/candidates/cand_012_g01_m12/perturbed_edit.png",
  "perturbed_clip_positive_margin": 0.04546037316322327,
  "perturbed_semantic_success_score": 0.04546037316322327,
  "phase": "phase4a_existence_probe",
  "phase2_final_score": -2.3826243457379603,
  "phase2_output_disruption": 0.5215957909459548,
  "phase2_score_formula": "8.0*max(0,semantic_drop)+0.5*output_disruption-3.0*input_damage_penalty-0.75*geometry_excess_penalty",
  "phase4_budget_name": "strong",
  "phase4_final_score": -2.3826243457379603,
  "phase4_score_formula": "8.0*max(0,semantic_drop)+0.5*output_disruption-3.0*input_damage_penalty-0.75*geometry_excess_penalty",
  "prompt": "add headphones",
  "prompt_slug": "add_headphones",
  "prompt_type": "headphones",
  "right_crop_clean_margin": 0.026048898696899414,
  "right_crop_perturbed_margin": 0.021312981843948364,
  "right_crop_semantic_drop": 0.00473591685295105,
  "seed": 46001,
  "semantic_drop": 0.002268075942993164,
  "semantic_drop_weight": 8.0,
  "target_input_ssim": 0.88,
  "theta_names": [
    "scale_logit",
    "action_face_side_push_left",
    "action_face_side_push_right",
    "action_head_top_raise",
    "action_head_top_lower",
    "action_jaw_expand",
    "action_jaw_compress",
    "action_asymmetry_twist"
  ],
  "theta_values": [
    0.3453531265258789,
    0.2988434135913849,
    -0.43020758032798767,
    0.817950427532196,
    -0.713326096534729,
    -0.9137184619903564,
    2.5,
    1.6169521808624268
  ],
  "top_crop_clean_margin": 0.0015501230955123901,
  "top_crop_perturbed_margin": -0.010549962520599365,
  "top_crop_semantic_drop": 0.012100085616111755
}
