{
  "displacement": {
    "budget_max_disp_px": 6.0,
    "max_disp_px": 5.485976696014404,
    "max_disp_px_budget": 6.0,
    "mean_disp_px": 0.4189259707927704,
    "p95_disp_px": 2.6795578002929688,
    "target_input_ssim": 0.9
  },
  "input": {
    "l2": 0.019444514445775385,
    "max_abs": 0.8784313797950745,
    "mean_abs": 0.004379980731755495,
    "psnr": 34.224057945319664,
    "ssim": 0.9634301066398621
  },
  "output": {
    "l2": 0.03882379763674487,
    "max_abs": 0.9176470637321472,
    "mean_abs": 0.013443130999803543,
    "psnr": 28.21803970764178,
    "ssim": 0.937216579914093
  }
}
