{
  "budget": "medium",
  "budget_max_disp_px": 4.0,
  "candidate_folder_abs": "/home/interns/Desktop/mat/phase3/outputs/breadth_probe/cases/face_003/igs_1p00/add_a_small_beard/medium/seed_00/candidates/cand_003_g01_m03",
  "candidate_index": 3,
  "candidate_name": "cand_003_g01_m03",
  "dct_modes": [
    [
      1,
      0
    ],
    [
      0,
      1
    ],
    [
      1,
      1
    ],
    [
      2,
      0
    ],
    [
      0,
      2
    ],
    [
      2,
      1
    ]
  ],
  "elapsed_seconds": 4.868728071451187,
  "generation": 1,
  "geometry_method": "combined_tps_dct",
  "initial_candidate": false,
  "input_l2": 0.0030619123019778186,
  "input_max_abs": 0.14901962876319885,
  "input_mean_abs": 0.0006345362635329366,
  "input_psnr": 50.28014504684095,
  "input_ssim": 0.9975107312202454,
  "max_disp_px": 0.7351202964782715,
  "max_disp_px_budget": 4.0,
  "mean_disp_px": 0.06277959793806076,
  "member": 3,
  "mesh_size": 4,
  "output_l2": 0.009221536135901934,
  "output_max_abs": 0.16862745583057404,
  "output_mean_abs": 0.005136418621987104,
  "output_psnr": 40.703934551212825,
  "output_ssim": 0.982160747051239,
  "p95_disp_px": 0.4831649959087372,
  "phase": "phase3_breadth_probe",
  "prompt": "add a small beard",
  "prompt_priority": 4,
  "prompt_slug": "add_a_small_beard",
  "region_count": 1,
  "region_key": "beard",
  "scale_factor": 0.30921608209609985,
  "seed": 40001,
  "target_input_ssim": 0.94,
  "tps_size": 4
}
