{
  "budget": "existence_probe",
  "budget_max_disp_px": 8.0,
  "candidate_folder_abs": "/home/interns/Desktop/mat/phase2/outputs/phase2c_probe/semantic_heavy_cem/headphones_top_only/existence_probe/seed_00/candidates/cand_009_g01_m09",
  "candidate_index": 9,
  "candidate_name": "cand_009_g01_m09",
  "dct_modes": [
    [
      1,
      0
    ],
    [
      0,
      1
    ],
    [
      1,
      1
    ],
    [
      2,
      0
    ],
    [
      0,
      2
    ],
    [
      2,
      1
    ]
  ],
  "elapsed_seconds": 5.045044958591461,
  "generation": 1,
  "geometry_method": "region_local_tps",
  "initial_candidate": false,
  "input_l2": 0.012521367673898318,
  "input_max_abs": 0.3647059202194214,
  "input_mean_abs": 0.0029700042214244604,
  "input_psnr": 38.046964635312285,
  "input_ssim": 0.9664933681488037,
  "max_disp_px": 2.29899263381958,
  "max_disp_px_budget": 8.0,
  "mean_disp_px": 0.18379217386245728,
  "member": 9,
  "mesh_size": 4,
  "output_l2": 0.01735238740422054,
  "output_max_abs": 0.49803924560546875,
  "output_mean_abs": 0.006933175027370453,
  "output_psnr": 35.21281529913371,
  "output_ssim": 0.9575640559196472,
  "p95_disp_px": 1.3250190019607544,
  "phase": "phase2c_probe",
  "prompt": "add headphones",
  "prompt_priority": 1,
  "prompt_slug": "add_headphones",
  "region_count": 1,
  "region_key": "headphones_top_only",
  "scale_factor": 0.2932388484477997,
  "seed": 24302,
  "target_input_ssim": 0.86,
  "tps_size": 4
}
