{
  "budget": "strong",
  "budget_max_disp_px": 8.0,
  "candidate_folder_abs": "/home/interns/Desktop/mat/phase4/outputs/phase4a_existence_probe/cases/face_003/igs_1p50/add_headphones/strong/seed_00/candidates/cand_047_g03_m07",
  "candidate_index": 47,
  "candidate_name": "cand_047_g03_m07",
  "case_id": "face_003__add_headphones__igs_1p50",
  "elapsed_seconds": 2.61597010679543,
  "face_id": "face_003",
  "generation": 3,
  "geometry_method": "landmark_piecewise_affine",
  "guidance_scale": 7.5,
  "image_guidance_scale": 1.5,
  "initial_candidate": false,
  "input_l2": 0.018735820281225394,
  "input_max_abs": 0.37254905700683594,
  "input_mean_abs": 0.01004740223288536,
  "input_psnr": 34.54654576230705,
  "input_ssim": 0.9232308864593506,
  "max_disp_px": 2.1570231914520264,
  "max_disp_px_budget": 8.0,
  "mean_disp_px": 0.651732325553894,
  "member": 7,
  "output_l2": 0.037090015694720355,
  "output_max_abs": 0.6784313917160034,
  "output_mean_abs": 0.01734687015414238,
  "output_psnr": 28.614859657974034,
  "output_ssim": 0.880122184753418,
  "p95_disp_px": 1.462870717048645,
  "phase": "phase4a_existence_probe",
  "prompt": "add headphones",
  "prompt_slug": "add_headphones",
  "prompt_type": "headphones",
  "seed": 46001,
  "target_input_ssim": 0.88,
  "theta_names": [
    "scale_logit",
    "action_face_side_push_left",
    "action_face_side_push_right",
    "action_head_top_raise",
    "action_head_top_lower",
    "action_jaw_expand",
    "action_jaw_compress",
    "action_asymmetry_twist"
  ],
  "theta_values": [
    -0.5860505104064941,
    -0.746101438999176,
    1.155106782913208,
    -1.364124059677124,
    -0.41159147024154663,
    -0.6235020756721497,
    -1.805722951889038,
    -0.5177546143531799
  ]
}
