{
  "displacement": {
    "budget_max_disp_px": 8.0,
    "max_disp_px": 2.4964852333068848,
    "max_disp_px_budget": 8.0,
    "mean_disp_px": 0.4093334376811981,
    "p95_disp_px": 1.2386136054992676,
    "target_input_ssim": 0.88
  },
  "input": {
    "l2": 0.014079770623156617,
    "max_abs": 0.5254901647567749,
    "mean_abs": 0.006028321105986834,
    "psnr": 37.02808840658949,
    "ssim": 0.9711458086967468
  },
  "output": {
    "l2": 0.02303845476035823,
    "max_abs": 0.7058823704719543,
    "mean_abs": 0.01093518640846014,
    "psnr": 32.75093306709009,
    "ssim": 0.9395062327384949
  }
}
