{
  "displacement": {
    "foldover_fraction_det_below_0": 0.0,
    "jacobian_det_mean": 1.0,
    "jacobian_det_min": 0.9394078254699707,
    "low_det_fraction_below_0p2": 0.0,
    "max_disp_px": 0.947918713092804,
    "mean_disp_px": 0.1794118732213974,
    "p95_disp_px": 0.6099000573158264
  },
  "input": {
    "l2": 0.009770729176460035,
    "max_abs": 0.3921568691730499,
    "mean_abs": 0.0033879547845572233,
    "psnr": 40.20146048510043,
    "ssim": 0.9811063408851624
  },
  "output": {
    "l2": 0.021582903132368842,
    "max_abs": 0.6549019813537598,
    "mean_abs": 0.010768833570182323,
    "psnr": 33.317802768995726,
    "ssim": 0.9421327710151672
  }
}
