{
  "best_row": {
    "attack_score": 0.09002940761194522,
    "best_folder": "phase1/outputs/phase1a_screening/add_round_glasses/vae_conditioning/strong/start_01/best",
    "budget": "strong",
    "elapsed_seconds": 105.26620874740183,
    "foldover_fraction_det_below_0": 0.0,
    "input_damage_penalty": 0.0,
    "input_l2": 0.004826571059900058,
    "input_psnr": 46.327225909252476,
    "input_ssim": 0.9947774410247803,
    "iter": 0,
    "jacobian_det_mean": 1.0,
    "jacobian_det_min": 0.973564624786377,
    "low_det_fraction_below_0p2": 0.0,
    "max_disp_px": 0.4440590441226959,
    "mean_disp_px": 0.08835211396217346,
    "normalized_output_l2": 0.05606638299570377,
    "objective": "vae_conditioning",
    "objective_scale_used": 1.0,
    "output_disruption": 0.09002940761194522,
    "output_l2": 0.014016595748925942,
    "output_psnr": 37.067149038342045,
    "output_ssim": 0.9660369753837585,
    "p95_disp_px": 0.32608750462532043,
    "path_flow": "phase1/outputs/phase1a_screening/add_round_glasses/vae_conditioning/strong/start_01/checkpoints/iter_000/flow.png",
    "path_perturbed": "phase1/outputs/phase1a_screening/add_round_glasses/vae_conditioning/strong/start_01/checkpoints/iter_000/perturbed.png",
    "path_perturbed_edited": "phase1/outputs/phase1a_screening/add_round_glasses/vae_conditioning/strong/start_01/checkpoints/iter_000/perturbed_edited.png",
    "prompt": "add round glasses",
    "prompt_slug": "add_round_glasses",
    "start": 1,
    "target_input_ssim": 0.9
  },
  "checkpoint_rows": [
    {
      "attack_score": 0.09002940761194522,
      "budget": "strong",
      "foldover_fraction_det_below_0": 0.0,
      "input_damage_penalty": 0.0,
      "input_l2": 0.004826571059900058,
      "input_psnr": 46.327225909252476,
      "input_ssim": 0.9947774410247803,
      "iter": 0,
      "jacobian_det_mean": 1.0,
      "jacobian_det_min": 0.973564624786377,
      "low_det_fraction_below_0p2": 0.0,
      "max_disp_px": 0.4440590441226959,
      "mean_disp_px": 0.08835211396217346,
      "normalized_output_l2": 0.05606638299570377,
      "objective": "vae_conditioning",
      "output_disruption": 0.09002940761194522,
      "output_l2": 0.014016595748925942,
      "output_psnr": 37.067149038342045,
      "output_ssim": 0.9660369753837585,
      "p95_disp_px": 0.32608750462532043,
      "path_flow": "phase1/outputs/phase1a_screening/add_round_glasses/vae_conditioning/strong/start_01/checkpoints/iter_000/flow.png",
      "path_perturbed": "phase1/outputs/phase1a_screening/add_round_glasses/vae_conditioning/strong/start_01/checkpoints/iter_000/perturbed.png",
      "path_perturbed_edited": "phase1/outputs/phase1a_screening/add_round_glasses/vae_conditioning/strong/start_01/checkpoints/iter_000/perturbed_edited.png",
      "prompt": "add round glasses",
      "prompt_slug": "add_round_glasses",
      "start": 1,
      "target_input_ssim": 0.9
    },
    {
      "attack_score": -0.16284884143158618,
      "budget": "strong",
      "foldover_fraction_det_below_0": 0.0,
      "input_damage_penalty": 0.5907141685485842,
      "input_l2": 0.05114997365965775,
      "input_psnr": 25.823091711946773,
      "input_ssim": 0.8261610865592957,
      "iter": 50,
      "jacobian_det_mean": 1.0,
      "jacobian_det_min": 0.43736374378204346,
      "low_det_fraction_below_0p2": 0.0,
      "max_disp_px": 6.000001430511475,
      "mean_disp_px": 2.4400227069854736,
      "normalized_output_l2": 0.23070836138442355,
      "objective": "vae_conditioning",
      "output_disruption": 0.427865327116998,
      "output_l2": 0.05767709034610589,
      "output_psnr": 24.779933134463153,
      "output_ssim": 0.8028430342674255,
      "p95_disp_px": 6.000000476837158,
      "path_flow": "phase1/outputs/phase1a_screening/add_round_glasses/vae_conditioning/strong/start_01/checkpoints/iter_050/flow.png",
      "path_perturbed": "phase1/outputs/phase1a_screening/add_round_glasses/vae_conditioning/strong/start_01/checkpoints/iter_050/perturbed.png",
      "path_perturbed_edited": "phase1/outputs/phase1a_screening/add_round_glasses/vae_conditioning/strong/start_01/checkpoints/iter_050/perturbed_edited.png",
      "prompt": "add round glasses",
      "prompt_slug": "add_round_glasses",
      "start": 1,
      "target_input_ssim": 0.9
    },
    {
      "attack_score": -0.1795959481761592,
      "budget": "strong",
      "foldover_fraction_det_below_0": 0.0,
      "input_damage_penalty": 0.6157438278198244,
      "input_l2": 0.05184881065211267,
      "input_psnr": 25.70522402682908,
      "input_ssim": 0.8230323791503906,
      "iter": 100,
      "jacobian_det_mean": 1.0,
      "jacobian_det_min": 0.437849760055542,
      "low_det_fraction_below_0p2": 0.0,
      "max_disp_px": 6.000001430511475,
      "mean_disp_px": 2.4857635498046875,
      "normalized_output_l2": 0.2349764814808234,
      "objective": "vae_conditioning",
      "output_disruption": 0.4361478796436652,
      "output_l2": 0.05874412037020585,
      "output_psnr": 24.62071189808075,
      "output_ssim": 0.7988286018371582,
      "p95_disp_px": 6.000000476837158,
      "path_flow": "phase1/outputs/phase1a_screening/add_round_glasses/vae_conditioning/strong/start_01/checkpoints/iter_100/flow.png",
      "path_perturbed": "phase1/outputs/phase1a_screening/add_round_glasses/vae_conditioning/strong/start_01/checkpoints/iter_100/perturbed.png",
      "path_perturbed_edited": "phase1/outputs/phase1a_screening/add_round_glasses/vae_conditioning/strong/start_01/checkpoints/iter_100/perturbed_edited.png",
      "prompt": "add round glasses",
      "prompt_slug": "add_round_glasses",
      "start": 1,
      "target_input_ssim": 0.9
    },
    {
      "attack_score": -0.18546000547473618,
      "budget": "strong",
      "foldover_fraction_det_below_0": 0.0,
      "input_damage_penalty": 0.6221777915954592,
      "input_l2": 0.052093655586586185,
      "input_psnr": 25.66430331194212,
      "input_ssim": 0.8222281336784363,
      "iter": 150,
      "jacobian_det_mean": 1.0,
      "jacobian_det_min": 0.43627095222473145,
      "low_det_fraction_below_0p2": 0.0,
      "max_disp_px": 6.000001430511475,
      "mean_disp_px": 2.5007195472717285,
      "normalized_output_l2": 0.23545531206066436,
      "objective": "vae_conditioning",
      "output_disruption": 0.436717786120723,
      "output_l2": 0.05886382801516609,
      "output_psnr": 24.60302996813796,
      "output_ssim": 0.7987375259399414,
      "p95_disp_px": 6.000000476837158,
      "path_flow": "phase1/outputs/phase1a_screening/add_round_glasses/vae_conditioning/strong/start_01/checkpoints/iter_150/flow.png",
      "path_perturbed": "phase1/outputs/phase1a_screening/add_round_glasses/vae_conditioning/strong/start_01/checkpoints/iter_150/perturbed.png",
      "path_perturbed_edited": "phase1/outputs/phase1a_screening/add_round_glasses/vae_conditioning/strong/start_01/checkpoints/iter_150/perturbed_edited.png",
      "prompt": "add round glasses",
      "prompt_slug": "add_round_glasses",
      "start": 1,
      "target_input_ssim": 0.9
    }
  ]
}
