{
  "displacement": {
    "budget_max_disp_px": 8.0,
    "max_disp_px": 3.323944091796875,
    "max_disp_px_budget": 8.0,
    "mean_disp_px": 0.7313944101333618,
    "p95_disp_px": 2.25933837890625,
    "target_input_ssim": 0.88
  },
  "input": {
    "l2": 0.02050517837319395,
    "max_abs": 0.4431372880935669,
    "mean_abs": 0.009358000010251999,
    "psnr": 33.76272896922033,
    "ssim": 0.9308209419250488
  },
  "output": {
    "l2": 0.023240113816997324,
    "max_abs": 0.3019607961177826,
    "mean_abs": 0.01429654285311699,
    "psnr": 32.67523498693117,
    "ssim": 0.9076293110847473
  }
}
