{
  "action_names": [
    "face_side_push_left",
    "face_side_push_right",
    "head_top_raise",
    "head_top_lower",
    "jaw_expand",
    "jaw_compress",
    "asymmetry_twist"
  ],
  "action_strength": 0.72,
  "action_values": {
    "asymmetry_twist": 0.3240308672489583,
    "face_side_push_left": -0.13030350126808954,
    "face_side_push_right": 0.04572005464023432,
    "head_top_lower": -0.004640750212404319,
    "head_top_raise": 0.31006414004404725,
    "jaw_compress": -0.31652583105151216,
    "jaw_expand": -0.15744863487410135
  },
  "active_actions": {
    "asymmetry_twist": 0.3240308672489583,
    "face_side_push_left": -0.13030350126808954,
    "face_side_push_right": 0.04572005464023432,
    "head_top_lower": -0.004640750212404319,
    "head_top_raise": 0.31006414004404725,
    "jaw_compress": -0.31652583105151216,
    "jaw_expand": -0.15744863487410135
  },
  "active_anchor_count": 7,
  "control_point_count": 15,
  "geometry_method": "landmark_piecewise_affine",
  "max_disp_px_budget": 8.0,
  "scale_factor": 0.364132928309873,
  "source_control_points": [
    [
      112.63999938964844,
      248.3199920654297
    ],
    [
      112.63999938964844,
      253.44000244140625
    ],
    [
      399.3599853515625,
      248.3199920654297
    ],
    [
      399.3599853515625,
      253.44000244140625
    ],
    [
      256.0,
      87.04000091552734
    ],
    [
      174.0800018310547,
      394.239990234375
    ],
    [
      337.9200134277344,
      394.239990234375
    ],
    [
      0.0,
      0.0
    ],
    [
      511.0,
      0.0
    ],
    [
      0.0,
      511.0
    ],
    [
      511.0,
      511.0
    ],
    [
      256.0,
      0.0
    ],
    [
      256.0,
      511.0
    ],
    [
      0.0,
      256.0
    ],
    [
      511.0,
      256.0
    ]
  ],
  "target_control_points": [
    [
      113.39054870605469,
      246.4535675048828
    ],
    [
      113.20291137695312,
      253.44000244140625
    ],
    [
      399.6233215332031,
      250.18641662597656
    ],
    [
      399.5574951171875,
      253.44000244140625
    ],
    [
      256.0,
      85.22730255126953
    ],
    [
      173.16371154785156,
      393.3067932128906
    ],
    [
      338.8363037109375,
      395.1731872558594
    ],
    [
      0.0,
      0.0
    ],
    [
      511.0,
      0.0
    ],
    [
      0.0,
      511.0
    ],
    [
      511.0,
      511.0
    ],
    [
      256.0,
      0.0
    ],
    [
      256.0,
      511.0
    ],
    [
      0.0,
      256.0
    ],
    [
      511.0,
      256.0
    ]
  ],
  "tps_regularization": 0.0001
}
