{
  "best_row": {
    "attack_score": 0.09224490160492857,
    "best_folder": "phase1/outputs/phase1a_screening/add_a_small_beard/vae_conditioning/strong/start_02/best",
    "budget": "strong",
    "elapsed_seconds": 77.44132537953556,
    "foldover_fraction_det_below_0": 0.0,
    "input_damage_penalty": 0.0,
    "input_l2": 0.004476727651464137,
    "input_psnr": 46.98078651556568,
    "input_ssim": 0.995233952999115,
    "iter": 0,
    "jacobian_det_mean": 1.0,
    "jacobian_det_min": 0.9801590442657471,
    "low_det_fraction_below_0p2": 0.0,
    "max_disp_px": 0.4334917962551117,
    "mean_disp_px": 0.0929630696773529,
    "normalized_output_l2": 0.05328974957016905,
    "objective": "vae_conditioning",
    "objective_scale_used": 1.0,
    "output_disruption": 0.09224490160492857,
    "output_l2": 0.013322437392542262,
    "output_psnr": 37.5083262401119,
    "output_ssim": 0.9610448479652405,
    "p95_disp_px": 0.3493506610393524,
    "path_flow": "phase1/outputs/phase1a_screening/add_a_small_beard/vae_conditioning/strong/start_02/checkpoints/iter_000/flow.png",
    "path_perturbed": "phase1/outputs/phase1a_screening/add_a_small_beard/vae_conditioning/strong/start_02/checkpoints/iter_000/perturbed.png",
    "path_perturbed_edited": "phase1/outputs/phase1a_screening/add_a_small_beard/vae_conditioning/strong/start_02/checkpoints/iter_000/perturbed_edited.png",
    "prompt": "add a small beard",
    "prompt_slug": "add_a_small_beard",
    "start": 2,
    "target_input_ssim": 0.9
  },
  "checkpoint_rows": [
    {
      "attack_score": 0.09224490160492857,
      "budget": "strong",
      "foldover_fraction_det_below_0": 0.0,
      "input_damage_penalty": 0.0,
      "input_l2": 0.004476727651464137,
      "input_psnr": 46.98078651556568,
      "input_ssim": 0.995233952999115,
      "iter": 0,
      "jacobian_det_mean": 1.0,
      "jacobian_det_min": 0.9801590442657471,
      "low_det_fraction_below_0p2": 0.0,
      "max_disp_px": 0.4334917962551117,
      "mean_disp_px": 0.0929630696773529,
      "normalized_output_l2": 0.05328974957016905,
      "objective": "vae_conditioning",
      "output_disruption": 0.09224490160492857,
      "output_l2": 0.013322437392542262,
      "output_psnr": 37.5083262401119,
      "output_ssim": 0.9610448479652405,
      "p95_disp_px": 0.3493506610393524,
      "path_flow": "phase1/outputs/phase1a_screening/add_a_small_beard/vae_conditioning/strong/start_02/checkpoints/iter_000/flow.png",
      "path_perturbed": "phase1/outputs/phase1a_screening/add_a_small_beard/vae_conditioning/strong/start_02/checkpoints/iter_000/perturbed.png",
      "path_perturbed_edited": "phase1/outputs/phase1a_screening/add_a_small_beard/vae_conditioning/strong/start_02/checkpoints/iter_000/perturbed_edited.png",
      "prompt": "add a small beard",
      "prompt_slug": "add_a_small_beard",
      "start": 2,
      "target_input_ssim": 0.9
    },
    {
      "attack_score": -0.1434347950495044,
      "budget": "strong",
      "foldover_fraction_det_below_0": 0.0,
      "input_damage_penalty": 0.627670478820801,
      "input_l2": 0.054247928760032586,
      "input_psnr": 25.31233677917788,
      "input_ssim": 0.8215415477752686,
      "iter": 50,
      "jacobian_det_mean": 1.0,
      "jacobian_det_min": 0.6441152691841125,
      "low_det_fraction_below_0p2": 0.0,
      "max_disp_px": 6.000001430511475,
      "mean_disp_px": 2.350116014480591,
      "normalized_output_l2": 0.2610186136686049,
      "objective": "vae_conditioning",
      "output_disruption": 0.48423568377129655,
      "output_l2": 0.06525465341715123,
      "output_psnr": 23.707770252565954,
      "output_ssim": 0.7767829298973083,
      "p95_disp_px": 6.000000476837158,
      "path_flow": "phase1/outputs/phase1a_screening/add_a_small_beard/vae_conditioning/strong/start_02/checkpoints/iter_050/flow.png",
      "path_perturbed": "phase1/outputs/phase1a_screening/add_a_small_beard/vae_conditioning/strong/start_02/checkpoints/iter_050/perturbed.png",
      "path_perturbed_edited": "phase1/outputs/phase1a_screening/add_a_small_beard/vae_conditioning/strong/start_02/checkpoints/iter_050/perturbed_edited.png",
      "prompt": "add a small beard",
      "prompt_slug": "add_a_small_beard",
      "start": 2,
      "target_input_ssim": 0.9
    },
    {
      "attack_score": -0.1399828436537841,
      "budget": "strong",
      "foldover_fraction_det_below_0": 0.0,
      "input_damage_penalty": 0.6359846115112306,
      "input_l2": 0.054020809249634115,
      "input_psnr": 25.34877828449001,
      "input_ssim": 0.8205022811889648,
      "iter": 100,
      "jacobian_det_mean": 1.0,
      "jacobian_det_min": 0.6532114744186401,
      "low_det_fraction_below_0p2": 0.0,
      "max_disp_px": 6.000001430511475,
      "mean_disp_px": 2.3894453048706055,
      "normalized_output_l2": 0.26793204520501124,
      "objective": "vae_conditioning",
      "output_disruption": 0.49600176785744654,
      "output_l2": 0.06698301130125281,
      "output_psnr": 23.480706642605533,
      "output_ssim": 0.7719302773475647,
      "p95_disp_px": 6.000000476837158,
      "path_flow": "phase1/outputs/phase1a_screening/add_a_small_beard/vae_conditioning/strong/start_02/checkpoints/iter_100/flow.png",
      "path_perturbed": "phase1/outputs/phase1a_screening/add_a_small_beard/vae_conditioning/strong/start_02/checkpoints/iter_100/perturbed.png",
      "path_perturbed_edited": "phase1/outputs/phase1a_screening/add_a_small_beard/vae_conditioning/strong/start_02/checkpoints/iter_100/perturbed_edited.png",
      "prompt": "add a small beard",
      "prompt_slug": "add_a_small_beard",
      "start": 2,
      "target_input_ssim": 0.9
    },
    {
      "attack_score": -0.16172510025475073,
      "budget": "strong",
      "foldover_fraction_det_below_0": 0.0,
      "input_damage_penalty": 0.6556379318237306,
      "input_l2": 0.05494529554403958,
      "input_psnr": 25.201389725129427,
      "input_ssim": 0.8180456161499023,
      "iter": 150,
      "jacobian_det_mean": 1.0,
      "jacobian_det_min": 0.654628574848175,
      "low_det_fraction_below_0p2": 0.0,
      "max_disp_px": 6.000001430511475,
      "mean_disp_px": 2.455897569656372,
      "normalized_output_l2": 0.26593191983725994,
      "objective": "vae_conditioning",
      "output_disruption": 0.4939128315689799,
      "output_l2": 0.06648297995931499,
      "output_psnr": 23.545790449075202,
      "output_ssim": 0.77201908826828,
      "p95_disp_px": 6.000000476837158,
      "path_flow": "phase1/outputs/phase1a_screening/add_a_small_beard/vae_conditioning/strong/start_02/checkpoints/iter_150/flow.png",
      "path_perturbed": "phase1/outputs/phase1a_screening/add_a_small_beard/vae_conditioning/strong/start_02/checkpoints/iter_150/perturbed.png",
      "path_perturbed_edited": "phase1/outputs/phase1a_screening/add_a_small_beard/vae_conditioning/strong/start_02/checkpoints/iter_150/perturbed_edited.png",
      "prompt": "add a small beard",
      "prompt_slug": "add_a_small_beard",
      "start": 2,
      "target_input_ssim": 0.9
    }
  ]
}
