{
  "best_folder": "phase4/outputs/phase4a_existence_probe/cases/face_002/igs_1p50/add_headphones/strong/seed_00/candidates/cand_075_g04_m15",
  "budget": "strong",
  "budget_max_disp_px": 8.0,
  "candidate_folder": "phase4/outputs/phase4a_existence_probe/cases/face_002/igs_1p50/add_headphones/strong/seed_00/candidates/cand_075_g04_m15",
  "candidate_index": 75,
  "candidate_name": "cand_075_g04_m15",
  "case_id": "face_002__add_headphones__igs_1p50",
  "clean_clip_positive_margin": 0.04682642221450806,
  "clean_semantic_success_score": 0.04682642221450806,
  "clip_available": true,
  "clip_semantic_drop": 0.0009354948997497559,
  "clip_warning": null,
  "crop_clip_available": true,
  "crop_clip_warning": null,
  "decision_label": "metric_only_candidate",
  "decision_reasons": [
    "semantic_drop_small:0.0009",
    "semantic_drop_small:0.0009",
    "semantic_drop_small:0.0009"
  ],
  "edit_failure_score": 0.0009354948997497559,
  "elapsed_seconds": 2.32660043425858,
  "face_id": "face_002",
  "final_attack_score": 0.16181334366291034,
  "full_image_semantic_drop": 0.0009354948997497559,
  "generation": 4,
  "geometry_excess_penalty": 0.0,
  "geometry_excess_penalty_weight": 0.75,
  "geometry_method": "landmark_piecewise_affine",
  "guidance_scale": 7.5,
  "identity_or_face_health_available": false,
  "image_guidance_scale": 1.5,
  "initial_candidate": false,
  "input_damage_penalty": 0.0,
  "input_damage_penalty_weight": 3.0,
  "input_l2": 0.026423071652217755,
  "input_max_abs": 0.4117647111415863,
  "input_mean_abs": 0.014018476009368896,
  "input_preservation_score": 0.06479716300964353,
  "input_psnr": 31.560333950881457,
  "input_ssim": 0.8877756595611572,
  "left_crop_clean_margin": 0.01800447702407837,
  "left_crop_perturbed_margin": 0.01946607232093811,
  "left_crop_semantic_drop": -0.0014615952968597412,
  "max_disp_px": 2.2283952236175537,
  "max_disp_px_budget": 8.0,
  "mean_crop_margin": 0.012823065121968588,
  "mean_crop_semantic_drop": 0.0013474027315775554,
  "mean_disp_px": 0.7140156626701355,
  "member": 15,
  "min_crop_margin": -0.002526983618736267,
  "min_crop_semantic_drop": -0.0014615952968597412,
  "output_disruption_score": 0.3086587689298246,
  "output_disruption_weight": 0.5,
  "output_l2": 0.03951278085454935,
  "output_max_abs": 0.658823549747467,
  "output_mean_abs": 0.021408529952168465,
  "output_psnr": 28.065248084029243,
  "output_ssim": 0.8493923544883728,
  "p95_disp_px": 1.6246336698532104,
  "path_clean_edit": "phase4/outputs/phase4a_existence_probe/cases/face_002/igs_1p50/add_headphones/strong/seed_00/candidates/cand_075_g04_m15/clean_edit.png",
  "path_flow": "phase4/outputs/phase4a_existence_probe/cases/face_002/igs_1p50/add_headphones/strong/seed_00/candidates/cand_075_g04_m15/flow.png",
  "path_landmarks_overlay_original": "phase4/outputs/phase4a_existence_probe/cases/face_002/igs_1p50/add_headphones/strong/seed_00/candidates/cand_075_g04_m15/landmarks_overlay_original.jpg",
  "path_landmarks_overlay_perturbed": "phase4/outputs/phase4a_existence_probe/cases/face_002/igs_1p50/add_headphones/strong/seed_00/candidates/cand_075_g04_m15/landmarks_overlay_perturbed.jpg",
  "path_original": "phase4/outputs/phase4a_existence_probe/cases/face_002/igs_1p50/add_headphones/strong/seed_00/candidates/cand_075_g04_m15/original.png",
  "path_perturbed": "phase4/outputs/phase4a_existence_probe/cases/face_002/igs_1p50/add_headphones/strong/seed_00/candidates/cand_075_g04_m15/perturbed.png",
  "path_perturbed_edit": "phase4/outputs/phase4a_existence_probe/cases/face_002/igs_1p50/add_headphones/strong/seed_00/candidates/cand_075_g04_m15/perturbed_edit.png",
  "perturbed_clip_positive_margin": 0.0458909273147583,
  "perturbed_semantic_success_score": 0.0458909273147583,
  "phase": "phase4a_existence_probe",
  "phase2_final_score": 0.16181334366291034,
  "phase2_output_disruption": 0.3086587689298246,
  "phase2_score_formula": "8.0*max(0,semantic_drop)+0.5*output_disruption-3.0*input_damage_penalty-0.75*geometry_excess_penalty",
  "phase4_budget_name": "strong",
  "phase4_final_score": 0.16181334366291034,
  "phase4_score_formula": "8.0*max(0,semantic_drop)+0.5*output_disruption-3.0*input_damage_penalty-0.75*geometry_excess_penalty",
  "prompt": "add headphones",
  "prompt_slug": "add_headphones",
  "prompt_type": "headphones",
  "right_crop_clean_margin": 0.02526278793811798,
  "right_crop_perturbed_margin": 0.02153010666370392,
  "right_crop_semantic_drop": 0.0037326812744140625,
  "seed": 51001,
  "semantic_drop": 0.0009354948997497559,
  "semantic_drop_weight": 8.0,
  "target_input_ssim": 0.88,
  "theta_names": [
    "scale_logit",
    "action_face_side_push_left",
    "action_face_side_push_right",
    "action_head_top_raise",
    "action_head_top_lower",
    "action_jaw_expand",
    "action_jaw_compress",
    "action_asymmetry_twist"
  ],
  "theta_values": [
    -0.7404434680938721,
    -1.644364356994629,
    -0.04402831196784973,
    -0.8405846953392029,
    0.029344404116272926,
    -0.44229939579963684,
    0.696712076663971,
    -0.588965117931366
  ],
  "top_crop_clean_margin": -0.0007558614015579224,
  "top_crop_perturbed_margin": -0.002526983618736267,
  "top_crop_semantic_drop": 0.0017711222171783447
}
