{
  "displacement": {
    "budget_max_disp_px": 14.0,
    "max_disp_px": 8.00694751739502,
    "max_disp_px_budget": 14.0,
    "mean_disp_px": 1.9450762271881104,
    "p95_disp_px": 5.1949262619018555,
    "target_input_ssim": 0.78
  },
  "input": {
    "l2": 0.046846979925820494,
    "max_abs": 0.7647058963775635,
    "mean_abs": 0.022290749475359917,
    "psnr": 26.586368028854928,
    "ssim": 0.8495781421661377
  },
  "output": {
    "l2": 0.059496037893373634,
    "max_abs": 0.886274516582489,
    "mean_abs": 0.028914114460349083,
    "psnr": 24.510239098315907,
    "ssim": 0.8131933212280273
  }
}
