{
  "clean_clip_positive_margin": 0.055569812655448914,
  "clean_semantic_success_score": 0.055569812655448914,
  "clip_available": true,
  "clip_semantic_drop": 0.0022451430559158325,
  "clip_warning": null,
  "crop_clip_available": true,
  "crop_clip_warning": null,
  "decision_label": "metric_only_candidate",
  "decision_reasons": [
    "semantic_drop_small:0.0022",
    "semantic_drop_small:0.0022",
    "semantic_drop_small:0.0022"
  ],
  "edit_failure_score": 0.0022451430559158325,
  "final_attack_score": 0.23035655962006024,
  "full_image_semantic_drop": 0.0022451430559158325,
  "geometry_excess_penalty": 0.0,
  "geometry_excess_penalty_weight": 0.75,
  "identity_or_face_health_available": false,
  "input_damage_penalty": 0.0,
  "input_damage_penalty_weight": 3.0,
  "input_l2": 0.046846979925820494,
  "input_max_abs": 0.7647058963775635,
  "input_mean_abs": 0.022290749475359917,
  "input_preservation_score": 0.3162642825733531,
  "input_psnr": 26.586368028854928,
  "input_ssim": 0.8495781421661377,
  "left_crop_clean_margin": 0.027460142970085144,
  "left_crop_perturbed_margin": 0.02698531746864319,
  "left_crop_semantic_drop": 0.00047482550144195557,
  "max_disp_px_budget": 14.0,
  "mean_crop_margin": 0.01804959774017334,
  "mean_crop_semantic_drop": -0.001079330841700236,
  "min_crop_margin": -0.0021963119506835938,
  "min_crop_semantic_drop": -0.004001796245574951,
  "output_disruption_score": 0.42479083034546716,
  "output_disruption_weight": 0.5,
  "output_l2": 0.059496037893373634,
  "output_max_abs": 0.886274516582489,
  "output_mean_abs": 0.028914114460349083,
  "output_psnr": 24.510239098315907,
  "output_ssim": 0.8131933212280273,
  "perturbed_clip_positive_margin": 0.05332466959953308,
  "perturbed_semantic_success_score": 0.05332466959953308,
  "phase2_final_score": 0.23035655962006024,
  "phase2_output_disruption": 0.42479083034546716,
  "phase2_score_formula": "8.0*max(0,semantic_drop)+0.5*output_disruption-3.0*input_damage_penalty-0.75*geometry_excess_penalty",
  "phase4_budget_name": "existence_probe",
  "phase4_final_score": 0.23035655962006024,
  "phase4_score_formula": "8.0*max(0,semantic_drop)+0.5*output_disruption-3.0*input_damage_penalty-0.75*geometry_excess_penalty",
  "right_crop_clean_margin": 0.025357991456985474,
  "right_crop_perturbed_margin": 0.029359787702560425,
  "right_crop_semantic_drop": -0.004001796245574951,
  "semantic_drop": 0.0022451430559158325,
  "semantic_drop_weight": 8.0,
  "target_input_ssim": 0.78,
  "top_crop_clean_margin": -0.0019073337316513062,
  "top_crop_perturbed_margin": -0.0021963119506835938,
  "top_crop_semantic_drop": 0.0002889782190322876
}
