{
  "clean_clip_positive_margin": 0.040928930044174194,
  "clean_semantic_success_score": 0.040928930044174194,
  "clip_available": true,
  "clip_semantic_drop": -0.0034475624561309814,
  "clip_warning": null,
  "crop_clip_available": false,
  "crop_clip_warning": null,
  "decision_label": "metric_only_candidate",
  "decision_reasons": [
    "semantic_drop_nonpositive:-0.0034",
    "semantic_drop_nonpositive:-0.0034"
  ],
  "edit_failure_score": 0.0,
  "final_attack_score": 0.2801240601882896,
  "full_image_semantic_drop": -0.0034475624561309814,
  "geometry_excess_penalty": 0.0,
  "geometry_excess_penalty_weight": 1.0,
  "identity_or_face_health_available": false,
  "input_damage_penalty": 0.0,
  "input_damage_penalty_weight": 3.0,
  "input_l2": 0.00944485455780134,
  "input_max_abs": 0.3294117748737335,
  "input_mean_abs": 0.002278217114508152,
  "input_preservation_score": 0.8494267463684082,
  "input_psnr": 40.496094508639985,
  "input_ssim": 0.9849426746368408,
  "max_disp_px_budget": 6.0,
  "output_disruption_score": 0.2801240601882896,
  "output_disruption_weight": 1.0,
  "output_l2": 0.05242714084052943,
  "output_max_abs": 0.9607843160629272,
  "output_mean_abs": 0.017131365835666656,
  "output_psnr": 25.608876525313327,
  "output_ssim": 0.9295845031738281,
  "perturbed_clip_positive_margin": 0.044376492500305176,
  "perturbed_semantic_success_score": 0.044376492500305176,
  "phase2_final_score": 0.2801240601882896,
  "phase2_output_disruption": 0.2801240601882896,
  "phase2_score_formula": "4.0*max(0,semantic_drop)+1.0*output_disruption-3.0*input_damage_penalty-1.0*geometry_excess_penalty",
  "semantic_drop": -0.0034475624561309814,
  "semantic_drop_weight": 4.0,
  "target_input_ssim": 0.9
}
