{
  "budget": "strong",
  "budget_max_disp_px": 8.0,
  "candidate_folder_abs": "/home/interns/Desktop/mat/phase4/outputs/phase4a_existence_probe/cases/face_001/igs_1p50/make_the_person_smile_slightly/strong/seed_00/candidates/cand_053_g03_m13",
  "candidate_index": 53,
  "candidate_name": "cand_053_g03_m13",
  "case_id": "face_001__make_the_person_smile_slightly__igs_1p50",
  "elapsed_seconds": 2.74787481687963,
  "face_id": "face_001",
  "generation": 3,
  "geometry_method": "landmark_piecewise_affine",
  "guidance_scale": 7.5,
  "image_guidance_scale": 1.5,
  "initial_candidate": false,
  "input_l2": 0.01983541265981575,
  "input_max_abs": 0.8274509906768799,
  "input_mean_abs": 0.007074312772601843,
  "input_psnr": 34.051175198965105,
  "input_ssim": 0.940777063369751,
  "max_disp_px": 1.9265385866165161,
  "max_disp_px_budget": 8.0,
  "mean_disp_px": 0.4668923020362854,
  "member": 13,
  "output_l2": 0.029168484414207833,
  "output_max_abs": 0.8078431487083435,
  "output_mean_abs": 0.01338989194482565,
  "output_psnr": 30.70172272208801,
  "output_ssim": 0.9230892062187195,
  "p95_disp_px": 1.5241742134094238,
  "phase": "phase4a_existence_probe",
  "prompt": "make the person smile slightly",
  "prompt_slug": "make_the_person_smile_slightly",
  "prompt_type": "smile",
  "seed": 49001,
  "target_input_ssim": 0.88,
  "theta_names": [
    "scale_logit",
    "action_mouth_corner_raise",
    "action_mouth_corner_lower",
    "action_mouth_width_expand",
    "action_mouth_width_compress",
    "action_chin_raise",
    "action_chin_lower"
  ],
  "theta_values": [
    -1.0290392637252808,
    -0.3277864158153534,
    1.1728427410125732,
    -0.02509070746600628,
    -0.06378568708896637,
    -0.6341671943664551,
    -1.0074033737182617
  ]
}
