{
  "budget": "strong",
  "budget_max_disp_px": 8.0,
  "candidate_folder_abs": "/home/interns/Desktop/mat/phase4/outputs/phase4a_existence_probe/cases/face_005/igs_1p50/add_headphones/strong/seed_00/candidates/cand_020_g01_m20",
  "candidate_index": 20,
  "candidate_name": "cand_020_g01_m20",
  "case_id": "face_005__add_headphones__igs_1p50",
  "elapsed_seconds": 2.6171691324561834,
  "face_id": "face_005",
  "generation": 1,
  "geometry_method": "landmark_piecewise_affine",
  "guidance_scale": 7.5,
  "image_guidance_scale": 1.5,
  "initial_candidate": false,
  "input_l2": 0.04540450050655236,
  "input_max_abs": 0.7843137383460999,
  "input_mean_abs": 0.023266782984137535,
  "input_psnr": 26.858021952421474,
  "input_ssim": 0.8343110680580139,
  "max_disp_px": 7.992000579833984,
  "max_disp_px_budget": 8.0,
  "mean_disp_px": 2.2138009071350098,
  "member": 20,
  "output_l2": 0.05904189827478907,
  "output_max_abs": 0.9058823585510254,
  "output_mean_abs": 0.03033449314534664,
  "output_psnr": 24.576793756419487,
  "output_ssim": 0.7941262125968933,
  "p95_disp_px": 5.415848255157471,
  "phase": "phase4a_existence_probe",
  "prompt": "add headphones",
  "prompt_slug": "add_headphones",
  "prompt_type": "headphones",
  "seed": 44001,
  "target_input_ssim": 0.88,
  "theta_names": [
    "scale_logit",
    "action_face_side_push_left",
    "action_face_side_push_right",
    "action_head_top_raise",
    "action_head_top_lower",
    "action_jaw_expand",
    "action_jaw_compress",
    "action_asymmetry_twist"
  ],
  "theta_values": [
    1.0155482292175293,
    0.5088421702384949,
    0.287730872631073,
    0.7333967685699463,
    -0.9482132196426392,
    0.06918581575155258,
    -0.5865976810455322,
    -2.1220006942749023
  ]
}
