{
  "clean_clip_positive_margin": 0.055569812655448914,
  "clean_semantic_success_score": 0.055569812655448914,
  "clip_available": true,
  "clip_semantic_drop": 0.002038240432739258,
  "clip_warning": null,
  "crop_clip_available": true,
  "crop_clip_warning": null,
  "decision_label": "reject_input_damage",
  "decision_reasons": [
    "input_ssim_below_target:0.8343<0.8800",
    "semantic_drop_small:0.0020"
  ],
  "edit_failure_score": 0.002038240432739258,
  "final_attack_score": -0.8592077528946206,
  "full_image_semantic_drop": 0.002038240432739258,
  "geometry_excess_penalty": 0.0,
  "geometry_excess_penalty_weight": 0.75,
  "identity_or_face_health_available": false,
  "input_damage_penalty": 0.3655114555358887,
  "input_damage_penalty_weight": 3.0,
  "input_l2": 0.04540450050655236,
  "input_max_abs": 0.7843137383460999,
  "input_mean_abs": 0.023266782984137535,
  "input_preservation_score": 0.0,
  "input_psnr": 26.858021952421474,
  "input_ssim": 0.8343110680580139,
  "left_crop_clean_margin": 0.027460142970085144,
  "left_crop_perturbed_margin": 0.02580864727497101,
  "left_crop_semantic_drop": 0.0016514956951141357,
  "max_disp_px_budget": 8.0,
  "mean_crop_margin": 0.011246571938196817,
  "mean_crop_semantic_drop": 0.005723694960276286,
  "min_crop_margin": -0.002285689115524292,
  "min_crop_semantic_drop": 0.00037835538387298584,
  "output_disruption_score": 0.44204138050226294,
  "output_disruption_weight": 0.5,
  "output_l2": 0.05904189827478907,
  "output_max_abs": 0.9058823585510254,
  "output_mean_abs": 0.03033449314534664,
  "output_psnr": 24.576793756419487,
  "output_ssim": 0.7941262125968933,
  "perturbed_clip_positive_margin": 0.053531572222709656,
  "perturbed_semantic_success_score": 0.053531572222709656,
  "phase2_final_score": -0.8592077528946206,
  "phase2_output_disruption": 0.44204138050226294,
  "phase2_score_formula": "8.0*max(0,semantic_drop)+0.5*output_disruption-3.0*input_damage_penalty-0.75*geometry_excess_penalty",
  "phase4_budget_name": "strong",
  "phase4_final_score": -0.8592077528946206,
  "phase4_score_formula": "8.0*max(0,semantic_drop)+0.5*output_disruption-3.0*input_damage_penalty-0.75*geometry_excess_penalty",
  "right_crop_clean_margin": 0.025357991456985474,
  "right_crop_perturbed_margin": 0.010216757655143738,
  "right_crop_semantic_drop": 0.015141233801841736,
  "semantic_drop": 0.002038240432739258,
  "semantic_drop_weight": 8.0,
  "target_input_ssim": 0.88,
  "top_crop_clean_margin": -0.0019073337316513062,
  "top_crop_perturbed_margin": -0.002285689115524292,
  "top_crop_semantic_drop": 0.00037835538387298584
}
