{
  "best_folder": "phase2/outputs/phase2c_probe/semantic_heavy_cem/headphones_sides_only/existence_probe/seed_00/candidates/cand_018_g02_m02",
  "budget": "existence_probe",
  "budget_max_disp_px": 8.0,
  "candidate_folder": "phase2/outputs/phase2c_probe/semantic_heavy_cem/headphones_sides_only/existence_probe/seed_00/candidates/cand_018_g02_m02",
  "candidate_index": 18,
  "candidate_name": "cand_018_g02_m02",
  "clean_clip_positive_margin": 0.027842342853546143,
  "clean_semantic_success_score": 0.027842342853546143,
  "clip_available": true,
  "clip_semantic_drop": 0.008078783750534058,
  "clip_warning": null,
  "crop_clip_available": true,
  "crop_clip_warning": null,
  "dct_modes": [
    [
      1,
      0
    ],
    [
      0,
      1
    ],
    [
      1,
      1
    ],
    [
      2,
      0
    ],
    [
      0,
      2
    ],
    [
      2,
      1
    ]
  ],
  "decision_label": "metric_only_candidate",
  "decision_reasons": [
    "semantic_drop_small:0.0081",
    "semantic_drop_small:0.0081"
  ],
  "edit_failure_score": 0.008078783750534058,
  "elapsed_seconds": 5.826449558138847,
  "final_attack_score": 0.10076160547320553,
  "full_image_semantic_drop": 0.008078783750534058,
  "generation": 2,
  "geometry_excess_penalty": 0.0,
  "geometry_excess_penalty_weight": 0.75,
  "geometry_method": "region_local_tps",
  "identity_or_face_health_available": false,
  "initial_candidate": false,
  "input_damage_penalty": 0.0,
  "input_damage_penalty_weight": 3.0,
  "input_l2": 0.012224806122987665,
  "input_max_abs": 0.6901960968971252,
  "input_mean_abs": 0.003123145317658782,
  "input_preservation_score": 0.8375973531178066,
  "input_psnr": 38.255160395226795,
  "input_ssim": 0.9772636294364929,
  "left_crop_clean_margin": 0.02535329759120941,
  "left_crop_perturbed_margin": 0.025725051760673523,
  "left_crop_semantic_drop": -0.00037175416946411133,
  "max_disp_px": 2.5535154342651367,
  "max_disp_px_budget": 8.0,
  "mean_crop_margin": 0.015831242005030315,
  "mean_crop_semantic_drop": 0.00228002667427063,
  "mean_disp_px": 0.2637825906276703,
  "member": 2,
  "mesh_size": 4,
  "min_crop_margin": -0.0011992007493972778,
  "min_crop_semantic_drop": -0.0014863461256027222,
  "output_disruption_score": 0.1445253418757323,
  "output_disruption_weight": 0.25,
  "output_l2": 0.024365795822784395,
  "output_max_abs": 0.9019607901573181,
  "output_mean_abs": 0.008848132565617561,
  "output_psnr": 32.26438798707009,
  "output_ssim": 0.9529378414154053,
  "p95_disp_px": 1.715973138809204,
  "path_flow": "phase2/outputs/phase2c_probe/semantic_heavy_cem/headphones_sides_only/existence_probe/seed_00/candidates/cand_018_g02_m02/flow.png",
  "path_original": "phase2/outputs/phase2c_probe/semantic_heavy_cem/headphones_sides_only/existence_probe/seed_00/candidates/cand_018_g02_m02/original.png",
  "path_original_edited": "phase2/outputs/phase2c_probe/semantic_heavy_cem/headphones_sides_only/existence_probe/seed_00/candidates/cand_018_g02_m02/original_edited.png",
  "path_perturbed": "phase2/outputs/phase2c_probe/semantic_heavy_cem/headphones_sides_only/existence_probe/seed_00/candidates/cand_018_g02_m02/perturbed.png",
  "path_perturbed_edited": "phase2/outputs/phase2c_probe/semantic_heavy_cem/headphones_sides_only/existence_probe/seed_00/candidates/cand_018_g02_m02/perturbed_edited.png",
  "perturbed_clip_positive_margin": 0.019763559103012085,
  "perturbed_semantic_success_score": 0.019763559103012085,
  "phase": "phase2c_probe",
  "phase2_final_score": 0.10076160547320553,
  "phase2_output_disruption": 0.1445253418757323,
  "phase2_score_formula": "8.0*max(0,semantic_drop)+0.25*output_disruption-3.0*input_damage_penalty-0.75*geometry_excess_penalty",
  "prompt": "add headphones",
  "prompt_priority": 1,
  "prompt_slug": "add_headphones",
  "region_count": 2,
  "region_key": "headphones_sides_only",
  "right_crop_clean_margin": 0.021481528878211975,
  "right_crop_perturbed_margin": 0.022967875003814697,
  "right_crop_semantic_drop": -0.0014863461256027222,
  "scale_factor": 0.3257034718990326,
  "seed": 24102,
  "semantic_drop": 0.008078783750534058,
  "semantic_drop_weight": 8.0,
  "target_input_ssim": 0.86,
  "top_crop_clean_margin": 0.007498979568481445,
  "top_crop_perturbed_margin": -0.0011992007493972778,
  "top_crop_semantic_drop": 0.008698180317878723,
  "tps_size": 4
}
