{
  "displacement": {
    "budget_max_disp_px": 8.0,
    "max_disp_px": 2.5535154342651367,
    "max_disp_px_budget": 8.0,
    "mean_disp_px": 0.2637825906276703,
    "p95_disp_px": 1.715973138809204,
    "target_input_ssim": 0.86
  },
  "input": {
    "l2": 0.012224806122987665,
    "max_abs": 0.6901960968971252,
    "mean_abs": 0.003123145317658782,
    "psnr": 38.255160395226795,
    "ssim": 0.9772636294364929
  },
  "output": {
    "l2": 0.024365795822784395,
    "max_abs": 0.9019607901573181,
    "mean_abs": 0.008848132565617561,
    "psnr": 32.26438798707009,
    "ssim": 0.9529378414154053
  }
}
