{
  "clean_clip_positive_margin": 0.03089107573032379,
  "clean_semantic_success_score": 0.03089107573032379,
  "clip_available": true,
  "clip_semantic_drop": 0.00021977722644805908,
  "clip_warning": null,
  "crop_clip_available": false,
  "crop_clip_warning": null,
  "decision_label": "metric_only_candidate",
  "decision_reasons": [
    "semantic_drop_small:0.0002",
    "semantic_drop_small:0.0002",
    "semantic_drop_small:0.0002"
  ],
  "edit_failure_score": 0.00021977722644805908,
  "final_attack_score": 0.13397890626694522,
  "full_image_semantic_drop": 0.00021977722644805908,
  "geometry_excess_penalty": 0.0,
  "geometry_excess_penalty_weight": 0.75,
  "identity_or_face_health_available": false,
  "input_damage_penalty": 0.0,
  "input_damage_penalty_weight": 3.0,
  "input_l2": 0.027043133387876516,
  "input_max_abs": 0.7529411911964417,
  "input_mean_abs": 0.011789467185735703,
  "input_preservation_score": 0.4501868883768717,
  "input_psnr": 31.35885979438229,
  "input_ssim": 0.9340224266052246,
  "max_disp_px_budget": 8.0,
  "output_disruption_score": 0.2644413769107215,
  "output_disruption_weight": 0.5,
  "output_l2": 0.03411528616798799,
  "output_max_abs": 0.6666666865348816,
  "output_mean_abs": 0.01889524795114994,
  "output_psnr": 29.341019627850443,
  "output_ssim": 0.8720197677612305,
  "perturbed_clip_positive_margin": 0.030671298503875732,
  "perturbed_semantic_success_score": 0.030671298503875732,
  "phase2_final_score": 0.13397890626694522,
  "phase2_output_disruption": 0.2644413769107215,
  "phase2_score_formula": "8.0*max(0,semantic_drop)+0.5*output_disruption-3.0*input_damage_penalty-0.75*geometry_excess_penalty",
  "phase4_budget_name": "strong",
  "phase4_final_score": 0.13397890626694522,
  "phase4_score_formula": "8.0*max(0,semantic_drop)+0.5*output_disruption-3.0*input_damage_penalty-0.75*geometry_excess_penalty",
  "semantic_drop": 0.00021977722644805908,
  "semantic_drop_weight": 8.0,
  "target_input_ssim": 0.88
}
