{
  "displacement": {
    "budget_max_disp_px": 8.0,
    "max_disp_px": 7.616194725036621,
    "max_disp_px_budget": 8.0,
    "mean_disp_px": 0.927000105381012,
    "p95_disp_px": 3.9800853729248047,
    "target_input_ssim": 0.88
  },
  "input": {
    "l2": 0.03707576000949637,
    "max_abs": 0.8117647171020508,
    "mean_abs": 0.013267207890748978,
    "psnr": 28.61819875363965,
    "ssim": 0.8988717198371887
  },
  "output": {
    "l2": 0.049239308457363566,
    "max_abs": 1.0,
    "mean_abs": 0.01856980100274086,
    "psnr": 26.153761103140994,
    "ssim": 0.8895277380943298
  }
}
