{
  "displacement": {
    "budget_max_disp_px": 8.0,
    "max_disp_px": 4.6911821365356445,
    "max_disp_px_budget": 8.0,
    "mean_disp_px": 1.5491522550582886,
    "p95_disp_px": 4.163543701171875,
    "target_input_ssim": 0.88
  },
  "input": {
    "l2": 0.0443345553859099,
    "max_abs": 0.7882353067398071,
    "mean_abs": 0.019997982308268547,
    "psnr": 27.065152850972176,
    "ssim": 0.8104187846183777
  },
  "output": {
    "l2": 0.04870187411615687,
    "max_abs": 0.7882353067398071,
    "mean_abs": 0.019910311326384544,
    "psnr": 26.249086524107803,
    "ssim": 0.8888021111488342
  }
}
