{
  "displacement": {
    "budget_max_disp_px": 14.0,
    "max_disp_px": 8.122971534729004,
    "max_disp_px_budget": 14.0,
    "mean_disp_px": 1.4099944829940796,
    "p95_disp_px": 3.282480001449585,
    "target_input_ssim": 0.78
  },
  "input": {
    "l2": 0.02795310101946521,
    "max_abs": 0.6117647290229797,
    "mean_abs": 0.015596490353345871,
    "psnr": 31.071400119818016,
    "ssim": 0.9045771956443787
  },
  "output": {
    "l2": 0.03452921690392966,
    "max_abs": 0.6745098233222961,
    "mean_abs": 0.021761370822787285,
    "psnr": 29.236265420070666,
    "ssim": 0.838179886341095
  }
}
