{
  "clean_clip_positive_margin": 0.04772844910621643,
  "clean_semantic_success_score": 0.04772844910621643,
  "clip_available": true,
  "clip_semantic_drop": 0.006643354892730713,
  "clip_warning": null,
  "crop_clip_available": true,
  "crop_clip_warning": null,
  "decision_label": "metric_only_candidate",
  "decision_reasons": [
    "semantic_drop_small:0.0066",
    "semantic_drop_small:0.0066",
    "semantic_drop_small:0.0066"
  ],
  "edit_failure_score": 0.006643354892730713,
  "final_attack_score": 0.2386450248225761,
  "full_image_semantic_drop": 0.006643354892730713,
  "geometry_excess_penalty": 0.0,
  "geometry_excess_penalty_weight": 0.75,
  "identity_or_face_health_available": false,
  "input_damage_penalty": 0.0,
  "input_damage_penalty_weight": 3.0,
  "input_l2": 0.02837129537931454,
  "input_max_abs": 0.4117647409439087,
  "input_mean_abs": 0.01450219377875328,
  "input_preservation_score": 0.4658456607298417,
  "input_psnr": 30.942416693850312,
  "input_ssim": 0.8824860453605652,
  "left_crop_clean_margin": 0.018402695655822754,
  "left_crop_perturbed_margin": 0.021525591611862183,
  "left_crop_semantic_drop": -0.0031228959560394287,
  "max_disp_px_budget": 14.0,
  "mean_crop_margin": 0.016821861267089844,
  "mean_crop_semantic_drop": -0.0014879554510116577,
  "min_crop_margin": 0.006898283958435059,
  "min_crop_semantic_drop": -0.0053481608629226685,
  "output_disruption_score": 0.3709963713614608,
  "output_disruption_weight": 0.5,
  "output_l2": 0.05088787164609792,
  "output_max_abs": 0.9019607901573181,
  "output_mean_abs": 0.02335132658481598,
  "output_psnr": 25.867714256923872,
  "output_ssim": 0.8325551152229309,
  "perturbed_clip_positive_margin": 0.04108509421348572,
  "perturbed_semantic_success_score": 0.04108509421348572,
  "phase2_final_score": 0.2386450248225761,
  "phase2_output_disruption": 0.3709963713614608,
  "phase2_score_formula": "8.0*max(0,semantic_drop)+0.5*output_disruption-3.0*input_damage_penalty-0.75*geometry_excess_penalty",
  "phase4_budget_name": "existence_probe",
  "phase4_final_score": 0.2386450248225761,
  "phase4_score_formula": "8.0*max(0,semantic_drop)+0.5*output_disruption-3.0*input_damage_penalty-0.75*geometry_excess_penalty",
  "right_crop_clean_margin": 0.026048898696899414,
  "right_crop_perturbed_margin": 0.02204170823097229,
  "right_crop_semantic_drop": 0.004007190465927124,
  "semantic_drop": 0.006643354892730713,
  "semantic_drop_weight": 8.0,
  "target_input_ssim": 0.78,
  "top_crop_clean_margin": 0.0015501230955123901,
  "top_crop_perturbed_margin": 0.006898283958435059,
  "top_crop_semantic_drop": -0.0053481608629226685
}
