{
  "budget": "medium",
  "budget_max_disp_px": 4.0,
  "candidate_folder_abs": "/home/interns/Desktop/mat/phase2/outputs/phase2a_probe/add_a_small_beard/medium/seed_00/candidates/cand_030_g03_m06",
  "candidate_index": 30,
  "candidate_name": "cand_030_g03_m06",
  "dct_modes": [
    [
      1,
      0
    ],
    [
      0,
      1
    ],
    [
      1,
      1
    ],
    [
      2,
      0
    ],
    [
      0,
      2
    ],
    [
      2,
      1
    ]
  ],
  "elapsed_seconds": 4.950990749523044,
  "generation": 3,
  "geometry_method": "region_local_dct",
  "initial_candidate": false,
  "input_l2": 0.006963215779972467,
  "input_max_abs": 0.2823529541492462,
  "input_mean_abs": 0.0016684442525729537,
  "input_psnr": 43.14380292917738,
  "input_ssim": 0.9908270835876465,
  "max_disp_px": 1.517392873764038,
  "max_disp_px_budget": 4.0,
  "mean_disp_px": 0.10358729213476181,
  "member": 6,
  "mesh_size": 4,
  "output_l2": 0.017048721565956288,
  "output_max_abs": 0.6823529601097107,
  "output_mean_abs": 0.006240854039788246,
  "output_psnr": 35.36616363861113,
  "output_ssim": 0.961118757724762,
  "p95_disp_px": 0.746439516544342,
  "phase": "phase2a_probe",
  "prompt": "add a small beard",
  "prompt_priority": 4,
  "prompt_slug": "add_a_small_beard",
  "region_count": 1,
  "region_key": "beard",
  "scale_factor": 0.6983953714370728,
  "seed": 25001,
  "target_input_ssim": 0.94,
  "tps_size": 4
}
