{
  "geometry_info": {
    "action_names": [
      "face_side_push_left",
      "face_side_push_right",
      "head_top_raise",
      "head_top_lower",
      "jaw_expand",
      "jaw_compress",
      "asymmetry_twist"
    ],
    "action_strength": 0.72,
    "action_values": {
      "asymmetry_twist": -0.053223095239458534,
      "face_side_push_left": -0.0697730378001896,
      "face_side_push_right": -0.12621611013773917,
      "head_top_lower": -0.2096474279220335,
      "head_top_raise": -0.14636993926616323,
      "jaw_compress": 0.21203450526553438,
      "jaw_expand": 0.062221736245419705
    },
    "active_actions": {
      "asymmetry_twist": -0.053223095239458534,
      "face_side_push_left": -0.0697730378001896,
      "face_side_push_right": -0.12621611013773917,
      "head_top_lower": -0.2096474279220335,
      "head_top_raise": -0.14636993926616323,
      "jaw_compress": 0.21203450526553438,
      "jaw_expand": 0.062221736245419705
    },
    "active_anchor_count": 7,
    "control_point_count": 15,
    "geometry_method": "landmark_semantic_tps",
    "max_disp_px_budget": 8.0,
    "scale_factor": 0.2753834185183287,
    "source_control_points": [
      [
        112.63999938964844,
        248.3199920654297
      ],
      [
        112.63999938964844,
        253.44000244140625
      ],
      [
        399.3599853515625,
        248.3199920654297
      ],
      [
        399.3599853515625,
        253.44000244140625
      ],
      [
        256.0,
        87.04000091552734
      ],
      [
        174.0800018310547,
        394.239990234375
      ],
      [
        337.9200134277344,
        394.239990234375
      ],
      [
        0.0,
        0.0
      ],
      [
        511.0,
        0.0
      ],
      [
        0.0,
        511.0
      ],
      [
        511.0,
        511.0
      ],
      [
        256.0,
        0.0
      ],
      [
        256.0,
        511.0
      ],
      [
        0.0,
        256.0
      ],
      [
        511.0,
        256.0
      ]
    ],
    "target_control_points": [
      [
        113.0418930053711,
        248.62655639648438
      ],
      [
        112.94142150878906,
        253.44000244140625
      ],
      [
        398.63299560546875,
        248.013427734375
      ],
      [
        398.8147277832031,
        253.44000244140625
      ],
      [
        256.0,
        86.67552185058594
      ],
      [
        174.9429168701172,
        394.3932800292969
      ],
      [
        337.0570983886719,
        394.0867004394531
      ],
      [
        0.0,
        0.0
      ],
      [
        511.0,
        0.0
      ],
      [
        0.0,
        511.0
      ],
      [
        511.0,
        511.0
      ],
      [
        256.0,
        0.0
      ],
      [
        256.0,
        511.0
      ],
      [
        0.0,
        256.0
      ],
      [
        511.0,
        256.0
      ]
    ],
    "tps_regularization": 0.0001
  },
  "names": [
    "scale_logit",
    "action_face_side_push_left",
    "action_face_side_push_right",
    "action_head_top_raise",
    "action_head_top_lower",
    "action_jaw_expand",
    "action_jaw_compress",
    "action_asymmetry_twist"
  ],
  "values": [
    -1.1315276622772217,
    -0.25900739431381226,
    -0.4951934218406677,
    -0.5922518968582153,
    -0.999282956123352,
    0.22991304099559784,
    1.020232081413269,
    -0.19573086500167847
  ]
}
