{
  "best_folder": "phase4/outputs/phase4a_existence_probe/cases/face_003/igs_1p00/add_headphones/strong/seed_00/candidates/cand_028_g02_m08",
  "budget": "strong",
  "budget_max_disp_px": 8.0,
  "candidate_folder": "phase4/outputs/phase4a_existence_probe/cases/face_003/igs_1p00/add_headphones/strong/seed_00/candidates/cand_028_g02_m08",
  "candidate_index": 28,
  "candidate_name": "cand_028_g02_m08",
  "case_id": "face_003__add_headphones__igs_1p00",
  "clean_clip_positive_margin": 0.045783042907714844,
  "clean_semantic_success_score": 0.045783042907714844,
  "clip_available": true,
  "clip_semantic_drop": -0.0013254880905151367,
  "clip_warning": null,
  "crop_clip_available": true,
  "crop_clip_warning": null,
  "decision_label": "metric_only_candidate",
  "decision_reasons": [
    "semantic_drop_nonpositive:-0.0013",
    "semantic_drop_nonpositive:-0.0013",
    "semantic_drop_nonpositive:-0.0013"
  ],
  "edit_failure_score": 0.0,
  "elapsed_seconds": 3.002506844699383,
  "face_id": "face_003",
  "final_attack_score": 0.11773685538150536,
  "full_image_semantic_drop": -0.0013254880905151367,
  "generation": 2,
  "geometry_excess_penalty": 0.0,
  "geometry_excess_penalty_weight": 0.75,
  "geometry_method": "landmark_semantic_tps",
  "guidance_scale": 7.5,
  "identity_or_face_health_available": false,
  "image_guidance_scale": 1.0,
  "initial_candidate": false,
  "input_damage_penalty": 0.0,
  "input_damage_penalty_weight": 3.0,
  "input_l2": 0.016578371490226677,
  "input_max_abs": 0.2862745523452759,
  "input_mean_abs": 0.009192257188260555,
  "input_preservation_score": 0.5095357298851013,
  "input_psnr": 35.60916265731227,
  "input_ssim": 0.9411442875862122,
  "left_crop_clean_margin": 0.01863802969455719,
  "left_crop_perturbed_margin": 0.020009636878967285,
  "left_crop_semantic_drop": -0.0013716071844100952,
  "max_disp_px": 1.608567714691162,
  "max_disp_px_budget": 8.0,
  "mean_crop_margin": 0.009929537773132324,
  "mean_crop_semantic_drop": -0.0009324202934900919,
  "mean_disp_px": 0.5794937014579773,
  "member": 8,
  "min_crop_margin": -0.011971428990364075,
  "min_crop_semantic_drop": -0.003798559308052063,
  "output_disruption_score": 0.2354737107630107,
  "output_disruption_weight": 0.5,
  "output_l2": 0.039600674924143486,
  "output_max_abs": 0.6666666865348816,
  "output_mean_abs": 0.018246233463287354,
  "output_psnr": 28.045948244452692,
  "output_ssim": 0.9229289889335632,
  "p95_disp_px": 1.2139488458633423,
  "path_clean_edit": "phase4/outputs/phase4a_existence_probe/cases/face_003/igs_1p00/add_headphones/strong/seed_00/candidates/cand_028_g02_m08/clean_edit.png",
  "path_flow": "phase4/outputs/phase4a_existence_probe/cases/face_003/igs_1p00/add_headphones/strong/seed_00/candidates/cand_028_g02_m08/flow.png",
  "path_landmarks_overlay_original": "phase4/outputs/phase4a_existence_probe/cases/face_003/igs_1p00/add_headphones/strong/seed_00/candidates/cand_028_g02_m08/landmarks_overlay_original.jpg",
  "path_landmarks_overlay_perturbed": "phase4/outputs/phase4a_existence_probe/cases/face_003/igs_1p00/add_headphones/strong/seed_00/candidates/cand_028_g02_m08/landmarks_overlay_perturbed.jpg",
  "path_original": "phase4/outputs/phase4a_existence_probe/cases/face_003/igs_1p00/add_headphones/strong/seed_00/candidates/cand_028_g02_m08/original.png",
  "path_perturbed": "phase4/outputs/phase4a_existence_probe/cases/face_003/igs_1p00/add_headphones/strong/seed_00/candidates/cand_028_g02_m08/perturbed.png",
  "path_perturbed_edit": "phase4/outputs/phase4a_existence_probe/cases/face_003/igs_1p00/add_headphones/strong/seed_00/candidates/cand_028_g02_m08/perturbed_edit.png",
  "perturbed_clip_positive_margin": 0.04710853099822998,
  "perturbed_semantic_success_score": 0.04710853099822998,
  "phase": "phase4a_existence_probe",
  "phase2_final_score": 0.11773685538150536,
  "phase2_output_disruption": 0.2354737107630107,
  "phase2_score_formula": "8.0*max(0,semantic_drop)+0.5*output_disruption-3.0*input_damage_penalty-0.75*geometry_excess_penalty",
  "phase4_budget_name": "strong",
  "phase4_final_score": 0.11773685538150536,
  "phase4_score_formula": "8.0*max(0,semantic_drop)+0.5*output_disruption-3.0*input_damage_penalty-0.75*geometry_excess_penalty",
  "prompt": "add headphones",
  "prompt_slug": "add_headphones",
  "prompt_type": "headphones",
  "right_crop_clean_margin": 0.0179518461227417,
  "right_crop_perturbed_margin": 0.021750405430793762,
  "right_crop_semantic_drop": -0.003798559308052063,
  "seed": 52001,
  "semantic_drop": -0.0013254880905151367,
  "semantic_drop_weight": 8.0,
  "target_input_ssim": 0.88,
  "theta_names": [
    "scale_logit",
    "action_face_side_push_left",
    "action_face_side_push_right",
    "action_head_top_raise",
    "action_head_top_lower",
    "action_jaw_expand",
    "action_jaw_compress",
    "action_asymmetry_twist"
  ],
  "theta_values": [
    -1.1315276622772217,
    -0.25900739431381226,
    -0.4951934218406677,
    -0.5922518968582153,
    -0.999282956123352,
    0.22991304099559784,
    1.020232081413269,
    -0.19573086500167847
  ],
  "top_crop_clean_margin": -0.009598523378372192,
  "top_crop_perturbed_margin": -0.011971428990364075,
  "top_crop_semantic_drop": 0.0023729056119918823
}
