{
  "displacement": {
    "budget_max_disp_px": 8.0,
    "max_disp_px": 6.8738555908203125,
    "max_disp_px_budget": 8.0,
    "mean_disp_px": 1.1027988195419312,
    "p95_disp_px": 3.228098154067993,
    "target_input_ssim": 0.88
  },
  "input": {
    "l2": 0.03105672377532111,
    "max_abs": 0.8039215803146362,
    "mean_abs": 0.012976869009435177,
    "psnr": 30.15688721255234,
    "ssim": 0.9046316146850586
  },
  "output": {
    "l2": 0.03535479865357408,
    "max_abs": 0.8941176533699036,
    "mean_abs": 0.015270635485649109,
    "psnr": 29.03103263460877,
    "ssim": 0.8949349522590637
  }
}
