{
  "clean_clip_positive_margin": 0.045523494482040405,
  "clean_semantic_success_score": 0.045523494482040405,
  "clip_available": true,
  "clip_semantic_drop": -0.0007998645305633545,
  "clip_warning": null,
  "crop_clip_available": false,
  "crop_clip_warning": null,
  "decision_label": "metric_only_candidate",
  "decision_reasons": [
    "semantic_drop_nonpositive:-0.0008",
    "semantic_drop_nonpositive:-0.0008"
  ],
  "edit_failure_score": 0.0,
  "final_attack_score": 0.07120203581824065,
  "full_image_semantic_drop": -0.0007998645305633545,
  "geometry_excess_penalty": 0.0,
  "geometry_excess_penalty_weight": 1.0,
  "identity_or_face_health_available": false,
  "input_damage_penalty": 0.0,
  "input_damage_penalty_weight": 3.0,
  "input_l2": 0.005479888138746969,
  "input_max_abs": 0.21176472306251526,
  "input_mean_abs": 0.001181818195618689,
  "input_preservation_score": 0.9133159716924032,
  "input_psnr": 45.22456613403804,
  "input_ssim": 0.9947989583015442,
  "max_disp_px_budget": 4.0,
  "output_disruption_score": 0.07120203581824065,
  "output_disruption_weight": 1.0,
  "output_l2": 0.014846249439751508,
  "output_max_abs": 0.7647058963775635,
  "output_mean_abs": 0.002653413685038686,
  "output_psnr": 36.56766493817835,
  "output_ssim": 0.9881829619407654,
  "perturbed_clip_positive_margin": 0.04632335901260376,
  "perturbed_semantic_success_score": 0.04632335901260376,
  "phase2_final_score": 0.07120203581824065,
  "phase2_output_disruption": 0.07120203581824065,
  "phase2_score_formula": "4.0*max(0,semantic_drop)+1.0*output_disruption-3.0*input_damage_penalty-1.0*geometry_excess_penalty",
  "semantic_drop": -0.0007998645305633545,
  "semantic_drop_weight": 4.0,
  "target_input_ssim": 0.94
}
