{
  "best_folder": "phase2/outputs/phase2c_probe/semantic_heavy_cem/headphones_full/strong/seed_00/candidates/cand_009_g01_m09",
  "budget": "strong",
  "budget_max_disp_px": 6.0,
  "candidate_folder": "phase2/outputs/phase2c_probe/semantic_heavy_cem/headphones_full/strong/seed_00/candidates/cand_009_g01_m09",
  "candidate_index": 9,
  "candidate_name": "cand_009_g01_m09",
  "clean_clip_positive_margin": 0.027842342853546143,
  "clean_semantic_success_score": 0.027842342853546143,
  "clip_available": true,
  "clip_semantic_drop": -0.003018707036972046,
  "clip_warning": null,
  "crop_clip_available": true,
  "crop_clip_warning": null,
  "dct_modes": [
    [
      1,
      0
    ],
    [
      0,
      1
    ],
    [
      1,
      1
    ],
    [
      2,
      0
    ],
    [
      0,
      2
    ],
    [
      2,
      1
    ]
  ],
  "decision_label": "metric_only_candidate",
  "decision_reasons": [
    "semantic_drop_nonpositive:-0.0030",
    "semantic_drop_nonpositive:-0.0030"
  ],
  "edit_failure_score": 0.0,
  "elapsed_seconds": 5.076572272926569,
  "final_attack_score": 0.04272707614276888,
  "full_image_semantic_drop": -0.003018707036972046,
  "generation": 1,
  "geometry_excess_penalty": 0.0,
  "geometry_excess_penalty_weight": 0.75,
  "geometry_method": "region_local_tps",
  "identity_or_face_health_available": false,
  "initial_candidate": false,
  "input_damage_penalty": 0.0,
  "input_damage_penalty_weight": 3.0,
  "input_l2": 0.018200643041758707,
  "input_max_abs": 0.7215686440467834,
  "input_mean_abs": 0.0054133557714521885,
  "input_preservation_score": 0.5529937744140624,
  "input_psnr": 34.798265356173246,
  "input_ssim": 0.9552993774414062,
  "left_crop_clean_margin": 0.02535329759120941,
  "left_crop_perturbed_margin": 0.022937119007110596,
  "left_crop_semantic_drop": 0.002416178584098816,
  "max_disp_px": 3.1377360820770264,
  "max_disp_px_budget": 6.0,
  "mean_crop_margin": 0.014056573311487833,
  "mean_crop_semantic_drop": 0.00405469536781311,
  "mean_disp_px": 0.4937211871147156,
  "member": 9,
  "mesh_size": 4,
  "min_crop_margin": -0.00015157461166381836,
  "min_crop_semantic_drop": 0.0020973533391952515,
  "output_disruption_score": 0.17090830457107553,
  "output_disruption_weight": 0.25,
  "output_l2": 0.025975205629806545,
  "output_max_abs": 0.6901960968971252,
  "output_mean_abs": 0.01172084640711546,
  "output_psnr": 31.708820114270896,
  "output_ssim": 0.9329925179481506,
  "p95_disp_px": 2.3758955001831055,
  "path_flow": "phase2/outputs/phase2c_probe/semantic_heavy_cem/headphones_full/strong/seed_00/candidates/cand_009_g01_m09/flow.png",
  "path_original": "phase2/outputs/phase2c_probe/semantic_heavy_cem/headphones_full/strong/seed_00/candidates/cand_009_g01_m09/original.png",
  "path_original_edited": "phase2/outputs/phase2c_probe/semantic_heavy_cem/headphones_full/strong/seed_00/candidates/cand_009_g01_m09/original_edited.png",
  "path_perturbed": "phase2/outputs/phase2c_probe/semantic_heavy_cem/headphones_full/strong/seed_00/candidates/cand_009_g01_m09/perturbed.png",
  "path_perturbed_edited": "phase2/outputs/phase2c_probe/semantic_heavy_cem/headphones_full/strong/seed_00/candidates/cand_009_g01_m09/perturbed_edited.png",
  "perturbed_clip_positive_margin": 0.03086104989051819,
  "perturbed_semantic_success_score": 0.03086104989051819,
  "phase": "phase2c_probe",
  "phase2_final_score": 0.04272707614276888,
  "phase2_output_disruption": 0.17090830457107553,
  "phase2_score_formula": "8.0*max(0,semantic_drop)+0.25*output_disruption-3.0*input_damage_penalty-0.75*geometry_excess_penalty",
  "prompt": "add headphones",
  "prompt_priority": 1,
  "prompt_slug": "add_headphones",
  "region_count": 3,
  "region_key": "headphones_full",
  "right_crop_clean_margin": 0.021481528878211975,
  "right_crop_perturbed_margin": 0.019384175539016724,
  "right_crop_semantic_drop": 0.0020973533391952515,
  "scale_factor": 0.5336285829544067,
  "seed": 24001,
  "semantic_drop": -0.003018707036972046,
  "semantic_drop_weight": 8.0,
  "target_input_ssim": 0.9,
  "top_crop_clean_margin": 0.007498979568481445,
  "top_crop_perturbed_margin": -0.00015157461166381836,
  "top_crop_semantic_drop": 0.007650554180145264,
  "tps_size": 4
}
