{
  "budget": "strong",
  "budget_max_disp_px": 8.0,
  "candidate_folder_abs": "/home/interns/Desktop/mat/phase4/outputs/phase4c_real_landmark_sanity/cases/face_002/igs_1p00/add_headphones/strong/seed_00/candidates/cand_008_g01_m08",
  "candidate_index": 8,
  "candidate_name": "cand_008_g01_m08",
  "case_id": "face_002__add_headphones__igs_1p00",
  "elapsed_seconds": 4.628366347402334,
  "face_id": "face_002",
  "generation": 1,
  "geometry_method": "landmark_piecewise_affine",
  "guidance_scale": 7.5,
  "image_guidance_scale": 1.0,
  "initial_candidate": false,
  "input_l2": 0.024515833927179664,
  "input_max_abs": 0.6745098233222961,
  "input_mean_abs": 0.011455516330897808,
  "input_psnr": 32.21106658532314,
  "input_ssim": 0.9180045127868652,
  "landmark_count": 478,
  "landmark_detector": "mediapipe_python_solutions_face_mesh",
  "max_disp_px": 4.570879936218262,
  "max_disp_px_budget": 8.0,
  "mean_disp_px": 0.7724709510803223,
  "member": 8,
  "output_l2": 0.05119419921335144,
  "output_max_abs": 0.7490196228027344,
  "output_mean_abs": 0.020971281453967094,
  "output_psnr": 25.815584918121736,
  "output_ssim": 0.8933525681495667,
  "p95_disp_px": 2.437648057937622,
  "phase": "phase4c_real_landmark_sanity",
  "prompt": "add headphones",
  "prompt_slug": "add_headphones",
  "prompt_type": "headphones",
  "real_landmarks": true,
  "seed": 43001,
  "target_input_ssim": 0.88,
  "theta_names": [
    "scale_logit",
    "action_face_side_push_left",
    "action_face_side_push_right",
    "action_head_top_raise",
    "action_head_top_lower",
    "action_jaw_expand",
    "action_jaw_compress",
    "action_asymmetry_twist"
  ],
  "theta_values": [
    0.5247042179107666,
    0.5120266079902649,
    -0.17772385478019714,
    -0.15541167557239532,
    1.235390067100525,
    -0.7038846611976624,
    -0.6167516708374023,
    0.6261375546455383
  ]
}
