{
  "clean_clip_positive_margin": 0.045523494482040405,
  "clean_semantic_success_score": 0.045523494482040405,
  "clip_available": true,
  "clip_semantic_drop": -0.0012761950492858887,
  "clip_warning": null,
  "crop_clip_available": false,
  "crop_clip_warning": null,
  "decision_label": "metric_only_candidate",
  "decision_reasons": [
    "semantic_drop_nonpositive:-0.0013",
    "semantic_drop_nonpositive:-0.0013",
    "semantic_drop_nonpositive:-0.0013"
  ],
  "edit_failure_score": 0.0,
  "final_attack_score": 0.14080504983854347,
  "full_image_semantic_drop": -0.0012761950492858887,
  "geometry_excess_penalty": 0.0,
  "geometry_excess_penalty_weight": 0.75,
  "identity_or_face_health_available": false,
  "input_damage_penalty": 0.0,
  "input_damage_penalty_weight": 3.0,
  "input_l2": 0.03318283744509214,
  "input_max_abs": 0.6431372761726379,
  "input_mean_abs": 0.01569315604865551,
  "input_preservation_score": 0.4784926826303655,
  "input_psnr": 29.581729609115225,
  "input_ssim": 0.8852683901786804,
  "max_disp_px_budget": 14.0,
  "output_disruption_score": 0.28161009967708694,
  "output_disruption_weight": 0.5,
  "output_l2": 0.04059151515460042,
  "output_max_abs": 0.8274509906768799,
  "output_mean_abs": 0.017667017877101898,
  "output_psnr": 27.831294750446084,
  "output_ssim": 0.8807559609413147,
  "perturbed_clip_positive_margin": 0.046799689531326294,
  "perturbed_semantic_success_score": 0.046799689531326294,
  "phase2_final_score": 0.14080504983854347,
  "phase2_output_disruption": 0.28161009967708694,
  "phase2_score_formula": "8.0*max(0,semantic_drop)+0.5*output_disruption-3.0*input_damage_penalty-0.75*geometry_excess_penalty",
  "phase4_budget_name": "existence_probe",
  "phase4_final_score": 0.14080504983854347,
  "phase4_score_formula": "8.0*max(0,semantic_drop)+0.5*output_disruption-3.0*input_damage_penalty-0.75*geometry_excess_penalty",
  "semantic_drop": -0.0012761950492858887,
  "semantic_drop_weight": 8.0,
  "target_input_ssim": 0.78
}
