{
  "budget": "existence_probe",
  "budget_max_disp_px": 8.0,
  "candidate_folder_abs": "/home/interns/Desktop/mat/phase2/outputs/phase2c_probe/semantic_heavy_cem/headphones_ear_tight/existence_probe/seed_00/candidates/cand_014_g01_m14",
  "candidate_index": 14,
  "candidate_name": "cand_014_g01_m14",
  "dct_modes": [
    [
      1,
      0
    ],
    [
      0,
      1
    ],
    [
      1,
      1
    ],
    [
      2,
      0
    ],
    [
      0,
      2
    ],
    [
      2,
      1
    ]
  ],
  "elapsed_seconds": 4.970276143401861,
  "generation": 1,
  "geometry_method": "region_local_tps",
  "initial_candidate": false,
  "input_l2": 0.010631404214444097,
  "input_max_abs": 0.8313725590705872,
  "input_mean_abs": 0.001928631099872291,
  "input_psnr": 39.46818738628257,
  "input_ssim": 0.9826030731201172,
  "max_disp_px": 3.6870152950286865,
  "max_disp_px_budget": 8.0,
  "mean_disp_px": 0.29324546456336975,
  "member": 14,
  "mesh_size": 4,
  "output_l2": 0.015449096767972396,
  "output_max_abs": 0.7882353067398071,
  "output_mean_abs": 0.006645906716585159,
  "output_psnr": 36.221938130805256,
  "output_ssim": 0.9702167510986328,
  "p95_disp_px": 2.4094395637512207,
  "phase": "phase2c_probe",
  "prompt": "add headphones",
  "prompt_priority": 1,
  "prompt_slug": "add_headphones",
  "region_count": 2,
  "region_key": "headphones_ear_tight",
  "scale_factor": 0.4876711368560791,
  "seed": 24202,
  "target_input_ssim": 0.86,
  "tps_size": 4
}
