{
  "best_folder": "phase4/outputs/phase4a_existence_probe/cases/face_003/igs_1p50/add_headphones/strong/seed_00/candidates/cand_038_g02_m18",
  "budget": "strong",
  "budget_max_disp_px": 8.0,
  "candidate_folder": "phase4/outputs/phase4a_existence_probe/cases/face_003/igs_1p50/add_headphones/strong/seed_00/candidates/cand_038_g02_m18",
  "candidate_index": 38,
  "candidate_name": "cand_038_g02_m18",
  "case_id": "face_003__add_headphones__igs_1p50",
  "clean_clip_positive_margin": 0.04772844910621643,
  "clean_semantic_success_score": 0.04772844910621643,
  "clip_available": true,
  "clip_semantic_drop": 0.008499056100845337,
  "clip_warning": null,
  "crop_clip_available": true,
  "crop_clip_warning": null,
  "decision_label": "metric_only_candidate",
  "decision_reasons": [
    "semantic_drop_small:0.0085",
    "semantic_drop_small:0.0085",
    "semantic_drop_small:0.0085"
  ],
  "edit_failure_score": 0.008499056100845337,
  "elapsed_seconds": 2.931921588256955,
  "face_id": "face_003",
  "final_attack_score": 0.21243084462511513,
  "full_image_semantic_drop": 0.008499056100845337,
  "generation": 2,
  "geometry_excess_penalty": 0.0,
  "geometry_excess_penalty_weight": 0.75,
  "geometry_method": "landmark_semantic_tps",
  "guidance_scale": 7.5,
  "identity_or_face_health_available": false,
  "image_guidance_scale": 1.5,
  "initial_candidate": false,
  "input_damage_penalty": 0.0,
  "input_damage_penalty_weight": 3.0,
  "input_l2": 0.024095100372334435,
  "input_max_abs": 0.46274513006210327,
  "input_mean_abs": 0.01280020922422409,
  "input_preservation_score": 0.1354897618293762,
  "input_psnr": 32.361425204594994,
  "input_ssim": 0.8962587714195251,
  "left_crop_clean_margin": 0.018402695655822754,
  "left_crop_perturbed_margin": 0.017375856637954712,
  "left_crop_semantic_drop": 0.001026839017868042,
  "max_disp_px": 2.9075796604156494,
  "max_disp_px_budget": 8.0,
  "mean_crop_margin": 0.009373063842455545,
  "mean_crop_semantic_drop": 0.00596084197362264,
  "mean_disp_px": 0.9446823000907898,
  "member": 18,
  "min_crop_margin": -0.010611534118652344,
  "min_crop_semantic_drop": 0.001026839017868042,
  "output_disruption_score": 0.2888767916367049,
  "output_disruption_weight": 0.5,
  "output_l2": 0.03754842774087178,
  "output_max_abs": 0.5607843399047852,
  "output_mean_abs": 0.01949913240969181,
  "output_psnr": 28.50816486840754,
  "output_ssim": 0.8613169193267822,
  "p95_disp_px": 2.2886900901794434,
  "path_clean_edit": "phase4/outputs/phase4a_existence_probe/cases/face_003/igs_1p50/add_headphones/strong/seed_00/candidates/cand_038_g02_m18/clean_edit.png",
  "path_flow": "phase4/outputs/phase4a_existence_probe/cases/face_003/igs_1p50/add_headphones/strong/seed_00/candidates/cand_038_g02_m18/flow.png",
  "path_landmarks_overlay_original": "phase4/outputs/phase4a_existence_probe/cases/face_003/igs_1p50/add_headphones/strong/seed_00/candidates/cand_038_g02_m18/landmarks_overlay_original.jpg",
  "path_landmarks_overlay_perturbed": "phase4/outputs/phase4a_existence_probe/cases/face_003/igs_1p50/add_headphones/strong/seed_00/candidates/cand_038_g02_m18/landmarks_overlay_perturbed.jpg",
  "path_original": "phase4/outputs/phase4a_existence_probe/cases/face_003/igs_1p50/add_headphones/strong/seed_00/candidates/cand_038_g02_m18/original.png",
  "path_perturbed": "phase4/outputs/phase4a_existence_probe/cases/face_003/igs_1p50/add_headphones/strong/seed_00/candidates/cand_038_g02_m18/perturbed.png",
  "path_perturbed_edit": "phase4/outputs/phase4a_existence_probe/cases/face_003/igs_1p50/add_headphones/strong/seed_00/candidates/cand_038_g02_m18/perturbed_edit.png",
  "perturbed_clip_positive_margin": 0.039229393005371094,
  "perturbed_semantic_success_score": 0.039229393005371094,
  "phase": "phase4a_existence_probe",
  "phase2_final_score": 0.21243084462511513,
  "phase2_output_disruption": 0.2888767916367049,
  "phase2_score_formula": "8.0*max(0,semantic_drop)+0.5*output_disruption-3.0*input_damage_penalty-0.75*geometry_excess_penalty",
  "phase4_budget_name": "strong",
  "phase4_final_score": 0.21243084462511513,
  "phase4_score_formula": "8.0*max(0,semantic_drop)+0.5*output_disruption-3.0*input_damage_penalty-0.75*geometry_excess_penalty",
  "prompt": "add headphones",
  "prompt_slug": "add_headphones",
  "prompt_type": "headphones",
  "right_crop_clean_margin": 0.026048898696899414,
  "right_crop_perturbed_margin": 0.02135486900806427,
  "right_crop_semantic_drop": 0.004694029688835144,
  "seed": 46001,
  "semantic_drop": 0.008499056100845337,
  "semantic_drop_weight": 8.0,
  "target_input_ssim": 0.88,
  "theta_names": [
    "scale_logit",
    "action_face_side_push_left",
    "action_face_side_push_right",
    "action_head_top_raise",
    "action_head_top_lower",
    "action_jaw_expand",
    "action_jaw_compress",
    "action_asymmetry_twist"
  ],
  "theta_values": [
    -1.9200232028961182,
    -0.20685388147830963,
    1.5014561414718628,
    -0.9413028359413147,
    -1.2156111001968384,
    -0.24793513119220734,
    -0.946294367313385,
    0.585406482219696
  ],
  "top_crop_clean_margin": 0.0015501230955123901,
  "top_crop_perturbed_margin": -0.010611534118652344,
  "top_crop_semantic_drop": 0.012161657214164734
}
