{
  "displacement": {
    "budget_max_disp_px": 8.0,
    "max_disp_px": 1.7396200895309448,
    "max_disp_px_budget": 8.0,
    "mean_disp_px": 0.42071643471717834,
    "p95_disp_px": 1.2341909408569336,
    "target_input_ssim": 0.88
  },
  "input": {
    "l2": 0.018711717305379058,
    "max_abs": 0.6431372165679932,
    "mean_abs": 0.00792365986853838,
    "psnr": 34.55772704847716,
    "ssim": 0.9551937580108643
  },
  "output": {
    "l2": 0.050106585136360786,
    "max_abs": 0.8509804010391235,
    "mean_abs": 0.01842455007135868,
    "psnr": 26.002103885669502,
    "ssim": 0.9318445324897766
  }
}
