{
  "displacement": {
    "budget_max_disp_px": 4.0,
    "max_disp_px": 1.8311293125152588,
    "max_disp_px_budget": 4.0,
    "mean_disp_px": 0.2206476926803589,
    "p95_disp_px": 1.487729787826538,
    "target_input_ssim": 0.94
  },
  "input": {
    "l2": 0.012092923060511754,
    "max_abs": 0.3294118046760559,
    "mean_abs": 0.003572680987417698,
    "psnr": 38.34937420509676,
    "ssim": 0.9724652767181396
  },
  "output": {
    "l2": 0.0619262703584069,
    "max_abs": 0.8392156958580017,
    "mean_abs": 0.026691734790802002,
    "psnr": 24.162501510268516,
    "ssim": 0.909776508808136
  }
}
