{
  "clean_clip_positive_margin": 0.04749709367752075,
  "clean_semantic_success_score": 0.04749709367752075,
  "clip_available": true,
  "clip_semantic_drop": 0.0023800432682037354,
  "clip_warning": null,
  "crop_clip_available": false,
  "crop_clip_warning": null,
  "decision_label": "metric_only_candidate",
  "decision_reasons": [
    "semantic_drop_small:0.0024",
    "semantic_drop_small:0.0024"
  ],
  "edit_failure_score": 0.0023800432682037354,
  "final_attack_score": 0.3474487456983065,
  "full_image_semantic_drop": 0.0023800432682037354,
  "geometry_excess_penalty": 0.0,
  "geometry_excess_penalty_weight": 1.0,
  "identity_or_face_health_available": false,
  "input_damage_penalty": 0.0,
  "input_damage_penalty_weight": 3.0,
  "input_l2": 0.012092923060511754,
  "input_max_abs": 0.3294118046760559,
  "input_mean_abs": 0.003572680987417698,
  "input_preservation_score": 0.5410879453023278,
  "input_psnr": 38.34937420509676,
  "input_ssim": 0.9724652767181396,
  "max_disp_px_budget": 4.0,
  "output_disruption_score": 0.3379285726254916,
  "output_disruption_weight": 1.0,
  "output_l2": 0.0619262703584069,
  "output_max_abs": 0.8392156958580017,
  "output_mean_abs": 0.026691734790802002,
  "output_psnr": 24.162501510268516,
  "output_ssim": 0.909776508808136,
  "perturbed_clip_positive_margin": 0.04511705040931702,
  "perturbed_semantic_success_score": 0.04511705040931702,
  "phase2_final_score": 0.3474487456983065,
  "phase2_output_disruption": 0.3379285726254916,
  "phase2_score_formula": "4.0*max(0,semantic_drop)+1.0*output_disruption-3.0*input_damage_penalty-1.0*geometry_excess_penalty",
  "semantic_drop": 0.0023800432682037354,
  "semantic_drop_weight": 4.0,
  "target_input_ssim": 0.94
}
