{
  "budget": "medium",
  "budget_max_disp_px": 4.0,
  "candidate_folder_abs": "/home/interns/Desktop/mat/phase3/outputs/breadth_probe/cases/face_004/igs_1p00/add_a_small_beard/medium/seed_00/candidates/cand_005_g01_m05",
  "candidate_index": 5,
  "candidate_name": "cand_005_g01_m05",
  "dct_modes": [
    [
      1,
      0
    ],
    [
      0,
      1
    ],
    [
      1,
      1
    ],
    [
      2,
      0
    ],
    [
      0,
      2
    ],
    [
      2,
      1
    ]
  ],
  "elapsed_seconds": 4.683424204587936,
  "generation": 1,
  "geometry_method": "region_local_tps",
  "initial_candidate": false,
  "input_l2": 0.006286576824124952,
  "input_max_abs": 0.26274511218070984,
  "input_mean_abs": 0.0010658663231879473,
  "input_psnr": 44.03171545701048,
  "input_ssim": 0.995511531829834,
  "max_disp_px": 1.3365261554718018,
  "max_disp_px_budget": 4.0,
  "mean_disp_px": 0.10534980893135071,
  "member": 5,
  "mesh_size": 4,
  "output_l2": 0.018732424286878088,
  "output_max_abs": 0.4078431725502014,
  "output_mean_abs": 0.008544526994228363,
  "output_psnr": 34.548120281344865,
  "output_ssim": 0.9581770896911621,
  "p95_disp_px": 0.7937241792678833,
  "phase": "phase3_breadth_probe",
  "prompt": "add a small beard",
  "prompt_priority": 4,
  "prompt_slug": "add_a_small_beard",
  "region_count": 1,
  "region_key": "beard",
  "scale_factor": 0.38184332847595215,
  "seed": 42001,
  "target_input_ssim": 0.94,
  "tps_size": 4
}
