{
  "budget": "existence_probe",
  "budget_max_disp_px": 14.0,
  "candidate_folder_abs": "/home/interns/Desktop/mat/phase4/outputs/phase4c_real_landmark_sanity/cases/face_002/igs_1p00/add_headphones/existence_probe/seed_00/candidates/cand_010_g01_m10",
  "candidate_index": 10,
  "candidate_name": "cand_010_g01_m10",
  "case_id": "face_002__add_headphones__igs_1p00",
  "elapsed_seconds": 6.247258076444268,
  "face_id": "face_002",
  "generation": 1,
  "geometry_method": "landmark_semantic_tps",
  "guidance_scale": 7.5,
  "image_guidance_scale": 1.0,
  "initial_candidate": false,
  "input_l2": 0.082363474865786,
  "input_max_abs": 0.9176470637321472,
  "input_mean_abs": 0.043529704213142395,
  "input_psnr": 21.685306780856365,
  "input_ssim": 0.6385956406593323,
  "landmark_count": 478,
  "landmark_detector": "mediapipe_python_solutions_face_mesh",
  "max_disp_px": 13.986001968383789,
  "max_disp_px_budget": 14.0,
  "mean_disp_px": 5.236483097076416,
  "member": 10,
  "output_l2": 0.09408919742083661,
  "output_max_abs": 0.8784313797950745,
  "output_mean_abs": 0.04792450740933418,
  "output_psnr": 20.529204719516756,
  "output_ssim": 0.6954250335693359,
  "p95_disp_px": 13.985998153686523,
  "phase": "phase4c_real_landmark_sanity",
  "prompt": "add headphones",
  "prompt_slug": "add_headphones",
  "prompt_type": "headphones",
  "real_landmarks": true,
  "seed": 43101,
  "target_input_ssim": 0.78,
  "theta_names": [
    "scale_logit",
    "action_face_side_push_left",
    "action_face_side_push_right",
    "action_head_top_raise",
    "action_head_top_lower",
    "action_jaw_expand",
    "action_jaw_compress",
    "action_asymmetry_twist"
  ],
  "theta_values": [
    0.09951063245534897,
    1.3680914640426636,
    -0.1628330647945404,
    -1.2440677881240845,
    -0.7866697907447815,
    0.3770199120044708,
    1.2021573781967163,
    -1.0154672861099243
  ]
}
