{
  "contrast": 0.1849002242088318,
  "face_detected_edited": false,
  "face_detected_original": true,
  "identity_distance_sface_if_available": null,
  "identity_similarity_sface_if_available": null,
  "l2": 0.1881906881217542,
  "max_abs": 0.9529411792755127,
  "mean_abs": 0.11570052057504654,
  "mean_brightness": 0.37643080949783325,
  "near_black_fraction": 0.02336883544921875,
  "near_white_fraction": 0.0,
  "psnr": 14.508037394731009,
  "ssim": 0.6606354117393494
}
