{
  "displacement": {
    "foldover_fraction_det_below_0": 0.0,
    "jacobian_det_mean": 0.9999999403953552,
    "jacobian_det_min": 0.9721623063087463,
    "low_det_fraction_below_0p2": 0.0,
    "max_disp_px": 0.5580761432647705,
    "mean_disp_px": 0.06047745794057846,
    "p95_disp_px": 0.2885524332523346
  },
  "input": {
    "l2": 0.004243723192335158,
    "max_abs": 0.12156863510608673,
    "mean_abs": 0.0012197106843814254,
    "psnr": 47.44505903623393,
    "ssim": 0.995079517364502
  },
  "output": {
    "l2": 0.015234884133603873,
    "max_abs": 0.4941176772117615,
    "mean_abs": 0.006093174684792757,
    "psnr": 36.34321688767463,
    "ssim": 0.9679656028747559
  }
}
