{
  "attack_score": 0.09297393365965964,
  "input_damage_penalty": 0.0,
  "normalized_output_l2": 0.060939536534415494,
  "output_disruption": 0.09297393365965964
}
