{
  "clean_clip_positive_margin": 0.04853600263595581,
  "clean_semantic_success_score": 0.04853600263595581,
  "clip_available": true,
  "clip_semantic_drop": 0.0002085864543914795,
  "clip_warning": null,
  "crop_clip_available": false,
  "crop_clip_warning": null,
  "decision_label": "metric_only_candidate",
  "decision_reasons": [
    "semantic_drop_small:0.0002",
    "semantic_drop_small:0.0002",
    "semantic_drop_small:0.0002"
  ],
  "edit_failure_score": 0.0002085864543914795,
  "final_attack_score": 0.1915682880976076,
  "full_image_semantic_drop": 0.0002085864543914795,
  "geometry_excess_penalty": 0.0,
  "geometry_excess_penalty_weight": 0.75,
  "identity_or_face_health_available": false,
  "input_damage_penalty": 0.0,
  "input_damage_penalty_weight": 3.0,
  "input_l2": 0.038630944805686296,
  "input_max_abs": 0.7098039388656616,
  "input_mean_abs": 0.0201299786567688,
  "input_preservation_score": 0.2630137638612226,
  "input_psnr": 28.26129340175371,
  "input_ssim": 0.837863028049469,
  "max_disp_px_budget": 14.0,
  "output_disruption_score": 0.3797991929249515,
  "output_disruption_weight": 0.5,
  "output_l2": 0.05116541827213143,
  "output_max_abs": 0.9176470637321472,
  "output_mean_abs": 0.02529270388185978,
  "output_psnr": 25.82046942417687,
  "output_ssim": 0.8248624801635742,
  "perturbed_clip_positive_margin": 0.04832741618156433,
  "perturbed_semantic_success_score": 0.04832741618156433,
  "phase2_final_score": 0.1915682880976076,
  "phase2_output_disruption": 0.3797991929249515,
  "phase2_score_formula": "8.0*max(0,semantic_drop)+0.5*output_disruption-3.0*input_damage_penalty-0.75*geometry_excess_penalty",
  "phase4_budget_name": "existence_probe",
  "phase4_final_score": 0.1915682880976076,
  "phase4_score_formula": "8.0*max(0,semantic_drop)+0.5*output_disruption-3.0*input_damage_penalty-0.75*geometry_excess_penalty",
  "semantic_drop": 0.0002085864543914795,
  "semantic_drop_weight": 8.0,
  "target_input_ssim": 0.78
}
