{
  "geometry_info": {
    "action_names": [
      "eye_spread",
      "eye_compress",
      "eye_squint",
      "eye_raise_left",
      "eye_raise_right",
      "nose_bridge_shift_x",
      "asymmetry_twist"
    ],
    "action_strength": 0.72,
    "action_values": {
      "asymmetry_twist": -0.10644625414823791,
      "eye_compress": 0.07091714439213122,
      "eye_raise_left": 0.25401703063386233,
      "eye_raise_right": 0.1681371259287869,
      "eye_spread": 0.18046032763915232,
      "eye_squint": 0.20228570755710412,
      "nose_bridge_shift_x": 0.031345140715886746
    },
    "active_actions": {
      "asymmetry_twist": -0.10644625414823791,
      "eye_compress": 0.07091714439213122,
      "eye_raise_left": 0.25401703063386233,
      "eye_raise_right": 0.1681371259287869,
      "eye_spread": 0.18046032763915232,
      "eye_squint": 0.20228570755710412,
      "nose_bridge_shift_x": 0.031345140715886746
    },
    "active_anchor_count": 13,
    "control_point_count": 21,
    "geometry_method": "landmark_piecewise_affine",
    "landmark_count": 478,
    "landmark_detector": "mediapipe_python_solutions_face_mesh",
    "max_disp_px_budget": 8.0,
    "require_real_landmarks": true,
    "scale_factor": 0.32360006022435583,
    "source_control_points": [
      [
        190.21414184570312,
        159.2659912109375
      ],
      [
        163.99778747558594,
        159.2659912109375
      ],
      [
        306.25543212890625,
        175.0582275390625
      ],
      [
        331.9805908203125,
        175.0582275390625
      ],
      [
        190.21414184570312,
        149.36541748046875
      ],
      [
        190.21414184570312,
        169.16656494140625
      ],
      [
        306.25543212890625,
        166.18838500976562
      ],
      [
        306.25543212890625,
        183.92808532714844
      ],
      [
        251.65289306640625,
        190.71658325195312
      ],
      [
        104.53517150878906,
        219.31192016601562
      ],
      [
        121.2041244506836,
        337.6188049316406
      ],
      [
        363.7645263671875,
        219.31192016601562
      ],
      [
        320.013916015625,
        337.6188049316406
      ],
      [
        0.0,
        0.0
      ],
      [
        511.0,
        0.0
      ],
      [
        0.0,
        511.0
      ],
      [
        511.0,
        511.0
      ],
      [
        256.0,
        0.0
      ],
      [
        256.0,
        511.0
      ],
      [
        0.0,
        256.0
      ],
      [
        511.0,
        256.0
      ]
    ],
    "target_control_points": [
      [
        189.5831756591797,
        157.8028564453125
      ],
      [
        163.3668212890625,
        159.2659912109375
      ],
      [
        306.88641357421875,
        174.08975219726562
      ],
      [
        332.611572265625,
        175.0582275390625
      ],
      [
        190.21414184570312,
        149.06744384765625
      ],
      [
        190.21414184570312,
        167.26983642578125
      ],
      [
        306.25543212890625,
        166.3850860595703
      ],
      [
        306.25543212890625,
        182.2786865234375
      ],
      [
        251.83343505859375,
        190.71658325195312
      ],
      [
        104.53517150878906,
        219.925048828125
      ],
      [
        121.2041244506836,
        337.9253845214844
      ],
      [
        363.7645263671875,
        218.69879150390625
      ],
      [
        320.013916015625,
        337.3122253417969
      ],
      [
        0.0,
        0.0
      ],
      [
        511.0,
        0.0
      ],
      [
        0.0,
        511.0
      ],
      [
        511.0,
        511.0
      ],
      [
        256.0,
        0.0
      ],
      [
        256.0,
        511.0
      ],
      [
        0.0,
        256.0
      ],
      [
        511.0,
        256.0
      ]
    ],
    "tps_regularization": 0.0001
  },
  "names": [
    "scale_logit",
    "action_eye_spread",
    "action_eye_compress",
    "action_eye_squint",
    "action_eye_raise_left",
    "action_eye_raise_right",
    "action_nose_bridge_shift_x",
    "action_asymmetry_twist"
  ],
  "values": [
    -0.8498667478561401,
    0.6294373869895935,
    0.22276367247104645,
    0.7333494424819946,
    1.0581952333450317,
    0.5757685303688049,
    0.09716849029064178,
    -0.3416435122489929
  ]
}
