{
  "best_folder": "phase2/outputs/phase2c_probe/semantic_heavy_cem/headphones_top_only/strong/seed_00/candidates/cand_010_g01_m10",
  "budget": "strong",
  "budget_max_disp_px": 6.0,
  "candidate_folder": "phase2/outputs/phase2c_probe/semantic_heavy_cem/headphones_top_only/strong/seed_00/candidates/cand_010_g01_m10",
  "candidate_index": 10,
  "candidate_name": "cand_010_g01_m10",
  "clean_clip_positive_margin": 0.027842342853546143,
  "clean_semantic_success_score": 0.027842342853546143,
  "clip_available": true,
  "clip_semantic_drop": 0.015529036521911621,
  "clip_warning": null,
  "crop_clip_available": true,
  "crop_clip_warning": null,
  "dct_modes": [
    [
      1,
      0
    ],
    [
      0,
      1
    ],
    [
      1,
      1
    ],
    [
      2,
      0
    ],
    [
      0,
      2
    ],
    [
      2,
      1
    ]
  ],
  "decision_label": "weak_candidate",
  "decision_reasons": [
    "semantic_drop_small:0.0155"
  ],
  "edit_failure_score": 0.015529036521911621,
  "elapsed_seconds": 5.240786163136363,
  "final_attack_score": 0.1490142009679945,
  "full_image_semantic_drop": 0.015529036521911621,
  "generation": 1,
  "geometry_excess_penalty": 0.0,
  "geometry_excess_penalty_weight": 0.75,
  "geometry_method": "region_local_tps",
  "identity_or_face_health_available": false,
  "initial_candidate": false,
  "input_damage_penalty": 0.0,
  "input_damage_penalty_weight": 3.0,
  "input_l2": 0.00809909371651815,
  "input_max_abs": 0.1921568661928177,
  "input_mean_abs": 0.001971485326066613,
  "input_preservation_score": 0.8240327835083008,
  "input_psnr": 41.83127151362662,
  "input_ssim": 0.9824032783508301,
  "left_crop_clean_margin": 0.02535329759120941,
  "left_crop_perturbed_margin": 0.02629140019416809,
  "left_crop_semantic_drop": -0.0009381026029586792,
  "max_disp_px": 1.435049057006836,
  "max_disp_px_budget": 6.0,
  "mean_crop_margin": 0.015490194161732992,
  "mean_crop_semantic_drop": 0.0026210745175679526,
  "mean_disp_px": 0.12124159932136536,
  "member": 10,
  "mesh_size": 4,
  "min_crop_margin": -0.00019627809524536133,
  "min_crop_semantic_drop": -0.0009381026029586792,
  "output_disruption_score": 0.0991276351708062,
  "output_disruption_weight": 0.25,
  "output_l2": 0.015477400225845163,
  "output_max_abs": 0.5254902243614197,
  "output_mean_abs": 0.007038755342364311,
  "output_psnr": 36.20603973919994,
  "output_ssim": 0.9627819657325745,
  "p95_disp_px": 0.8863145709037781,
  "path_flow": "phase2/outputs/phase2c_probe/semantic_heavy_cem/headphones_top_only/strong/seed_00/candidates/cand_010_g01_m10/flow.png",
  "path_original": "phase2/outputs/phase2c_probe/semantic_heavy_cem/headphones_top_only/strong/seed_00/candidates/cand_010_g01_m10/original.png",
  "path_original_edited": "phase2/outputs/phase2c_probe/semantic_heavy_cem/headphones_top_only/strong/seed_00/candidates/cand_010_g01_m10/original_edited.png",
  "path_perturbed": "phase2/outputs/phase2c_probe/semantic_heavy_cem/headphones_top_only/strong/seed_00/candidates/cand_010_g01_m10/perturbed.png",
  "path_perturbed_edited": "phase2/outputs/phase2c_probe/semantic_heavy_cem/headphones_top_only/strong/seed_00/candidates/cand_010_g01_m10/perturbed_edited.png",
  "perturbed_clip_positive_margin": 0.012313306331634521,
  "perturbed_semantic_success_score": 0.012313306331634521,
  "phase": "phase2c_probe",
  "phase2_final_score": 0.1490142009679945,
  "phase2_output_disruption": 0.0991276351708062,
  "phase2_score_formula": "8.0*max(0,semantic_drop)+0.25*output_disruption-3.0*input_damage_penalty-0.75*geometry_excess_penalty",
  "prompt": "add headphones",
  "prompt_priority": 1,
  "prompt_slug": "add_headphones",
  "region_count": 1,
  "region_key": "headphones_top_only",
  "right_crop_clean_margin": 0.021481528878211975,
  "right_crop_perturbed_margin": 0.020375460386276245,
  "right_crop_semantic_drop": 0.00110606849193573,
  "scale_factor": 0.5228782296180725,
  "seed": 24301,
  "semantic_drop": 0.015529036521911621,
  "semantic_drop_weight": 8.0,
  "target_input_ssim": 0.9,
  "top_crop_clean_margin": 0.007498979568481445,
  "top_crop_perturbed_margin": -0.00019627809524536133,
  "top_crop_semantic_drop": 0.007695257663726807,
  "tps_size": 4
}
