{
  "displacement": {
    "budget_max_disp_px": 14.0,
    "max_disp_px": 9.971100807189941,
    "max_disp_px_budget": 14.0,
    "mean_disp_px": 2.728504180908203,
    "p95_disp_px": 6.754284858703613,
    "target_input_ssim": 0.78
  },
  "input": {
    "l2": 0.05059460120224328,
    "max_abs": 0.6235294342041016,
    "mean_abs": 0.026953572407364845,
    "psnr": 25.91791645892198,
    "ssim": 0.7594870924949646
  },
  "output": {
    "l2": 0.08428700669058851,
    "max_abs": 0.886274516582489,
    "mean_abs": 0.04141031578183174,
    "psnr": 21.484787382357023,
    "ssim": 0.7829962372779846
  }
}
