{
  "clean_clip_positive_margin": 0.027842342853546143,
  "clean_semantic_success_score": 0.027842342853546143,
  "clip_available": true,
  "clip_semantic_drop": -0.002612203359603882,
  "clip_warning": null,
  "crop_clip_available": true,
  "crop_clip_warning": null,
  "decision_label": "metric_only_candidate",
  "decision_reasons": [
    "semantic_drop_nonpositive:-0.0026",
    "semantic_drop_nonpositive:-0.0026"
  ],
  "edit_failure_score": 0.0,
  "final_attack_score": 0.052100551664459524,
  "full_image_semantic_drop": -0.002612203359603882,
  "geometry_excess_penalty": 0.0,
  "geometry_excess_penalty_weight": 0.75,
  "identity_or_face_health_available": false,
  "input_damage_penalty": 0.0,
  "input_damage_penalty_weight": 3.0,
  "input_l2": 0.023799829900239156,
  "input_max_abs": 0.8941176533699036,
  "input_mean_abs": 0.007386524695903063,
  "input_preservation_score": 0.4996832949774606,
  "input_psnr": 32.468522937568494,
  "input_ssim": 0.9299556612968445,
  "left_crop_clean_margin": 0.02535329759120941,
  "left_crop_perturbed_margin": 0.024106740951538086,
  "left_crop_semantic_drop": 0.0012465566396713257,
  "max_disp_px_budget": 8.0,
  "mean_crop_margin": 0.016668508450190227,
  "mean_crop_semantic_drop": 0.0014427602291107178,
  "min_crop_margin": 0.0048351287841796875,
  "min_crop_semantic_drop": 0.0004178732633590698,
  "output_disruption_score": 0.2084022066578381,
  "output_disruption_weight": 0.25,
  "output_l2": 0.03152045363150817,
  "output_max_abs": 0.7764706015586853,
  "output_mean_abs": 0.012057841755449772,
  "output_psnr": 30.028150818419217,
  "output_ssim": 0.9176796078681946,
  "perturbed_clip_positive_margin": 0.030454546213150024,
  "perturbed_semantic_success_score": 0.030454546213150024,
  "phase2_final_score": 0.052100551664459524,
  "phase2_output_disruption": 0.2084022066578381,
  "phase2_score_formula": "8.0*max(0,semantic_drop)+0.25*output_disruption-3.0*input_damage_penalty-0.75*geometry_excess_penalty",
  "right_crop_clean_margin": 0.021481528878211975,
  "right_crop_perturbed_margin": 0.021063655614852905,
  "right_crop_semantic_drop": 0.0004178732633590698,
  "semantic_drop": -0.002612203359603882,
  "semantic_drop_weight": 8.0,
  "target_input_ssim": 0.86,
  "top_crop_clean_margin": 0.007498979568481445,
  "top_crop_perturbed_margin": 0.0048351287841796875,
  "top_crop_semantic_drop": 0.002663850784301758
}
