{
  "budget": "medium",
  "budget_max_disp_px": 4.0,
  "candidate_folder_abs": "/home/interns/Desktop/mat/phase3/outputs/breadth_probe/cases/face_005/igs_1p00/add_black_sunglasses/medium/seed_00/candidates/cand_004_g01_m04",
  "candidate_index": 4,
  "candidate_name": "cand_004_g01_m04",
  "dct_modes": [
    [
      1,
      0
    ],
    [
      0,
      1
    ],
    [
      1,
      1
    ],
    [
      2,
      0
    ],
    [
      0,
      2
    ],
    [
      2,
      1
    ]
  ],
  "elapsed_seconds": 5.005887322127819,
  "generation": 1,
  "geometry_method": "combined_all",
  "initial_candidate": false,
  "input_l2": 0.016899663429547667,
  "input_max_abs": 0.7019608020782471,
  "input_mean_abs": 0.0032985263969749212,
  "input_psnr": 35.44243889251442,
  "input_ssim": 0.9798915982246399,
  "max_disp_px": 3.6068906784057617,
  "max_disp_px_budget": 4.0,
  "mean_disp_px": 0.2474757730960846,
  "member": 4,
  "mesh_size": 4,
  "output_l2": 0.0448632531587399,
  "output_max_abs": 0.7921568751335144,
  "output_mean_abs": 0.01730300299823284,
  "output_psnr": 26.962184754310158,
  "output_ssim": 0.941145122051239,
  "p95_disp_px": 2.175910711288452,
  "phase": "phase3_breadth_probe",
  "prompt": "add black sunglasses",
  "prompt_priority": 2,
  "prompt_slug": "add_black_sunglasses",
  "region_count": 1,
  "region_key": "glasses",
  "scale_factor": 0.9201252460479736,
  "seed": 46001,
  "target_input_ssim": 0.94,
  "tps_size": 4
}
