{
  "clean_clip_positive_margin": 0.055569812655448914,
  "clean_semantic_success_score": 0.055569812655448914,
  "clip_available": true,
  "clip_semantic_drop": 0.00305899977684021,
  "clip_warning": null,
  "crop_clip_available": true,
  "crop_clip_warning": null,
  "decision_label": "reject_input_damage",
  "decision_reasons": [
    "input_ssim_below_target:0.7708<0.7800",
    "semantic_drop_small:0.0031"
  ],
  "edit_failure_score": 0.00305899977684021,
  "final_attack_score": 0.08824734420109948,
  "full_image_semantic_drop": 0.00305899977684021,
  "geometry_excess_penalty": 0.0,
  "geometry_excess_penalty_weight": 0.75,
  "identity_or_face_health_available": false,
  "input_damage_penalty": 0.07352899551391623,
  "input_damage_penalty_weight": 3.0,
  "input_l2": 0.061338857376820086,
  "input_max_abs": 0.7333333492279053,
  "input_mean_abs": 0.03148134797811508,
  "input_preservation_score": 0.0,
  "input_psnr": 24.245286366732827,
  "input_ssim": 0.7708088755607605,
  "left_crop_clean_margin": 0.027460142970085144,
  "left_crop_perturbed_margin": 0.025065556168556213,
  "left_crop_semantic_drop": 0.0023945868015289307,
  "max_disp_px_budget": 14.0,
  "mean_crop_margin": 0.015918304522832234,
  "mean_crop_semantic_drop": 0.0010519623756408691,
  "min_crop_margin": -0.003148391842842102,
  "min_crop_semantic_drop": -0.00047975778579711914,
  "output_disruption_score": 0.568724665056253,
  "output_disruption_weight": 0.5,
  "output_l2": 0.07385181710386884,
  "output_max_abs": 0.8980392217636108,
  "output_mean_abs": 0.03904031589627266,
  "output_psnr": 22.63277629045981,
  "output_ssim": 0.7266826033592224,
  "perturbed_clip_positive_margin": 0.052510812878608704,
  "perturbed_semantic_success_score": 0.052510812878608704,
  "phase2_final_score": 0.08824734420109948,
  "phase2_output_disruption": 0.568724665056253,
  "phase2_score_formula": "8.0*max(0,semantic_drop)+0.5*output_disruption-3.0*input_damage_penalty-0.75*geometry_excess_penalty",
  "phase4_budget_name": "existence_probe",
  "phase4_final_score": 0.08824734420109948,
  "phase4_score_formula": "8.0*max(0,semantic_drop)+0.5*output_disruption-3.0*input_damage_penalty-0.75*geometry_excess_penalty",
  "right_crop_clean_margin": 0.025357991456985474,
  "right_crop_perturbed_margin": 0.025837749242782593,
  "right_crop_semantic_drop": -0.00047975778579711914,
  "semantic_drop": 0.00305899977684021,
  "semantic_drop_weight": 8.0,
  "target_input_ssim": 0.78,
  "top_crop_clean_margin": -0.0019073337316513062,
  "top_crop_perturbed_margin": -0.003148391842842102,
  "top_crop_semantic_drop": 0.001241058111190796
}
