{
  "displacement": {
    "budget_max_disp_px": 8.0,
    "max_disp_px": 1.959791660308838,
    "max_disp_px_budget": 8.0,
    "mean_disp_px": 0.6368797421455383,
    "p95_disp_px": 1.362031102180481,
    "target_input_ssim": 0.88
  },
  "input": {
    "l2": 0.024643311630676956,
    "max_abs": 0.5215686559677124,
    "mean_abs": 0.013036608695983887,
    "psnr": 32.166018619852935,
    "ssim": 0.9036806225776672
  },
  "output": {
    "l2": 0.04033021206944144,
    "max_abs": 0.5882353186607361,
    "mean_abs": 0.01939311809837818,
    "psnr": 27.887389886479887,
    "ssim": 0.8926596641540527
  }
}
