{
  "budget": "existence_probe",
  "budget_max_disp_px": 14.0,
  "candidate_folder_abs": "/home/interns/Desktop/mat/phase4/outputs/phase4a_existence_probe/cases/face_002/igs_1p50/add_headphones/existence_probe/seed_00/candidates/cand_032_g02_m12",
  "candidate_index": 32,
  "candidate_name": "cand_032_g02_m12",
  "case_id": "face_002__add_headphones__igs_1p50",
  "elapsed_seconds": 2.4536172226071358,
  "face_id": "face_002",
  "generation": 2,
  "geometry_method": "landmark_piecewise_affine",
  "guidance_scale": 7.5,
  "image_guidance_scale": 1.5,
  "initial_candidate": false,
  "input_l2": 0.05414163907451393,
  "input_max_abs": 0.8784313797950745,
  "input_mean_abs": 0.027730897068977356,
  "input_psnr": 25.329372012225782,
  "input_ssim": 0.746178388595581,
  "max_disp_px": 7.835973739624023,
  "max_disp_px_budget": 14.0,
  "mean_disp_px": 1.9869505167007446,
  "member": 12,
  "output_l2": 0.07618874583113679,
  "output_max_abs": 0.8823529481887817,
  "output_mean_abs": 0.03983335196971893,
  "output_psnr": 22.362183508747076,
  "output_ssim": 0.7002373337745667,
  "p95_disp_px": 4.764985084533691,
  "phase": "phase4a_existence_probe",
  "prompt": "add headphones",
  "prompt_slug": "add_headphones",
  "prompt_type": "headphones",
  "seed": 51101,
  "target_input_ssim": 0.78,
  "theta_names": [
    "scale_logit",
    "action_face_side_push_left",
    "action_face_side_push_right",
    "action_head_top_raise",
    "action_head_top_lower",
    "action_jaw_expand",
    "action_jaw_compress",
    "action_asymmetry_twist"
  ],
  "theta_values": [
    0.7832438945770264,
    0.23040704429149628,
    -0.9526139497756958,
    0.45032835006713867,
    0.07679344713687897,
    0.4556233584880829,
    1.0700442790985107,
    -0.5223760604858398
  ]
}
