{
  "action_names": [
    "eye_spread",
    "eye_compress",
    "eye_squint",
    "eye_raise_left",
    "eye_raise_right",
    "nose_bridge_shift_x",
    "asymmetry_twist"
  ],
  "action_strength": 0.72,
  "action_values": {
    "asymmetry_twist": -0.8492566616552195,
    "eye_compress": -0.5069986418093456,
    "eye_raise_left": -0.4545031343734273,
    "eye_raise_right": 0.3228843791548249,
    "eye_spread": 0.29358170517706983,
    "eye_squint": -0.1802476655477039,
    "nose_bridge_shift_x": -0.2788111687157617
  },
  "active_actions": {
    "asymmetry_twist": -0.8492566616552195,
    "eye_compress": -0.5069986418093456,
    "eye_raise_left": -0.4545031343734273,
    "eye_raise_right": 0.3228843791548249,
    "eye_spread": 0.29358170517706983,
    "eye_squint": -0.1802476655477039,
    "nose_bridge_shift_x": -0.2788111687157617
  },
  "active_anchor_count": 13,
  "control_point_count": 21,
  "geometry_method": "landmark_semantic_tps",
  "max_disp_px_budget": 14.0,
  "scale_factor": 0.8913777137889474,
  "source_control_points": [
    [
      212.48001098632812,
      217.60000610351562
    ],
    [
      184.32000732421875,
      217.60000610351562
    ],
    [
      299.5199890136719,
      217.60000610351562
    ],
    [
      327.67999267578125,
      217.60000610351562
    ],
    [
      212.48001098632812,
      199.67999267578125
    ],
    [
      212.48001098632812,
      235.52000427246094
    ],
    [
      299.5199890136719,
      199.67999267578125
    ],
    [
      299.5199890136719,
      235.52000427246094
    ],
    [
      256.0,
      263.67999267578125
    ],
    [
      112.63999938964844,
      248.3199920654297
    ],
    [
      174.0800018310547,
      394.239990234375
    ],
    [
      399.3599853515625,
      248.3199920654297
    ],
    [
      337.9200134277344,
      394.239990234375
    ],
    [
      0.0,
      0.0
    ],
    [
      511.0,
      0.0
    ],
    [
      0.0,
      511.0
    ],
    [
      511.0,
      511.0
    ],
    [
      256.0,
      0.0
    ],
    [
      256.0,
      511.0
    ],
    [
      0.0,
      256.0
    ],
    [
      511.0,
      256.0
    ]
  ],
  "target_control_points": [
    [
      204.41015625,
      222.181396484375
    ],
    [
      176.25015258789062,
      217.60000610351562
    ],
    [
      307.58984375,
      214.3453369140625
    ],
    [
      335.7498474121094,
      217.60000610351562
    ],
    [
      212.48001098632812,
      202.44448852539062
    ],
    [
      212.48001098632812,
      239.62759399414062
    ],
    [
      299.5199890136719,
      194.60842895507812
    ],
    [
      299.5199890136719,
      235.70956420898438
    ],
    [
      253.18959045410156,
      263.67999267578125
    ],
    [
      112.63999938964844,
      256.8804931640625
    ],
    [
      174.0800018310547,
      398.5202331542969
    ],
    [
      399.3599853515625,
      239.75949096679688
    ],
    [
      337.9200134277344,
      389.9597473144531
    ],
    [
      0.0,
      0.0
    ],
    [
      511.0,
      0.0
    ],
    [
      0.0,
      511.0
    ],
    [
      511.0,
      511.0
    ],
    [
      256.0,
      0.0
    ],
    [
      256.0,
      511.0
    ],
    [
      0.0,
      256.0
    ],
    [
      511.0,
      256.0
    ]
  ],
  "tps_regularization": 0.0001
}
