{
  "attack_score": 0.14402594878067299,
  "input_damage_penalty": 0.0,
  "normalized_output_l2": 0.07657250477661415,
  "output_disruption": 0.14402594878067299
}
