{
  "budget": "existence_probe",
  "budget_max_disp_px": 14.0,
  "candidate_folder_abs": "/home/interns/Desktop/mat/phase4/outputs/phase4a_existence_probe/cases/face_006/igs_1p50/add_black_sunglasses/existence_probe/seed_00/candidates/cand_049_g03_m09",
  "candidate_index": 49,
  "candidate_name": "cand_049_g03_m09",
  "case_id": "face_006__add_black_sunglasses__igs_1p50",
  "elapsed_seconds": 2.7255478240549564,
  "face_id": "face_006",
  "generation": 3,
  "geometry_method": "landmark_piecewise_affine",
  "guidance_scale": 7.5,
  "image_guidance_scale": 1.5,
  "initial_candidate": false,
  "input_l2": 0.054987732541256405,
  "input_max_abs": 0.8470588326454163,
  "input_mean_abs": 0.022114790976047516,
  "input_psnr": 25.194683767891185,
  "input_ssim": 0.8366062045097351,
  "max_disp_px": 11.171731948852539,
  "max_disp_px_budget": 14.0,
  "mean_disp_px": 1.7935742139816284,
  "member": 9,
  "output_l2": 0.06925019146986598,
  "output_max_abs": 0.9725490212440491,
  "output_mean_abs": 0.025167634710669518,
  "output_psnr": 23.19158042961936,
  "output_ssim": 0.8361178040504456,
  "p95_disp_px": 5.797041893005371,
  "phase": "phase4a_existence_probe",
  "prompt": "add black sunglasses",
  "prompt_slug": "add_black_sunglasses",
  "prompt_type": "glasses",
  "seed": 43101,
  "target_input_ssim": 0.78,
  "theta_names": [
    "scale_logit",
    "action_eye_spread",
    "action_eye_compress",
    "action_eye_squint",
    "action_eye_raise_left",
    "action_eye_raise_right",
    "action_nose_bridge_shift_x",
    "action_asymmetry_twist"
  ],
  "theta_values": [
    0.9438496232032776,
    0.9771003127098083,
    -0.09568727016448975,
    -1.0985395908355713,
    -1.4918686151504517,
    0.1647430658340454,
    0.9119812846183777,
    0.2416263073682785
  ]
}
