{
  "budget": "strong",
  "budget_max_disp_px": 6.0,
  "candidate_folder_abs": "/home/interns/Desktop/mat/phase2/outputs/phase2a_probe/add_headphones/strong/seed_00/candidates/cand_009_g01_m09",
  "candidate_index": 9,
  "candidate_name": "cand_009_g01_m09",
  "dct_modes": [
    [
      1,
      0
    ],
    [
      0,
      1
    ],
    [
      1,
      1
    ],
    [
      2,
      0
    ],
    [
      0,
      2
    ],
    [
      2,
      1
    ]
  ],
  "elapsed_seconds": 5.88618172518909,
  "generation": 1,
  "geometry_method": "region_local_dct",
  "initial_candidate": false,
  "input_l2": 0.01974680314808392,
  "input_max_abs": 0.43921566009521484,
  "input_mean_abs": 0.006404053419828415,
  "input_psnr": 34.09006406406591,
  "input_ssim": 0.9371045231819153,
  "max_disp_px": 4.260699272155762,
  "max_disp_px_budget": 6.0,
  "mean_disp_px": 0.5862376689910889,
  "member": 9,
  "mesh_size": 4,
  "output_l2": 0.025922351932219565,
  "output_max_abs": 0.658823549747467,
  "output_mean_abs": 0.009928052313625813,
  "output_psnr": 31.72651195043769,
  "output_ssim": 0.9290969967842102,
  "p95_disp_px": 2.721698760986328,
  "phase": "phase2a_probe",
  "prompt": "add headphones",
  "prompt_priority": 1,
  "prompt_slug": "add_headphones",
  "region_count": 3,
  "region_key": "headphones",
  "scale_factor": 0.7873517274856567,
  "seed": 22101,
  "target_input_ssim": 0.9,
  "tps_size": 4
}
