{
  "displacement": {
    "budget_max_disp_px": 6.0,
    "max_disp_px": 4.260699272155762,
    "max_disp_px_budget": 6.0,
    "mean_disp_px": 0.5862376689910889,
    "p95_disp_px": 2.721698760986328,
    "target_input_ssim": 0.9
  },
  "input": {
    "l2": 0.01974680314808392,
    "max_abs": 0.43921566009521484,
    "mean_abs": 0.006404053419828415,
    "psnr": 34.09006406406591,
    "ssim": 0.9371045231819153
  },
  "output": {
    "l2": 0.025922351932219565,
    "max_abs": 0.658823549747467,
    "mean_abs": 0.009928052313625813,
    "psnr": 31.72651195043769,
    "ssim": 0.9290969967842102
  }
}
