{
  "budget": "strong",
  "budget_max_disp_px": 8.0,
  "candidate_folder_abs": "/home/interns/Desktop/mat/phase4/outputs/phase4c_real_landmark_sanity/cases/face_003/igs_1p50/add_black_sunglasses/strong/seed_00/candidates/cand_015_g02_m03",
  "candidate_index": 15,
  "candidate_name": "cand_015_g02_m03",
  "case_id": "face_003__add_black_sunglasses__igs_1p50",
  "elapsed_seconds": 4.224498705938458,
  "face_id": "face_003",
  "generation": 2,
  "geometry_method": "landmark_piecewise_affine",
  "guidance_scale": 7.5,
  "image_guidance_scale": 1.5,
  "initial_candidate": false,
  "input_l2": 0.025735739117726218,
  "input_max_abs": 0.5607843399047852,
  "input_mean_abs": 0.011305858381092548,
  "input_psnr": 31.789267090230364,
  "input_ssim": 0.9021673202514648,
  "landmark_count": 478,
  "landmark_detector": "mediapipe_python_solutions_face_mesh",
  "max_disp_px": 5.631082057952881,
  "max_disp_px_budget": 8.0,
  "mean_disp_px": 0.8470306396484375,
  "member": 3,
  "output_l2": 0.026737656972659757,
  "output_max_abs": 0.6784313917160034,
  "output_mean_abs": 0.013375237584114075,
  "output_psnr": 31.457533054740374,
  "output_ssim": 0.8944275975227356,
  "p95_disp_px": 2.877220869064331,
  "phase": "phase4c_real_landmark_sanity",
  "prompt": "add black sunglasses",
  "prompt_slug": "add_black_sunglasses",
  "prompt_type": "glasses",
  "real_landmarks": true,
  "seed": 46001,
  "target_input_ssim": 0.88,
  "theta_names": [
    "scale_logit",
    "action_eye_spread",
    "action_eye_compress",
    "action_eye_squint",
    "action_eye_raise_left",
    "action_eye_raise_right",
    "action_nose_bridge_shift_x",
    "action_asymmetry_twist"
  ],
  "theta_values": [
    -0.2329728752374649,
    -1.0303170680999756,
    1.0234156847000122,
    1.067238688468933,
    -1.6328786611557007,
    0.022824380546808243,
    1.391239047050476,
    -0.5037348866462708
  ]
}
