{
  "attack_score": 0.15375972982178399,
  "input_damage_penalty": 0.0,
  "normalized_output_l2": 0.08438820834885309,
  "output_disruption": 0.15375972982178399
}
