{
  "attack_score": 0.08071085582877324,
  "input_damage_penalty": 0.0,
  "normalized_output_l2": 0.04986801515723393,
  "output_disruption": 0.08071085582877324
}
