{
  "best_folder": "phase2/outputs/phase2c_probe/semantic_heavy_cem/headphones_sides_only/strong/seed_00/candidates/cand_006_g01_m06",
  "budget": "strong",
  "budget_max_disp_px": 6.0,
  "candidate_folder": "phase2/outputs/phase2c_probe/semantic_heavy_cem/headphones_sides_only/strong/seed_00/candidates/cand_006_g01_m06",
  "candidate_index": 6,
  "candidate_name": "cand_006_g01_m06",
  "clean_clip_positive_margin": 0.027842342853546143,
  "clean_semantic_success_score": 0.027842342853546143,
  "clip_available": true,
  "clip_semantic_drop": -0.002507507801055908,
  "clip_warning": null,
  "crop_clip_available": true,
  "crop_clip_warning": null,
  "dct_modes": [
    [
      1,
      0
    ],
    [
      0,
      1
    ],
    [
      1,
      1
    ],
    [
      2,
      0
    ],
    [
      0,
      2
    ],
    [
      2,
      1
    ]
  ],
  "decision_label": "metric_only_candidate",
  "decision_reasons": [
    "semantic_drop_nonpositive:-0.0025",
    "semantic_drop_nonpositive:-0.0025"
  ],
  "edit_failure_score": 0.0,
  "elapsed_seconds": 5.0467646438628435,
  "final_attack_score": 0.035663710441600466,
  "full_image_semantic_drop": -0.002507507801055908,
  "generation": 1,
  "geometry_excess_penalty": 0.0,
  "geometry_excess_penalty_weight": 0.75,
  "geometry_method": "region_local_tps",
  "identity_or_face_health_available": false,
  "initial_candidate": false,
  "input_damage_penalty": 0.0,
  "input_damage_penalty_weight": 3.0,
  "input_l2": 0.014482862276292835,
  "input_max_abs": 0.8784313797950745,
  "input_mean_abs": 0.0038976380601525307,
  "input_preservation_score": 0.6710109710693358,
  "input_psnr": 36.78291198383225,
  "input_ssim": 0.9671010971069336,
  "left_crop_clean_margin": 0.02535329759120941,
  "left_crop_perturbed_margin": 0.02377179265022278,
  "left_crop_semantic_drop": 0.0015815049409866333,
  "max_disp_px": 2.3452672958374023,
  "max_disp_px_budget": 6.0,
  "mean_crop_margin": 0.01337150235970815,
  "mean_crop_semantic_drop": 0.0047397663195927935,
  "mean_disp_px": 0.36475294828414917,
  "member": 6,
  "mesh_size": 4,
  "min_crop_margin": -0.0038997679948806763,
  "min_crop_semantic_drop": 0.0012390464544296265,
  "output_disruption_score": 0.14265484176640186,
  "output_disruption_weight": 0.25,
  "output_l2": 0.023134441580783514,
  "output_max_abs": 0.7215686440467834,
  "output_mean_abs": 0.008745823055505753,
  "output_psnr": 32.71481958078005,
  "output_ssim": 0.9498829245567322,
  "p95_disp_px": 1.864035725593567,
  "path_flow": "phase2/outputs/phase2c_probe/semantic_heavy_cem/headphones_sides_only/strong/seed_00/candidates/cand_006_g01_m06/flow.png",
  "path_original": "phase2/outputs/phase2c_probe/semantic_heavy_cem/headphones_sides_only/strong/seed_00/candidates/cand_006_g01_m06/original.png",
  "path_original_edited": "phase2/outputs/phase2c_probe/semantic_heavy_cem/headphones_sides_only/strong/seed_00/candidates/cand_006_g01_m06/original_edited.png",
  "path_perturbed": "phase2/outputs/phase2c_probe/semantic_heavy_cem/headphones_sides_only/strong/seed_00/candidates/cand_006_g01_m06/perturbed.png",
  "path_perturbed_edited": "phase2/outputs/phase2c_probe/semantic_heavy_cem/headphones_sides_only/strong/seed_00/candidates/cand_006_g01_m06/perturbed_edited.png",
  "perturbed_clip_positive_margin": 0.03034985065460205,
  "perturbed_semantic_success_score": 0.03034985065460205,
  "phase": "phase2c_probe",
  "phase2_final_score": 0.035663710441600466,
  "phase2_output_disruption": 0.14265484176640186,
  "phase2_score_formula": "8.0*max(0,semantic_drop)+0.25*output_disruption-3.0*input_damage_penalty-0.75*geometry_excess_penalty",
  "prompt": "add headphones",
  "prompt_priority": 1,
  "prompt_slug": "add_headphones",
  "region_count": 2,
  "region_key": "headphones_sides_only",
  "right_crop_clean_margin": 0.021481528878211975,
  "right_crop_perturbed_margin": 0.02024248242378235,
  "right_crop_semantic_drop": 0.0012390464544296265,
  "scale_factor": 0.39885494112968445,
  "seed": 24101,
  "semantic_drop": -0.002507507801055908,
  "semantic_drop_weight": 8.0,
  "target_input_ssim": 0.9,
  "top_crop_clean_margin": 0.007498979568481445,
  "top_crop_perturbed_margin": -0.0038997679948806763,
  "top_crop_semantic_drop": 0.011398747563362122,
  "tps_size": 4
}
