{
  "budget": "medium",
  "budget_max_disp_px": 4.0,
  "candidate_folder_abs": "/home/interns/Desktop/mat/phase3/outputs/breadth_probe/cases/face_004/igs_1p00/add_a_small_beard/medium/seed_00/candidates/cand_013_g02_m05",
  "candidate_index": 13,
  "candidate_name": "cand_013_g02_m05",
  "dct_modes": [
    [
      1,
      0
    ],
    [
      0,
      1
    ],
    [
      1,
      1
    ],
    [
      2,
      0
    ],
    [
      0,
      2
    ],
    [
      2,
      1
    ]
  ],
  "elapsed_seconds": 4.686854258179665,
  "generation": 2,
  "geometry_method": "combined_tps_dct",
  "initial_candidate": false,
  "input_l2": 0.013436641773135574,
  "input_max_abs": 0.5882353186607361,
  "input_mean_abs": 0.002056396333500743,
  "input_psnr": 37.43418522331913,
  "input_ssim": 0.9870209097862244,
  "max_disp_px": 2.2763075828552246,
  "max_disp_px_budget": 4.0,
  "mean_disp_px": 0.19333885610103607,
  "member": 5,
  "mesh_size": 4,
  "output_l2": 0.014088331879249174,
  "output_max_abs": 0.3450980484485626,
  "output_mean_abs": 0.005763673689216375,
  "output_psnr": 37.02280852464738,
  "output_ssim": 0.9694988131523132,
  "p95_disp_px": 1.432099461555481,
  "phase": "phase3_breadth_probe",
  "prompt": "add a small beard",
  "prompt_priority": 4,
  "prompt_slug": "add_a_small_beard",
  "region_count": 1,
  "region_key": "beard",
  "scale_factor": 0.739647388458252,
  "seed": 42001,
  "target_input_ssim": 0.94,
  "tps_size": 4
}
