{
  "budget": "strong",
  "budget_max_disp_px": 6.0,
  "candidate_folder_abs": "/home/interns/Desktop/mat/phase2/outputs/phase2c_probe/semantic_heavy_cem/headphones_full/strong/seed_00/candidates/cand_000_initial",
  "candidate_index": 0,
  "candidate_name": "cand_000_initial",
  "dct_modes": [
    [
      1,
      0
    ],
    [
      0,
      1
    ],
    [
      1,
      1
    ],
    [
      2,
      0
    ],
    [
      0,
      2
    ],
    [
      2,
      1
    ]
  ],
  "elapsed_seconds": 5.101576268672943,
  "generation": 0,
  "geometry_method": "region_local_tps",
  "initial_candidate": true,
  "input_l2": 0.013874603545888375,
  "input_max_abs": 0.5137255191802979,
  "input_mean_abs": 0.004619190003722906,
  "input_psnr": 37.155588351915306,
  "input_ssim": 0.960778534412384,
  "max_disp_px": 2.138836145401001,
  "max_disp_px_budget": 6.0,
  "mean_disp_px": 0.3850594460964203,
  "member": 0,
  "mesh_size": 4,
  "output_l2": 0.02136563956251955,
  "output_max_abs": 0.6941176652908325,
  "output_mean_abs": 0.009249920025467873,
  "output_psnr": 33.40568204821508,
  "output_ssim": 0.9458292126655579,
  "p95_disp_px": 1.8335028886795044,
  "phase": "phase2c_probe",
  "prompt": "add headphones",
  "prompt_priority": 1,
  "prompt_slug": "add_headphones",
  "region_count": 3,
  "region_key": "headphones_full",
  "scale_factor": 0.36374765634536743,
  "seed": 24001,
  "target_input_ssim": 0.9,
  "tps_size": 4
}
