{
  "displacement": {
    "budget_max_disp_px": 8.0,
    "max_disp_px": 5.350314140319824,
    "max_disp_px_budget": 8.0,
    "mean_disp_px": 1.268358588218689,
    "p95_disp_px": 3.9477593898773193,
    "target_input_ssim": 0.88
  },
  "input": {
    "l2": 0.03496957597617827,
    "max_abs": 0.9372549057006836,
    "mean_abs": 0.01340216863900423,
    "psnr": 29.12619267398807,
    "ssim": 0.8797726035118103
  },
  "output": {
    "l2": 0.04586776510023433,
    "max_abs": 0.8666666746139526,
    "mean_abs": 0.02103264071047306,
    "psnr": 26.769848405680268,
    "ssim": 0.8648996353149414
  }
}
