{
  "budget": "medium",
  "budget_max_disp_px": 4.0,
  "candidate_folder_abs": "/home/interns/Desktop/mat/phase3/outputs/breadth_probe/cases/face_002/igs_1p50/add_black_sunglasses/medium/seed_00/candidates/cand_013_g02_m05",
  "candidate_index": 13,
  "candidate_name": "cand_013_g02_m05",
  "dct_modes": [
    [
      1,
      0
    ],
    [
      0,
      1
    ],
    [
      1,
      1
    ],
    [
      2,
      0
    ],
    [
      0,
      2
    ],
    [
      2,
      1
    ]
  ],
  "elapsed_seconds": 4.736935190856457,
  "generation": 2,
  "geometry_method": "combined_all",
  "initial_candidate": false,
  "input_l2": 0.015293196984606157,
  "input_max_abs": 0.8078431487083435,
  "input_mean_abs": 0.002971998415887356,
  "input_psnr": 36.310034349778746,
  "input_ssim": 0.9762617945671082,
  "max_disp_px": 2.777560234069824,
  "max_disp_px_budget": 4.0,
  "mean_disp_px": 0.16308972239494324,
  "member": 5,
  "mesh_size": 4,
  "output_l2": 0.019663197392985436,
  "output_max_abs": 0.6627451181411743,
  "output_mean_abs": 0.004755790811032057,
  "output_psnr": 34.126917220185106,
  "output_ssim": 0.972678005695343,
  "p95_disp_px": 1.378862738609314,
  "phase": "phase3_breadth_probe",
  "prompt": "add black sunglasses",
  "prompt_priority": 2,
  "prompt_slug": "add_black_sunglasses",
  "region_count": 1,
  "region_key": "glasses",
  "scale_factor": 0.7085613012313843,
  "seed": 35001,
  "target_input_ssim": 0.94,
  "tps_size": 4
}
