{
  "budget": "medium",
  "budget_max_disp_px": 4.0,
  "candidate_folder_abs": "/home/interns/Desktop/mat/phase2/outputs/phase2b_cem/add_headphones/medium/seed_00/candidates/cand_029_g02_m13",
  "candidate_index": 29,
  "candidate_name": "cand_029_g02_m13",
  "dct_modes": [
    [
      1,
      0
    ],
    [
      0,
      1
    ],
    [
      1,
      1
    ],
    [
      2,
      0
    ],
    [
      0,
      2
    ],
    [
      2,
      1
    ]
  ],
  "elapsed_seconds": 5.26295018941164,
  "generation": 2,
  "geometry_method": "combined_tps_dct",
  "initial_candidate": false,
  "input_l2": 0.008247857604637383,
  "input_max_abs": 0.3176470696926117,
  "input_mean_abs": 0.0029038721695542336,
  "input_psnr": 41.673176910974945,
  "input_ssim": 0.9823050498962402,
  "max_disp_px": 1.1742565631866455,
  "max_disp_px_budget": 4.0,
  "mean_disp_px": 0.1829877495765686,
  "member": 13,
  "mesh_size": 4,
  "output_l2": 0.018004330912140286,
  "output_max_abs": 0.7372549176216125,
  "output_mean_abs": 0.008526756428182125,
  "output_psnr": 34.892460270152384,
  "output_ssim": 0.9532761573791504,
  "p95_disp_px": 0.7067364454269409,
  "phase": "phase2b_cem",
  "prompt": "add headphones",
  "prompt_priority": 1,
  "prompt_slug": "add_headphones",
  "region_count": 3,
  "region_key": "headphones",
  "scale_factor": 0.29970696568489075,
  "seed": 23001,
  "target_input_ssim": 0.94,
  "tps_size": 4
}
