{
  "geometry_info": {
    "action_names": [
      "jaw_expand",
      "jaw_compress",
      "chin_raise",
      "chin_lower",
      "mouth_width_expand",
      "lower_face_shift"
    ],
    "action_strength": 0.72,
    "action_values": {
      "chin_lower": -0.3643962527338645,
      "chin_raise": -0.6348678746544056,
      "jaw_compress": 0.46485255467192305,
      "jaw_expand": -0.2982831079433312,
      "lower_face_shift": -0.4121340109855077,
      "mouth_width_expand": 0.6768631458341711
    },
    "active_actions": {
      "chin_lower": -0.3643962527338645,
      "chin_raise": -0.6348678746544056,
      "jaw_compress": 0.46485255467192305,
      "jaw_expand": -0.2982831079433312,
      "lower_face_shift": -0.4121340109855077,
      "mouth_width_expand": 0.6768631458341711
    },
    "active_anchor_count": 6,
    "control_point_count": 14,
    "geometry_method": "landmark_semantic_tps",
    "max_disp_px_budget": 14.0,
    "scale_factor": 0.7756498952478852,
    "source_control_points": [
      [
        174.0800018310547,
        394.239990234375
      ],
      [
        337.9200134277344,
        394.239990234375
      ],
      [
        256.0,
        419.8399963378906
      ],
      [
        256.0,
        376.32000732421875
      ],
      [
        204.8000030517578,
        335.3599853515625
      ],
      [
        307.20001220703125,
        335.3599853515625
      ],
      [
        0.0,
        0.0
      ],
      [
        511.0,
        0.0
      ],
      [
        0.0,
        511.0
      ],
      [
        511.0,
        511.0
      ],
      [
        256.0,
        0.0
      ],
      [
        256.0,
        511.0
      ],
      [
        0.0,
        256.0
      ],
      [
        511.0,
        256.0
      ]
    ],
    "target_control_points": [
      [
        181.7724151611328,
        394.239990234375
      ],
      [
        330.22760009765625,
        394.239990234375
      ],
      [
        252.88426208496094,
        422.56634521484375
      ],
      [
        251.84568786621094,
        377.6831970214844
      ],
      [
        197.9772186279297,
        335.3599853515625
      ],
      [
        314.0227966308594,
        335.3599853515625
      ],
      [
        0.0,
        0.0
      ],
      [
        511.0,
        0.0
      ],
      [
        0.0,
        511.0
      ],
      [
        511.0,
        511.0
      ],
      [
        256.0,
        0.0
      ],
      [
        256.0,
        511.0
      ],
      [
        0.0,
        256.0
      ],
      [
        511.0,
        256.0
      ]
    ],
    "tps_regularization": 0.0001
  },
  "names": [
    "scale_logit",
    "action_jaw_expand",
    "action_jaw_compress",
    "action_chin_raise",
    "action_chin_lower",
    "action_mouth_width_expand",
    "action_lower_face_shift"
  ],
  "values": [
    0.4711459279060364,
    -0.4053988754749298,
    0.6920653581619263,
    -1.1522496938705444,
    -0.5098069310188293,
    1.344043493270874,
    -0.5920107960700989
  ]
}
