{
  "clean_clip_positive_margin": 0.03089107573032379,
  "clean_semantic_success_score": 0.03089107573032379,
  "clip_available": true,
  "clip_semantic_drop": 0.00490318238735199,
  "clip_warning": null,
  "crop_clip_available": false,
  "crop_clip_warning": null,
  "decision_label": "metric_only_candidate",
  "decision_reasons": [
    "semantic_drop_small:0.0049",
    "semantic_drop_small:0.0049",
    "semantic_drop_small:0.0049"
  ],
  "edit_failure_score": 0.00490318238735199,
  "final_attack_score": 0.3303029508343457,
  "full_image_semantic_drop": 0.00490318238735199,
  "geometry_excess_penalty": 0.0,
  "geometry_excess_penalty_weight": 0.75,
  "identity_or_face_health_available": false,
  "input_damage_penalty": 0.0,
  "input_damage_penalty_weight": 3.0,
  "input_l2": 0.05899006803461524,
  "input_max_abs": 0.7882353067398071,
  "input_mean_abs": 0.030603831633925438,
  "input_preservation_score": 0.0300641818480057,
  "input_psnr": 24.58442205897306,
  "input_ssim": 0.7866141200065613,
  "max_disp_px_budget": 14.0,
  "output_disruption_score": 0.5821549834710595,
  "output_disruption_weight": 0.5,
  "output_l2": 0.07122801099971528,
  "output_max_abs": 0.843137264251709,
  "output_mean_abs": 0.041554681956768036,
  "output_psnr": 22.946983658078082,
  "output_ssim": 0.7027570605278015,
  "perturbed_clip_positive_margin": 0.025987893342971802,
  "perturbed_semantic_success_score": 0.025987893342971802,
  "phase2_final_score": 0.3303029508343457,
  "phase2_output_disruption": 0.5821549834710595,
  "phase2_score_formula": "8.0*max(0,semantic_drop)+0.5*output_disruption-3.0*input_damage_penalty-0.75*geometry_excess_penalty",
  "phase4_budget_name": "existence_probe",
  "phase4_final_score": 0.3303029508343457,
  "phase4_score_formula": "8.0*max(0,semantic_drop)+0.5*output_disruption-3.0*input_damage_penalty-0.75*geometry_excess_penalty",
  "semantic_drop": 0.00490318238735199,
  "semantic_drop_weight": 8.0,
  "target_input_ssim": 0.78
}
