{
  "action_names": [
    "jaw_expand",
    "jaw_compress",
    "chin_raise",
    "chin_lower",
    "mouth_width_expand",
    "lower_face_shift"
  ],
  "action_strength": 0.72,
  "action_values": {
    "chin_lower": -0.16634458786075212,
    "chin_raise": 0.3068240942745821,
    "jaw_compress": -0.6992263777898413,
    "jaw_expand": 0.6333468521561588,
    "lower_face_shift": 0.036954281341717535,
    "mouth_width_expand": -0.5618902216805305
  },
  "active_actions": {
    "chin_lower": -0.16634458786075212,
    "chin_raise": 0.3068240942745821,
    "jaw_compress": -0.6992263777898413,
    "jaw_expand": 0.6333468521561588,
    "lower_face_shift": 0.036954281341717535,
    "mouth_width_expand": -0.5618902216805305
  },
  "active_anchor_count": 6,
  "control_point_count": 14,
  "geometry_method": "landmark_piecewise_affine",
  "landmark_count": 478,
  "landmark_detector": "mediapipe_python_solutions_face_mesh",
  "max_disp_px_budget": 8.0,
  "require_real_landmarks": true,
  "scale_factor": 0.8801308573662476,
  "source_control_points": [
    [
      121.2041244506836,
      337.6188049316406
    ],
    [
      320.013916015625,
      337.6188049316406
    ],
    [
      220.60902404785156,
      380.00543212890625
    ],
    [
      230.18051147460938,
      328.033203125
    ],
    [
      175.53616333007812,
      296.00701904296875
    ],
    [
      289.4280700683594,
      296.00701904296875
    ],
    [
      0.0,
      0.0
    ],
    [
      511.0,
      0.0
    ],
    [
      0.0,
      511.0
    ],
    [
      511.0,
      511.0
    ],
    [
      256.0,
      0.0
    ],
    [
      256.0,
      511.0
    ],
    [
      0.0,
      256.0
    ],
    [
      511.0,
      256.0
    ]
  ],
  "target_control_points": [
    [
      113.52850341796875,
      337.6188049316406
    ],
    [
      327.6895446777344,
      337.6188049316406
    ],
    [
      220.76866149902344,
      377.27996826171875
    ],
    [
      230.39337158203125,
      326.67047119140625
    ],
    [
      178.77264404296875,
      296.00701904296875
    ],
    [
      286.19158935546875,
      296.00701904296875
    ],
    [
      0.0,
      0.0
    ],
    [
      511.0,
      0.0
    ],
    [
      0.0,
      511.0
    ],
    [
      511.0,
      511.0
    ],
    [
      256.0,
      0.0
    ],
    [
      256.0,
      511.0
    ],
    [
      0.0,
      256.0
    ],
    [
      511.0,
      256.0
    ]
  ],
  "tps_regularization": 0.0001
}
