{
  "displacement": {
    "foldover_fraction_det_below_0": 0.0,
    "jacobian_det_mean": 1.0,
    "jacobian_det_min": 0.8918396234512329,
    "low_det_fraction_below_0p2": 0.0,
    "max_disp_px": 2.4346845149993896,
    "mean_disp_px": 0.4504711627960205,
    "p95_disp_px": 1.882314920425415
  },
  "input": {
    "l2": 0.017773871167624754,
    "max_abs": 0.45098042488098145,
    "mean_abs": 0.006736300885677338,
    "psnr": 35.004359442050195,
    "ssim": 0.9388284683227539
  },
  "output": {
    "l2": 0.028380560094919655,
    "max_abs": 0.6352941393852234,
    "mean_abs": 0.012621916830539703,
    "psnr": 30.93958075844991,
    "ssim": 0.9042754769325256
  }
}
