{
  "budget": "strong",
  "budget_max_disp_px": 8.0,
  "candidate_folder_abs": "/home/interns/Desktop/mat/phase4/outputs/phase4a_existence_probe/cases/face_002/igs_1p50/add_headphones/strong/seed_00/candidates/cand_079_g04_m19",
  "candidate_index": 79,
  "candidate_name": "cand_079_g04_m19",
  "case_id": "face_002__add_headphones__igs_1p50",
  "elapsed_seconds": 2.4871014188975096,
  "face_id": "face_002",
  "generation": 4,
  "geometry_method": "landmark_piecewise_affine",
  "guidance_scale": 7.5,
  "image_guidance_scale": 1.5,
  "initial_candidate": false,
  "input_l2": 0.03281090993661621,
  "input_max_abs": 0.6666666269302368,
  "input_mean_abs": 0.017078446224331856,
  "input_psnr": 29.67963450537168,
  "input_ssim": 0.8592361807823181,
  "max_disp_px": 3.3201818466186523,
  "max_disp_px_budget": 8.0,
  "mean_disp_px": 0.9319891333580017,
  "member": 19,
  "output_l2": 0.04979787340485942,
  "output_max_abs": 0.9058823585510254,
  "output_mean_abs": 0.02750510163605213,
  "output_psnr": 26.055784063783477,
  "output_ssim": 0.8201872706413269,
  "p95_disp_px": 2.069035291671753,
  "phase": "phase4a_existence_probe",
  "prompt": "add headphones",
  "prompt_slug": "add_headphones",
  "prompt_type": "headphones",
  "seed": 51001,
  "target_input_ssim": 0.88,
  "theta_names": [
    "scale_logit",
    "action_face_side_push_left",
    "action_face_side_push_right",
    "action_head_top_raise",
    "action_head_top_lower",
    "action_jaw_expand",
    "action_jaw_compress",
    "action_asymmetry_twist"
  ],
  "theta_values": [
    -0.37536805868148804,
    -1.239916443824768,
    -0.8601157665252686,
    0.37518587708473206,
    -0.2607576251029968,
    0.029928885400295258,
    0.7797428965568542,
    -1.0711562633514404
  ]
}
