{
  "displacement": {
    "budget_max_disp_px": 6.0,
    "max_disp_px": 1.9184449911117554,
    "max_disp_px_budget": 6.0,
    "mean_disp_px": 0.3892264664173126,
    "p95_disp_px": 1.6417790651321411,
    "target_input_ssim": 0.9
  },
  "input": {
    "l2": 0.014241607075470732,
    "max_abs": 0.5098038911819458,
    "mean_abs": 0.00487366272136569,
    "psnr": 36.92882001085379,
    "ssim": 0.955817699432373
  },
  "output": {
    "l2": 0.02424891644676577,
    "max_abs": 0.7058823704719543,
    "mean_abs": 0.010870262049138546,
    "psnr": 32.30615325810378,
    "ssim": 0.9371235370635986
  }
}
