{
  "displacement": {
    "budget_max_disp_px": 6.0,
    "max_disp_px": 4.8899078369140625,
    "max_disp_px_budget": 6.0,
    "mean_disp_px": 0.5611908435821533,
    "p95_disp_px": 3.077925682067871,
    "target_input_ssim": 0.9
  },
  "input": {
    "l2": 0.023852666007243926,
    "max_abs": 0.5372549295425415,
    "mean_abs": 0.007058022078126669,
    "psnr": 32.449261458240855,
    "ssim": 0.9385740160942078
  },
  "output": {
    "l2": 0.03946705922654856,
    "max_abs": 0.8823529481887817,
    "mean_abs": 0.012621722184121609,
    "psnr": 28.075304651853212,
    "ssim": 0.9192474484443665
  }
}
