{
  "attack_score": 0.13707176414039224,
  "input_damage_penalty": 0.0,
  "normalized_output_l2": 0.08835551705863566,
  "output_disruption": 0.13707176414039224
}
