{
  "budget": "strong",
  "budget_max_disp_px": 8.0,
  "candidate_folder_abs": "/home/interns/Desktop/mat/phase4/outputs/phase4c_real_landmark_sanity/cases/face_003/igs_1p00/add_a_small_beard/strong/seed_00/candidates/cand_015_g02_m03",
  "candidate_index": 15,
  "candidate_name": "cand_015_g02_m03",
  "case_id": "face_003__add_a_small_beard__igs_1p00",
  "elapsed_seconds": 4.314860535785556,
  "face_id": "face_003",
  "generation": 2,
  "geometry_method": "landmark_piecewise_affine",
  "guidance_scale": 7.5,
  "image_guidance_scale": 1.0,
  "initial_candidate": false,
  "input_l2": 0.02082858312426534,
  "input_max_abs": 0.41960787773132324,
  "input_mean_abs": 0.00981061439961195,
  "input_psnr": 33.62680544333226,
  "input_ssim": 0.9322134852409363,
  "landmark_count": 478,
  "landmark_detector": "mediapipe_python_solutions_face_mesh",
  "max_disp_px": 3.674473762512207,
  "max_disp_px_budget": 8.0,
  "mean_disp_px": 0.7786151766777039,
  "member": 3,
  "output_l2": 0.02154683724342846,
  "output_max_abs": 0.29803919792175293,
  "output_mean_abs": 0.013761196285486221,
  "output_psnr": 33.33232937645143,
  "output_ssim": 0.9094786047935486,
  "p95_disp_px": 2.195220947265625,
  "phase": "phase4c_real_landmark_sanity",
  "prompt": "add a small beard",
  "prompt_slug": "add_a_small_beard",
  "prompt_type": "beard",
  "real_landmarks": true,
  "seed": 47001,
  "target_input_ssim": 0.88,
  "theta_names": [
    "scale_logit",
    "action_jaw_expand",
    "action_jaw_compress",
    "action_chin_raise",
    "action_chin_lower",
    "action_mouth_width_expand",
    "action_lower_face_shift"
  ],
  "theta_values": [
    2.5,
    0.48212090134620667,
    -0.0265932846814394,
    -0.17176027595996857,
    -0.4989455044269562,
    -0.36488041281700134,
    0.7296698093414307
  ]
}
