{
  "geometry_info": {
    "action_names": [
      "eye_spread",
      "eye_compress",
      "eye_squint",
      "eye_raise_left",
      "eye_raise_right",
      "nose_bridge_shift_x",
      "asymmetry_twist"
    ],
    "action_strength": 0.72,
    "action_values": {
      "asymmetry_twist": -0.09308867357343172,
      "eye_compress": 0.16393415431714264,
      "eye_raise_left": -0.6031855177471134,
      "eye_raise_right": 0.5956016616101719,
      "eye_spread": -0.30397974620010454,
      "eye_squint": -0.5587970635050941,
      "nose_bridge_shift_x": -0.3848548883540077
    },
    "active_actions": {
      "asymmetry_twist": -0.09308867357343172,
      "eye_compress": 0.16393415431714264,
      "eye_raise_left": -0.6031855177471134,
      "eye_raise_right": 0.5956016616101719,
      "eye_spread": -0.30397974620010454,
      "eye_squint": -0.5587970635050941,
      "nose_bridge_shift_x": -0.3848548883540077
    },
    "active_anchor_count": 13,
    "control_point_count": 21,
    "geometry_method": "landmark_piecewise_affine",
    "max_disp_px_budget": 8.0,
    "scale_factor": 0.7498808973778648,
    "source_control_points": [
      [
        212.48001098632812,
        217.60000610351562
      ],
      [
        184.32000732421875,
        217.60000610351562
      ],
      [
        299.5199890136719,
        217.60000610351562
      ],
      [
        327.67999267578125,
        217.60000610351562
      ],
      [
        212.48001098632812,
        199.67999267578125
      ],
      [
        212.48001098632812,
        235.52000427246094
      ],
      [
        299.5199890136719,
        199.67999267578125
      ],
      [
        299.5199890136719,
        235.52000427246094
      ],
      [
        256.0,
        263.67999267578125
      ],
      [
        112.63999938964844,
        248.3199920654297
      ],
      [
        174.0800018310547,
        394.239990234375
      ],
      [
        399.3599853515625,
        248.3199920654297
      ],
      [
        337.9200134277344,
        394.239990234375
      ],
      [
        0.0,
        0.0
      ],
      [
        511.0,
        0.0
      ],
      [
        0.0,
        511.0
      ],
      [
        511.0,
        511.0
      ],
      [
        256.0,
        0.0
      ],
      [
        256.0,
        511.0
      ],
      [
        0.0,
        256.0
      ],
      [
        511.0,
        256.0
      ]
    ],
    "target_control_points": [
      [
        215.17520141601562,
        221.07435607910156
      ],
      [
        187.01519775390625,
        217.60000610351562
      ],
      [
        296.8247985839844,
        214.16934204101562
      ],
      [
        324.98480224609375,
        217.60000610351562
      ],
      [
        212.48001098632812,
        199.9356689453125
      ],
      [
        212.48001098632812,
        240.47584533691406
      ],
      [
        299.5199890136719,
        193.03065490722656
      ],
      [
        299.5199890136719,
        237.02334594726562
      ],
      [
        253.78323364257812,
        263.67999267578125
      ],
      [
        112.63999938964844,
        248.85618591308594
      ],
      [
        174.0800018310547,
        394.5080871582031
      ],
      [
        399.3599853515625,
        247.78379821777344
      ],
      [
        337.9200134277344,
        393.9718933105469
      ],
      [
        0.0,
        0.0
      ],
      [
        511.0,
        0.0
      ],
      [
        0.0,
        511.0
      ],
      [
        511.0,
        511.0
      ],
      [
        256.0,
        0.0
      ],
      [
        256.0,
        511.0
      ],
      [
        0.0,
        256.0
      ],
      [
        511.0,
        256.0
      ]
    ],
    "tps_regularization": 0.0001
  },
  "names": [
    "scale_logit",
    "action_eye_spread",
    "action_eye_compress",
    "action_eye_squint",
    "action_eye_raise_left",
    "action_eye_raise_right",
    "action_nose_bridge_shift_x",
    "action_asymmetry_twist"
  ],
  "values": [
    0.39388224482536316,
    -0.4300591051578522,
    0.22219964861869812,
    -0.9620302319526672,
    -1.1108852624893188,
    1.082871913909912,
    -0.5670932531356812,
    -0.12478157132863998
  ]
}
