{
  "displacement": {
    "budget_max_disp_px": 8.0,
    "max_disp_px": 6.6712646484375,
    "max_disp_px_budget": 8.0,
    "mean_disp_px": 0.706516444683075,
    "p95_disp_px": 3.251671552658081,
    "target_input_ssim": 0.88
  },
  "input": {
    "l2": 0.032962535737465465,
    "max_abs": 0.6352941393852234,
    "mean_abs": 0.01100634690374136,
    "psnr": 29.639587726859446,
    "ssim": 0.9182469844818115
  },
  "output": {
    "l2": 0.04309542363895439,
    "max_abs": 1.0,
    "mean_abs": 0.017065592110157013,
    "psnr": 27.311376914127642,
    "ssim": 0.9113084673881531
  }
}
