{
  "clean_clip_positive_margin": 0.03148290514945984,
  "clean_semantic_success_score": 0.03148290514945984,
  "clip_available": true,
  "clip_semantic_drop": -0.0034539997577667236,
  "clip_warning": null,
  "decision_label": "metric_only_candidate",
  "decision_reasons": [
    "semantic_drop_nonpositive:-0.0035",
    "semantic_drop_nonpositive:-0.0035"
  ],
  "edit_failure_score": 0.0,
  "final_attack_score": 0.12047132220417174,
  "geometry_excess_penalty": 0.0,
  "geometry_excess_penalty_weight": 1.0,
  "identity_or_face_health_available": false,
  "input_damage_penalty": 0.0,
  "input_damage_penalty_weight": 3.0,
  "input_l2": 0.019637740665354775,
  "input_max_abs": 0.7333333492279053,
  "input_mean_abs": 0.003994198050349951,
  "input_preservation_score": 0.4599580764770513,
  "input_psnr": 34.13816959066756,
  "input_ssim": 0.967597484588623,
  "max_disp_px_budget": 4.0,
  "output_disruption_score": 0.12047132220417174,
  "output_disruption_weight": 1.0,
  "output_l2": 0.021573564327135464,
  "output_max_abs": 0.658823549747467,
  "output_mean_abs": 0.00752125633880496,
  "output_psnr": 33.32156191971634,
  "output_ssim": 0.9658229351043701,
  "perturbed_clip_positive_margin": 0.03493690490722656,
  "perturbed_semantic_success_score": 0.03493690490722656,
  "phase2_final_score": 0.12047132220417174,
  "phase2_output_disruption": 0.12047132220417174,
  "phase2_score_formula": "4*max(0,semantic_drop)+1*output_disruption-3*input_damage_penalty-1*geometry_excess_penalty",
  "semantic_drop": -0.0034539997577667236,
  "semantic_drop_weight": 4.0,
  "target_input_ssim": 0.94
}
