{
  "displacement": {
    "budget_max_disp_px": 8.0,
    "max_disp_px": 2.717519998550415,
    "max_disp_px_budget": 8.0,
    "mean_disp_px": 0.7502816915512085,
    "p95_disp_px": 1.932154655456543,
    "target_input_ssim": 0.88
  },
  "input": {
    "l2": 0.020940075904251468,
    "max_abs": 0.4117647409439087,
    "mean_abs": 0.010649990290403366,
    "psnr": 33.58043496819815,
    "ssim": 0.9265324473381042
  },
  "output": {
    "l2": 0.053443409320423324,
    "max_abs": 0.7490196228027344,
    "mean_abs": 0.021106287837028503,
    "psnr": 25.44211689320325,
    "ssim": 0.9089038372039795
  }
}
