{
  "geometry_info": {
    "action_names": [
      "jaw_expand",
      "jaw_compress",
      "chin_raise",
      "chin_lower",
      "mouth_width_expand",
      "lower_face_shift"
    ],
    "action_strength": 0.72,
    "action_values": {
      "chin_lower": 0.1747410799017696,
      "chin_raise": 0.23292522052905884,
      "jaw_compress": 0.7219201282425507,
      "jaw_expand": -0.31404032080425026,
      "lower_face_shift": -0.6200135506551159,
      "mouth_width_expand": -0.2329319406958907
    },
    "active_actions": {
      "chin_lower": 0.1747410799017696,
      "chin_raise": 0.23292522052905884,
      "jaw_compress": 0.7219201282425507,
      "jaw_expand": -0.31404032080425026,
      "lower_face_shift": -0.6200135506551159,
      "mouth_width_expand": -0.2329319406958907
    },
    "active_anchor_count": 6,
    "control_point_count": 14,
    "geometry_method": "landmark_semantic_tps",
    "max_disp_px_budget": 14.0,
    "scale_factor": 0.953488353362193,
    "source_control_points": [
      [
        174.0800018310547,
        394.239990234375
      ],
      [
        337.9200134277344,
        394.239990234375
      ],
      [
        256.0,
        419.8399963378906
      ],
      [
        256.0,
        376.32000732421875
      ],
      [
        204.8000030517578,
        335.3599853515625
      ],
      [
        307.20001220703125,
        335.3599853515625
      ],
      [
        0.0,
        0.0
      ],
      [
        511.0,
        0.0
      ],
      [
        0.0,
        511.0
      ],
      [
        511.0,
        511.0
      ],
      [
        256.0,
        0.0
      ],
      [
        256.0,
        511.0
      ],
      [
        0.0,
        256.0
      ],
      [
        511.0,
        256.0
      ]
    ],
    "target_control_points": [
      [
        184.52249145507812,
        394.239990234375
      ],
      [
        327.4775390625,
        394.239990234375
      ],
      [
        251.3126983642578,
        419.2535095214844
      ],
      [
        249.75025939941406,
        376.0267639160156
      ],
      [
        207.14796447753906,
        335.3599853515625
      ],
      [
        304.85205078125,
        335.3599853515625
      ],
      [
        0.0,
        0.0
      ],
      [
        511.0,
        0.0
      ],
      [
        0.0,
        511.0
      ],
      [
        511.0,
        511.0
      ],
      [
        256.0,
        0.0
      ],
      [
        256.0,
        511.0
      ],
      [
        0.0,
        256.0
      ],
      [
        511.0,
        256.0
      ]
    ],
    "tps_regularization": 0.0001
  },
  "names": [
    "scale_logit",
    "action_jaw_expand",
    "action_jaw_compress",
    "action_chin_raise",
    "action_chin_lower",
    "action_mouth_width_expand",
    "action_lower_face_shift"
  ],
  "values": [
    1.392505407333374,
    -0.3421095013618469,
    0.9894688725471497,
    0.2493285983800888,
    0.18535912036895752,
    -0.2493360936641693,
    -0.7757458090782166
  ]
}
