{
  "budget": "existence_probe",
  "budget_max_disp_px": 14.0,
  "candidate_folder_abs": "/home/interns/Desktop/mat/phase4/outputs/phase4a_existence_probe/cases/face_005/igs_1p50/add_a_small_beard/existence_probe/seed_00/candidates/cand_056_g03_m16",
  "candidate_index": 56,
  "candidate_name": "cand_056_g03_m16",
  "case_id": "face_005__add_a_small_beard__igs_1p50",
  "elapsed_seconds": 2.8719957694411278,
  "face_id": "face_005",
  "generation": 3,
  "geometry_method": "landmark_semantic_tps",
  "guidance_scale": 7.5,
  "image_guidance_scale": 1.5,
  "initial_candidate": false,
  "input_l2": 0.0536759696187042,
  "input_max_abs": 0.8470588326454163,
  "input_mean_abs": 0.027286918833851814,
  "input_psnr": 25.404402031919293,
  "input_ssim": 0.811627209186554,
  "max_disp_px": 12.172606468200684,
  "max_disp_px_budget": 14.0,
  "mean_disp_px": 3.1376359462738037,
  "member": 16,
  "output_l2": 0.07345902135192406,
  "output_max_abs": 0.800000011920929,
  "output_mean_abs": 0.04345962777733803,
  "output_psnr": 22.679097235657203,
  "output_ssim": 0.7254913449287415,
  "p95_disp_px": 9.631221771240234,
  "phase": "phase4a_existence_probe",
  "prompt": "add a small beard",
  "prompt_slug": "add_a_small_beard",
  "prompt_type": "beard",
  "seed": 48101,
  "target_input_ssim": 0.78,
  "theta_names": [
    "scale_logit",
    "action_jaw_expand",
    "action_jaw_compress",
    "action_chin_raise",
    "action_chin_lower",
    "action_mouth_width_expand",
    "action_lower_face_shift"
  ],
  "theta_values": [
    1.392505407333374,
    -0.3421095013618469,
    0.9894688725471497,
    0.2493285983800888,
    0.18535912036895752,
    -0.2493360936641693,
    -0.7757458090782166
  ]
}
