{
  "clean_clip_positive_margin": 0.043025851249694824,
  "clean_semantic_success_score": 0.043025851249694824,
  "clip_available": true,
  "clip_semantic_drop": 0.001060575246810913,
  "clip_warning": null,
  "crop_clip_available": false,
  "crop_clip_warning": null,
  "decision_label": "metric_only_candidate",
  "decision_reasons": [
    "semantic_drop_small:0.0011",
    "semantic_drop_small:0.0011"
  ],
  "edit_failure_score": 0.001060575246810913,
  "final_attack_score": 0.3311117295967848,
  "full_image_semantic_drop": 0.001060575246810913,
  "geometry_excess_penalty": 0.0,
  "geometry_excess_penalty_weight": 1.0,
  "identity_or_face_health_available": false,
  "input_damage_penalty": 0.0,
  "input_damage_penalty_weight": 3.0,
  "input_l2": 0.017591672385649758,
  "input_max_abs": 0.6823529601097107,
  "input_mean_abs": 0.003760149935260415,
  "input_preservation_score": 0.6821665763854979,
  "input_psnr": 35.09385743105056,
  "input_ssim": 0.9682166576385498,
  "max_disp_px_budget": 6.0,
  "output_disruption_score": 0.32686942860954116,
  "output_disruption_weight": 1.0,
  "output_l2": 0.05648356687395053,
  "output_max_abs": 0.8745098114013672,
  "output_mean_abs": 0.01936313882470131,
  "output_psnr": 24.96155771760869,
  "output_ssim": 0.899064838886261,
  "perturbed_clip_positive_margin": 0.04196527600288391,
  "perturbed_semantic_success_score": 0.04196527600288391,
  "phase2_final_score": 0.3311117295967848,
  "phase2_output_disruption": 0.32686942860954116,
  "phase2_score_formula": "4.0*max(0,semantic_drop)+1.0*output_disruption-3.0*input_damage_penalty-1.0*geometry_excess_penalty",
  "semantic_drop": 0.001060575246810913,
  "semantic_drop_weight": 4.0,
  "target_input_ssim": 0.9
}
