{
  "geometry_info": {
    "action_names": [
      "face_side_push_left",
      "face_side_push_right",
      "head_top_raise",
      "head_top_lower",
      "jaw_expand",
      "jaw_compress",
      "asymmetry_twist"
    ],
    "action_strength": 0.72,
    "action_values": {
      "asymmetry_twist": -0.22705765607861264,
      "face_side_push_left": -0.3200828451484511,
      "face_side_push_right": 0.16116326953948892,
      "head_top_lower": -0.10226726088220163,
      "head_top_raise": -0.18758907514808884,
      "jaw_compress": 0.27029199586646857,
      "jaw_expand": -0.142625680938297
    },
    "active_actions": {
      "asymmetry_twist": -0.22705765607861264,
      "face_side_push_left": -0.3200828451484511,
      "face_side_push_right": 0.16116326953948892,
      "head_top_lower": -0.10226726088220163,
      "head_top_raise": -0.18758907514808884,
      "jaw_compress": 0.27029199586646857,
      "jaw_expand": -0.142625680938297
    },
    "active_anchor_count": 7,
    "control_point_count": 15,
    "geometry_method": "landmark_piecewise_affine",
    "max_disp_px_budget": 8.0,
    "scale_factor": 0.3611007255447638,
    "source_control_points": [
      [
        112.63999938964844,
        248.3199920654297
      ],
      [
        112.63999938964844,
        253.44000244140625
      ],
      [
        399.3599853515625,
        248.3199920654297
      ],
      [
        399.3599853515625,
        253.44000244140625
      ],
      [
        256.0,
        87.04000091552734
      ],
      [
        174.0800018310547,
        394.239990234375
      ],
      [
        337.9200134277344,
        394.239990234375
      ],
      [
        0.0,
        0.0
      ],
      [
        511.0,
        0.0
      ],
      [
        0.0,
        511.0
      ],
      [
        511.0,
        511.0
      ],
      [
        256.0,
        0.0
      ],
      [
        256.0,
        511.0
      ],
      [
        0.0,
        256.0
      ],
      [
        511.0,
        256.0
      ]
    ],
    "target_control_points": [
      [
        114.48367309570312,
        249.62783813476562
      ],
      [
        114.02275848388672,
        253.44000244140625
      ],
      [
        400.2882995605469,
        247.01214599609375
      ],
      [
        400.05621337890625,
        253.44000244140625
      ],
      [
        256.0,
        87.53145599365234
      ],
      [
        176.45840454101562,
        394.8939208984375
      ],
      [
        335.5415954589844,
        393.5860595703125
      ],
      [
        0.0,
        0.0
      ],
      [
        511.0,
        0.0
      ],
      [
        0.0,
        511.0
      ],
      [
        511.0,
        511.0
      ],
      [
        256.0,
        0.0
      ],
      [
        256.0,
        511.0
      ],
      [
        0.0,
        256.0
      ],
      [
        511.0,
        256.0
      ]
    ],
    "tps_regularization": 0.0001
  },
  "names": [
    "scale_logit",
    "action_face_side_push_left",
    "action_face_side_push_right",
    "action_head_top_raise",
    "action_head_top_lower",
    "action_jaw_expand",
    "action_jaw_compress",
    "action_asymmetry_twist"
  ],
  "values": [
    -0.6888585090637207,
    -1.4049118757247925,
    0.48008430004119873,
    -0.5756442546844482,
    -0.29116833209991455,
    -0.4176807403564453,
    0.9695863127708435,
    -0.739417552947998
  ]
}
