{
  "best_row": {
    "attack_score": 0.09249047724798765,
    "best_folder": "phase1/outputs/phase1a_screening/add_a_small_beard/vae_conditioning/medium/start_02/best",
    "budget": "medium",
    "elapsed_seconds": 128.55467163957655,
    "foldover_fraction_det_below_0": 0.0,
    "input_damage_penalty": 0.0,
    "input_l2": 0.004473284176968788,
    "input_psnr": 46.9874702253724,
    "input_ssim": 0.9952408671379089,
    "iter": 0,
    "jacobian_det_mean": 1.0,
    "jacobian_det_min": 0.9801750183105469,
    "low_det_fraction_below_0p2": 0.0,
    "max_disp_px": 0.4327509105205536,
    "mean_disp_px": 0.09290187805891037,
    "normalized_output_l2": 0.05346308438376035,
    "objective": "vae_conditioning",
    "objective_scale_used": 1.0,
    "output_disruption": 0.09249047724798765,
    "output_l2": 0.013365771095940088,
    "output_psnr": 37.48011961873008,
    "output_ssim": 0.9609726071357727,
    "p95_disp_px": 0.34896957874298096,
    "path_flow": "phase1/outputs/phase1a_screening/add_a_small_beard/vae_conditioning/medium/start_02/checkpoints/iter_000/flow.png",
    "path_perturbed": "phase1/outputs/phase1a_screening/add_a_small_beard/vae_conditioning/medium/start_02/checkpoints/iter_000/perturbed.png",
    "path_perturbed_edited": "phase1/outputs/phase1a_screening/add_a_small_beard/vae_conditioning/medium/start_02/checkpoints/iter_000/perturbed_edited.png",
    "prompt": "add a small beard",
    "prompt_slug": "add_a_small_beard",
    "start": 2,
    "target_input_ssim": 0.94
  },
  "checkpoint_rows": [
    {
      "attack_score": 0.09249047724798765,
      "budget": "medium",
      "foldover_fraction_det_below_0": 0.0,
      "input_damage_penalty": 0.0,
      "input_l2": 0.004473284176968788,
      "input_psnr": 46.9874702253724,
      "input_ssim": 0.9952408671379089,
      "iter": 0,
      "jacobian_det_mean": 1.0,
      "jacobian_det_min": 0.9801750183105469,
      "low_det_fraction_below_0p2": 0.0,
      "max_disp_px": 0.4327509105205536,
      "mean_disp_px": 0.09290187805891037,
      "normalized_output_l2": 0.05346308438376035,
      "objective": "vae_conditioning",
      "output_disruption": 0.09249047724798765,
      "output_l2": 0.013365771095940088,
      "output_psnr": 37.48011961873008,
      "output_ssim": 0.9609726071357727,
      "p95_disp_px": 0.34896957874298096,
      "path_flow": "phase1/outputs/phase1a_screening/add_a_small_beard/vae_conditioning/medium/start_02/checkpoints/iter_000/flow.png",
      "path_perturbed": "phase1/outputs/phase1a_screening/add_a_small_beard/vae_conditioning/medium/start_02/checkpoints/iter_000/perturbed.png",
      "path_perturbed_edited": "phase1/outputs/phase1a_screening/add_a_small_beard/vae_conditioning/medium/start_02/checkpoints/iter_000/perturbed_edited.png",
      "prompt": "add a small beard",
      "prompt_slug": "add_a_small_beard",
      "start": 2,
      "target_input_ssim": 0.94
    },
    {
      "attack_score": -0.33724043460545433,
      "budget": "medium",
      "foldover_fraction_det_below_0": 0.0,
      "input_damage_penalty": 0.7482037734985347,
      "input_l2": 0.042932576428538455,
      "input_psnr": 27.34426096550437,
      "input_ssim": 0.8464746475219727,
      "iter": 50,
      "jacobian_det_mean": 1.0,
      "jacobian_det_min": 0.7421343326568604,
      "low_det_fraction_below_0p2": 0.0,
      "max_disp_px": 4.000000476837158,
      "mean_disp_px": 1.649219274520874,
      "normalized_output_l2": 0.21338061718287532,
      "objective": "vae_conditioning",
      "output_disruption": 0.4109633388930804,
      "output_l2": 0.05334515429571883,
      "output_psnr": 25.45810048756762,
      "output_ssim": 0.8024172782897949,
      "p95_disp_px": 4.0,
      "path_flow": "phase1/outputs/phase1a_screening/add_a_small_beard/vae_conditioning/medium/start_02/checkpoints/iter_050/flow.png",
      "path_perturbed": "phase1/outputs/phase1a_screening/add_a_small_beard/vae_conditioning/medium/start_02/checkpoints/iter_050/perturbed.png",
      "path_perturbed_edited": "phase1/outputs/phase1a_screening/add_a_small_beard/vae_conditioning/medium/start_02/checkpoints/iter_050/perturbed_edited.png",
      "prompt": "add a small beard",
      "prompt_slug": "add_a_small_beard",
      "start": 2,
      "target_input_ssim": 0.94
    },
    {
      "attack_score": -0.33803883009269764,
      "budget": "medium",
      "foldover_fraction_det_below_0": 0.0,
      "input_damage_penalty": 0.7574539375305172,
      "input_l2": 0.043179869831981244,
      "input_psnr": 27.2943734240735,
      "input_ssim": 0.8453183770179749,
      "iter": 100,
      "jacobian_det_mean": 1.0,
      "jacobian_det_min": 0.7282888889312744,
      "low_det_fraction_below_0p2": 0.0,
      "max_disp_px": 4.000000476837158,
      "mean_disp_px": 1.656233310699463,
      "normalized_output_l2": 0.21939026422187716,
      "objective": "vae_conditioning",
      "output_disruption": 0.4194151074378195,
      "output_l2": 0.05484756605546929,
      "output_psnr": 25.216852802854746,
      "output_ssim": 0.7999751567840576,
      "p95_disp_px": 4.0,
      "path_flow": "phase1/outputs/phase1a_screening/add_a_small_beard/vae_conditioning/medium/start_02/checkpoints/iter_100/flow.png",
      "path_perturbed": "phase1/outputs/phase1a_screening/add_a_small_beard/vae_conditioning/medium/start_02/checkpoints/iter_100/perturbed.png",
      "path_perturbed_edited": "phase1/outputs/phase1a_screening/add_a_small_beard/vae_conditioning/medium/start_02/checkpoints/iter_100/perturbed_edited.png",
      "prompt": "add a small beard",
      "prompt_slug": "add_a_small_beard",
      "start": 2,
      "target_input_ssim": 0.94
    },
    {
      "attack_score": -0.3411444031893392,
      "budget": "medium",
      "foldover_fraction_det_below_0": 0.0,
      "input_damage_penalty": 0.757343311309814,
      "input_l2": 0.043161055354405675,
      "input_psnr": 27.298158893781014,
      "input_ssim": 0.8453322052955627,
      "iter": 150,
      "jacobian_det_mean": 1.0,
      "jacobian_det_min": 0.7292000651359558,
      "low_det_fraction_below_0p2": 0.0,
      "max_disp_px": 4.000000476837158,
      "mean_disp_px": 1.666082501411438,
      "normalized_output_l2": 0.21684306743749143,
      "objective": "vae_conditioning",
      "output_disruption": 0.41619890812047483,
      "output_l2": 0.05421076685937286,
      "output_psnr": 25.318288983907237,
      "output_ssim": 0.8006441593170166,
      "p95_disp_px": 4.0,
      "path_flow": "phase1/outputs/phase1a_screening/add_a_small_beard/vae_conditioning/medium/start_02/checkpoints/iter_150/flow.png",
      "path_perturbed": "phase1/outputs/phase1a_screening/add_a_small_beard/vae_conditioning/medium/start_02/checkpoints/iter_150/perturbed.png",
      "path_perturbed_edited": "phase1/outputs/phase1a_screening/add_a_small_beard/vae_conditioning/medium/start_02/checkpoints/iter_150/perturbed_edited.png",
      "prompt": "add a small beard",
      "prompt_slug": "add_a_small_beard",
      "start": 2,
      "target_input_ssim": 0.94
    }
  ]
}
