{
  "clean_clip_positive_margin": 0.027842342853546143,
  "clean_semantic_success_score": 0.027842342853546143,
  "clip_available": true,
  "clip_semantic_drop": 0.015098124742507935,
  "clip_warning": null,
  "crop_clip_available": true,
  "crop_clip_warning": null,
  "decision_label": "weak_candidate",
  "decision_reasons": [
    "semantic_drop_small:0.0151"
  ],
  "edit_failure_score": 0.015098124742507935,
  "final_attack_score": 0.1536729869409811,
  "full_image_semantic_drop": 0.015098124742507935,
  "geometry_excess_penalty": 0.0,
  "geometry_excess_penalty_weight": 0.75,
  "identity_or_face_health_available": false,
  "input_damage_penalty": 0.0,
  "input_damage_penalty_weight": 3.0,
  "input_l2": 0.01600532054866957,
  "input_max_abs": 0.4274510145187378,
  "input_mean_abs": 0.0036136952694505453,
  "input_preservation_score": 0.7001899140221732,
  "input_psnr": 35.914712470853935,
  "input_ssim": 0.9580265879631042,
  "left_crop_clean_margin": 0.02535329759120941,
  "left_crop_perturbed_margin": 0.025418445467948914,
  "left_crop_semantic_drop": -6.514787673950195e-05,
  "max_disp_px_budget": 8.0,
  "mean_crop_margin": 0.01738456388314565,
  "mean_crop_semantic_drop": 0.0007267047961552938,
  "min_crop_margin": 0.00508001446723938,
  "min_crop_semantic_drop": -0.00017370283603668213,
  "output_disruption_score": 0.13155195600367056,
  "output_disruption_weight": 0.25,
  "output_l2": 0.020161249951959816,
  "output_max_abs": 0.529411792755127,
  "output_mean_abs": 0.00847922544926405,
  "output_psnr": 33.90965092229732,
  "output_ssim": 0.9490930438041687,
  "perturbed_clip_positive_margin": 0.012744218111038208,
  "perturbed_semantic_success_score": 0.012744218111038208,
  "phase2_final_score": 0.1536729869409811,
  "phase2_output_disruption": 0.13155195600367056,
  "phase2_score_formula": "8.0*max(0,semantic_drop)+0.25*output_disruption-3.0*input_damage_penalty-0.75*geometry_excess_penalty",
  "right_crop_clean_margin": 0.021481528878211975,
  "right_crop_perturbed_margin": 0.021655231714248657,
  "right_crop_semantic_drop": -0.00017370283603668213,
  "semantic_drop": 0.015098124742507935,
  "semantic_drop_weight": 8.0,
  "target_input_ssim": 0.86,
  "top_crop_clean_margin": 0.007498979568481445,
  "top_crop_perturbed_margin": 0.00508001446723938,
  "top_crop_semantic_drop": 0.0024189651012420654
}
