{
  "displacement": {
    "budget_max_disp_px": 14.0,
    "max_disp_px": 9.844788551330566,
    "max_disp_px_budget": 14.0,
    "mean_disp_px": 2.91662335395813,
    "p95_disp_px": 7.528202533721924,
    "target_input_ssim": 0.78
  },
  "input": {
    "l2": 0.06021223536176953,
    "max_abs": 0.7843137383460999,
    "mean_abs": 0.03064858168363571,
    "psnr": 24.40630498873832,
    "ssim": 0.7844895720481873
  },
  "output": {
    "l2": 0.0677132073659376,
    "max_abs": 0.8117647171020508,
    "mean_abs": 0.03904920071363449,
    "psnr": 23.386532290485434,
    "ssim": 0.7113232016563416
  }
}
