{
  "budget": "strong",
  "budget_max_disp_px": 8.0,
  "candidate_folder_abs": "/home/interns/Desktop/mat/phase4/outputs/phase4a_existence_probe/cases/face_003/igs_1p00/add_headphones/strong/seed_00/candidates/cand_071_g04_m11",
  "candidate_index": 71,
  "candidate_name": "cand_071_g04_m11",
  "case_id": "face_003__add_headphones__igs_1p00",
  "elapsed_seconds": 2.5845328122377396,
  "face_id": "face_003",
  "generation": 4,
  "geometry_method": "landmark_piecewise_affine",
  "guidance_scale": 7.5,
  "image_guidance_scale": 1.0,
  "initial_candidate": false,
  "input_l2": 0.020182132399863766,
  "input_max_abs": 0.4078431725502014,
  "input_mean_abs": 0.010930429212749004,
  "input_psnr": 33.90065898143903,
  "input_ssim": 0.9162692427635193,
  "max_disp_px": 2.8548083305358887,
  "max_disp_px_budget": 8.0,
  "mean_disp_px": 0.7972573041915894,
  "member": 11,
  "output_l2": 0.04203213826157356,
  "output_max_abs": 0.6941176652908325,
  "output_mean_abs": 0.01998559571802616,
  "output_psnr": 27.528370319529106,
  "output_ssim": 0.9062954783439636,
  "p95_disp_px": 1.8714293241500854,
  "phase": "phase4a_existence_probe",
  "prompt": "add headphones",
  "prompt_slug": "add_headphones",
  "prompt_type": "headphones",
  "seed": 52001,
  "target_input_ssim": 0.88,
  "theta_names": [
    "scale_logit",
    "action_face_side_push_left",
    "action_face_side_push_right",
    "action_head_top_raise",
    "action_head_top_lower",
    "action_jaw_expand",
    "action_jaw_compress",
    "action_asymmetry_twist"
  ],
  "theta_values": [
    -0.5222411155700684,
    -0.9629241824150085,
    -0.05921899527311325,
    -1.8245612382888794,
    -0.11242570728063583,
    -0.47238439321517944,
    -1.9115370512008667,
    1.7667317390441895
  ]
}
