{
  "budget": "existence_probe",
  "budget_max_disp_px": 14.0,
  "candidate_folder_abs": "/home/interns/Desktop/mat/phase4/outputs/phase4a_existence_probe/cases/face_007/igs_1p00/make_the_person_smile_slightly/existence_probe/seed_00/candidates/cand_019_g01_m19",
  "candidate_index": 19,
  "candidate_name": "cand_019_g01_m19",
  "case_id": "face_007__make_the_person_smile_slightly__igs_1p00",
  "elapsed_seconds": 2.640020504593849,
  "face_id": "face_007",
  "generation": 1,
  "geometry_method": "landmark_semantic_tps",
  "guidance_scale": 7.5,
  "image_guidance_scale": 1.0,
  "initial_candidate": false,
  "input_l2": 0.04229206613506041,
  "input_max_abs": 0.7647058963775635,
  "input_mean_abs": 0.01924932189285755,
  "input_psnr": 27.47482194655991,
  "input_ssim": 0.8241131901741028,
  "max_disp_px": 4.077593803405762,
  "max_disp_px_budget": 14.0,
  "mean_disp_px": 1.4335488080978394,
  "member": 19,
  "output_l2": 0.044069543716833845,
  "output_max_abs": 0.800000011920929,
  "output_mean_abs": 0.019121617078781128,
  "output_psnr": 27.117228920496924,
  "output_ssim": 0.8984358310699463,
  "p95_disp_px": 3.6978423595428467,
  "phase": "phase4a_existence_probe",
  "prompt": "make the person smile slightly",
  "prompt_slug": "make_the_person_smile_slightly",
  "prompt_type": "smile",
  "seed": 50101,
  "target_input_ssim": 0.78,
  "theta_names": [
    "scale_logit",
    "action_mouth_corner_raise",
    "action_mouth_corner_lower",
    "action_mouth_width_expand",
    "action_mouth_width_compress",
    "action_chin_raise",
    "action_chin_lower"
  ],
  "theta_values": [
    -1.036035180091858,
    0.06933585554361343,
    2.5,
    -0.39857950806617737,
    -0.07208524644374847,
    0.9803031086921692,
    0.2894952595233917
  ]
}
