{
  "geometry_info": {
    "action_names": [
      "jaw_expand",
      "jaw_compress",
      "chin_raise",
      "chin_lower",
      "mouth_width_expand",
      "lower_face_shift"
    ],
    "action_strength": 0.72,
    "action_values": {
      "chin_lower": 0.30884274215237534,
      "chin_raise": -0.32648823059620136,
      "jaw_compress": -0.21697386249078632,
      "jaw_expand": -0.011588819302422173,
      "lower_face_shift": 0.036043499489662796,
      "mouth_width_expand": 0.40397824860407505
    },
    "active_actions": {
      "chin_lower": 0.30884274215237534,
      "chin_raise": -0.32648823059620136,
      "jaw_compress": -0.21697386249078632,
      "jaw_expand": -0.011588819302422173,
      "lower_face_shift": 0.036043499489662796,
      "mouth_width_expand": 0.40397824860407505
    },
    "active_anchor_count": 6,
    "control_point_count": 14,
    "geometry_method": "landmark_piecewise_affine",
    "max_disp_px_budget": 8.0,
    "scale_factor": 0.5435878757105252,
    "source_control_points": [
      [
        174.0800018310547,
        394.239990234375
      ],
      [
        337.9200134277344,
        394.239990234375
      ],
      [
        256.0,
        419.8399963378906
      ],
      [
        256.0,
        376.32000732421875
      ],
      [
        204.8000030517578,
        335.3599853515625
      ],
      [
        307.20001220703125,
        335.3599853515625
      ],
      [
        0.0,
        0.0
      ],
      [
        511.0,
        0.0
      ],
      [
        0.0,
        511.0
      ],
      [
        511.0,
        511.0
      ],
      [
        256.0,
        0.0
      ],
      [
        256.0,
        511.0
      ],
      [
        0.0,
        256.0
      ],
      [
        511.0,
        256.0
      ]
    ],
    "target_control_points": [
      [
        172.89698791503906,
        394.239990234375
      ],
      [
        339.10302734375,
        394.239990234375
      ],
      [
        256.15570068359375,
        423.49951171875
      ],
      [
        256.2076110839844,
        378.1497497558594
      ],
      [
        202.47308349609375,
        335.3599853515625
      ],
      [
        309.52691650390625,
        335.3599853515625
      ],
      [
        0.0,
        0.0
      ],
      [
        511.0,
        0.0
      ],
      [
        0.0,
        511.0
      ],
      [
        511.0,
        511.0
      ],
      [
        256.0,
        0.0
      ],
      [
        256.0,
        511.0
      ],
      [
        0.0,
        256.0
      ],
      [
        511.0,
        256.0
      ]
    ],
    "tps_regularization": 0.0001
  },
  "names": [
    "scale_logit",
    "action_jaw_expand",
    "action_jaw_compress",
    "action_chin_raise",
    "action_chin_lower",
    "action_mouth_width_expand",
    "action_lower_face_shift"
  ],
  "values": [
    -0.14197663962841034,
    -0.021322358399629593,
    -0.4226391017436981,
    -0.6941121220588684,
    0.6447957158088684,
    0.9575232863426208,
    0.06640409678220749
  ]
}
