{
  "budget": "strong",
  "budget_max_disp_px": 8.0,
  "candidate_folder_abs": "/home/interns/Desktop/mat/phase4/outputs/phase4a_existence_probe/cases/face_004/igs_1p00/add_a_small_beard/strong/seed_00/candidates/cand_061_g04_m01",
  "candidate_index": 61,
  "candidate_name": "cand_061_g04_m01",
  "case_id": "face_004__add_a_small_beard__igs_1p00",
  "elapsed_seconds": 2.4152035526931286,
  "face_id": "face_004",
  "generation": 4,
  "geometry_method": "landmark_piecewise_affine",
  "guidance_scale": 7.5,
  "image_guidance_scale": 1.0,
  "initial_candidate": false,
  "input_l2": 0.025170434037298815,
  "input_max_abs": 0.5764706134796143,
  "input_mean_abs": 0.008167530409991741,
  "input_psnr": 31.982185908835238,
  "input_ssim": 0.9510621428489685,
  "max_disp_px": 3.692880153656006,
  "max_disp_px_budget": 8.0,
  "mean_disp_px": 0.541096031665802,
  "member": 1,
  "output_l2": 0.03242141525103449,
  "output_max_abs": 0.5686274766921997,
  "output_mean_abs": 0.016286997124552727,
  "output_psnr": 29.783360627319702,
  "output_ssim": 0.8998861312866211,
  "p95_disp_px": 1.725644826889038,
  "phase": "phase4a_existence_probe",
  "prompt": "add a small beard",
  "prompt_slug": "add_a_small_beard",
  "prompt_type": "beard",
  "seed": 47001,
  "target_input_ssim": 0.88,
  "theta_names": [
    "scale_logit",
    "action_jaw_expand",
    "action_jaw_compress",
    "action_chin_raise",
    "action_chin_lower",
    "action_mouth_width_expand",
    "action_lower_face_shift"
  ],
  "theta_values": [
    -0.14197663962841034,
    -0.021322358399629593,
    -0.4226391017436981,
    -0.6941121220588684,
    0.6447957158088684,
    0.9575232863426208,
    0.06640409678220749
  ]
}
