{
  "displacement": {
    "foldover_fraction_det_below_0": 0.0,
    "jacobian_det_mean": 1.0,
    "jacobian_det_min": 0.9767000079154968,
    "low_det_fraction_below_0p2": 0.0,
    "max_disp_px": 1.3092392683029175,
    "mean_disp_px": 0.07846774160861969,
    "p95_disp_px": 0.27800044417381287
  },
  "input": {
    "l2": 0.005139347263291722,
    "max_abs": 0.19607841968536377,
    "mean_abs": 0.0014797687763348222,
    "psnr": 45.78184072496549,
    "ssim": 0.9925708174705505
  },
  "output": {
    "l2": 0.014338411870736983,
    "max_abs": 0.4784314036369324,
    "mean_abs": 0.0065629687160253525,
    "psnr": 36.86997897332349,
    "ssim": 0.9684473872184753
  }
}
