{
  "budget": "strong",
  "budget_max_disp_px": 8.0,
  "candidate_folder_abs": "/home/interns/Desktop/mat/phase4/outputs/phase4a_existence_probe/cases/face_002/igs_1p00/add_headphones/strong/seed_00/candidates/cand_076_g04_m16",
  "candidate_index": 76,
  "candidate_name": "cand_076_g04_m16",
  "case_id": "face_002__add_headphones__igs_1p00",
  "elapsed_seconds": 2.663340836763382,
  "face_id": "face_002",
  "generation": 4,
  "geometry_method": "landmark_piecewise_affine",
  "guidance_scale": 7.5,
  "image_guidance_scale": 1.0,
  "initial_candidate": false,
  "input_l2": 0.03035428802668992,
  "input_max_abs": 0.7176470756530762,
  "input_mean_abs": 0.015276341699063778,
  "input_psnr": 30.35559898483141,
  "input_ssim": 0.8810325264930725,
  "max_disp_px": 2.9944076538085938,
  "max_disp_px_budget": 8.0,
  "mean_disp_px": 0.8137105107307434,
  "member": 16,
  "output_l2": 0.04418383741787967,
  "output_max_abs": 0.8470588326454163,
  "output_mean_abs": 0.019831297919154167,
  "output_psnr": 27.094731356871552,
  "output_ssim": 0.8887531161308289,
  "p95_disp_px": 2.02998685836792,
  "phase": "phase4a_existence_probe",
  "prompt": "add headphones",
  "prompt_slug": "add_headphones",
  "prompt_type": "headphones",
  "seed": 45001,
  "target_input_ssim": 0.88,
  "theta_names": [
    "scale_logit",
    "action_face_side_push_left",
    "action_face_side_push_right",
    "action_head_top_raise",
    "action_head_top_lower",
    "action_jaw_expand",
    "action_jaw_compress",
    "action_asymmetry_twist"
  ],
  "theta_values": [
    -0.7910587191581726,
    -0.9529409408569336,
    0.6266326904296875,
    0.8212935924530029,
    -1.3296918869018555,
    -0.49299728870391846,
    0.15017947554588318,
    -0.826130211353302
  ]
}
