{
  "clean_clip_positive_margin": 0.04772844910621643,
  "clean_semantic_success_score": 0.04772844910621643,
  "clip_available": true,
  "clip_semantic_drop": 0.004531383514404297,
  "clip_warning": null,
  "crop_clip_available": true,
  "crop_clip_warning": null,
  "decision_label": "metric_only_candidate",
  "decision_reasons": [
    "semantic_drop_small:0.0045",
    "semantic_drop_small:0.0045",
    "semantic_drop_small:0.0045"
  ],
  "edit_failure_score": 0.004531383514404297,
  "final_attack_score": 0.12178640061121887,
  "full_image_semantic_drop": 0.004531383514404297,
  "geometry_excess_penalty": 0.0,
  "geometry_excess_penalty_weight": 0.75,
  "identity_or_face_health_available": false,
  "input_damage_penalty": 0.0,
  "input_damage_penalty_weight": 3.0,
  "input_l2": 0.011884026133155126,
  "input_max_abs": 0.30588236451148987,
  "input_mean_abs": 0.005272270645946264,
  "input_preservation_score": 0.7611761093139648,
  "input_psnr": 38.500728036942384,
  "input_ssim": 0.9713411331176758,
  "left_crop_clean_margin": 0.018402695655822754,
  "left_crop_perturbed_margin": 0.016291409730911255,
  "left_crop_semantic_drop": 0.002111285924911499,
  "max_disp_px_budget": 8.0,
  "mean_crop_margin": 0.01635989546775818,
  "mean_crop_semantic_drop": -0.0010259896516799927,
  "min_crop_margin": 0.006160810589790344,
  "min_crop_semantic_drop": -0.004610687494277954,
  "output_disruption_score": 0.171070664991969,
  "output_disruption_weight": 0.5,
  "output_l2": 0.02605951574197266,
  "output_max_abs": 0.6823529601097107,
  "output_mean_abs": 0.011842847801744938,
  "output_psnr": 31.680673178871718,
  "output_ssim": 0.9331673979759216,
  "perturbed_clip_positive_margin": 0.043197065591812134,
  "perturbed_semantic_success_score": 0.043197065591812134,
  "phase2_final_score": 0.12178640061121887,
  "phase2_output_disruption": 0.171070664991969,
  "phase2_score_formula": "8.0*max(0,semantic_drop)+0.5*output_disruption-3.0*input_damage_penalty-0.75*geometry_excess_penalty",
  "phase4_budget_name": "strong",
  "phase4_final_score": 0.12178640061121887,
  "phase4_score_formula": "8.0*max(0,semantic_drop)+0.5*output_disruption-3.0*input_damage_penalty-0.75*geometry_excess_penalty",
  "right_crop_clean_margin": 0.026048898696899414,
  "right_crop_perturbed_margin": 0.026627466082572937,
  "right_crop_semantic_drop": -0.000578567385673523,
  "semantic_drop": 0.004531383514404297,
  "semantic_drop_weight": 8.0,
  "target_input_ssim": 0.88,
  "top_crop_clean_margin": 0.0015501230955123901,
  "top_crop_perturbed_margin": 0.006160810589790344,
  "top_crop_semantic_drop": -0.004610687494277954
}
