{
  "action_names": [
    "face_side_push_left",
    "face_side_push_right",
    "head_top_raise",
    "head_top_lower",
    "jaw_expand",
    "jaw_compress",
    "asymmetry_twist"
  ],
  "action_strength": 0.72,
  "action_values": {
    "asymmetry_twist": -0.06390873490815245,
    "face_side_push_left": -0.2975133929224542,
    "face_side_push_right": -0.08388254189234298,
    "head_top_lower": -0.02730534917786499,
    "head_top_raise": -0.0014336139695273332,
    "jaw_compress": 0.12778728963905667,
    "jaw_expand": 0.18199046708664318
  },
  "active_actions": {
    "asymmetry_twist": -0.06390873490815245,
    "face_side_push_left": -0.2975133929224542,
    "face_side_push_right": -0.08388254189234298,
    "head_top_lower": -0.02730534917786499,
    "head_top_raise": -0.0014336139695273332,
    "jaw_compress": 0.12778728963905667,
    "jaw_expand": 0.18199046708664318
  },
  "active_anchor_count": 7,
  "control_point_count": 15,
  "geometry_method": "landmark_piecewise_affine",
  "max_disp_px_budget": 8.0,
  "scale_factor": 0.3768639561644211,
  "source_control_points": [
    [
      112.63999938964844,
      248.3199920654297
    ],
    [
      112.63999938964844,
      253.44000244140625
    ],
    [
      399.3599853515625,
      248.3199920654297
    ],
    [
      399.3599853515625,
      253.44000244140625
    ],
    [
      256.0,
      87.04000091552734
    ],
    [
      174.0800018310547,
      394.239990234375
    ],
    [
      337.9200134277344,
      394.239990234375
    ],
    [
      0.0,
      0.0
    ],
    [
      511.0,
      0.0
    ],
    [
      0.0,
      511.0
    ],
    [
      511.0,
      511.0
    ],
    [
      256.0,
      0.0
    ],
    [
      256.0,
      511.0
    ],
    [
      0.0,
      256.0
    ],
    [
      511.0,
      256.0
    ]
  ],
  "target_control_points": [
    [
      114.35367584228516,
      248.6881103515625
    ],
    [
      113.92525482177734,
      253.44000244140625
    ],
    [
      398.8768310546875,
      247.95187377929688
    ],
    [
      398.99761962890625,
      253.44000244140625
    ],
    [
      256.0,
      86.89097595214844
    ],
    [
      173.76779174804688,
      394.4240417480469
    ],
    [
      338.23223876953125,
      394.0559387207031
    ],
    [
      0.0,
      0.0
    ],
    [
      511.0,
      0.0
    ],
    [
      0.0,
      511.0
    ],
    [
      511.0,
      511.0
    ],
    [
      256.0,
      0.0
    ],
    [
      256.0,
      511.0
    ],
    [
      0.0,
      256.0
    ],
    [
      511.0,
      256.0
    ]
  ],
  "tps_regularization": 0.0001
}
