{
  "best_folder": "phase2/outputs/phase2c_probe/semantic_heavy_cem/headphones_ear_tight/existence_probe/seed_00/candidates/cand_053_g04_m05",
  "budget": "existence_probe",
  "budget_max_disp_px": 8.0,
  "candidate_folder": "phase2/outputs/phase2c_probe/semantic_heavy_cem/headphones_ear_tight/existence_probe/seed_00/candidates/cand_053_g04_m05",
  "candidate_index": 53,
  "candidate_name": "cand_053_g04_m05",
  "clean_clip_positive_margin": 0.027842342853546143,
  "clean_semantic_success_score": 0.027842342853546143,
  "clip_available": true,
  "clip_semantic_drop": 0.0024025142192840576,
  "clip_warning": null,
  "crop_clip_available": true,
  "crop_clip_warning": null,
  "dct_modes": [
    [
      1,
      0
    ],
    [
      0,
      1
    ],
    [
      1,
      1
    ],
    [
      2,
      0
    ],
    [
      0,
      2
    ],
    [
      2,
      1
    ]
  ],
  "decision_label": "metric_only_candidate",
  "decision_reasons": [
    "semantic_drop_small:0.0024",
    "semantic_drop_small:0.0024"
  ],
  "edit_failure_score": 0.0024025142192840576,
  "elapsed_seconds": 5.114387014880776,
  "final_attack_score": 0.03906609353158088,
  "full_image_semantic_drop": 0.0024025142192840576,
  "generation": 4,
  "geometry_excess_penalty": 0.0,
  "geometry_excess_penalty_weight": 0.75,
  "geometry_method": "region_local_tps",
  "identity_or_face_health_available": false,
  "initial_candidate": false,
  "input_damage_penalty": 0.0,
  "input_damage_penalty_weight": 3.0,
  "input_l2": 0.004596713964373686,
  "input_max_abs": 0.3921568989753723,
  "input_mean_abs": 0.0010140262311324477,
  "input_preservation_score": 0.9460765293666294,
  "input_psnr": 46.75105039729764,
  "input_ssim": 0.9924507141113281,
  "left_crop_clean_margin": 0.02535329759120941,
  "left_crop_perturbed_margin": 0.024905726313591003,
  "left_crop_semantic_drop": 0.0004475712776184082,
  "max_disp_px": 3.2788829803466797,
  "max_disp_px_budget": 8.0,
  "mean_crop_margin": 0.014090890685717264,
  "mean_crop_semantic_drop": 0.004020377993583679,
  "mean_disp_px": 0.13971000909805298,
  "member": 5,
  "mesh_size": 4,
  "min_crop_margin": 0.0012461692094802856,
  "min_crop_semantic_drop": 0.0004475712776184082,
  "output_disruption_score": 0.07938391910923367,
  "output_disruption_weight": 0.25,
  "output_l2": 0.013441833225222544,
  "output_max_abs": 0.6941176652908325,
  "output_mean_abs": 0.005910353269428015,
  "output_psnr": 37.43082994513075,
  "output_ssim": 0.9743834137916565,
  "p95_disp_px": 0.8808073401451111,
  "path_flow": "phase2/outputs/phase2c_probe/semantic_heavy_cem/headphones_ear_tight/existence_probe/seed_00/candidates/cand_053_g04_m05/flow.png",
  "path_original": "phase2/outputs/phase2c_probe/semantic_heavy_cem/headphones_ear_tight/existence_probe/seed_00/candidates/cand_053_g04_m05/original.png",
  "path_original_edited": "phase2/outputs/phase2c_probe/semantic_heavy_cem/headphones_ear_tight/existence_probe/seed_00/candidates/cand_053_g04_m05/original_edited.png",
  "path_perturbed": "phase2/outputs/phase2c_probe/semantic_heavy_cem/headphones_ear_tight/existence_probe/seed_00/candidates/cand_053_g04_m05/perturbed.png",
  "path_perturbed_edited": "phase2/outputs/phase2c_probe/semantic_heavy_cem/headphones_ear_tight/existence_probe/seed_00/candidates/cand_053_g04_m05/perturbed_edited.png",
  "perturbed_clip_positive_margin": 0.025439828634262085,
  "perturbed_semantic_success_score": 0.025439828634262085,
  "phase": "phase2c_probe",
  "phase2_final_score": 0.03906609353158088,
  "phase2_output_disruption": 0.07938391910923367,
  "phase2_score_formula": "8.0*max(0,semantic_drop)+0.25*output_disruption-3.0*input_damage_penalty-0.75*geometry_excess_penalty",
  "prompt": "add headphones",
  "prompt_priority": 1,
  "prompt_slug": "add_headphones",
  "region_count": 2,
  "region_key": "headphones_ear_tight",
  "right_crop_clean_margin": 0.021481528878211975,
  "right_crop_perturbed_margin": 0.016120776534080505,
  "right_crop_semantic_drop": 0.00536075234413147,
  "scale_factor": 0.4430479407310486,
  "seed": 24202,
  "semantic_drop": 0.0024025142192840576,
  "semantic_drop_weight": 8.0,
  "target_input_ssim": 0.86,
  "top_crop_clean_margin": 0.007498979568481445,
  "top_crop_perturbed_margin": 0.0012461692094802856,
  "top_crop_semantic_drop": 0.00625281035900116,
  "tps_size": 4
}
