{
  "budget": "strong",
  "budget_max_disp_px": 8.0,
  "candidate_folder_abs": "/home/interns/Desktop/mat/phase4/outputs/phase4a_existence_probe/cases/face_002/igs_1p50/add_headphones/strong/seed_00/candidates/cand_017_g01_m17",
  "candidate_index": 17,
  "candidate_name": "cand_017_g01_m17",
  "case_id": "face_002__add_headphones__igs_1p50",
  "elapsed_seconds": 2.4875921737402678,
  "face_id": "face_002",
  "generation": 1,
  "geometry_method": "landmark_piecewise_affine",
  "guidance_scale": 7.5,
  "image_guidance_scale": 1.5,
  "initial_candidate": false,
  "input_l2": 0.04395792568181233,
  "input_max_abs": 0.8039215803146362,
  "input_mean_abs": 0.02207685075700283,
  "input_psnr": 27.139256191302884,
  "input_ssim": 0.8056187629699707,
  "max_disp_px": 4.795284271240234,
  "max_disp_px_budget": 8.0,
  "mean_disp_px": 1.4630851745605469,
  "member": 17,
  "output_l2": 0.062493456185018635,
  "output_max_abs": 0.843137264251709,
  "output_mean_abs": 0.03126760199666023,
  "output_psnr": 24.08330912240636,
  "output_ssim": 0.7656831741333008,
  "p95_disp_px": 3.418752670288086,
  "phase": "phase4a_existence_probe",
  "prompt": "add headphones",
  "prompt_slug": "add_headphones",
  "prompt_type": "headphones",
  "seed": 51001,
  "target_input_ssim": 0.88,
  "theta_names": [
    "scale_logit",
    "action_face_side_push_left",
    "action_face_side_push_right",
    "action_head_top_raise",
    "action_head_top_lower",
    "action_jaw_expand",
    "action_jaw_compress",
    "action_asymmetry_twist"
  ],
  "theta_values": [
    -0.029463117942214012,
    1.1928595304489136,
    -1.1441121101379395,
    -0.2337435483932495,
    1.7522386312484741,
    0.02195601537823677,
    -0.305856853723526,
    1.4468263387680054
  ]
}
