{
  "displacement": {
    "budget_max_disp_px": 8.0,
    "max_disp_px": 4.795284271240234,
    "max_disp_px_budget": 8.0,
    "mean_disp_px": 1.4630851745605469,
    "p95_disp_px": 3.418752670288086,
    "target_input_ssim": 0.88
  },
  "input": {
    "l2": 0.04395792568181233,
    "max_abs": 0.8039215803146362,
    "mean_abs": 0.02207685075700283,
    "psnr": 27.139256191302884,
    "ssim": 0.8056187629699707
  },
  "output": {
    "l2": 0.062493456185018635,
    "max_abs": 0.843137264251709,
    "mean_abs": 0.03126760199666023,
    "psnr": 24.08330912240636,
    "ssim": 0.7656831741333008
  }
}
