{
  "displacement": {
    "budget_max_disp_px": 6.0,
    "max_disp_px": 3.207630157470703,
    "max_disp_px_budget": 6.0,
    "mean_disp_px": 0.1346796452999115,
    "p95_disp_px": 0.9470560550689697,
    "target_input_ssim": 0.9
  },
  "input": {
    "l2": 0.004288668841392871,
    "max_abs": 0.1450980305671692,
    "mean_abs": 0.0009397321264259517,
    "psnr": 47.353549748607506,
    "ssim": 0.9945123791694641
  },
  "output": {
    "l2": 0.025108987665927642,
    "max_abs": 0.6039215922355652,
    "mean_abs": 0.010973797179758549,
    "psnr": 32.00341593288945,
    "ssim": 0.9769575595855713
  }
}
