{
  "budget": "strong",
  "budget_max_disp_px": 6.0,
  "candidate_folder_abs": "/home/interns/Desktop/mat/phase3/outputs/breadth_probe/cases/face_004/igs_2p00/add_black_sunglasses/strong/seed_00/candidates/cand_012_g02_m04",
  "candidate_index": 12,
  "candidate_name": "cand_012_g02_m04",
  "dct_modes": [
    [
      1,
      0
    ],
    [
      0,
      1
    ],
    [
      1,
      1
    ],
    [
      2,
      0
    ],
    [
      0,
      2
    ],
    [
      2,
      1
    ]
  ],
  "elapsed_seconds": 4.82463338971138,
  "generation": 2,
  "geometry_method": "region_local_tps",
  "initial_candidate": false,
  "input_l2": 0.019567647190205133,
  "input_max_abs": 0.7490196228027344,
  "input_mean_abs": 0.0033839165698736906,
  "input_psnr": 34.16922781360509,
  "input_ssim": 0.9684324264526367,
  "max_disp_px": 4.626652240753174,
  "max_disp_px_budget": 6.0,
  "mean_disp_px": 0.252850204706192,
  "member": 4,
  "mesh_size": 4,
  "output_l2": 0.02069841448821723,
  "output_max_abs": 0.658823549747467,
  "output_mean_abs": 0.004464428406208754,
  "output_psnr": 33.681258410079394,
  "output_ssim": 0.9691867828369141,
  "p95_disp_px": 2.250380516052246,
  "phase": "phase3_breadth_probe",
  "prompt": "add black sunglasses",
  "prompt_priority": 2,
  "prompt_slug": "add_black_sunglasses",
  "region_count": 1,
  "region_key": "glasses",
  "scale_factor": 0.7904453277587891,
  "seed": 41101,
  "target_input_ssim": 0.9,
  "tps_size": 4
}
