{
  "best_folder": "phase4/outputs/phase4c_real_landmark_sanity/cases/face_002/igs_1p00/add_headphones/existence_probe/seed_00/candidates/cand_008_g01_m08",
  "budget": "existence_probe",
  "budget_max_disp_px": 14.0,
  "candidate_folder": "phase4/outputs/phase4c_real_landmark_sanity/cases/face_002/igs_1p00/add_headphones/existence_probe/seed_00/candidates/cand_008_g01_m08",
  "candidate_index": 8,
  "candidate_name": "cand_008_g01_m08",
  "case_id": "face_002__add_headphones__igs_1p00",
  "clean_clip_positive_margin": 0.05116361379623413,
  "clean_semantic_success_score": 0.05116361379623413,
  "clip_available": true,
  "clip_semantic_drop": 0.003907203674316406,
  "clip_warning": null,
  "crop_clip_available": true,
  "crop_clip_warning": null,
  "decision_label": "reject_input_damage",
  "decision_reasons": [
    "input_ssim_below_target:0.5524<0.7800",
    "semantic_drop_small:0.0039"
  ],
  "edit_failure_score": 0.003907203674316406,
  "elapsed_seconds": 5.805836774408817,
  "face_id": "face_002",
  "final_attack_score": -5.009753466088074,
  "full_image_semantic_drop": 0.003907203674316406,
  "generation": 1,
  "geometry_excess_penalty": 0.0,
  "geometry_excess_penalty_weight": 0.75,
  "geometry_method": "landmark_semantic_tps",
  "guidance_scale": 7.5,
  "identity_or_face_health_available": false,
  "image_guidance_scale": 1.0,
  "initial_candidate": false,
  "input_damage_penalty": 1.8210513496398928,
  "input_damage_penalty_weight": 3.0,
  "input_l2": 0.09880838253513675,
  "input_max_abs": 0.8313725590705872,
  "input_mean_abs": 0.056366726756095886,
  "input_preservation_score": 0.0,
  "input_psnr": 20.104124198464618,
  "input_ssim": 0.5523685812950134,
  "landmark_count": 478,
  "landmark_detector": "mediapipe_python_solutions_face_mesh",
  "left_crop_clean_margin": 0.024231508374214172,
  "left_crop_perturbed_margin": 0.021587669849395752,
  "left_crop_semantic_drop": 0.0026438385248184204,
  "max_disp_px": 13.986001968383789,
  "max_disp_px_budget": 14.0,
  "mean_crop_margin": 0.011493573586146036,
  "mean_crop_semantic_drop": 0.0006298969189325968,
  "mean_disp_px": 6.36008358001709,
  "member": 8,
  "min_crop_margin": -0.007226377725601196,
  "min_crop_semantic_drop": -0.00606614351272583,
  "output_disruption_score": 0.8442859068741462,
  "output_disruption_weight": 0.5,
  "output_l2": 0.11329337992345444,
  "output_max_abs": 0.8941176533699036,
  "output_mean_abs": 0.0627029538154602,
  "output_psnr": 18.915909330836417,
  "output_ssim": 0.6088876128196716,
  "p95_disp_px": 13.402641296386719,
  "path_clean_edit": "phase4/outputs/phase4c_real_landmark_sanity/cases/face_002/igs_1p00/add_headphones/existence_probe/seed_00/candidates/cand_008_g01_m08/clean_edit.png",
  "path_flow": "phase4/outputs/phase4c_real_landmark_sanity/cases/face_002/igs_1p00/add_headphones/existence_probe/seed_00/candidates/cand_008_g01_m08/flow.png",
  "path_landmarks_overlay_original": "phase4/outputs/phase4c_real_landmark_sanity/cases/face_002/igs_1p00/add_headphones/existence_probe/seed_00/candidates/cand_008_g01_m08/landmarks_overlay_original.jpg",
  "path_landmarks_overlay_perturbed": "phase4/outputs/phase4c_real_landmark_sanity/cases/face_002/igs_1p00/add_headphones/existence_probe/seed_00/candidates/cand_008_g01_m08/landmarks_overlay_perturbed.jpg",
  "path_original": "phase4/outputs/phase4c_real_landmark_sanity/cases/face_002/igs_1p00/add_headphones/existence_probe/seed_00/candidates/cand_008_g01_m08/original.png",
  "path_perturbed": "phase4/outputs/phase4c_real_landmark_sanity/cases/face_002/igs_1p00/add_headphones/existence_probe/seed_00/candidates/cand_008_g01_m08/perturbed.png",
  "path_perturbed_edit": "phase4/outputs/phase4c_real_landmark_sanity/cases/face_002/igs_1p00/add_headphones/existence_probe/seed_00/candidates/cand_008_g01_m08/perturbed_edit.png",
  "path_regions_overlay_original": "phase4/outputs/phase4c_real_landmark_sanity/cases/face_002/igs_1p00/add_headphones/existence_probe/seed_00/candidates/cand_008_g01_m08/regions_overlay_original.jpg",
  "perturbed_clip_positive_margin": 0.047256410121917725,
  "perturbed_semantic_success_score": 0.047256410121917725,
  "phase": "phase4c_real_landmark_sanity",
  "phase2_final_score": -5.009753466088074,
  "phase2_output_disruption": 0.8442859068741462,
  "phase2_score_formula": "8.0*max(0,semantic_drop)+0.5*output_disruption-3.0*input_damage_penalty-0.75*geometry_excess_penalty",
  "phase4_budget_name": "existence_probe",
  "phase4_final_score": -5.009753466088074,
  "phase4_score_formula": "8.0*max(0,semantic_drop)+0.5*output_disruption-3.0*input_damage_penalty-0.75*geometry_excess_penalty",
  "prompt": "add headphones",
  "prompt_slug": "add_headphones",
  "prompt_type": "headphones",
  "real_landmarks": true,
  "right_crop_clean_margin": 0.025431424379348755,
  "right_crop_perturbed_margin": 0.020119428634643555,
  "right_crop_semantic_drop": 0.0053119957447052,
  "seed": 43101,
  "semantic_drop": 0.003907203674316406,
  "semantic_drop_weight": 8.0,
  "target_input_ssim": 0.78,
  "theta_names": [
    "scale_logit",
    "action_face_side_push_left",
    "action_face_side_push_right",
    "action_head_top_raise",
    "action_head_top_lower",
    "action_jaw_expand",
    "action_jaw_compress",
    "action_asymmetry_twist"
  ],
  "theta_values": [
    0.429250031709671,
    1.3680648803710938,
    -0.689578115940094,
    -1.0696395635604858,
    0.2613312602043152,
    -1.841462254524231,
    0.44927147030830383,
    -0.5514113306999207
  ],
  "top_crop_clean_margin": -0.013292521238327026,
  "top_crop_perturbed_margin": -0.007226377725601196,
  "top_crop_semantic_drop": -0.00606614351272583
}
