{
  "budget": "strong",
  "budget_max_disp_px": 8.0,
  "candidate_folder_abs": "/home/interns/Desktop/mat/phase4/outputs/phase4a_existence_probe/cases/face_006/igs_1p50/add_black_sunglasses/strong/seed_00/candidates/cand_024_g02_m04",
  "candidate_index": 24,
  "candidate_name": "cand_024_g02_m04",
  "case_id": "face_006__add_black_sunglasses__igs_1p50",
  "elapsed_seconds": 2.4784619752317667,
  "face_id": "face_006",
  "generation": 2,
  "geometry_method": "landmark_piecewise_affine",
  "guidance_scale": 7.5,
  "image_guidance_scale": 1.5,
  "initial_candidate": false,
  "input_l2": 0.04088362530536902,
  "input_max_abs": 0.7529411911964417,
  "input_mean_abs": 0.018205726519227028,
  "input_psnr": 27.76901201269745,
  "input_ssim": 0.853998601436615,
  "max_disp_px": 7.816952228546143,
  "max_disp_px_budget": 8.0,
  "mean_disp_px": 1.5192785263061523,
  "member": 4,
  "output_l2": 0.049473178128856925,
  "output_max_abs": 0.8980392217636108,
  "output_mean_abs": 0.020415643230080605,
  "output_psnr": 26.112603798177723,
  "output_ssim": 0.8547149300575256,
  "p95_disp_px": 3.8171565532684326,
  "phase": "phase4a_existence_probe",
  "prompt": "add black sunglasses",
  "prompt_slug": "add_black_sunglasses",
  "prompt_type": "glasses",
  "seed": 43001,
  "target_input_ssim": 0.88,
  "theta_names": [
    "scale_logit",
    "action_eye_spread",
    "action_eye_compress",
    "action_eye_squint",
    "action_eye_raise_left",
    "action_eye_raise_right",
    "action_nose_bridge_shift_x",
    "action_asymmetry_twist"
  ],
  "theta_values": [
    0.6091776490211487,
    0.47413304448127747,
    -1.2198375463485718,
    0.09519930928945541,
    -1.444845199584961,
    -0.07463733851909637,
    -0.8236549496650696,
    -1.097778558731079
  ]
}
