{
  "clean_clip_positive_margin": 0.02052225172519684,
  "clean_semantic_success_score": 0.02052225172519684,
  "clip_available": true,
  "clip_semantic_drop": 0.00016254186630249023,
  "clip_warning": null,
  "crop_clip_available": false,
  "crop_clip_warning": null,
  "decision_label": "metric_only_candidate",
  "decision_reasons": [
    "semantic_drop_small:0.0002",
    "semantic_drop_small:0.0002"
  ],
  "edit_failure_score": 0.00016254186630249023,
  "final_attack_score": 0.0766161251878224,
  "full_image_semantic_drop": 0.00016254186630249023,
  "geometry_excess_penalty": 0.0,
  "geometry_excess_penalty_weight": 1.0,
  "identity_or_face_health_available": false,
  "input_damage_penalty": 0.0,
  "input_damage_penalty_weight": 3.0,
  "input_l2": 0.006066902134735133,
  "input_max_abs": 0.16470588743686676,
  "input_mean_abs": 0.0013497244799509645,
  "input_preservation_score": 0.8687138160069785,
  "input_psnr": 44.34066021216998,
  "input_ssim": 0.9921228289604187,
  "max_disp_px_budget": 4.0,
  "output_disruption_score": 0.07596595772261244,
  "output_disruption_weight": 1.0,
  "output_l2": 0.014757577797161595,
  "output_max_abs": 0.5176470875740051,
  "output_mean_abs": 0.00534532405436039,
  "output_psnr": 36.619698372822896,
  "output_ssim": 0.9830643534660339,
  "perturbed_clip_positive_margin": 0.020359709858894348,
  "perturbed_semantic_success_score": 0.020359709858894348,
  "phase2_final_score": 0.0766161251878224,
  "phase2_output_disruption": 0.07596595772261244,
  "phase2_score_formula": "4.0*max(0,semantic_drop)+1.0*output_disruption-3.0*input_damage_penalty-1.0*geometry_excess_penalty",
  "semantic_drop": 0.00016254186630249023,
  "semantic_drop_weight": 4.0,
  "target_input_ssim": 0.94
}
