{
  "geometry_info": {
    "action_names": [
      "jaw_expand",
      "jaw_compress",
      "chin_raise",
      "chin_lower",
      "mouth_width_expand",
      "lower_face_shift"
    ],
    "action_strength": 0.72,
    "action_values": {
      "chin_lower": -0.809261227452036,
      "chin_raise": 0.30908400783319206,
      "jaw_compress": 0.5061703104315589,
      "jaw_expand": 0.3026014252918031,
      "lower_face_shift": 0.7213176287734576,
      "mouth_width_expand": -0.3055997997025203
    },
    "active_actions": {
      "chin_lower": -0.809261227452036,
      "chin_raise": 0.30908400783319206,
      "jaw_compress": 0.5061703104315589,
      "jaw_expand": 0.3026014252918031,
      "lower_face_shift": 0.7213176287734576,
      "mouth_width_expand": -0.3055997997025203
    },
    "active_anchor_count": 6,
    "control_point_count": 14,
    "geometry_method": "landmark_piecewise_affine",
    "max_disp_px_budget": 8.0,
    "scale_factor": 0.8699072851850294,
    "source_control_points": [
      [
        174.0800018310547,
        394.239990234375
      ],
      [
        337.9200134277344,
        394.239990234375
      ],
      [
        256.0,
        419.8399963378906
      ],
      [
        256.0,
        376.32000732421875
      ],
      [
        204.8000030517578,
        335.3599853515625
      ],
      [
        307.20001220703125,
        335.3599853515625
      ],
      [
        0.0,
        0.0
      ],
      [
        511.0,
        0.0
      ],
      [
        0.0,
        511.0
      ],
      [
        511.0,
        511.0
      ],
      [
        256.0,
        0.0
      ],
      [
        256.0,
        511.0
      ],
      [
        0.0,
        256.0
      ],
      [
        511.0,
        256.0
      ]
    ],
    "target_control_points": [
      [
        175.2525634765625,
        394.239990234375
      ],
      [
        336.7474670410156,
        394.239990234375
      ],
      [
        259.1160888671875,
        413.3983154296875
      ],
      [
        260.15478515625,
        373.09918212890625
      ],
      [
        206.5602569580078,
        335.3599853515625
      ],
      [
        305.43975830078125,
        335.3599853515625
      ],
      [
        0.0,
        0.0
      ],
      [
        511.0,
        0.0
      ],
      [
        0.0,
        511.0
      ],
      [
        511.0,
        511.0
      ],
      [
        256.0,
        0.0
      ],
      [
        256.0,
        511.0
      ],
      [
        0.0,
        256.0
      ],
      [
        511.0,
        256.0
      ]
    ],
    "tps_regularization": 0.0001
  },
  "names": [
    "scale_logit",
    "action_jaw_expand",
    "action_jaw_compress",
    "action_chin_raise",
    "action_chin_lower",
    "action_mouth_width_expand",
    "action_lower_face_shift"
  ],
  "values": [
    0.8194459676742554,
    0.36300116777420044,
    0.6652806997299194,
    0.3715043365955353,
    -1.6604996919631958,
    -0.3669278025627136,
    1.1855354309082031
  ]
}
