{
  "best_candidate_this_generation": "cand_006_g01_m06",
  "best_score_this_generation": 0.16335888472824017,
  "budget": "medium",
  "cem_state": {
    "mean_abs": 0.3021104037761688,
    "method_probs": [
      0.2742857142857143,
      0.08857142857142856,
      0.08857142857142856,
      0.46,
      0.08857142857142856
    ],
    "methods": [
      "region_local_tps",
      "region_local_dct",
      "region_local_mesh",
      "combined_tps_dct",
      "combined_all"
    ],
    "std_max": 0.6499999761581421,
    "std_mean": 0.5216101408004761,
    "std_min": 0.24942977726459503
  },
  "decision_counts": {
    "metric_only_candidate": 9,
    "reject_input_damage": 3
  },
  "elapsed_seconds": 73.78958377987146,
  "elite": 3,
  "elite_candidate_names": [
    "cand_006_g01_m06",
    "cand_008_g01_m08",
    "cand_009_g01_m09"
  ],
  "generation": 1,
  "population": 12,
  "prompt": "add headphones"
}
