{
  "clean_clip_positive_margin": 0.027842342853546143,
  "clean_semantic_success_score": 0.027842342853546143,
  "clip_available": true,
  "clip_semantic_drop": -0.007141560316085815,
  "clip_warning": null,
  "crop_clip_available": true,
  "crop_clip_warning": null,
  "decision_label": "metric_only_candidate",
  "decision_reasons": [
    "semantic_drop_nonpositive:-0.0071",
    "semantic_drop_nonpositive:-0.0071"
  ],
  "edit_failure_score": 0.0,
  "final_attack_score": 0.05991339575885669,
  "full_image_semantic_drop": -0.007141560316085815,
  "geometry_excess_penalty": 0.0,
  "geometry_excess_penalty_weight": 0.75,
  "identity_or_face_health_available": false,
  "input_damage_penalty": 0.0,
  "input_damage_penalty_weight": 3.0,
  "input_l2": 0.026412618977516913,
  "input_max_abs": 0.9176470637321472,
  "input_mean_abs": 0.006930288393050432,
  "input_preservation_score": 0.5794262204851424,
  "input_psnr": 31.563770672498094,
  "input_ssim": 0.9411196708679199,
  "left_crop_clean_margin": 0.02535329759120941,
  "left_crop_perturbed_margin": 0.02067926526069641,
  "left_crop_semantic_drop": 0.0046740323305130005,
  "max_disp_px_budget": 8.0,
  "mean_crop_margin": 0.011643176277478537,
  "mean_crop_semantic_drop": 0.006468092401822408,
  "min_crop_margin": -0.007550731301307678,
  "min_crop_semantic_drop": -0.0003194659948348999,
  "output_disruption_score": 0.23965358303542675,
  "output_disruption_weight": 0.25,
  "output_l2": 0.038659407612074766,
  "output_max_abs": 0.8941176533699036,
  "output_mean_abs": 0.013879147358238697,
  "output_psnr": 28.254896101223387,
  "output_ssim": 0.9149840474128723,
  "perturbed_clip_positive_margin": 0.03498390316963196,
  "perturbed_semantic_success_score": 0.03498390316963196,
  "phase2_final_score": 0.05991339575885669,
  "phase2_output_disruption": 0.23965358303542675,
  "phase2_score_formula": "8.0*max(0,semantic_drop)+0.25*output_disruption-3.0*input_damage_penalty-0.75*geometry_excess_penalty",
  "right_crop_clean_margin": 0.021481528878211975,
  "right_crop_perturbed_margin": 0.021800994873046875,
  "right_crop_semantic_drop": -0.0003194659948348999,
  "semantic_drop": -0.007141560316085815,
  "semantic_drop_weight": 8.0,
  "target_input_ssim": 0.86,
  "top_crop_clean_margin": 0.007498979568481445,
  "top_crop_perturbed_margin": -0.007550731301307678,
  "top_crop_semantic_drop": 0.015049710869789124
}
