{
  "best_candidate_this_generation": "cand_048_g03_m08",
  "best_score_this_generation": 0.24948265622343704,
  "budget": "existence_probe",
  "cem_state": {
    "mean_abs": 0.6206620931625366,
    "method_probs": [
      0.27211309523809524,
      0.7278869047619048
    ],
    "methods": [
      "landmark_semantic_tps",
      "landmark_piecewise_affine"
    ],
    "std_max": 0.8999999761581421,
    "std_mean": 0.5593189001083374,
    "std_min": 0.2768503427505493
  },
  "decision_counts": {
    "metric_only_candidate": 15,
    "reject_input_damage": 5
  },
  "elapsed_seconds": 57.666418792679906,
  "elite": 4,
  "elite_candidate_names": [
    "cand_048_g03_m08",
    "cand_046_g03_m06",
    "cand_051_g03_m11",
    "cand_041_g03_m01"
  ],
  "face_id": "face_007",
  "generation": 3,
  "population": 20,
  "prompt": "make the person smile slightly"
}
