{
  "displacement": {
    "budget_max_disp_px": 6.0,
    "max_disp_px": 1.7159404754638672,
    "max_disp_px_budget": 6.0,
    "mean_disp_px": 0.36769741773605347,
    "p95_disp_px": 1.500738263130188,
    "target_input_ssim": 0.9
  },
  "input": {
    "l2": 0.01477482383895895,
    "max_abs": 0.43529412150382996,
    "mean_abs": 0.005062950775027275,
    "psnr": 36.60955377065887,
    "ssim": 0.953671932220459
  },
  "output": {
    "l2": 0.023349249363161618,
    "max_abs": 0.7176470756530762,
    "mean_abs": 0.010951586998999119,
    "psnr": 32.63454153337227,
    "ssim": 0.9356117844581604
  }
}
