{
  "best_folder": "phase2/outputs/phase2c_probe/semantic_heavy_cem/headphones_full/strong/seed_00/candidates/cand_030_g02_m14",
  "budget": "strong",
  "budget_max_disp_px": 6.0,
  "candidate_folder": "phase2/outputs/phase2c_probe/semantic_heavy_cem/headphones_full/strong/seed_00/candidates/cand_030_g02_m14",
  "candidate_index": 30,
  "candidate_name": "cand_030_g02_m14",
  "clean_clip_positive_margin": 0.027842342853546143,
  "clean_semantic_success_score": 0.027842342853546143,
  "clip_available": true,
  "clip_semantic_drop": 0.030170559883117676,
  "clip_warning": null,
  "crop_clip_available": true,
  "crop_clip_warning": null,
  "dct_modes": [
    [
      1,
      0
    ],
    [
      0,
      1
    ],
    [
      1,
      1
    ],
    [
      2,
      0
    ],
    [
      0,
      2
    ],
    [
      2,
      1
    ]
  ],
  "decision_label": "weak_candidate",
  "decision_reasons": [],
  "edit_failure_score": 0.030170559883117676,
  "elapsed_seconds": 4.921661708503962,
  "final_attack_score": 0.27597584380574214,
  "full_image_semantic_drop": 0.030170559883117676,
  "generation": 2,
  "geometry_excess_penalty": 0.0,
  "geometry_excess_penalty_weight": 0.75,
  "geometry_method": "region_local_tps",
  "identity_or_face_health_available": false,
  "initial_candidate": false,
  "input_damage_penalty": 0.0,
  "input_damage_penalty_weight": 3.0,
  "input_l2": 0.012321134391382877,
  "input_max_abs": 0.3333333730697632,
  "input_mean_abs": 0.0037131160497665405,
  "input_preservation_score": 0.7117948532104491,
  "input_psnr": 38.186986107656026,
  "input_ssim": 0.9711794853210449,
  "left_crop_clean_margin": 0.02535329759120941,
  "left_crop_perturbed_margin": 0.023826956748962402,
  "left_crop_semantic_drop": 0.0015263408422470093,
  "max_disp_px": 1.7976454496383667,
  "max_disp_px_budget": 6.0,
  "mean_crop_margin": 0.012903834382692972,
  "mean_crop_semantic_drop": 0.005207434296607971,
  "mean_disp_px": 0.2724207043647766,
  "member": 14,
  "mesh_size": 4,
  "min_crop_margin": -0.00395512580871582,
  "min_crop_semantic_drop": 0.0015263408422470093,
  "output_disruption_score": 0.13844545896320296,
  "output_disruption_weight": 0.25,
  "output_l2": 0.021245544690561176,
  "output_max_abs": 0.5921568870544434,
  "output_mean_abs": 0.0104374336078763,
  "output_psnr": 33.45464260090554,
  "output_ssim": 0.9465367197990417,
  "p95_disp_px": 1.3974614143371582,
  "path_flow": "phase2/outputs/phase2c_probe/semantic_heavy_cem/headphones_full/strong/seed_00/candidates/cand_030_g02_m14/flow.png",
  "path_original": "phase2/outputs/phase2c_probe/semantic_heavy_cem/headphones_full/strong/seed_00/candidates/cand_030_g02_m14/original.png",
  "path_original_edited": "phase2/outputs/phase2c_probe/semantic_heavy_cem/headphones_full/strong/seed_00/candidates/cand_030_g02_m14/original_edited.png",
  "path_perturbed": "phase2/outputs/phase2c_probe/semantic_heavy_cem/headphones_full/strong/seed_00/candidates/cand_030_g02_m14/perturbed.png",
  "path_perturbed_edited": "phase2/outputs/phase2c_probe/semantic_heavy_cem/headphones_full/strong/seed_00/candidates/cand_030_g02_m14/perturbed_edited.png",
  "perturbed_clip_positive_margin": -0.002328217029571533,
  "perturbed_semantic_success_score": -0.002328217029571533,
  "phase": "phase2c_probe",
  "phase2_final_score": 0.27597584380574214,
  "phase2_output_disruption": 0.13844545896320296,
  "phase2_score_formula": "8.0*max(0,semantic_drop)+0.25*output_disruption-3.0*input_damage_penalty-0.75*geometry_excess_penalty",
  "prompt": "add headphones",
  "prompt_priority": 1,
  "prompt_slug": "add_headphones",
  "region_count": 3,
  "region_key": "headphones_full",
  "right_crop_clean_margin": 0.021481528878211975,
  "right_crop_perturbed_margin": 0.018839672207832336,
  "right_crop_semantic_drop": 0.0026418566703796387,
  "scale_factor": 0.3057219982147217,
  "seed": 24001,
  "semantic_drop": 0.030170559883117676,
  "semantic_drop_weight": 8.0,
  "target_input_ssim": 0.9,
  "top_crop_clean_margin": 0.007498979568481445,
  "top_crop_perturbed_margin": -0.00395512580871582,
  "top_crop_semantic_drop": 0.011454105377197266,
  "tps_size": 4
}
