{
  "displacement": {
    "budget_max_disp_px": 8.0,
    "max_disp_px": 4.30264139175415,
    "max_disp_px_budget": 8.0,
    "mean_disp_px": 0.8795623779296875,
    "p95_disp_px": 2.652095317840576,
    "target_input_ssim": 0.88
  },
  "input": {
    "l2": 0.029022151614014665,
    "max_abs": 0.7647058963775635,
    "mean_abs": 0.01239609345793724,
    "psnr": 30.745407868665282,
    "ssim": 0.9237926602363586
  },
  "output": {
    "l2": 0.04545502087106714,
    "max_abs": 0.8941176533699036,
    "mean_abs": 0.018806245177984238,
    "psnr": 26.848362769779545,
    "ssim": 0.8930312991142273
  }
}
