{
  "best_folder": "phase4/outputs/phase4c_real_landmark_sanity/cases/face_002/igs_1p00/add_headphones/existence_probe/seed_00/candidates/cand_021_g02_m09",
  "budget": "existence_probe",
  "budget_max_disp_px": 14.0,
  "candidate_folder": "phase4/outputs/phase4c_real_landmark_sanity/cases/face_002/igs_1p00/add_headphones/existence_probe/seed_00/candidates/cand_021_g02_m09",
  "candidate_index": 21,
  "candidate_name": "cand_021_g02_m09",
  "case_id": "face_002__add_headphones__igs_1p00",
  "clean_clip_positive_margin": 0.05116361379623413,
  "clean_semantic_success_score": 0.05116361379623413,
  "clip_available": true,
  "clip_semantic_drop": 0.005277484655380249,
  "clip_warning": null,
  "crop_clip_available": true,
  "crop_clip_warning": null,
  "decision_label": "reject_input_damage",
  "decision_reasons": [
    "input_ssim_below_target:0.7689<0.7800",
    "semantic_drop_small:0.0053"
  ],
  "edit_failure_score": 0.005277484655380249,
  "elapsed_seconds": 5.013822020962834,
  "face_id": "face_002",
  "final_attack_score": 0.026862905209424026,
  "full_image_semantic_drop": 0.005277484655380249,
  "generation": 2,
  "geometry_excess_penalty": 0.0,
  "geometry_excess_penalty_weight": 0.75,
  "geometry_method": "landmark_piecewise_affine",
  "guidance_scale": 7.5,
  "identity_or_face_health_available": false,
  "image_guidance_scale": 1.0,
  "initial_candidate": false,
  "input_damage_penalty": 0.08905481338500998,
  "input_damage_penalty_weight": 3.0,
  "input_l2": 0.04919486365023425,
  "input_max_abs": 0.8509804010391235,
  "input_mean_abs": 0.02510121650993824,
  "input_preservation_score": 0.0,
  "input_psnr": 26.161604775875347,
  "input_ssim": 0.7688681483268738,
  "landmark_count": 478,
  "landmark_detector": "mediapipe_python_solutions_face_mesh",
  "left_crop_clean_margin": 0.024231508374214172,
  "left_crop_perturbed_margin": 0.02357935905456543,
  "left_crop_semantic_drop": 0.0006521493196487427,
  "max_disp_px": 5.608468532562256,
  "max_disp_px_budget": 14.0,
  "mean_crop_margin": 0.012706687053044638,
  "mean_crop_semantic_drop": -0.0005832165479660034,
  "mean_disp_px": 1.4889291524887085,
  "member": 9,
  "min_crop_margin": -0.008867621421813965,
  "min_crop_semantic_drop": -0.0044248998165130615,
  "output_disruption_score": 0.5036149362428239,
  "output_disruption_weight": 0.5,
  "output_l2": 0.07341870019096262,
  "output_max_abs": 0.8941176533699036,
  "output_mean_abs": 0.03229398652911186,
  "output_psnr": 22.683866170786487,
  "output_ssim": 0.7900598645210266,
  "p95_disp_px": 3.686052083969116,
  "path_clean_edit": "phase4/outputs/phase4c_real_landmark_sanity/cases/face_002/igs_1p00/add_headphones/existence_probe/seed_00/candidates/cand_021_g02_m09/clean_edit.png",
  "path_flow": "phase4/outputs/phase4c_real_landmark_sanity/cases/face_002/igs_1p00/add_headphones/existence_probe/seed_00/candidates/cand_021_g02_m09/flow.png",
  "path_landmarks_overlay_original": "phase4/outputs/phase4c_real_landmark_sanity/cases/face_002/igs_1p00/add_headphones/existence_probe/seed_00/candidates/cand_021_g02_m09/landmarks_overlay_original.jpg",
  "path_landmarks_overlay_perturbed": "phase4/outputs/phase4c_real_landmark_sanity/cases/face_002/igs_1p00/add_headphones/existence_probe/seed_00/candidates/cand_021_g02_m09/landmarks_overlay_perturbed.jpg",
  "path_original": "phase4/outputs/phase4c_real_landmark_sanity/cases/face_002/igs_1p00/add_headphones/existence_probe/seed_00/candidates/cand_021_g02_m09/original.png",
  "path_perturbed": "phase4/outputs/phase4c_real_landmark_sanity/cases/face_002/igs_1p00/add_headphones/existence_probe/seed_00/candidates/cand_021_g02_m09/perturbed.png",
  "path_perturbed_edit": "phase4/outputs/phase4c_real_landmark_sanity/cases/face_002/igs_1p00/add_headphones/existence_probe/seed_00/candidates/cand_021_g02_m09/perturbed_edit.png",
  "path_regions_overlay_original": "phase4/outputs/phase4c_real_landmark_sanity/cases/face_002/igs_1p00/add_headphones/existence_probe/seed_00/candidates/cand_021_g02_m09/regions_overlay_original.jpg",
  "perturbed_clip_positive_margin": 0.04588612914085388,
  "perturbed_semantic_success_score": 0.04588612914085388,
  "phase": "phase4c_real_landmark_sanity",
  "phase2_final_score": 0.026862905209424026,
  "phase2_output_disruption": 0.5036149362428239,
  "phase2_score_formula": "8.0*max(0,semantic_drop)+0.5*output_disruption-3.0*input_damage_penalty-0.75*geometry_excess_penalty",
  "phase4_budget_name": "existence_probe",
  "phase4_final_score": 0.026862905209424026,
  "phase4_score_formula": "8.0*max(0,semantic_drop)+0.5*output_disruption-3.0*input_damage_penalty-0.75*geometry_excess_penalty",
  "prompt": "add headphones",
  "prompt_slug": "add_headphones",
  "prompt_type": "headphones",
  "real_landmarks": true,
  "right_crop_clean_margin": 0.025431424379348755,
  "right_crop_perturbed_margin": 0.023408323526382446,
  "right_crop_semantic_drop": 0.0020231008529663086,
  "seed": 43101,
  "semantic_drop": 0.005277484655380249,
  "semantic_drop_weight": 8.0,
  "target_input_ssim": 0.78,
  "theta_names": [
    "scale_logit",
    "action_face_side_push_left",
    "action_face_side_push_right",
    "action_head_top_raise",
    "action_head_top_lower",
    "action_jaw_expand",
    "action_jaw_compress",
    "action_asymmetry_twist"
  ],
  "theta_values": [
    -0.10955753177404404,
    0.3634144067764282,
    -2.312709331512451,
    -0.768814206123352,
    -2.0834856033325195,
    -0.17243877053260803,
    0.6939750909805298,
    0.19704100489616394
  ],
  "top_crop_clean_margin": -0.013292521238327026,
  "top_crop_perturbed_margin": -0.008867621421813965,
  "top_crop_semantic_drop": -0.0044248998165130615
}
