{
  "clean_clip_positive_margin": 0.035206615924835205,
  "clean_semantic_success_score": 0.035206615924835205,
  "clip_available": true,
  "clip_semantic_drop": -6.467103958129883e-06,
  "clip_warning": null,
  "crop_clip_available": false,
  "crop_clip_warning": null,
  "decision_label": "metric_only_candidate",
  "decision_reasons": [
    "semantic_drop_nonpositive:-0.0000",
    "semantic_drop_nonpositive:-0.0000"
  ],
  "edit_failure_score": 0.0,
  "final_attack_score": 0.07396540846720248,
  "full_image_semantic_drop": -6.467103958129883e-06,
  "geometry_excess_penalty": 0.0,
  "geometry_excess_penalty_weight": 1.0,
  "identity_or_face_health_available": false,
  "input_damage_penalty": 0.0,
  "input_damage_penalty_weight": 3.0,
  "input_l2": 0.005691341353610507,
  "input_max_abs": 0.3450980484485626,
  "input_mean_abs": 0.0008787517435848713,
  "input_preservation_score": 0.9647170305252075,
  "input_psnr": 44.89570731245643,
  "input_ssim": 0.9964717030525208,
  "max_disp_px_budget": 6.0,
  "output_disruption_score": 0.07396540846720248,
  "output_disruption_weight": 1.0,
  "output_l2": 0.012197578465677573,
  "output_max_abs": 0.23529410362243652,
  "output_mean_abs": 0.005569217726588249,
  "output_psnr": 38.27452758876372,
  "output_ssim": 0.9748249053955078,
  "perturbed_clip_positive_margin": 0.035213083028793335,
  "perturbed_semantic_success_score": 0.035213083028793335,
  "phase2_final_score": 0.07396540846720248,
  "phase2_output_disruption": 0.07396540846720248,
  "phase2_score_formula": "4.0*max(0,semantic_drop)+1.0*output_disruption-3.0*input_damage_penalty-1.0*geometry_excess_penalty",
  "semantic_drop": -6.467103958129883e-06,
  "semantic_drop_weight": 4.0,
  "target_input_ssim": 0.9
}
