{
  "budget": "strong",
  "budget_max_disp_px": 8.0,
  "candidate_folder_abs": "/home/interns/Desktop/mat/phase4/outputs/phase4a_existence_probe/cases/face_005/igs_1p50/add_a_small_beard/strong/seed_00/candidates/cand_031_g02_m11",
  "candidate_index": 31,
  "candidate_name": "cand_031_g02_m11",
  "case_id": "face_005__add_a_small_beard__igs_1p50",
  "elapsed_seconds": 3.0431679971516132,
  "face_id": "face_005",
  "generation": 2,
  "geometry_method": "landmark_semantic_tps",
  "guidance_scale": 7.5,
  "image_guidance_scale": 1.5,
  "initial_candidate": false,
  "input_l2": 0.039113617769293,
  "input_max_abs": 0.800000011920929,
  "input_mean_abs": 0.020717011764645576,
  "input_psnr": 28.153440252383422,
  "input_ssim": 0.8566959500312805,
  "max_disp_px": 7.137787342071533,
  "max_disp_px_budget": 8.0,
  "mean_disp_px": 1.851858139038086,
  "member": 11,
  "output_l2": 0.04688737378119324,
  "output_max_abs": 0.7215686440467834,
  "output_mean_abs": 0.027661306783556938,
  "output_psnr": 26.578881838836708,
  "output_ssim": 0.7887539267539978,
  "p95_disp_px": 4.64618444442749,
  "phase": "phase4a_existence_probe",
  "prompt": "add a small beard",
  "prompt_slug": "add_a_small_beard",
  "prompt_type": "beard",
  "seed": 48001,
  "target_input_ssim": 0.88,
  "theta_names": [
    "scale_logit",
    "action_jaw_expand",
    "action_jaw_compress",
    "action_chin_raise",
    "action_chin_lower",
    "action_mouth_width_expand",
    "action_lower_face_shift"
  ],
  "theta_values": [
    0.37573614716529846,
    1.0703938007354736,
    0.06998005509376526,
    0.8481756448745728,
    -1.3840129375457764,
    1.3932123184204102,
    0.9250407814979553
  ]
}
