{
  "displacement": {
    "budget_max_disp_px": 6.0,
    "max_disp_px": 1.918086290359497,
    "max_disp_px_budget": 6.0,
    "mean_disp_px": 0.16141943633556366,
    "p95_disp_px": 1.358918309211731,
    "target_input_ssim": 0.9
  },
  "input": {
    "l2": 0.007214671951378028,
    "max_abs": 0.7960784435272217,
    "mean_abs": 0.0014476104406639934,
    "psnr": 42.83566822680903,
    "ssim": 0.986965000629425
  },
  "output": {
    "l2": 0.013374807889960504,
    "max_abs": 0.6823529601097107,
    "mean_abs": 0.004957191180437803,
    "psnr": 37.47424894565507,
    "ssim": 0.9763798713684082
  }
}
