{
  "budget": "existence_probe",
  "budget_max_disp_px": 14.0,
  "candidate_folder_abs": "/home/interns/Desktop/mat/phase4/outputs/phase4a_existence_probe/cases/face_002/igs_1p50/add_headphones/existence_probe/seed_00/candidates/cand_011_g01_m11",
  "candidate_index": 11,
  "candidate_name": "cand_011_g01_m11",
  "case_id": "face_002__add_headphones__igs_1p50",
  "elapsed_seconds": 2.3372460585087538,
  "face_id": "face_002",
  "generation": 1,
  "geometry_method": "landmark_piecewise_affine",
  "guidance_scale": 7.5,
  "image_guidance_scale": 1.5,
  "initial_candidate": false,
  "input_l2": 0.03779989814810806,
  "input_max_abs": 0.7960784435272217,
  "input_mean_abs": 0.01781470701098442,
  "input_psnr": 28.450187407368844,
  "input_ssim": 0.8483616709709167,
  "max_disp_px": 4.897710800170898,
  "max_disp_px_budget": 14.0,
  "mean_disp_px": 1.197683572769165,
  "member": 11,
  "output_l2": 0.05369012386015873,
  "output_max_abs": 0.7764706015586853,
  "output_mean_abs": 0.026514515280723572,
  "output_psnr": 25.402111882843116,
  "output_ssim": 0.8095216751098633,
  "p95_disp_px": 3.193629264831543,
  "phase": "phase4a_existence_probe",
  "prompt": "add headphones",
  "prompt_slug": "add_headphones",
  "prompt_type": "headphones",
  "seed": 51101,
  "target_input_ssim": 0.78,
  "theta_names": [
    "scale_logit",
    "action_face_side_push_left",
    "action_face_side_push_right",
    "action_head_top_raise",
    "action_head_top_lower",
    "action_jaw_expand",
    "action_jaw_compress",
    "action_asymmetry_twist"
  ],
  "theta_values": [
    -0.40805578231811523,
    -1.5341064929962158,
    0.42862382531166077,
    -0.4866463840007782,
    0.20669560134410858,
    0.3567337989807129,
    0.372715026140213,
    -0.5170512199401855
  ]
}
