{
  "displacement": {
    "budget_max_disp_px": 14.0,
    "max_disp_px": 4.897710800170898,
    "max_disp_px_budget": 14.0,
    "mean_disp_px": 1.197683572769165,
    "p95_disp_px": 3.193629264831543,
    "target_input_ssim": 0.78
  },
  "input": {
    "l2": 0.03779989814810806,
    "max_abs": 0.7960784435272217,
    "mean_abs": 0.01781470701098442,
    "psnr": 28.450187407368844,
    "ssim": 0.8483616709709167
  },
  "output": {
    "l2": 0.05369012386015873,
    "max_abs": 0.7764706015586853,
    "mean_abs": 0.026514515280723572,
    "psnr": 25.402111882843116,
    "ssim": 0.8095216751098633
  }
}
