{
  "budget": "strong",
  "budget_max_disp_px": 6.0,
  "candidate_folder_abs": "/home/interns/Desktop/mat/phase2/outputs/phase2c_probe/semantic_heavy_cem/headphones_top_only/strong/seed_00/candidates/cand_059_g04_m11",
  "candidate_index": 59,
  "candidate_name": "cand_059_g04_m11",
  "dct_modes": [
    [
      1,
      0
    ],
    [
      0,
      1
    ],
    [
      1,
      1
    ],
    [
      2,
      0
    ],
    [
      0,
      2
    ],
    [
      2,
      1
    ]
  ],
  "elapsed_seconds": 5.382814010605216,
  "generation": 4,
  "geometry_method": "region_local_tps",
  "initial_candidate": false,
  "input_l2": 0.011934449120137115,
  "input_max_abs": 0.35294121503829956,
  "input_mean_abs": 0.002615366131067276,
  "input_psnr": 38.46395245414356,
  "input_ssim": 0.9720061421394348,
  "max_disp_px": 2.1474883556365967,
  "max_disp_px_budget": 6.0,
  "mean_disp_px": 0.15730230510234833,
  "member": 11,
  "mesh_size": 4,
  "output_l2": 0.01781167979898322,
  "output_max_abs": 0.4901961088180542,
  "output_mean_abs": 0.007032383233308792,
  "output_psnr": 34.98590241586978,
  "output_ssim": 0.9568312764167786,
  "p95_disp_px": 1.3671865463256836,
  "phase": "phase2c_probe",
  "prompt": "add headphones",
  "prompt_priority": 1,
  "prompt_slug": "add_headphones",
  "region_count": 1,
  "region_key": "headphones_top_only",
  "scale_factor": 0.4986298084259033,
  "seed": 24301,
  "target_input_ssim": 0.9,
  "tps_size": 4
}
