{
  "displacement": {
    "budget_max_disp_px": 14.0,
    "max_disp_px": 13.986001968383789,
    "max_disp_px_budget": 14.0,
    "mean_disp_px": 2.510629415512085,
    "p95_disp_px": 10.130386352539062,
    "target_input_ssim": 0.78
  },
  "input": {
    "l2": 0.0651768060603063,
    "max_abs": 0.7450980544090271,
    "mean_abs": 0.02478659339249134,
    "psnr": 23.718138512388677,
    "ssim": 0.8286253809928894
  },
  "output": {
    "l2": 0.08510077139191594,
    "max_abs": 0.9764705896377563,
    "mean_abs": 0.030018672347068787,
    "psnr": 21.401330065115737,
    "ssim": 0.8135759234428406
  }
}
