{
  "clean_clip_positive_margin": 0.027842342853546143,
  "clean_semantic_success_score": 0.027842342853546143,
  "clip_available": true,
  "clip_semantic_drop": 0.02168560028076172,
  "clip_warning": null,
  "crop_clip_available": true,
  "crop_clip_warning": null,
  "decision_label": "weak_candidate",
  "decision_reasons": [],
  "edit_failure_score": 0.02168560028076172,
  "final_attack_score": 0.19375519081030973,
  "full_image_semantic_drop": 0.02168560028076172,
  "geometry_excess_penalty": 0.0,
  "geometry_excess_penalty_weight": 0.75,
  "identity_or_face_health_available": false,
  "input_damage_penalty": 0.0,
  "input_damage_penalty_weight": 3.0,
  "input_l2": 0.0046134870111806305,
  "input_max_abs": 0.4392157196998596,
  "input_mean_abs": 0.0009588153916411102,
  "input_preservation_score": 0.941248893737793,
  "input_psnr": 46.719413955290044,
  "input_ssim": 0.9941248893737793,
  "left_crop_clean_margin": 0.02535329759120941,
  "left_crop_perturbed_margin": 0.021970242261886597,
  "left_crop_semantic_drop": 0.003383055329322815,
  "max_disp_px_budget": 6.0,
  "mean_crop_margin": 0.014898682634035746,
  "mean_crop_semantic_drop": 0.0032125860452651978,
  "min_crop_margin": 0.0023338794708251953,
  "min_crop_semantic_drop": 0.0010896027088165283,
  "output_disruption_score": 0.08108155425686395,
  "output_disruption_weight": 0.25,
  "output_l2": 0.013763587912665692,
  "output_max_abs": 0.6705882549285889,
  "output_mean_abs": 0.006420338526368141,
  "output_psnr": 37.22536677614349,
  "output_ssim": 0.9739727973937988,
  "perturbed_clip_positive_margin": 0.006156742572784424,
  "perturbed_semantic_success_score": 0.006156742572784424,
  "phase2_final_score": 0.19375519081030973,
  "phase2_output_disruption": 0.08108155425686395,
  "phase2_score_formula": "8.0*max(0,semantic_drop)+0.25*output_disruption-3.0*input_damage_penalty-0.75*geometry_excess_penalty",
  "right_crop_clean_margin": 0.021481528878211975,
  "right_crop_perturbed_margin": 0.020391926169395447,
  "right_crop_semantic_drop": 0.0010896027088165283,
  "semantic_drop": 0.02168560028076172,
  "semantic_drop_weight": 8.0,
  "target_input_ssim": 0.9,
  "top_crop_clean_margin": 0.007498979568481445,
  "top_crop_perturbed_margin": 0.0023338794708251953,
  "top_crop_semantic_drop": 0.00516510009765625
}
