{
  "displacement": {
    "budget_max_disp_px": 8.0,
    "max_disp_px": 5.307100296020508,
    "max_disp_px_budget": 8.0,
    "mean_disp_px": 1.2532119750976562,
    "p95_disp_px": 3.245797634124756,
    "target_input_ssim": 0.88
  },
  "input": {
    "l2": 0.03256475301389516,
    "max_abs": 0.7686274647712708,
    "mean_abs": 0.015866393223404884,
    "psnr": 29.745044227340863,
    "ssim": 0.880124568939209
  },
  "output": {
    "l2": 0.04289594220162406,
    "max_abs": 0.8901960849761963,
    "mean_abs": 0.02105925977230072,
    "psnr": 27.351675770661362,
    "ssim": 0.8643538355827332
  }
}
