{
  "budget": "strong",
  "budget_max_disp_px": 8.0,
  "candidate_folder_abs": "/home/interns/Desktop/mat/phase4/outputs/phase4c_real_landmark_sanity/cases/face_003/igs_1p50/add_headphones/strong/seed_00/candidates/cand_018_g02_m06",
  "candidate_index": 18,
  "candidate_name": "cand_018_g02_m06",
  "case_id": "face_003__add_headphones__igs_1p50",
  "elapsed_seconds": 4.8017573188990355,
  "face_id": "face_003",
  "generation": 2,
  "geometry_method": "landmark_piecewise_affine",
  "guidance_scale": 7.5,
  "image_guidance_scale": 1.5,
  "initial_candidate": false,
  "input_l2": 0.0317677526091021,
  "input_max_abs": 0.5215686559677124,
  "input_mean_abs": 0.016901925206184387,
  "input_psnr": 29.96027015985563,
  "input_ssim": 0.846295177936554,
  "landmark_count": 478,
  "landmark_detector": "mediapipe_python_solutions_face_mesh",
  "max_disp_px": 5.870973587036133,
  "max_disp_px_budget": 8.0,
  "mean_disp_px": 1.474410057067871,
  "member": 6,
  "output_l2": 0.0467386946159731,
  "output_max_abs": 0.6980392336845398,
  "output_mean_abs": 0.023883813992142677,
  "output_psnr": 26.60646842723547,
  "output_ssim": 0.8085815906524658,
  "p95_disp_px": 3.781970500946045,
  "phase": "phase4c_real_landmark_sanity",
  "prompt": "add headphones",
  "prompt_slug": "add_headphones",
  "prompt_type": "headphones",
  "real_landmarks": true,
  "seed": 44001,
  "target_input_ssim": 0.88,
  "theta_names": [
    "scale_logit",
    "action_face_side_push_left",
    "action_face_side_push_right",
    "action_head_top_raise",
    "action_head_top_lower",
    "action_jaw_expand",
    "action_jaw_compress",
    "action_asymmetry_twist"
  ],
  "theta_values": [
    0.563382625579834,
    -0.5137905478477478,
    0.9579681754112244,
    -0.5633071064949036,
    0.8952275514602661,
    2.031337261199951,
    1.0901426076889038,
    -1.184722900390625
  ]
}
