{
  "action_names": [
    "jaw_expand",
    "jaw_compress",
    "chin_raise",
    "chin_lower",
    "mouth_width_expand",
    "lower_face_shift"
  ],
  "action_strength": 0.72,
  "action_values": {
    "chin_lower": 0.5970068938555219,
    "chin_raise": -0.34497667986418146,
    "jaw_compress": 0.8630682905130869,
    "jaw_expand": -0.35491864539609036,
    "lower_face_shift": -0.691812661667736,
    "mouth_width_expand": 0.8286983190920154
  },
  "active_actions": {
    "chin_lower": 0.5970068938555219,
    "chin_raise": -0.34497667986418146,
    "jaw_compress": 0.8630682905130869,
    "jaw_expand": -0.35491864539609036,
    "lower_face_shift": -0.691812661667736,
    "mouth_width_expand": 0.8286983190920154
  },
  "active_anchor_count": 6,
  "control_point_count": 14,
  "geometry_method": "landmark_semantic_tps",
  "max_disp_px_budget": 14.0,
  "scale_factor": 0.9236300565670994,
  "source_control_points": [
    [
      174.0800018310547,
      394.239990234375
    ],
    [
      337.9200134277344,
      394.239990234375
    ],
    [
      256.0,
      419.8399963378906
    ],
    [
      256.0,
      376.32000732421875
    ],
    [
      204.8000030517578,
      335.3599853515625
    ],
    [
      307.20001220703125,
      335.3599853515625
    ],
    [
      0.0,
      0.0
    ],
    [
      511.0,
      0.0
    ],
    [
      0.0,
      511.0
    ],
    [
      511.0,
      511.0
    ],
    [
      256.0,
      0.0
    ],
    [
      256.0,
      511.0
    ],
    [
      0.0,
      256.0
    ],
    [
      511.0,
      256.0
    ]
  ],
  "target_control_points": [
    [
      186.35731506347656,
      394.239990234375
    ],
    [
      325.6427001953125,
      394.239990234375
    ],
    [
      250.7698974609375,
      429.335205078125
    ],
    [
      249.0265350341797,
      381.0675964355469
    ],
    [
      196.44671630859375,
      335.3599853515625
    ],
    [
      315.55328369140625,
      335.3599853515625
    ],
    [
      0.0,
      0.0
    ],
    [
      511.0,
      0.0
    ],
    [
      0.0,
      511.0
    ],
    [
      511.0,
      511.0
    ],
    [
      256.0,
      0.0
    ],
    [
      256.0,
      511.0
    ],
    [
      0.0,
      256.0
    ],
    [
      511.0,
      256.0
    ]
  ],
  "tps_regularization": 0.0001
}
