{
  "displacement": {
    "budget_max_disp_px": 6.0,
    "max_disp_px": 0.4140472710132599,
    "max_disp_px_budget": 6.0,
    "mean_disp_px": 0.03467349335551262,
    "p95_disp_px": 0.27428263425827026,
    "target_input_ssim": 0.9
  },
  "input": {
    "l2": 0.0029097528608597726,
    "max_abs": 0.09411764144897461,
    "mean_abs": 0.0006660511717200279,
    "psnr": 50.7228779228441,
    "ssim": 0.9976668357849121
  },
  "output": {
    "l2": 0.011800899014695075,
    "max_abs": 0.4235294461250305,
    "mean_abs": 0.005113369319587946,
    "psnr": 38.56169812125253,
    "ssim": 0.9793758988380432
  }
}
