{
  "displacement": {
    "foldover_fraction_det_below_0": 0.0,
    "jacobian_det_mean": 1.0,
    "jacobian_det_min": 0.9692789912223816,
    "low_det_fraction_below_0p2": 0.0,
    "max_disp_px": 2.183112382888794,
    "mean_disp_px": 0.2518216371536255,
    "p95_disp_px": 0.8382251858711243
  },
  "input": {
    "l2": 0.010418342252849875,
    "max_abs": 0.30588236451148987,
    "mean_abs": 0.004076983779668808,
    "psnr": 39.64402759331192,
    "ssim": 0.9741151928901672
  },
  "output": {
    "l2": 0.022513102255176286,
    "max_abs": 0.7333333492279053,
    "mean_abs": 0.011997831054031849,
    "psnr": 32.951293121337166,
    "ssim": 0.9369852542877197
  }
}
