{
  "displacement": {
    "budget_max_disp_px": 6.0,
    "max_disp_px": 1.7080423831939697,
    "max_disp_px_budget": 6.0,
    "mean_disp_px": 0.1374131590127945,
    "p95_disp_px": 1.358433485031128,
    "target_input_ssim": 0.9
  },
  "input": {
    "l2": 0.009722185377996554,
    "max_abs": 0.4392157196998596,
    "mean_abs": 0.0019839517772197723,
    "psnr": 40.244722045247194,
    "ssim": 0.9894444346427917
  },
  "output": {
    "l2": 0.01869211235800369,
    "max_abs": 0.7254902124404907,
    "mean_abs": 0.0060641770251095295,
    "psnr": 34.56683234204678,
    "ssim": 0.983836829662323
  }
}
