{
  "clean_clip_positive_margin": 0.027842342853546143,
  "clean_semantic_success_score": 0.027842342853546143,
  "clip_available": true,
  "clip_semantic_drop": 0.027858585119247437,
  "clip_warning": null,
  "decision_label": "weak_candidate",
  "decision_reasons": [],
  "edit_failure_score": 0.027858585119247437,
  "final_attack_score": 0.2517838809099811,
  "geometry_excess_penalty": 0.0,
  "geometry_excess_penalty_weight": 1.0,
  "identity_or_face_health_available": false,
  "input_damage_penalty": 0.0,
  "input_damage_penalty_weight": 3.0,
  "input_l2": 0.012508103232665237,
  "input_max_abs": 0.6431372761726379,
  "input_mean_abs": 0.004284319002181292,
  "input_preservation_score": 0.4468420743942266,
  "input_psnr": 38.05617086135494,
  "input_ssim": 0.9668105244636536,
  "max_disp_px_budget": 4.0,
  "output_disruption_score": 0.14034954043299136,
  "output_disruption_weight": 1.0,
  "output_l2": 0.02083223395563706,
  "output_max_abs": 0.5843137502670288,
  "output_mean_abs": 0.010317600332200527,
  "output_psnr": 33.62528311512625,
  "output_ssim": 0.9429793953895569,
  "perturbed_clip_positive_margin": -1.6242265701293945e-05,
  "perturbed_semantic_success_score": -1.6242265701293945e-05,
  "phase2_final_score": 0.2517838809099811,
  "phase2_output_disruption": 0.14034954043299136,
  "phase2_score_formula": "4*max(0,semantic_drop)+1*output_disruption-3*input_damage_penalty-1*geometry_excess_penalty",
  "semantic_drop": 0.027858585119247437,
  "semantic_drop_weight": 4.0,
  "target_input_ssim": 0.94
}
