{
  "clean_clip_positive_margin": 0.027842342853546143,
  "clean_semantic_success_score": 0.027842342853546143,
  "clip_available": true,
  "clip_semantic_drop": 0.01625525951385498,
  "clip_warning": null,
  "crop_clip_available": true,
  "crop_clip_warning": null,
  "decision_label": "weak_candidate",
  "decision_reasons": [
    "semantic_drop_small:0.0163"
  ],
  "edit_failure_score": 0.01625525951385498,
  "final_attack_score": 0.15483682966632695,
  "full_image_semantic_drop": 0.01625525951385498,
  "geometry_excess_penalty": 0.0,
  "geometry_excess_penalty_weight": 0.75,
  "identity_or_face_health_available": false,
  "input_damage_penalty": 0.0,
  "input_damage_penalty_weight": 3.0,
  "input_l2": 0.0075459388533983904,
  "input_max_abs": 0.19215688109397888,
  "input_mean_abs": 0.0018414867809042335,
  "input_preservation_score": 0.8886959893362862,
  "input_psnr": 42.44573436631896,
  "input_ssim": 0.9844174385070801,
  "left_crop_clean_margin": 0.02535329759120941,
  "left_crop_perturbed_margin": 0.02539585530757904,
  "left_crop_semantic_drop": -4.2557716369628906e-05,
  "max_disp_px_budget": 8.0,
  "mean_crop_margin": 0.017498284578323364,
  "mean_crop_semantic_drop": 0.0006129841009775797,
  "min_crop_margin": 0.00623282790184021,
  "min_crop_semantic_drop": -4.2557716369628906e-05,
  "output_disruption_score": 0.09917901422194843,
  "output_disruption_weight": 0.25,
  "output_l2": 0.015647303227613877,
  "output_max_abs": 0.4901961088180542,
  "output_mean_abs": 0.006735373288393021,
  "output_psnr": 36.11121002405867,
  "output_ssim": 0.9634101986885071,
  "perturbed_clip_positive_margin": 0.011587083339691162,
  "perturbed_semantic_success_score": 0.011587083339691162,
  "phase2_final_score": 0.15483682966632695,
  "phase2_output_disruption": 0.09917901422194843,
  "phase2_score_formula": "8.0*max(0,semantic_drop)+0.25*output_disruption-3.0*input_damage_penalty-0.75*geometry_excess_penalty",
  "right_crop_clean_margin": 0.021481528878211975,
  "right_crop_perturbed_margin": 0.020866170525550842,
  "right_crop_semantic_drop": 0.0006153583526611328,
  "semantic_drop": 0.01625525951385498,
  "semantic_drop_weight": 8.0,
  "target_input_ssim": 0.86,
  "top_crop_clean_margin": 0.007498979568481445,
  "top_crop_perturbed_margin": 0.00623282790184021,
  "top_crop_semantic_drop": 0.0012661516666412354
}
