{
  "displacement": {
    "budget_max_disp_px": 8.0,
    "max_disp_px": 7.992001533508301,
    "max_disp_px_budget": 8.0,
    "mean_disp_px": 2.544275999069214,
    "p95_disp_px": 7.367737293243408,
    "target_input_ssim": 0.88
  },
  "input": {
    "l2": 0.061224698444289134,
    "max_abs": 0.7960784435272217,
    "mean_abs": 0.029322117567062378,
    "psnr": 24.26146690538101,
    "ssim": 0.764941930770874
  },
  "output": {
    "l2": 0.07708677712954876,
    "max_abs": 0.9960784316062927,
    "mean_abs": 0.03443625196814537,
    "psnr": 22.26040222164391,
    "ssim": 0.7581171989440918
  }
}
