{
  "clean_clip_positive_margin": 0.045783042907714844,
  "clean_semantic_success_score": 0.045783042907714844,
  "clip_available": true,
  "clip_semantic_drop": 0.0011859983205795288,
  "clip_warning": null,
  "crop_clip_available": true,
  "crop_clip_warning": null,
  "decision_label": "metric_only_candidate",
  "decision_reasons": [
    "semantic_drop_small:0.0012",
    "semantic_drop_small:0.0012",
    "semantic_drop_small:0.0012"
  ],
  "edit_failure_score": 0.0011859983205795288,
  "final_attack_score": 0.1576459478264518,
  "full_image_semantic_drop": 0.0011859983205795288,
  "geometry_excess_penalty": 0.0,
  "geometry_excess_penalty_weight": 0.75,
  "identity_or_face_health_available": false,
  "input_damage_penalty": 0.0,
  "input_damage_penalty_weight": 3.0,
  "input_l2": 0.02696936794314275,
  "input_max_abs": 0.46274513006210327,
  "input_mean_abs": 0.014656885527074337,
  "input_preservation_score": 0.4440737095746126,
  "input_psnr": 31.382584631952128,
  "input_ssim": 0.8776962161064148,
  "left_crop_clean_margin": 0.01863802969455719,
  "left_crop_perturbed_margin": 0.01483374834060669,
  "left_crop_semantic_drop": 0.0038042813539505005,
  "max_disp_px_budget": 14.0,
  "mean_crop_margin": 0.006955747803052266,
  "mean_crop_semantic_drop": 0.002041369676589966,
  "min_crop_margin": -0.01359868049621582,
  "min_crop_semantic_drop": -0.001680329442024231,
  "output_disruption_score": 0.29631592252363115,
  "output_disruption_weight": 0.5,
  "output_l2": 0.04755902642634846,
  "output_max_abs": 0.7333333492279053,
  "output_mean_abs": 0.022025035694241524,
  "output_psnr": 26.455340886782764,
  "output_ssim": 0.8939201831817627,
  "perturbed_clip_positive_margin": 0.044597044587135315,
  "perturbed_semantic_success_score": 0.044597044587135315,
  "phase2_final_score": 0.1576459478264518,
  "phase2_output_disruption": 0.29631592252363115,
  "phase2_score_formula": "8.0*max(0,semantic_drop)+0.5*output_disruption-3.0*input_damage_penalty-0.75*geometry_excess_penalty",
  "phase4_budget_name": "existence_probe",
  "phase4_final_score": 0.1576459478264518,
  "phase4_score_formula": "8.0*max(0,semantic_drop)+0.5*output_disruption-3.0*input_damage_penalty-0.75*geometry_excess_penalty",
  "right_crop_clean_margin": 0.0179518461227417,
  "right_crop_perturbed_margin": 0.01963217556476593,
  "right_crop_semantic_drop": -0.001680329442024231,
  "semantic_drop": 0.0011859983205795288,
  "semantic_drop_weight": 8.0,
  "target_input_ssim": 0.78,
  "top_crop_clean_margin": -0.009598523378372192,
  "top_crop_perturbed_margin": -0.01359868049621582,
  "top_crop_semantic_drop": 0.004000157117843628
}
