{
  "best_folder": "phase2/outputs/phase2c_probe/semantic_heavy_cem/headphones_ear_tight/existence_probe/seed_00/candidates/cand_016_g01_m16",
  "budget": "existence_probe",
  "budget_max_disp_px": 8.0,
  "candidate_folder": "phase2/outputs/phase2c_probe/semantic_heavy_cem/headphones_ear_tight/existence_probe/seed_00/candidates/cand_016_g01_m16",
  "candidate_index": 16,
  "candidate_name": "cand_016_g01_m16",
  "clean_clip_positive_margin": 0.027842342853546143,
  "clean_semantic_success_score": 0.027842342853546143,
  "clip_available": true,
  "clip_semantic_drop": 0.01812693476676941,
  "clip_warning": null,
  "crop_clip_available": true,
  "crop_clip_warning": null,
  "dct_modes": [
    [
      1,
      0
    ],
    [
      0,
      1
    ],
    [
      1,
      1
    ],
    [
      2,
      0
    ],
    [
      0,
      2
    ],
    [
      2,
      1
    ]
  ],
  "decision_label": "weak_candidate",
  "decision_reasons": [
    "semantic_drop_small:0.0181"
  ],
  "edit_failure_score": 0.01812693476676941,
  "elapsed_seconds": 5.539116537198424,
  "final_attack_score": 0.16495593258253477,
  "full_image_semantic_drop": 0.01812693476676941,
  "generation": 1,
  "geometry_excess_penalty": 0.0,
  "geometry_excess_penalty_weight": 0.75,
  "geometry_method": "region_local_tps",
  "identity_or_face_health_available": false,
  "initial_candidate": false,
  "input_damage_penalty": 0.0,
  "input_damage_penalty_weight": 3.0,
  "input_l2": 0.0070910861500444065,
  "input_max_abs": 0.5686274766921997,
  "input_mean_abs": 0.001573694753460586,
  "input_preservation_score": 0.9015616519110543,
  "input_psnr": 42.98574476645757,
  "input_ssim": 0.9862186312675476,
  "left_crop_clean_margin": 0.02535329759120941,
  "left_crop_perturbed_margin": 0.025324687361717224,
  "left_crop_semantic_drop": 2.86102294921875e-05,
  "max_disp_px": 3.0629518032073975,
  "max_disp_px_budget": 8.0,
  "mean_crop_margin": 0.016946261127789814,
  "mean_crop_semantic_drop": 0.0011650075515111287,
  "mean_disp_px": 0.23762695491313934,
  "member": 16,
  "mesh_size": 4,
  "min_crop_margin": 0.006663084030151367,
  "min_crop_semantic_drop": 2.86102294921875e-05,
  "output_disruption_score": 0.07976181779351804,
  "output_disruption_weight": 0.25,
  "output_l2": 0.013630066002525325,
  "output_max_abs": 0.7058823704719543,
  "output_mean_abs": 0.005777634214609861,
  "output_psnr": 37.31004082246554,
  "output_ssim": 0.9747584462165833,
  "p95_disp_px": 1.9653712511062622,
  "path_flow": "phase2/outputs/phase2c_probe/semantic_heavy_cem/headphones_ear_tight/existence_probe/seed_00/candidates/cand_016_g01_m16/flow.png",
  "path_original": "phase2/outputs/phase2c_probe/semantic_heavy_cem/headphones_ear_tight/existence_probe/seed_00/candidates/cand_016_g01_m16/original.png",
  "path_original_edited": "phase2/outputs/phase2c_probe/semantic_heavy_cem/headphones_ear_tight/existence_probe/seed_00/candidates/cand_016_g01_m16/original_edited.png",
  "path_perturbed": "phase2/outputs/phase2c_probe/semantic_heavy_cem/headphones_ear_tight/existence_probe/seed_00/candidates/cand_016_g01_m16/perturbed.png",
  "path_perturbed_edited": "phase2/outputs/phase2c_probe/semantic_heavy_cem/headphones_ear_tight/existence_probe/seed_00/candidates/cand_016_g01_m16/perturbed_edited.png",
  "perturbed_clip_positive_margin": 0.009715408086776733,
  "perturbed_semantic_success_score": 0.009715408086776733,
  "phase": "phase2c_probe",
  "phase2_final_score": 0.16495593258253477,
  "phase2_output_disruption": 0.07976181779351804,
  "phase2_score_formula": "8.0*max(0,semantic_drop)+0.25*output_disruption-3.0*input_damage_penalty-0.75*geometry_excess_penalty",
  "prompt": "add headphones",
  "prompt_priority": 1,
  "prompt_slug": "add_headphones",
  "region_count": 2,
  "region_key": "headphones_ear_tight",
  "right_crop_clean_margin": 0.021481528878211975,
  "right_crop_perturbed_margin": 0.018851011991500854,
  "right_crop_semantic_drop": 0.0026305168867111206,
  "scale_factor": 0.3977665305137634,
  "seed": 24202,
  "semantic_drop": 0.01812693476676941,
  "semantic_drop_weight": 8.0,
  "target_input_ssim": 0.86,
  "top_crop_clean_margin": 0.007498979568481445,
  "top_crop_perturbed_margin": 0.006663084030151367,
  "top_crop_semantic_drop": 0.0008358955383300781,
  "tps_size": 4
}
